2227	16:49:16.10	0.0645	21.12971	21.64	38.54	1.0	0.998784	22.1301	1.29948	805.96	1.04734	3.26	0
2228	16:49:16.40	0.0635	21.12999	21.64	38.54	1.0	0.998796	22.1300	1.29948	805.96	1.04732	3.26	0
2229	16:49:16.70	0.0645	21.12971	21.64	38.54	1.0	0.998784	22.1300	1.29948	805.96	1.04734	3.26	0
2230	16:49:17.00	0.0650	21.12943	21.64	38.54	1.0	0.998772	22.1296	1.29948	805.96	1.04734	3.26	0
2231	16:49:17.30	0.0655	21.12936	21.62	38.54	1.0	0.998754	22.1299	1.29952	805.96	1.04735	3.26	0
2232	16:49:17.60	0.0655	21.12936	21.62	38.54	1.0	0.998760	22.1301	1.29952	805.98	1.04737	3.26	0
2233	16:49:17.90	0.0655	21.12936	21.62	38.54	1.0	0.998760	22.1297	1.29952	805.96	1.04735	3.26	0
2234	16:49:18.20	0.0665	21.12908	21.62	38.54	1.0	0.998742	22.1298	1.29952	805.96	1.04736	3.26	0
2235	16:49:18.50	0.0640	21.12992	21.62	38.54	1.0	0.998784	22.1303	1.29952	805.96	1.04734	3.26	0
2236	16:49:18.80	0.0660	21.12922	21.62	38.54	1.0	0.998748	22.1298	1.29952	805.96	1.04735	3.26	0
2237	16:49:19.10	0.0645	21.12964	21.64	38.54	1.0	0.998778	22.1301	1.29952	805.96	1.04735	3.26	0
2238	16:49:19.40	0.0635	21.13006	21.64	38.54	1.0	0.998796	22.1303	1.29948	805.96	1.04734	3.26	0
2239	16:49:19.70	0.0650	21.12964	21.62	38.54	1.0	0.998772	22.1291	1.29948	805.94	1.04731	3.26	0
2240	16:49:20.00	0.0645	21.12978	21.62	38.58	1.0	0.998778	22.1292	1.29948	805.94	1.04730	3.26	0
2241	16:49:20.30	0.0670	21.12866	21.64	38.58	1.0	0.998736	22.1301	1.29952	805.98	1.04740	3.26	0
2242	16:49:20.60	0.0650	21.12936	21.64	38.58	1.0	0.998772	22.1301	1.29952	805.96	1.04737	3.26	0
2243	16:49:20.90	0.0660	21.12901	21.64	38.58	1.0	0.998748	22.1292	1.29948	805.96	1.04734	3.26	0
2244	16:49:21.20	0.0630	21.13020	21.64	38.58	1.0	0.998808	22.1303	1.29948	805.96	1.04733	3.26	0
2245	16:49:21.50	0.0640	21.12978	21.64	38.58	1.0	0.998790	22.1301	1.29948	805.96	1.04734	3.26	0
2246	16:49:21.80	0.0640	21.12978	21.64	38.58	1.0	0.998790	22.1296	1.29948	805.96	1.04732	3.26	0
2247	16:49:22.10	0.0675	21.12866	21.62	38.58	1.0	0.998724	22.1297	1.29952	805.98	1.04738	3.26	0
2248	16:49:22.40	0.0650	21.12957	21.62	38.58	1.0	0.998772	22.1313	1.29952	805.98	1.04741	3.26	0
2249	16:49:22.70	0.0650	21.12964	21.62	38.58	1.0	0.998772	22.1304	1.29948	805.98	1.04736	3.26	0
2250	16:49:23.00	0.0675	21.12859	21.62	38.58	1.0	0.998724	22.1294	1.29952	805.96	1.04737	3.26	0
2251	16:49:23.30	0.0645	21.12957	21.64	38.58	1.0	0.998778	22.1296	1.29948	805.96	1.04732	3.26	0
2252	16:49:23.60	0.0655	21.12922	21.64	38.61	1.0	0.998766	22.1299	1.29952	805.96	1.04736	3.26	0
2253	16:49:23.90	0.0655	21.12929	21.62	38.61	1.0	0.998760	22.1291	1.29948	805.94	1.04732	3.26	0
2254	16:49:24.20	0.0660	21.12915	21.62	38.61	1.0	0.998754	22.1298	1.29948	805.98	1.04736	3.26	0
2255	16:49:24.50	0.0655	21.12929	21.62	38.61	1.0	0.998760	22.1301	1.29952	805.96	1.04737	3.26	0
2256	16:49:24.80	0.0625	21.13041	21.62	38.64	1.0	0.998814	22.1306	1.29948	805.96	1.04734	3.26	0
2257	16:49:25.10	0.0640	21.12999	21.62	38.64	1.0	0.998790	22.1294	1.29948	805.94	1.04730	3.26	0
2258	16:49:25.40	0.0660	21.12901	21.62	38.68	1.0	0.998748	22.1292	1.29948	805.96	1.04734	3.26	0
2259	16:49:25.70	0.0660	21.12894	21.62	38.68	1.0	0.998748	22.1299	1.29952	805.96	1.04737	3.26	0
2260	16:49:26.00	0.0640	21.12992	21.62	38.68	1.0	0.998790	22.1299	1.29948	805.96	1.04732	3.26	0
2261	16:49:26.30	0.0640	21.12985	21.62	38.68	1.0	0.998790	22.1298	1.29948	805.96	1.04732	3.26	0
2262	16:49:26.60	0.0655	21.12922	21.62	38.71	1.0	0.998760	22.1298	1.29952	805.96	1.04736	3.26	0
2263	16:49:26.90	0.0640	21.12985	21.62	38.71	1.0	0.998790	22.1299	1.29948	805.96	1.04733	3.26	0
2264	16:49:27.20	0.0650	21.12936	21.62	38.71	1.0	0.998766	22.1294	1.29948	805.96	1.04734	3.26	0
2265	16:49:27.50	0.0660	21.12894	21.62	38.71	1.0	0.998748	22.1292	1.29952	805.94	1.04734	3.26	0
2266	16:49:27.80	0.0635	21.12992	21.62	38.71	1.0	0.998796	22.1288	1.29948	805.92	1.04727	3.26	0
2267	16:49:28.10	0.0630	21.13020	21.62	38.71	1.0	0.998808	22.1294	1.29948	805.94	1.04729	3.26	0
2268	16:49:28.40	0.0635	21.13006	21.62	38.74	1.0	0.998802	22.1299	1.29948	805.94	1.04732	3.26	0
2269	16:49:28.70	0.0665	21.12887	21.62	38.74	1.0	0.998748	22.1295	1.29952	805.96	1.04736	3.26	0
2270	16:49:29.00	0.0675	21.12838	21.62	38.74	1.0	0.998724	22.1292	1.29952	805.98	1.04737	3.26	0
2271	16:49:29.30	0.0635	21.12999	21.62	38.74	1.0	0.998802	22.1300	1.29952	805.94	1.04732	3.26	0
2272	16:49:29.60	0.0645	21.12964	21.62	38.74	1.0	0.998784	22.1292	1.29948	805.94	1.04731	3.26	0
2273	16:49:29.90	0.0650	21.12936	21.62	38.74	1.0	0.998772	22.1301	1.29952	805.96	1.04736	3.26	0
2274	16:49:30.20	0.0640	21.12978	21.62	38.74	1.0	0.998790	22.1297	1.29948	805.96	1.04732	3.26	0
2275	16:49:30.50	0.0630	21.13020	21.62	38.74	1.0	0.998808	22.1296	1.29948	805.94	1.04730	3.26	0
2276	16:49:30.80	0.0640	21.12971	21.62	38.74	1.0	0.998784	22.1299	1.29948	805.96	1.04734	3.26	0
2277	16:49:31.10	0.0645	21.12964	21.62	38.74	1.0	0.998784	22.1304	1.29952	805.98	1.04737	3.26	0
2278	16:49:31.40	0.0645	21.12957	21.62	38.74	1.0	0.998778	22.1310	1.29952	805.98	1.04740	3.26	0
2279	16:49:31.70	0.0655	21.12929	21.62	38.74	1.0	0.998766	22.1299	1.29952	805.96	1.04736	3.26	0
2280	16:49:32.00	0.0650	21.12943	21.62	38.74	1.0	0.998772	22.1298	1.29948	805.96	1.04735	3.26	0
2281	16:49:32.30	0.0645	21.12964	21.62	38.74	1.0	0.998784	22.1304	1.29952	805.98	1.04736	3.26	0
2282	16:49:32.60	0.0630	21.13027	21.62	38.74	1.0	0.998814	22.1297	1.29948	805.94	1.04730	3.26	0
2283	16:49:32.90	0.0650	21.12929	21.62	38.74	1.0	0.998766	22.1295	1.29952	805.94	1.04734	3.26	0
2284	16:49:33.20	0.0630	21.13020	21.62	38.74	1.0	0.998808	22.1299	1.29948	805.94	1.04731	3.26	0
2285	16:49:33.50	0.0670	21.12873	21.61	38.74	1.0	0.998736	22.1302	1.29956	805.98	1.04740	3.26	0
2286	16:49:33.80	0.0640	21.12985	21.61	38.74	1.0	0.998790	22.1304	1.29952	805.96	1.04735	3.26	0
2287	16:49:34.10	0.0655	21.12915	21.62	38.74	1.0	0.998760	22.1303	1.29952	805.96	1.04738	3.26	0
2288	16:49:34.40	0.0645	21.12964	21.62	38.74	1.0	0.998778	22.1300	1.29952	805.96	1.04735	3.26	0
2289	16:49:34.70	0.0655	21.12929	21.61	38.74	1.0	0.998760	22.1299	1.29952	805.96	1.04735	3.26	0
2290	16:49:35.00	0.0665	21.12894	21.61	38.74	1.0	0.998742	22.1296	1.29952	805.96	1.04736	3.26	0
2291	16:49:35.30	0.0640	21.12971	21.62	38.74	1.0	0.998784	22.1294	1.29948	805.94	1.04731	3.26	0
2292	16:49:35.60	0.0635	21.12999	21.62	38.74	1.0	0.998802	22.1290	1.29948	805.92	1.04728	3.26	0
2293	16:49:35.90	0.0660	21.12908	21.61	38.74	1.0	0.998748	22.1298	1.29952	805.96	1.04737	3.26	0
2294	16:49:36.20	0.0665	21.12894	21.61	38.74	1.0	0.998742	22.1292	1.29952	805.96	1.04734	3.26	0
2295	16:49:36.50	0.0660	21.12901	21.62	38.74	1.0	0.998754	22.1299	1.29952	805.96	1.04737	3.26	0
2296	16:49:36.80	0.0655	21.12915	21.62	38.74	1.0	0.998760	22.1291	1.29952	805.94	1.04733	3.26	0
2297	16:49:37.10	0.0645	21.12964	21.62	38.74	1.0	0.998784	22.1296	1.29952	805.94	1.04732	3.26	0
2298	16:49:37.40	0.0650	21.12936	21.62	38.74	1.0	0.998766	22.1296	1.29952	805.96	1.04734	3.26	0
2299	16:49:37.70	0.0645	21.12971	21.61	38.74	1.0	0.998778	22.1298	1.29952	805.94	1.04733	3.26	0
2300	16:49:38.00	0.0645	21.12971	21.61	38.74	1.0	0.998784	22.1295	1.29948	805.94	1.04732	3.26	0
2301	16:49:38.30	0.0640	21.12992	21.61	38.74	1.0	0.998790	22.1297	1.29948	805.94	1.04731	3.26	0
2302	16:49:38.60	0.0645	21.12964	21.61	38.71	1.0	0.998778	22.1295	1.29952	805.94	1.04732	3.26	0
2303	16:49:38.90	0.0650	21.12950	21.61	38.71	1.0	0.998766	22.1294	1.29948	805.96	1.04733	3.26	0
2304	16:49:39.20	0.0635	21.13006	21.61	38.71	1.0	0.998796	22.1297	1.29948	805.94	1.04731	3.26	0
2305	16:49:39.50	0.0635	21.13006	21.61	38.71	1.0	0.998796	22.1292	1.29948	805.94	1.04729	3.26	0
2306	16:49:39.80	0.0645	21.12964	21.61	38.71	1.0	0.998778	22.1296	1.29952	805.94	1.04732	3.26	0
2307	16:49:40.10	0.0635	21.13013	21.61	38.71	1.0	0.998802	22.1294	1.29948	805.94	1.04729	3.26	0
2308	16:49:40.40	0.0655	21.12929	21.61	38.71	1.0	0.998760	22.1295	1.29952	805.96	1.04734	3.26	0
2309	16:49:40.70	0.0640	21.12999	21.61	38.71	1.0	0.998790	22.1300	1.29952	805.94	1.04733	3.26	0
2310	16:49:41.00	0.0645	21.12964	21.61	38.71	1.0	0.998778	22.1299	1.29952	805.96	1.04734	3.26	0
2311	16:49:41.30	0.0650	21.12957	21.61	38.71	1.0	0.998772	22.1298	1.29948	805.96	1.04734	3.26	0
2312	16:49:41.60	0.0655	21.12929	21.61	38.71	1.0	0.998760	22.1299	1.29952	805.96	1.04735	3.26	0
2313	16:49:41.90	0.0645	21.12971	21.61	38.71	1.0	0.998778	22.1299	1.29952	805.94	1.04734	3.26	0
2314	16:49:42.20	0.0640	21.12985	21.61	38.68	1.0	0.998784	22.1299	1.29952	805.94	1.04732	3.26	0
2315	16:49:42.50	0.0630	21.13027	21.61	38.68	1.0	0.998808	22.1306	1.29952	805.96	1.04734	3.26	0
2316	16:49:42.80	0.0645	21.12978	21.61	38.68	1.0	0.998778	22.1307	1.29952	805.96	1.04737	3.26	0
2317	16:49:43.10	0.0650	21.12957	21.61	38.68	1.0	0.998772	22.1300	1.29952	805.94	1.04734	3.26	0
2318	16:49:43.40	0.0650	21.12950	21.61	38.68	1.0	0.998766	22.1299	1.29952	805.96	1.04735	3.26	0
2319	16:49:43.70	0.0635	21.13013	21.61	38.68	1.0	0.998796	22.1304	1.29952	805.94	1.04734	3.26	0
2320	16:49:44.00	0.0635	21.13020	21.61	38.68	1.0	0.998802	22.1304	1.29952	805.94	1.04734	3.26	0
2321	16:49:44.30	0.0645	21.12971	21.61	38.68	1.0	0.998778	22.1297	1.29948	805.94	1.04732	3.26	0
2322	16:49:44.60	0.0625	21.13055	21.61	38.68	1.0	0.998820	22.1299	1.29948	805.94	1.04729	3.26	0
2323	16:49:44.90	0.0640	21.12999	21.61	38.68	1.0	0.998790	22.1296	1.29948	805.94	1.04731	3.26	0
2324	16:49:45.20	0.0650	21.12957	21.61	38.68	1.0	0.998772	22.1294	1.29948	805.94	1.04732	3.26	0
2325	16:49:45.50	0.0650	21.12957	21.61	38.68	1.0	0.998772	22.1295	1.29948	805.94	1.04732	3.26	0
2326	16:49:45.80	0.0645	21.12985	21.61	38.64	1.0	0.998784	22.1305	1.29952	805.96	1.04735	3.26	0
2327	16:49:46.10	0.0655	21.12936	21.61	38.64	1.0	0.998760	22.1299	1.29952	805.96	1.04735	3.26	0
2328	16:49:46.40	0.0655	21.12950	21.61	38.64	1.0	0.998766	22.1301	1.29952	805.96	1.04735	3.26	0
2329	16:49:46.70	0.0635	21.13034	21.60	38.64	1.0	0.998802	22.1306	1.29952	805.96	1.04734	3.26	0
2330	16:49:47.00	0.0650	21.12957	21.60	38.64	1.0	0.998766	22.1304	1.29952	805.96	1.04736	3.26	0
2331	16:49:47.30	0.0650	21.12957	21.61	38.64	1.0	0.998766	22.1299	1.29952	805.94	1.04734	3.26	0
2332	16:49:47.60	0.0655	21.12936	21.61	38.64	1.0	0.998760	22.1303	1.29952	805.96	1.04737	3.26	0
2333	16:49:47.90	0.0660	21.12915	21.61	38.64	1.0	0.998748	22.1298	1.29952	805.96	1.04736	3.26	0
2334	16:49:48.20	0.0660	21.12908	21.61	38.64	1.0	0.998748	22.1301	1.29952	805.96	1.04738	3.26	0
2335	16:49:48.50	0.0645	21.12978	21.61	38.64	1.0	0.998778	22.1301	1.29948	805.96	1.04734	3.26	0
2336	16:49:48.80	0.0635	21.13013	21.61	38.64	1.0	0.998796	22.1306	1.29952	805.96	1.04735	3.26	0
2337	16:49:49.10	0.0650	21.12964	21.61	38.64	1.0	0.998772	22.1294	1.29948	805.94	1.04732	3.26	0
2338	16:49:49.40	0.0635	21.13020	21.61	38.64	1.0	0.998796	22.1301	1.29948	805.94	1.04732	3.26	0
2339	16:49:49.70	0.0660	21.12936	21.60	38.64	1.0	0.998754	22.1304	1.29952	805.96	1.04738	3.26	0
2340	16:49:50.00	0.0645	21.12978	21.60	38.64	1.0	0.998778	22.1298	1.29948	805.94	1.04732	3.26	0
2341	16:49:50.30	0.0645	21.12992	21.61	38.64	1.0	0.998784	22.1299	1.29948	805.94	1.04732	3.26	0
2342	16:49:50.60	0.0660	21.12908	21.61	38.68	1.0	0.998748	22.1297	1.29952	805.96	1.04736	3.26	0
2343	16:49:50.90	0.0640	21.12985	21.61	38.68	1.0	0.998784	22.1304	1.29952	805.96	1.04735	3.26	0
2344	16:49:51.20	0.0640	21.12999	21.61	38.68	1.0	0.998790	22.1294	1.29948	805.94	1.04730	3.26	0
2345	16:49:51.50	0.0620	21.13062	21.61	38.68	1.0	0.998820	22.1302	1.29948	805.94	1.04731	3.26	0
2346	16:49:51.80	0.0635	21.13020	21.61	38.68	1.0	0.998802	22.1295	1.29948	805.92	1.04729	3.26	0
2347	16:49:52.10	0.0650	21.12964	21.60	38.68	1.0	0.998772	22.1299	1.29952	805.94	1.04734	3.26	0
2348	16:49:52.40	0.0645	21.12978	21.60	38.68	1.0	0.998778	22.1293	1.29948	805.94	1.04731	3.26	0
2349	16:49:52.70	0.0645	21.12985	21.60	38.68	1.0	0.998784	22.1299	1.29952	805.94	1.04733	3.26	0
2350	16:49:53.00	0.0630	21.13041	21.60	38.68	1.0	0.998808	22.1299	1.29948	805.94	1.04729	3.26	0
2351	16:49:53.30	0.0655	21.12929	21.61	38.68	1.0	0.998760	22.1300	1.29952	805.96	1.04736	3.26	0
2352	16:49:53.60	0.0660	21.12922	21.61	38.68	1.0	0.998754	22.1300	1.29952	805.96	1.04737	3.26	0
2353	16:49:53.90	0.0650	21.12957	21.60	38.68	1.0	0.998766	22.1297	1.29952	805.96	1.04734	3.26	0
2354	16:49:54.20	0.0650	21.12957	21.60	38.71	1.0	0.998772	22.1293	1.29948	805.94	1.04731	3.26	0
2355	16:49:54.50	0.0655	21.12936	21.61	38.71	1.0	0.998766	22.1299	1.29952	805.96	1.04735	3.26	0
2356	16:49:54.80	0.0655	21.12929	21.61	38.71	1.0	0.998760	22.1290	1.29948	805.94	1.04731	3.26	0
2357	16:49:55.10	0.0655	21.12943	21.60	38.71	1.0	0.998760	22.1294	1.29952	805.94	1.04732	3.26	0
2358	16:49:55.40	0.0655	21.12929	21.60	38.71	1.0	0.998754	22.1301	1.29952	805.96	1.04737	3.26	0
2359	16:49:55.70	0.0645	21.12964	21.61	38.71	1.0	0.998778	22.1297	1.29952	805.94	1.04733	3.26	0
2360	16:49:56.00	0.0630	21.13020	21.61	38.71	1.0	0.998802	22.1297	1.29948	805.94	1.04730	3.26	0
2361	16:49:56.30	0.0655	21.12943	21.60	38.71	1.0	0.998760	22.1302	1.29952	805.96	1.04737	3.26	0
2362	16:49:56.60	0.0660	21.12922	21.60	38.71	1.0	0.998754	22.1294	1.29952	805.94	1.04734	3.26	0
2363	16:49:56.90	0.0645	21.12978	21.61	38.71	1.0	0.998784	22.1296	1.29948	805.94	1.04732	3.26	0
2364	16:49:57.20	0.0645	21.12971	21.61	38.74	1.0	0.998778	22.1291	1.29948	805.94	1.04730	3.26	0
2365	16:49:57.50	0.0640	21.12985	21.61	38.74	1.0	0.998790	22.1287	1.29948	805.94	1.04728	3.26	0
2366	16:49:57.80	0.0655	21.12929	21.61	38.74	1.0	0.998760	22.1297	1.29952	805.94	1.04735	3.26	0
2367	16:49:58.10	0.0660	21.12908	21.60	38.74	1.0	0.998748	22.1292	1.29948	805.96	1.04734	3.26	0
2368	16:49:58.40	0.0675	21.12845	21.60	38.74	1.0	0.998718	22.1297	1.29956	805.96	1.04739	3.26	0
2369	16:49:58.70	0.0650	21.12943	21.61	38.74	1.0	0.998772	22.1292	1.29948	805.94	1.04732	3.26	0
2370	16:49:59.00	0.0665	21.12880	21.61	38.74	1.0	0.998736	22.1292	1.29952	805.96	1.04735	3.26	0
2371	16:49:59.30	0.0635	21.13013	21.60	38.74	1.0	0.998796	22.1299	1.29952	805.94	1.04731	3.26	0
2372	16:49:59.60	0.0645	21.12985	21.60	38.74	1.0	0.998784	22.1301	1.29952	805.96	1.04734	3.26	0
2373	16:49:59.90	0.0645	21.12964	21.61	38.74	1.0	0.998778	22.1301	1.29952	805.96	1.04735	3.26	0
2374	16:50:00.20	0.0635	21.12999	21.61	38.74	1.0	0.998796	22.1302	1.29952	805.94	1.04734	3.26	0
2375	16:50:00.50	0.0650	21.12943	21.61	38.74	1.0	0.998766	22.1297	1.29952	805.94	1.04734	3.26	0
2376	16:50:00.80	0.0660	21.12901	21.61	38.74	1.0	0.998748	22.1301	1.29952	805.96	1.04738	3.26	0
2377	16:50:01.10	0.0645	21.12978	21.60	38.74	1.0	0.998778	22.1303	1.29952	805.94	1.04735	3.26	0
2378	16:50:01.40	0.0635	21.13020	21.60	38.74	1.0	0.998802	22.1302	1.29948	805.94	1.04732	3.26	0
2379	16:50:01.70	0.0650	21.12950	21.61	38.74	1.0	0.998772	22.1299	1.29952	805.96	1.04735	3.26	0
2380	16:50:02.00	0.0645	21.12971	21.61	38.74	1.0	0.998784	22.1306	1.29956	805.96	1.04737	3.26	0
2381	16:50:02.30	0.0655	21.12936	21.60	38.74	1.0	0.998760	22.1301	1.29952	805.96	1.04736	3.26	0
2382	16:50:02.60	0.0640	21.12999	21.60	38.74	1.0	0.998790	22.1296	1.29948	805.94	1.04731	3.26	0
2383	16:50:02.90	0.0640	21.12985	21.61	38.74	1.0	0.998784	22.1301	1.29952	805.96	1.04734	3.26	0
2384	16:50:03.20	0.0645	21.12964	21.61	38.74	1.0	0.998778	22.1301	1.29952	805.96	1.04735	3.26	0
2385	16:50:03.50	0.0630	21.13027	21.61	38.74	1.0	0.998808	22.1310	1.29952	805.96	1.04736	3.26	0
2386	16:50:03.80	0.0655	21.12922	21.61	38.78	1.0	0.998760	22.1299	1.29952	805.96	1.04736	3.26	0
2387	16:50:04.10	0.0640	21.12978	21.61	38.78	1.0	0.998790	22.1294	1.29948	805.94	1.04731	3.26	0
2388	16:50:04.40	0.0650	21.12943	21.61	38.78	1.0	0.998772	22.1293	1.29948	805.94	1.04732	3.26	0
2389	16:50:04.70	0.0660	21.12901	21.60	38.78	1.0	0.998748	22.1294	1.29952	805.96	1.04735	3.26	0
2390	16:50:05.00	0.0640	21.12985	21.60	38.78	1.0	0.998784	22.1297	1.29948	805.94	1.04732	3.26	0
2391	16:50:05.30	0.0645	21.12971	21.60	38.78	1.0	0.998778	22.1295	1.29952	805.94	1.04732	3.26	0
2392	16:50:05.60	0.0635	21.13020	21.60	38.78	1.0	0.998802	22.1300	1.29948	805.94	1.04732	3.26	0
2393	16:50:05.90	0.0660	21.12908	21.60	38.78	1.0	0.998748	22.1295	1.29952	805.96	1.04735	3.26	0
2394	16:50:06.20	0.0655	21.12936	21.60	38.78	1.0	0.998766	22.1297	1.29952	805.94	1.04734	3.26	0
2395	16:50:06.50	0.0640	21.12985	21.60	38.78	1.0	0.998784	22.1293	1.29948	805.94	1.04730	3.26	0
2396	16:50:06.80	0.0650	21.12950	21.60	38.78	1.0	0.998772	22.1298	1.29952	805.94	1.04734	3.26	0
2397	16:50:07.10	0.0645	21.12957	21.61	38.78	1.0	0.998778	22.1294	1.29952	805.94	1.04732	3.26	0
2398	16:50:07.40	0.0660	21.12901	21.61	38.81	1.0	0.998754	22.1292	1.29948	805.96	1.04734	3.26	0
2399	16:50:07.70	0.0645	21.12971	21.60	38.81	1.0	0.998778	22.1290	1.29948	805.92	1.04729	3.26	0
2400	16:50:08.00	0.0660	21.12908	21.60	38.84	1.0	0.998754	22.1292	1.29952	805.94	1.04734	3.26	0
2401	16:50:08.30	0.0675	21.12838	21.61	38.84	1.0	0.998724	22.1292	1.29952	805.96	1.04737	3.26	0
2402	16:50:08.60	0.0635	21.12985	21.61	38.84	1.0	0.998796	22.1297	1.29948	805.94	1.04732	3.26	0
2403	16:50:08.90	0.0655	21.12922	21.60	38.84	1.0	0.998760	22.1296	1.29952	805.94	1.04734	3.26	0
2404	16:50:09.20	0.0635	21.12999	21.60	38.84	1.0	0.998796	22.1294	1.29948	805.92	1.04730	3.26	0
2405	16:50:09.50	0.0620	21.13048	21.61	38.84	1.0	0.998826	22.1304	1.29952	805.94	1.04732	3.26	0
2406	16:50:09.80	0.0645	21.12964	21.61	38.84	1.0	0.998784	22.1299	1.29952	805.94	1.04734	3.26	0
2407	16:50:10.10	0.0655	21.12922	21.60	38.84	1.0	0.998760	22.1299	1.29952	805.96	1.04736	3.26	0
2408	16:50:10.40	0.0640	21.12978	21.60	38.88	1.0	0.998790	22.1294	1.29948	805.94	1.04731	3.26	0
2409	16:50:10.70	0.0655	21.12915	21.61	38.88	1.0	0.998760	22.1288	1.29948	805.94	1.04731	3.26	0
2410	16:50:11.00	0.0640	21.12964	21.61	38.88	1.0	0.998790	22.1290	1.29948	805.94	1.04729	3.26	0
2411	16:50:11.30	0.0665	21.12880	21.60	38.88	1.0	0.998742	22.1291	1.29952	805.94	1.04734	3.26	0
2412	16:50:11.60	0.0655	21.12915	21.60	38.94	1.0	0.998760	22.1297	1.29952	805.94	1.04735	3.26	0
2413	16:50:11.90	0.0635	21.12992	21.60	38.94	1.0	0.998802	22.1293	1.29948	805.94	1.04729	3.26	0
2414	16:50:12.20	0.0635	21.12999	21.60	38.94	1.0	0.998802	22.1294	1.29948	805.94	1.04730	3.26	0
2415	16:50:12.50	0.0655	21.12901	21.60	38.94	1.0	0.998754	22.1299	1.29952	805.96	1.04737	3.26	0
2416	16:50:12.80	0.0635	21.12985	21.60	38.94	1.0	0.998796	22.1301	1.29952	805.96	1.04734	3.26	0
2417	16:50:13.10	0.0645	21.12957	21.60	38.94	1.0	0.998778	22.1294	1.29948	805.96	1.04732	3.26	0
2418	16:50:13.40	0.0645	21.12950	21.60	38.94	1.0	0.998778	22.1292	1.29948	805.94	1.04731	3.26	0
2419	16:50:13.70	0.0655	21.12915	21.60	38.94	1.0	0.998760	22.1297	1.29952	805.96	1.04735	3.26	0
2420	16:50:14.00	0.0630	21.13006	21.60	38.94	1.0	0.998808	22.1298	1.29948	805.94	1.04731	3.26	0
2421	16:50:14.30	0.0650	21.12922	21.60	38.94	1.0	0.998766	22.1299	1.29952	805.96	1.04736	3.26	0
2422	16:50:14.60	0.0645	21.12950	21.60	38.94	1.0	0.998778	22.1297	1.29952	805.94	1.04734	3.26	0
2423	16:50:14.90	0.0630	21.13013	21.60	38.94	1.0	0.998808	22.1302	1.29948	805.96	1.04733	3.26	0
2424	16:50:15.20	0.0665	21.12873	21.60	38.98	1.0	0.998742	22.1295	1.29952	805.96	1.04737	3.26	0
2425	16:50:15.50	0.0635	21.12992	21.60	38.98	1.0	0.998802	22.1293	1.29948	805.94	1.04730	3.26	0
2426	16:50:15.80	0.0640	21.12957	21.60	38.98	1.0	0.998784	22.1299	1.29952	805.96	1.04734	3.26	0
2427	16:50:16.10	0.0660	21.12894	21.60	38.98	1.0	0.998754	22.1299	1.29952	805.96	1.04738	3.26	0
2428	16:50:16.40	0.0640	21.12964	21.60	38.98	1.0	0.998790	22.1296	1.29952	805.94	1.04732	3.26	0
2429	16:50:16.70	0.0650	21.12922	21.60	38.98	1.0	0.998766	22.1297	1.29952	805.96	1.04735	3.26	0
2430	16:50:17.00	0.0640	21.12957	21.60	38.98	1.0	0.998784	22.1299	1.29952	805.94	1.04734	3.26	0
2431	16:50:17.30	0.0645	21.12950	21.60	38.98	1.0	0.998778	22.1294	1.29952	805.92	1.04732	3.26	0
2432	16:50:17.60	0.0635	21.12985	21.60	38.98	1.0	0.998796	22.1288	1.29948	805.92	1.04728	3.26	0
2433	16:50:17.90	0.0650	21.12929	21.60	38.98	1.0	0.998772	22.1294	1.29952	805.94	1.04734	3.26	0
2434	16:50:18.20	0.0640	21.12957	21.60	38.98	1.0	0.998784	22.1294	1.29948	805.94	1.04732	3.26	0
2435	16:50:18.50	0.0645	21.12950	21.60	38.98	1.0	0.998784	22.1294	1.29948	805.94	1.04732	3.26	0
2436	16:50:18.80	0.0645	21.12950	21.60	38.98	1.0	0.998778	22.1299	1.29952	805.94	1.04735	3.26	0
2437	16:50:19.10	0.0635	21.12985	21.60	38.98	1.0	0.998796	22.1294	1.29948	805.94	1.04731	3.26	0
2438	16:50:19.40	0.0635	21.12985	21.60	38.98	1.0	0.998796	22.1284	1.29944	805.92	1.04726	3.26	0
2439	16:50:19.70	0.0640	21.12957	21.60	38.98	1.0	0.998784	22.1299	1.29952	805.96	1.04734	3.26	0
2440	16:50:20.00	0.0640	21.12971	21.60	38.98	1.0	0.998790	22.1297	1.29952	805.94	1.04732	3.26	0
2441	16:50:20.30	0.0650	21.12915	21.60	38.98	1.0	0.998766	22.1290	1.29952	805.92	1.04732	3.26	0
2442	16:50:20.60	0.0630	21.12999	21.60	38.98	1.0	0.998802	22.1300	1.29948	805.94	1.04732	3.26	0
2443	16:50:20.90	0.0650	21.12922	21.60	38.98	1.0	0.998772	22.1288	1.29948	805.94	1.04731	3.26	0
2444	16:50:21.20	0.0635	21.12992	21.60	38.98	1.0	0.998802	22.1294	1.29948	805.94	1.04730	3.26	0
2445	16:50:21.50	0.0620	21.13048	21.60	38.98	1.0	0.998826	22.1292	1.29948	805.92	1.04726	3.26	0
2446	16:50:21.80	0.0655	21.12908	21.60	39.01	1.0	0.998766	22.1289	1.29952	805.94	1.04732	3.26	0
2447	16:50:22.10	0.0665	21.12859	21.60	39.01	1.0	0.998736	22.1292	1.29952	805.96	1.04736	3.26	0
2448	16:50:22.40	0.0650	21.12922	21.60	39.01	1.0	0.998772	22.1289	1.29948	805.94	1.04731	3.26	0
2449	16:50:22.70	0.0655	21.12908	21.60	39.01	1.0	0.998760	22.1297	1.29952	805.96	1.04736	3.26	0
2450	16:50:23.00	0.0645	21.12950	21.60	39.01	1.0	0.998784	22.1294	1.29952	805.94	1.04732	3.26	0
2451	16:50:23.30	0.0650	21.12922	21.60	39.01	1.0	0.998772	22.1291	1.29948	805.94	1.04732	3.26	0
2452	16:50:23.59	0.0650	21.12929	21.60	39.01	1.0	0.998772	22.1292	1.29952	805.94	1.04732	3.26	0
2453	16:50:23.90	0.0645	21.12943	21.60	39.01	1.0	0.998778	22.1290	1.29948	805.94	1.04731	3.26	0
2454	16:50:24.20	0.0635	21.12985	21.60	39.01	1.0	0.998802	22.1297	1.29952	805.94	1.04732	3.26	0
2455	16:50:24.50	0.0635	21.12978	21.60	39.01	1.0	0.998796	22.1291	1.29948	805.94	1.04729	3.26	0
2456	16:50:24.80	0.0625	21.13020	21.60	39.01	1.0	0.998814	22.1293	1.29948	805.92	1.04728	3.26	0
2457	16:50:25.10	0.0650	21.12929	21.60	39.01	1.0	0.998772	22.1292	1.29948	805.96	1.04732	3.26	0
2458	16:50:25.40	0.0635	21.12985	21.60	39.01	1.0	0.998802	22.1294	1.29948	805.94	1.04731	3.26	0
2459	16:50:25.70	0.0640	21.12971	21.60	39.01	1.0	0.998796	22.1291	1.29948	805.92	1.04729	3.26	0
2460	16:50:26.00	0.0650	21.12915	21.60	39.01	1.0	0.998766	22.1294	1.29952	805.96	1.04734	3.26	0
2461	16:50:26.30	0.0650	21.12922	21.60	39.01	1.0	0.998772	22.1292	1.29952	805.94	1.04732	3.26	0
2462	16:50:26.60	0.0630	21.13013	21.60	39.01	1.0	0.998814	22.1299	1.29948	805.94	1.04731	3.26	0
2463	16:50:26.90	0.0630	21.13006	21.60	39.01	1.0	0.998814	22.1292	1.29948	805.92	1.04729	3.26	0
2464	16:50:27.20	0.0645	21.12943	21.60	39.01	1.0	0.998778	22.1292	1.29952	805.94	1.04731	3.26	0
2465	16:50:27.50	0.0630	21.13006	21.60	39.01	1.0	0.998808	22.1298	1.29948	805.94	1.04731	3.26	0
2466	16:50:27.80	0.0650	21.12929	21.60	39.01	1.0	0.998772	22.1288	1.29952	805.92	1.04731	3.26	0
2467	16:50:28.10	0.0640	21.12964	21.60	39.01	1.0	0.998790	22.1284	1.29948	805.92	1.04727	3.26	0
2468	16:50:28.40	0.0645	21.12929	21.60	39.01	1.0	0.998772	22.1294	1.29952	805.94	1.04733	3.26	0
2469	16:50:28.70	0.0620	21.13034	21.60	39.01	1.0	0.998826	22.1294	1.29948	805.92	1.04728	3.26	0
2470	16:50:28.99	0.0645	21.12950	21.60	39.01	1.0	0.998784	22.1288	1.29948	805.94	1.04729	3.26	0
2471	16:50:29.30	0.0645	21.12936	21.60	39.01	1.0	0.998778	22.1287	1.29948	805.92	1.04730	3.26	0
2472	16:50:29.60	0.0615	21.13055	21.60	39.04	1.0	0.998838	22.1297	1.29948	805.92	1.04728	3.26	0
2473	16:50:29.90	0.0630	21.13006	21.60	39.04	1.0	0.998808	22.1295	1.29948	805.94	1.04730	3.26	0
2474	16:50:30.20	0.0650	21.12908	21.60	39.04	1.0	0.998766	22.1288	1.29952	805.94	1.04731	3.26	0
2475	16:50:30.50	0.0630	21.12992	21.60	39.04	1.0	0.998808	22.1286	1.29948	805.92	1.04726	3.26	0
2476	16:50:30.80	0.0640	21.12957	21.60	39.04	1.0	0.998790	22.1294	1.29948	805.94	1.04732	3.26	0
2477	16:50:31.10	0.0660	21.12880	21.60	39.04	1.0	0.998754	22.1297	1.29956	805.96	1.04737	3.26	0
2478	16:50:31.40	0.0660	21.12880	21.60	39.04	1.0	0.998754	22.1294	1.29952	805.96	1.04736	3.26	0
2479	16:50:31.70	0.0665	21.12866	21.60	39.04	1.0	0.998742	22.1287	1.29952	805.94	1.04733	3.26	0
2480	16:50:32.00	0.0635	21.12971	21.60	39.04	1.0	0.998796	22.1296	1.29948	805.94	1.04732	3.26	0
2481	16:50:32.29	0.0665	21.12859	21.60	39.04	1.0	0.998742	22.1287	1.29952	805.94	1.04734	3.26	0
2482	16:50:32.60	0.0655	21.12908	21.60	39.04	1.0	0.998766	22.1290	1.29952	805.94	1.04732	3.26	0
2483	16:50:32.90	0.0630	21.12992	21.60	39.04	1.0	0.998808	22.1292	1.29948	805.94	1.04729	3.26	0
2484	16:50:33.20	0.0660	21.12887	21.60	39.04	1.0	0.998754	22.1289	1.29952	805.94	1.04733	3.26	0
2485	16:50:33.50	0.0655	21.12908	21.60	39.04	1.0	0.998766	22.1289	1.29948	805.94	1.04732	3.26	0
2486	16:50:33.80	0.0650	21.12922	21.60	39.04	1.0	0.998772	22.1297	1.29952	805.96	1.04735	3.26	0
2487	16:50:34.10	0.0655	21.12894	21.60	39.04	1.0	0.998760	22.1285	1.29948	805.94	1.04731	3.26	0
2488	16:50:34.40	0.0640	21.12957	21.60	39.04	1.0	0.998790	22.1287	1.29948	805.92	1.04729	3.26	0
2489	16:50:34.70	0.0670	21.12838	21.60	39.04	1.0	0.998730	22.1287	1.29952	805.96	1.04734	3.26	0
2490	16:50:34.99	0.0630	21.13006	21.60	39.04	1.0	0.998808	22.1293	1.29948	805.92	1.04729	3.26	0
2491	16:50:35.30	0.0645	21.12936	21.60	39.04	1.0	0.998778	22.1293	1.29948	805.94	1.04732	3.26	0
2492	16:50:35.60	0.0640	21.12950	21.60	39.04	1.0	0.998784	22.1285	1.29948	805.92	1.04728	3.26	0
2493	16:50:35.89	0.0660	21.12887	21.60	39.04	1.0	0.998754	22.1292	1.29952	805.94	1.04734	3.26	0
2494	16:50:36.20	0.0620	21.13034	21.60	39.04	1.0	0.998826	22.1292	1.29948	805.92	1.04728	3.26	0
2495	16:50:36.49	0.0630	21.12999	21.60	39.04	1.0	0.998808	22.1287	1.29948	805.92	1.04726	3.26	0
2496	16:50:36.79	0.0630	21.12999	21.60	39.04	1.0	0.998808	22.1292	1.29948	805.92	1.04729	3.26	0
2497	16:50:37.10	0.0640	21.12957	21.60	39.04	1.0	0.998790	22.1285	1.29948	805.92	1.04728	3.26	0
2498	16:50:37.40	0.0650	21.12929	21.60	39.04	1.0	0.998772	22.1289	1.29952	805.92	1.04731	3.26	0
2499	16:50:37.70	0.0650	21.12908	21.60	39.04	1.0	0.998766	22.1280	1.29948	805.92	1.04728	3.26	0
2500	16:50:37.99	0.0650	21.12915	21.60	39.04	1.0	0.998766	22.1283	1.29948	805.92	1.04729	3.26	0
2501	16:50:38.30	0.0625	21.13013	21.60	39.04	1.0	0.998814	22.1294	1.29948	805.92	1.04729	3.26	0
2502	16:50:38.59	0.0645	21.12943	21.60	39.04	1.0	0.998784	22.1286	1.29948	805.92	1.04729	3.26	0
2503	16:50:38.89	0.0615	21.13062	21.60	39.04	1.0	0.998838	22.1284	1.29944	805.90	1.04722	3.26	0
2504	16:50:39.19	0.0640	21.12957	21.60	39.04	1.0	0.998784	22.1290	1.29948	805.94	1.04730	3.26	0
2505	16:50:39.49	0.0650	21.12908	21.60	39.04	1.0	0.998766	22.1290	1.29952	805.94	1.04732	3.26	0
2506	16:50:39.79	0.0645	21.12936	21.60	39.07	1.0	0.998784	22.1290	1.29948	805.94	1.04731	3.26	0
2507	16:50:40.09	0.0645	21.12922	21.60	39.07	1.0	0.998778	22.1287	1.29948	805.92	1.04731	3.26	0
2508	16:50:40.40	0.0640	21.12950	21.60	39.04	1.0	0.998784	22.1290	1.29948	805.94	1.04731	3.26	0
2509	16:50:40.69	0.0640	21.12950	21.60	39.04	1.0	0.998784	22.1288	1.29948	805.94	1.04729	3.26	0
2510	16:50:40.99	0.0635	21.12971	21.60	39.07	1.0	0.998796	22.1299	1.29952	805.94	1.04734	3.26	0
2511	16:50:41.29	0.0640	21.12950	21.60	39.07	1.0	0.998784	22.1296	1.29952	805.96	1.04734	3.26	0
2512	16:50:41.59	0.0645	21.12929	21.60	39.07	1.0	0.998778	22.1285	1.29948	805.94	1.04729	3.26	0
2513	16:50:41.90	0.0660	21.12880	21.60	39.07	1.0	0.998754	22.1283	1.29952	805.92	1.04731	3.26	0
2514	16:50:42.20	0.0645	21.12936	21.60	39.07	1.0	0.998778	22.1293	1.29952	805.94	1.04732	3.26	0
2515	16:50:42.49	0.0620	21.13034	21.60	39.07	1.0	0.998826	22.1288	1.29948	805.92	1.04725	3.26	0
2516	16:50:42.79	0.0615	21.13055	21.60	39.07	1.0	0.998838	22.1293	1.29948	805.92	1.04726	3.26	0
2517	16:50:43.10	0.0620	21.13027	21.60	39.07	1.0	0.998826	22.1292	1.29948	805.92	1.04727	3.26	0
2518	16:50:43.40	0.0640	21.12950	21.60	39.07	1.0	0.998790	22.1291	1.29948	805.94	1.04731	3.26	0
2519	16:50:43.69	0.0640	21.12957	21.60	39.07	1.0	0.998790	22.1285	1.29948	805.92	1.04728	3.26	0
2520	16:50:43.99	0.0640	21.12950	21.60	39.07	1.0	0.998790	22.1290	1.29948	805.94	1.04731	3.26	0
2521	16:50:44.29	0.0640	21.12943	21.60	39.07	1.0	0.998784	22.1294	1.29952	805.94	1.04732	3.26	0
2522	16:50:44.59	0.0645	21.12943	21.60	39.07	1.0	0.998784	22.1286	1.29948	805.94	1.04729	3.26	0
2523	16:50:44.89	0.0655	21.12894	21.60	39.07	1.0	0.998760	22.1290	1.29948	805.96	1.04734	3.26	0
2524	16:50:45.20	0.0630	21.12999	21.60	39.07	1.0	0.998808	22.1288	1.29948	805.92	1.04727	3.26	0
2525	16:50:45.49	0.0630	21.12992	21.60	39.07	1.0	0.998808	22.1294	1.29948	805.94	1.04731	3.26	0
2526	16:50:45.80	0.0655	21.12894	21.60	39.07	1.0	0.998760	22.1279	1.29948	805.92	1.04728	3.26	0
2527	16:50:46.09	0.0660	21.12873	21.60	39.07	1.0	0.998748	22.1286	1.29952	805.94	1.04732	3.26	0
2528	16:50:46.40	0.0645	21.12929	21.60	39.07	1.0	0.998778	22.1283	1.29948	805.92	1.04728	3.26	0
2529	16:50:46.69	0.0640	21.12957	21.60	39.07	1.0	0.998790	22.1292	1.29948	805.94	1.04731	3.26	0
2530	16:50:46.99	0.0655	21.12887	21.60	39.07	1.0	0.998760	22.1286	1.29952	805.94	1.04732	3.26	0
2531	16:50:47.30	0.0640	21.12957	21.60	39.07	1.0	0.998790	22.1285	1.29948	805.92	1.04728	3.26	0
2532	16:50:47.60	0.0655	21.12887	21.60	39.10	1.0	0.998760	22.1292	1.29952	805.96	1.04734	3.26	0
2533	16:50:47.90	0.0630	21.12985	21.60	39.10	1.0	0.998808	22.1283	1.29948	805.92	1.04725	3.26	0
2534	16:50:48.19	0.0635	21.12978	21.60	39.10	1.0	0.998802	22.1289	1.29948	805.92	1.04728	3.26	0
2535	16:50:48.49	0.0635	21.12964	21.60	39.10	1.0	0.998796	22.1283	1.29948	805.92	1.04726	3.26	0
2536	16:50:48.79	0.0650	21.12915	21.60	39.10	1.0	0.998772	22.1286	1.29948	805.94	1.04730	3.26	0
2537	16:50:49.09	0.0640	21.12950	21.60	39.10	1.0	0.998790	22.1292	1.29948	805.94	1.04731	3.26	0
2538	16:50:49.39	0.0635	21.12964	21.60	39.10	1.0	0.998796	22.1287	1.29948	805.92	1.04728	3.26	0
2539	16:50:49.69	0.0610	21.13069	21.60	39.10	1.0	0.998844	22.1291	1.29944	805.92	1.04725	3.26	0
2540	16:50:49.99	0.0625	21.13013	21.60	39.10	1.0	0.998820	22.1294	1.29948	805.94	1.04729	3.26	0
2541	16:50:50.29	0.0640	21.12957	21.60	39.10	1.0	0.998790	22.1289	1.29948	805.94	1.04729	3.26	0
2542	16:50:50.59	0.0640	21.12950	21.60	39.10	1.0	0.998790	22.1294	1.29952	805.94	1.04732	3.26	0
2543	16:50:50.90	0.0660	21.12866	21.60	39.10	1.0	0.998748	22.1292	1.29952	805.96	1.04736	3.26	0
2544	16:50:51.19	0.0620	21.13020	21.60	39.10	1.0	0.998820	22.1293	1.29948	805.92	1.04728	3.26	0
2545	16:50:51.49	0.0640	21.12950	21.60	39.10	1.0	0.998790	22.1292	1.29948	805.94	1.04731	3.26	0
2546	16:50:51.79	0.0645	21.12936	21.60	39.10	1.0	0.998784	22.1290	1.29948	805.94	1.04731	3.26	0
2547	16:50:52.09	0.0635	21.12957	21.60	39.10	1.0	0.998796	22.1292	1.29948	805.94	1.04731	3.26	0
2548	16:50:52.39	0.0630	21.12985	21.60	39.14	1.0	0.998808	22.1293	1.29948	805.92	1.04730	3.26	0
2549	16:50:52.69	0.0640	21.12950	21.60	39.14	1.0	0.998790	22.1288	1.29948	805.94	1.04729	3.26	0
2550	16:50:52.99	0.0650	21.12908	21.60	39.14	1.0	0.998772	22.1285	1.29948	805.92	1.04730	3.26	0
2551	16:50:53.29	0.0635	21.12971	21.60	39.14	1.0	0.998802	22.1288	1.29948	805.92	1.04729	3.26	0
2552	16:50:53.60	0.0640	21.12957	21.60	39.14	1.0	0.998790	22.1290	1.29948	805.94	1.04730	3.26	0
2553	16:50:53.90	0.0645	21.12929	21.60	39.14	1.0	0.998784	22.1292	1.29952	805.94	1.04732	3.26	0
2554	16:50:54.19	0.0650	21.12908	21.60	39.14	1.0	0.998772	22.1281	1.29948	805.92	1.04728	3.26	0
2555	16:50:54.49	0.0625	21.12999	21.60	39.14	1.0	0.998814	22.1286	1.29944	805.92	1.04726	3.26	0
2556	16:50:54.79	0.0615	21.13041	21.60	39.14	1.0	0.998832	22.1290	1.29948	805.92	1.04726	3.26	0
2557	16:50:55.10	0.0620	21.13027	21.60	39.14	1.0	0.998826	22.1289	1.29944	805.92	1.04726	3.26	0
2558	16:50:55.39	0.0650	21.12901	21.60	39.14	1.0	0.998766	22.1287	1.29948	805.94	1.04731	3.26	0
2559	16:50:55.69	0.0650	21.12908	21.60	39.14	1.0	0.998772	22.1283	1.29948	805.92	1.04729	3.26	0
2560	16:50:55.99	0.0635	21.12957	21.60	39.14	1.0	0.998796	22.1290	1.29948	805.94	1.04730	3.26	0
2561	16:50:56.29	0.0620	21.13034	21.60	39.14	1.0	0.998832	22.1291	1.29944	805.92	1.04727	3.26	0
2562	16:50:56.59	0.0650	21.12901	21.60	39.14	1.0	0.998766	22.1292	1.29952	805.94	1.04734	3.26	0
2563	16:50:56.90	0.0660	21.12859	21.60	39.14	1.0	0.998748	22.1287	1.29952	805.94	1.04734	3.26	0
2564	16:50:57.19	0.0630	21.12985	21.60	39.14	1.0	0.998808	22.1292	1.29948	805.92	1.04730	3.26	0
2565	16:50:57.49	0.0655	21.12880	21.60	39.14	1.0	0.998760	22.1294	1.29952	805.96	1.04735	3.26	0
2566	16:50:57.79	0.0625	21.13006	21.60	39.14	1.0	0.998820	22.1294	1.29948	805.94	1.04729	3.26	0
2567	16:50:58.10	0.0660	21.12859	21.60	39.14	1.0	0.998748	22.1287	1.29952	805.94	1.04734	3.26	0
2568	16:50:58.39	0.0640	21.12950	21.60	39.14	1.0	0.998790	22.1300	1.29952	805.94	1.04735	3.26	0
2569	16:50:58.69	0.0635	21.12964	21.60	39.14	1.0	0.998796	22.1298	1.29952	805.94	1.04734	3.26	0
2570	16:50:58.99	0.0645	21.12922	21.60	39.17	1.0	0.998778	22.1292	1.29952	805.94	1.04733	3.26	0
2571	16:50:59.29	0.0645	21.12922	21.60	39.17	1.0	0.998778	22.1296	1.29952	805.96	1.04734	3.26	0
2572	16:50:59.59	0.0635	21.12964	21.60	39.17	1.0	0.998802	22.1297	1.29952	805.94	1.04732	3.26	0
2573	16:50:59.89	0.0635	21.12957	21.60	39.17	1.0	0.998796	22.1293	1.29948	805.94	1.04732	3.26	0
2574	16:51:00.19	0.0640	21.12950	21.60	39.17	1.0	0.998790	22.1298	1.29952	805.96	1.04734	3.26	0
2575	16:51:00.49	0.0640	21.12936	21.60	39.17	1.0	0.998784	22.1287	1.29948	805.94	1.04730	3.26	0
2576	16:51:00.79	0.0655	21.12880	21.60	39.17	1.0	0.998760	22.1296	1.29952	805.96	1.04737	3.26	0
2577	16:51:01.10	0.0650	21.12901	21.61	39.17	1.0	0.998772	22.1292	1.29952	805.96	1.04734	3.26	0
2578	16:51:01.39	0.0625	21.12985	21.61	39.17	1.0	0.998814	22.1295	1.29948	805.94	1.04731	3.26	0
2579	16:51:01.69	0.0640	21.12950	21.60	39.17	1.0	0.998790	22.1298	1.29952	805.96	1.04734	3.26	0
2580	16:51:01.99	0.0650	21.12908	21.60	39.17	1.0	0.998772	22.1285	1.29948	805.94	1.04730	3.26	0
2581	16:51:02.30	0.0645	21.12915	21.60	39.17	1.0	0.998778	22.1299	1.29952	805.96	1.04737	3.26	0
2582	16:51:02.59	0.0625	21.13006	21.60	39.14	1.0	0.998814	22.1293	1.29948	805.92	1.04729	3.26	0
2583	16:51:02.90	0.0635	21.12964	21.60	39.14	1.0	0.998796	22.1292	1.29948	805.94	1.04731	3.26	0
2584	16:51:03.20	0.0625	21.13006	21.60	39.14	1.0	0.998814	22.1305	1.29952	805.96	1.04735	3.26	0
2585	16:51:03.49	0.0655	21.12894	21.60	39.14	1.0	0.998766	22.1294	1.29952	805.94	1.04735	3.26	0
2586	16:51:03.79	0.0635	21.12971	21.60	39.14	1.0	0.998802	22.1295	1.29952	805.94	1.04732	3.26	0
2587	16:51:04.09	0.0630	21.12992	21.60	39.14	1.0	0.998814	22.1287	1.29948	805.92	1.04727	3.26	0
2588	16:51:04.39	0.0640	21.12936	21.60	39.14	1.0	0.998784	22.1289	1.29948	805.94	1.04731	3.26	0
2589	16:51:04.69	0.0625	21.13013	21.60	39.14	1.0	0.998820	22.1288	1.29944	805.92	1.04726	3.26	0
2590	16:51:04.99	0.0625	21.13013	21.60	39.14	1.0	0.998820	22.1286	1.29944	805.92	1.04725	3.26	0
2591	16:51:05.29	0.0645	21.12922	21.60	39.14	1.0	0.998778	22.1280	1.29948	805.92	1.04727	3.26	0
2592	16:51:05.59	0.0640	21.12950	21.60	39.14	1.0	0.998790	22.1287	1.29948	805.92	1.04729	3.26	0
2593	16:51:05.90	0.0640	21.12950	21.60	39.14	1.0	0.998790	22.1287	1.29948	805.92	1.04729	3.26	0
2594	16:51:06.20	0.0635	21.12971	21.60	39.14	1.0	0.998802	22.1285	1.29948	805.92	1.04727	3.26	0
2595	16:51:06.49	0.0650	21.12901	21.60	39.14	1.0	0.998766	22.1284	1.29948	805.94	1.04730	3.26	0
2596	16:51:06.79	0.0630	21.12992	21.60	39.10	1.0	0.998808	22.1291	1.29948	805.92	1.04729	3.26	0
2597	16:51:07.09	0.0635	21.12978	21.60	39.10	1.0	0.998802	22.1292	1.29948	805.92	1.04730	3.26	0
2598	16:51:07.39	0.0630	21.12999	21.60	39.10	1.0	0.998814	22.1290	1.29948	805.92	1.04728	3.26	0
2599	16:51:07.69	0.0640	21.12957	21.60	39.10	1.0	0.998790	22.1290	1.29948	805.92	1.04729	3.26	0
2600	16:51:07.99	0.0645	21.12936	21.60	39.10	1.0	0.998784	22.1294	1.29952	805.94	1.04733	3.26	0
2601	16:51:08.29	0.0640	21.12957	21.60	39.10	1.0	0.998790	22.1294	1.29952	805.94	1.04732	3.26	0
2602	16:51:08.59	0.0650	21.12915	21.60	39.10	1.0	0.998772	22.1288	1.29948	805.94	1.04731	3.26	0
2603	16:51:08.89	0.0630	21.12985	21.60	39.10	1.0	0.998802	22.1300	1.29952	805.94	1.04734	3.26	0
2604	16:51:09.19	0.0645	21.12936	21.60	39.10	1.0	0.998778	22.1294	1.29948	805.94	1.04733	3.26	0
2605	16:51:09.49	0.0635	21.12957	21.60	39.10	1.0	0.998796	22.1289	1.29948	805.94	1.04729	3.26	0
2606	16:51:09.79	0.0640	21.12957	21.60	39.10	1.0	0.998790	22.1292	1.29948	805.94	1.04731	3.26	0
2607	16:51:10.09	0.0635	21.12971	21.60	39.10	1.0	0.998796	22.1294	1.29952	805.94	1.04731	3.26	0
2608	16:51:10.40	0.0650	21.12915	21.60	39.10	1.0	0.998772	22.1287	1.29948	805.94	1.04731	3.26	0
2609	16:51:10.69	0.0635	21.12957	21.60	39.10	1.0	0.998796	22.1294	1.29948	805.94	1.04732	3.26	0
2610	16:51:10.99	0.0630	21.12992	21.60	39.10	1.0	0.998808	22.1294	1.29948	805.94	1.04731	3.26	0
2611	16:51:11.29	0.0635	21.12971	21.60	39.10	1.0	0.998796	22.1294	1.29948	805.94	1.04731	3.26	0
2612	16:51:11.60	0.0640	21.12950	21.60	39.10	1.0	0.998790	22.1294	1.29948	805.94	1.04732	3.26	0
2613	16:51:11.89	0.0625	21.13006	21.60	39.10	1.0	0.998814	22.1295	1.29948	805.94	1.04730	3.26	0
2614	16:51:12.19	0.0640	21.12957	21.60	39.07	1.0	0.998790	22.1290	1.29948	805.94	1.04730	3.26	0
2615	16:51:12.49	0.0635	21.12971	21.60	39.07	1.0	0.998796	22.1298	1.29948	805.96	1.04733	3.26	0
2616	16:51:12.79	0.0635	21.12971	21.60	39.07	1.0	0.998796	22.1294	1.29948	805.94	1.04731	3.26	0
2617	16:51:13.09	0.0650	21.12915	21.60	39.07	1.0	0.998772	22.1291	1.29948	805.94	1.04732	3.26	0
2618	16:51:13.39	0.0635	21.12964	21.60	39.07	1.0	0.998796	22.1291	1.29948	805.94	1.04730	3.26	0
2619	16:51:13.69	0.0640	21.12950	21.60	39.07	1.0	0.998790	22.1285	1.29948	805.92	1.04728	3.26	0
2620	16:51:13.99	0.0645	21.12922	21.60	39.07	1.0	0.998778	22.1292	1.29952	805.94	1.04732	3.26	0
2621	16:51:14.29	0.0640	21.12943	21.60	39.07	1.0	0.998784	22.1297	1.29948	805.96	1.04734	3.26	0
2622	16:51:14.59	0.0650	21.12908	21.60	39.07	1.0	0.998766	22.1294	1.29952	805.96	1.04734	3.26	0
2623	16:51:14.89	0.0625	21.13013	21.60	39.07	1.0	0.998814	22.1292	1.29948	805.92	1.04728	3.26	0
2624	16:51:15.19	0.0645	21.12922	21.60	39.07	1.0	0.998772	22.1290	1.29948	805.94	1.04732	3.26	0
2625	16:51:15.49	0.0635	21.12964	21.60	39.07	1.0	0.998796	22.1282	1.29948	805.92	1.04726	3.26	0
2626	16:51:15.79	0.0650	21.12915	21.60	39.07	1.0	0.998772	22.1285	1.29948	805.94	1.04729	3.26	0
2627	16:51:16.09	0.0635	21.12978	21.60	39.07	1.0	0.998802	22.1297	1.29948	805.94	1.04732	3.26	0
2628	16:51:16.39	0.0650	21.12908	21.60	39.07	1.0	0.998766	22.1280	1.29948	805.92	1.04728	3.26	0
2629	16:51:16.69	0.0650	21.12922	21.60	39.07	1.0	0.998772	22.1290	1.29948	805.94	1.04731	3.26	0
2630	16:51:16.99	0.0625	21.13020	21.60	39.07	1.0	0.998820	22.1290	1.29948	805.92	1.04727	3.26	0
2631	16:51:17.29	0.0650	21.12901	21.61	39.07	1.0	0.998766	22.1280	1.29948	805.94	1.04728	3.26	0
2632	16:51:17.59	0.0645	21.12915	21.61	39.10	1.0	0.998778	22.1277	1.29944	805.92	1.04726	3.26	0
2633	16:51:17.89	0.0635	21.12978	21.60	39.10	1.0	0.998802	22.1288	1.29948	805.92	1.04728	3.26	0
2634	16:51:18.19	0.0635	21.12964	21.60	39.10	1.0	0.998796	22.1285	1.29948	805.92	1.04727	3.26	0
2635	16:51:18.49	0.0645	21.12929	21.60	39.10	1.0	0.998778	22.1287	1.29948	805.94	1.04730	3.26	0
2636	16:51:18.79	0.0635	21.12964	21.60	39.10	1.0	0.998796	22.1294	1.29948	805.94	1.04732	3.26	0
2637	16:51:19.09	0.0650	21.12901	21.60	39.10	1.0	0.998766	22.1290	1.29952	805.94	1.04732	3.26	0
2638	16:51:19.39	0.0640	21.12943	21.60	39.10	1.0	0.998784	22.1293	1.29948	805.94	1.04732	3.26	0
2639	16:51:19.69	0.0635	21.12971	21.60	39.10	1.0	0.998802	22.1298	1.29952	805.94	1.04733	3.26	0
2640	16:51:20.00	0.0625	21.13006	21.60	39.10	1.0	0.998814	22.1292	1.29948	805.92	1.04729	3.26	0
2641	16:51:20.29	0.0625	21.12999	21.60	39.10	1.0	0.998814	22.1295	1.29948	805.94	1.04731	3.26	0
2642	16:51:20.59	0.0640	21.12950	21.60	39.10	1.0	0.998790	22.1294	1.29948	805.94	1.04732	3.26	0
2643	16:51:20.89	0.0640	21.12950	21.60	39.10	1.0	0.998790	22.1301	1.29952	805.96	1.04735	3.26	0
2644	16:51:21.19	0.0615	21.13048	21.60	39.10	1.0	0.998838	22.1302	1.29948	805.94	1.04731	3.26	0
2645	16:51:21.49	0.0645	21.12929	21.60	39.10	1.0	0.998778	22.1296	1.29952	805.94	1.04734	3.26	0
2646	16:51:21.79	0.0665	21.12838	21.60	39.10	1.0	0.998736	22.1296	1.29952	805.96	1.04739	3.26	0
2647	16:51:22.09	0.0635	21.12964	21.61	39.10	1.0	0.998796	22.1301	1.29952	805.96	1.04735	3.26	0
2648	16:51:22.39	0.0650	21.12908	21.61	39.10	1.0	0.998772	22.1301	1.29952	805.96	1.04738	3.26	0
2649	16:51:22.69	0.0640	21.12943	21.61	39.10	1.0	0.998790	22.1295	1.29952	805.94	1.04733	3.26	0
2650	16:51:22.99	0.0640	21.12950	21.61	39.10	1.0	0.998796	22.1292	1.29948	805.94	1.04732	3.26	0
2651	16:51:23.29	0.0650	21.12915	21.60	39.10	1.0	0.998772	22.1294	1.29948	805.96	1.04734	3.26	0
2652	16:51:23.59	0.0655	21.12887	21.60	39.07	1.0	0.998760	22.1291	1.29952	805.96	1.04734	3.26	0
2653	16:51:23.89	0.0625	21.13006	21.61	39.07	1.0	0.998820	22.1299	1.29952	805.94	1.04732	3.26	0
2654	16:51:24.19	0.0640	21.12943	21.61	39.10	1.0	0.998790	22.1298	1.29952	805.96	1.04735	3.26	0
2655	16:51:24.49	0.0635	21.12950	21.61	39.10	1.0	0.998796	22.1302	1.29952	805.96	1.04736	3.26	0
2656	16:51:24.79	0.0640	21.12936	21.61	39.10	1.0	0.998790	22.1297	1.29952	805.94	1.04734	3.26	0
2657	16:51:25.10	0.0640	21.12943	21.61	39.10	1.0	0.998790	22.1296	1.29952	805.94	1.04734	3.26	0
2658	16:51:25.39	0.0675	21.12796	21.61	39.10	1.0	0.998718	22.1295	1.29956	805.98	1.04740	3.26	0
2659	16:51:25.69	0.0650	21.12908	21.61	39.10	1.0	0.998772	22.1299	1.29952	805.96	1.04737	3.26	0
2660	16:51:25.99	0.0640	21.12936	21.61	39.10	1.0	0.998784	22.1294	1.29952	805.94	1.04733	3.26	0
2661	16:51:26.29	0.0650	21.12901	21.61	39.10	1.0	0.998772	22.1292	1.29952	805.94	1.04734	3.26	0
2662	16:51:26.60	0.0630	21.12971	21.61	39.10	1.0	0.998802	22.1292	1.29948	805.94	1.04730	3.26	0
2663	16:51:26.89	0.0655	21.12887	21.60	39.10	1.0	0.998760	22.1287	1.29948	805.94	1.04732	3.26	0
2664	16:51:27.19	0.0640	21.12943	21.60	39.10	1.0	0.998784	22.1290	1.29948	805.94	1.04731	3.26	0
2665	16:51:27.49	0.0635	21.12957	21.61	39.10	1.0	0.998796	22.1294	1.29948	805.94	1.04732	3.26	0
2666	16:51:27.79	0.0645	21.12915	21.61	39.10	1.0	0.998778	22.1290	1.29948	805.94	1.04732	3.26	0
2667	16:51:28.09	0.0645	21.12922	21.61	39.10	1.0	0.998778	22.1290	1.29952	805.94	1.04732	3.26	0
2668	16:51:28.39	0.0655	21.12887	21.61	39.10	1.0	0.998760	22.1292	1.29948	805.96	1.04734	3.26	0
2669	16:51:28.69	0.0620	21.13027	21.61	39.10	1.0	0.998826	22.1295	1.29948	805.94	1.04729	3.26	0
2670	16:51:28.99	0.0660	21.12845	21.61	39.14	1.0	0.998748	22.1295	1.29952	805.96	1.04738	3.26	0
2671	16:51:29.29	0.0650	21.12908	21.60	39.14	1.0	0.998772	22.1292	1.29952	805.94	1.04734	3.26	0
2672	16:51:29.59	0.0645	21.12922	21.60	39.14	1.0	0.998778	22.1288	1.29948	805.94	1.04731	3.26	0
2673	16:51:29.89	0.0645	21.12908	21.61	39.14	1.0	0.998778	22.1290	1.29952	805.94	1.04732	3.26	0
2674	16:51:30.19	0.0645	21.12922	21.61	39.14	1.0	0.998784	22.1287	1.29948	805.94	1.04731	3.26	0
2675	16:51:30.49	0.0655	21.12887	21.61	39.14	1.0	0.998766	22.1292	1.29952	805.96	1.04734	3.26	0
2676	16:51:30.79	0.0630	21.12978	21.61	39.14	1.0	0.998808	22.1295	1.29948	805.94	1.04732	3.26	0
2677	16:51:31.09	0.0660	21.12852	21.61	39.14	1.0	0.998748	22.1283	1.29948	805.94	1.04732	3.26	0
2678	16:51:31.39	0.0640	21.12929	21.61	39.17	1.0	0.998790	22.1288	1.29952	805.92	1.04731	3.26	0
2679	16:51:31.69	0.0665	21.12845	21.60	39.17	1.0	0.998742	22.1283	1.29952	805.94	1.04732	3.26	0
2680	16:51:31.99	0.0655	21.12873	21.60	39.17	1.0	0.998760	22.1294	1.29952	805.96	1.04736	3.26	0
2681	16:51:32.29	0.0640	21.12936	21.61	39.17	1.0	0.998790	22.1290	1.29952	805.92	1.04731	3.26	0
2682	16:51:32.59	0.0650	21.12880	21.61	39.17	1.0	0.998766	22.1294	1.29952	805.96	1.04735	3.26	0
2683	16:51:32.89	0.0660	21.12852	21.61	39.17	1.0	0.998754	22.1288	1.29952	805.96	1.04734	3.26	0
2684	16:51:33.19	0.0635	21.12964	21.61	39.17	1.0	0.998802	22.1292	1.29948	805.94	1.04731	3.26	0
2685	16:51:33.49	0.0630	21.12978	21.61	39.17	1.0	0.998808	22.1295	1.29948	805.94	1.04731	3.26	0
2686	16:51:33.79	0.0650	21.12887	21.61	39.17	1.0	0.998766	22.1291	1.29952	805.96	1.04734	3.26	0
2687	16:51:34.09	0.0660	21.12852	21.61	39.17	1.0	0.998754	22.1283	1.29948	805.94	1.04732	3.26	0
2688	16:51:34.39	0.0655	21.12866	21.61	39.20	1.0	0.998760	22.1283	1.29952	805.94	1.04731	3.26	0
2689	16:51:34.69	0.0635	21.12957	21.60	39.20	1.0	0.998796	22.1290	1.29948	805.94	1.04730	3.26	0
2690	16:51:34.99	0.0640	21.12929	21.60	39.20	1.0	0.998784	22.1287	1.29948	805.94	1.04730	3.26	0
2691	16:51:35.29	0.0650	21.12894	21.60	39.20	1.0	0.998772	22.1290	1.29952	805.94	1.04733	3.26	0
2692	16:51:35.59	0.0645	21.12915	21.60	39.20	1.0	0.998778	22.1285	1.29948	805.94	1.04730	3.26	0
2693	16:51:35.89	0.0655	21.12887	21.60	39.20	1.0	0.998766	22.1287	1.29948	805.94	1.04732	3.26	0
2694	16:51:36.19	0.0660	21.12866	21.60	39.20	1.0	0.998754	22.1286	1.29952	805.94	1.04732	3.26	0
2695	16:51:36.49	0.0650	21.12894	21.60	39.20	1.0	0.998772	22.1286	1.29948	805.94	1.04731	3.26	0
2696	16:51:36.79	0.0645	21.12908	21.60	39.20	1.0	0.998778	22.1290	1.29948	805.94	1.04732	3.26	0
2697	16:51:37.09	0.0650	21.12894	21.60	39.20	1.0	0.998772	22.1287	1.29948	805.94	1.04732	3.26	0
2698	16:51:37.39	0.0660	21.12852	21.60	39.23	1.0	0.998748	22.1284	1.29948	805.94	1.04732	3.26	0
2699	16:51:37.69	0.0675	21.12803	21.60	39.23	1.0	0.998724	22.1278	1.29948	805.94	1.04732	3.26	0
2700	16:51:37.99	0.0670	21.12810	21.60	39.23	1.0	0.998730	22.1282	1.29952	805.94	1.04734	3.26	0
2701	16:51:38.29	0.0655	21.12866	21.60	39.23	1.0	0.998754	22.1284	1.29948	805.94	1.04732	3.26	0
2702	16:51:38.59	0.0650	21.12894	21.60	39.23	1.0	0.998772	22.1285	1.29952	805.92	1.04731	3.26	0
2703	16:51:38.89	0.0675	21.12803	21.60	39.23	1.0	0.998724	22.1281	1.29952	805.94	1.04734	3.26	0
2704	16:51:39.19	0.0660	21.12845	21.60	39.23	1.0	0.998748	22.1285	1.29952	805.94	1.04733	3.26	0
2705	16:51:39.49	0.0670	21.12803	21.60	39.23	1.0	0.998730	22.1284	1.29952	805.94	1.04735	3.26	0
2706	16:51:39.79	0.0640	21.12922	21.60	39.23	1.0	0.998784	22.1290	1.29948	805.94	1.04731	3.26	0
2707	16:51:40.10	0.0660	21.12852	21.60	39.23	1.0	0.998748	22.1287	1.29952	805.96	1.04734	3.26	0
2708	16:51:40.39	0.0650	21.12887	21.60	39.27	1.0	0.998772	22.1283	1.29948	805.92	1.04730	3.26	0
2709	16:51:40.69	0.0655	21.12859	21.60	39.27	1.0	0.998754	22.1288	1.29952	805.94	1.04734	3.26	0
2710	16:51:40.99	0.0655	21.12873	21.60	39.27	1.0	0.998760	22.1290	1.29952	805.94	1.04734	3.26	0
2711	16:51:41.29	0.0645	21.12915	21.60	39.27	1.0	0.998784	22.1280	1.29948	805.92	1.04727	3.26	0
2712	16:51:41.59	0.0635	21.12936	21.60	39.27	1.0	0.998796	22.1284	1.29948	805.92	1.04728	3.26	0
2713	16:51:41.90	0.0635	21.12943	21.60	39.27	1.0	0.998796	22.1289	1.29948	805.94	1.04730	3.26	0
2714	16:51:42.19	0.0650	21.12887	21.60	39.27	1.0	0.998766	22.1284	1.29948	805.94	1.04731	3.26	0
2715	16:51:42.49	0.0650	21.12894	21.60	39.27	1.0	0.998772	22.1287	1.29952	805.94	1.04732	3.26	0
2716	16:51:42.79	0.0665	21.12831	21.60	39.27	1.0	0.998742	22.1289	1.29952	805.96	1.04736	3.26	0
2717	16:51:43.09	0.0650	21.12887	21.60	39.27	1.0	0.998766	22.1286	1.29948	805.94	1.04732	3.26	0
2718	16:51:43.39	0.0670	21.12803	21.60	39.30	1.0	0.998730	22.1278	1.29948	805.94	1.04732	3.26	0
2719	16:51:43.69	0.0670	21.12796	21.60	39.30	1.0	0.998730	22.1278	1.29952	805.94	1.04732	3.26	0
2720	16:51:43.99	0.0655	21.12873	21.60	39.30	1.0	0.998766	22.1291	1.29952	805.96	1.04735	3.26	0
2721	16:51:44.29	0.0665	21.12824	21.60	39.30	1.0	0.998742	22.1290	1.29952	805.96	1.04737	3.26	0
2722	16:51:44.59	0.0650	21.12880	21.60	39.30	1.0	0.998766	22.1282	1.29948	805.92	1.04730	3.26	0
2723	16:51:44.90	0.0640	21.12922	21.60	39.30	1.0	0.998790	22.1290	1.29948	805.94	1.04732	3.26	0
2724	16:51:45.19	0.0660	21.12852	21.60	39.30	1.0	0.998754	22.1287	1.29952	805.94	1.04734	3.26	0
2725	16:51:45.50	0.0645	21.12908	21.60	39.30	1.0	0.998784	22.1280	1.29948	805.92	1.04728	3.26	0
2726	16:51:45.79	0.0655	21.12852	21.60	39.30	1.0	0.998754	22.1278	1.29948	805.92	1.04729	3.26	0
2727	16:51:46.09	0.0660	21.12852	21.60	39.30	1.0	0.998754	22.1273	1.29948	805.92	1.04728	3.26	0
2728	16:51:46.39	0.0655	21.12873	21.60	39.30	1.0	0.998766	22.1275	1.29948	805.92	1.04727	3.26	0
2729	16:51:46.69	0.0665	21.12817	21.60	39.30	1.0	0.998736	22.1278	1.29952	805.94	1.04731	3.26	0
2730	16:51:46.99	0.0670	21.12803	21.60	39.30	1.0	0.998730	22.1278	1.29952	805.94	1.04732	3.26	0
2731	16:51:47.29	0.0640	21.12915	21.60	39.30	1.0	0.998784	22.1277	1.29948	805.92	1.04726	3.26	0
2732	16:51:47.59	0.0650	21.12894	21.60	39.30	1.0	0.998772	22.1276	1.29948	805.92	1.04726	3.26	0
2733	16:51:47.89	0.0655	21.12873	21.60	39.30	1.0	0.998766	22.1284	1.29948	805.94	1.04731	3.26	0
2734	16:51:48.19	0.0655	21.12866	21.60	39.33	1.0	0.998760	22.1282	1.29948	805.94	1.04731	3.26	0
2735	16:51:48.49	0.0660	21.12845	21.60	39.33	1.0	0.998754	22.1274	1.29948	805.92	1.04728	3.26	0
2736	16:51:48.79	0.0650	21.12880	21.60	39.33	1.0	0.998766	22.1275	1.29948	805.92	1.04727	3.26	0
2737	16:51:49.09	0.0660	21.12838	21.60	39.33	1.0	0.998748	22.1274	1.29948	805.92	1.04729	3.26	0
2738	16:51:49.39	0.0650	21.12880	21.60	39.33	1.0	0.998766	22.1281	1.29948	805.94	1.04729	3.26	0
2739	16:51:49.69	0.0650	21.12873	21.60	39.33	1.0	0.998766	22.1285	1.29948	805.94	1.04732	3.26	0
2740	16:51:49.99	0.0635	21.12950	21.60	39.33	1.0	0.998802	22.1287	1.29948	805.94	1.04729	3.26	0
2741	16:51:50.29	0.0640	21.12915	21.60	39.33	1.0	0.998784	22.1278	1.29948	805.92	1.04726	3.26	0
2742	16:51:50.59	0.0670	21.12810	21.60	39.33	1.0	0.998736	22.1276	1.29948	805.94	1.04731	3.26	0
2743	16:51:50.89	0.0660	21.12845	21.60	39.33	1.0	0.998754	22.1276	1.29948	805.92	1.04729	3.26	0
2744	16:51:51.19	0.0645	21.12894	21.60	39.33	1.0	0.998778	22.1279	1.29948	805.92	1.04728	3.26	0
2745	16:51:51.49	0.0660	21.12838	21.60	39.33	1.0	0.998748	22.1284	1.29952	805.94	1.04733	3.26	0
2746	16:51:51.79	0.0645	21.12887	21.60	39.40	1.0	0.998778	22.1284	1.29948	805.94	1.04731	3.26	0
2747	16:51:52.09	0.0635	21.12929	21.60	39.40	1.0	0.998796	22.1278	1.29948	805.92	1.04726	3.26	0
2748	16:51:52.39	0.0645	21.12887	21.60	39.40	1.0	0.998778	22.1272	1.29948	805.92	1.04725	3.26	0
2749	16:51:52.69	0.0645	21.12887	21.60	39.40	1.0	0.998778	22.1278	1.29948	805.92	1.04728	3.26	0
2750	16:51:52.99	0.0645	21.12887	21.60	39.40	1.0	0.998778	22.1287	1.29952	805.94	1.04732	3.26	0
2751	16:51:53.29	0.0640	21.12908	21.60	39.40	1.0	0.998784	22.1280	1.29948	805.92	1.04728	3.26	0
2752	16:51:53.59	0.0655	21.12859	21.60	39.40	1.0	0.998766	22.1273	1.29948	805.92	1.04727	3.26	0
2753	16:51:53.89	0.0655	21.12852	21.60	39.40	1.0	0.998760	22.1283	1.29952	805.94	1.04732	3.26	0
2754	16:51:54.19	0.0655	21.12859	21.60	39.40	1.0	0.998760	22.1271	1.29948	805.90	1.04726	3.26	0
2755	16:51:54.49	0.0655	21.12845	21.60	39.40	1.0	0.998760	22.1278	1.29948	805.94	1.04730	3.26	0
2756	16:51:54.79	0.0640	21.12915	21.60	39.40	1.0	0.998790	22.1273	1.29944	805.90	1.04724	3.26	0
2757	16:51:55.09	0.0655	21.12859	21.60	39.40	1.0	0.998766	22.1276	1.29948	805.92	1.04728	3.26	0
2758	16:51:55.39	0.0635	21.12929	21.60	39.40	1.0	0.998796	22.1278	1.29948	805.92	1.04726	3.26	0
2759	16:51:55.69	0.0635	21.12922	21.60	39.40	1.0	0.998796	22.1283	1.29948	805.92	1.04728	3.26	0
2760	16:51:55.99	0.0630	21.12957	21.60	39.43	1.0	0.998814	22.1284	1.29948	805.92	1.04727	3.26	0
2761	16:51:56.29	0.0640	21.12908	21.60	39.43	1.0	0.998790	22.1282	1.29948	805.92	1.04729	3.26	0
2762	16:51:56.59	0.0640	21.12915	21.60	39.43	1.0	0.998790	22.1283	1.29948	805.92	1.04729	3.26	0
2763	16:51:56.89	0.0640	21.12915	21.60	39.43	1.0	0.998790	22.1283	1.29948	805.92	1.04729	3.26	0
2764	16:51:57.19	0.0650	21.12859	21.60	39.43	1.0	0.998766	22.1278	1.29948	805.92	1.04729	3.26	0
2765	16:51:57.49	0.0650	21.12866	21.60	39.43	1.0	0.998772	22.1276	1.29948	805.92	1.04728	3.26	0
2766	16:51:57.79	0.0630	21.12943	21.60	39.43	1.0	0.998808	22.1281	1.29948	805.92	1.04726	3.26	0
2767	16:51:58.09	0.0665	21.12810	21.60	39.43	1.0	0.998742	22.1273	1.29948	805.92	1.04729	3.26	0
2768	16:51:58.39	0.0650	21.12880	21.60	39.43	1.0	0.998772	22.1280	1.29948	805.92	1.04729	3.26	0
2769	16:51:58.69	0.0630	21.12936	21.60	39.43	1.0	0.998802	22.1280	1.29948	805.92	1.04726	3.26	0
2770	16:51:58.99	0.0635	21.12929	21.60	39.43	1.0	0.998796	22.1280	1.29948	805.92	1.04726	3.26	0
2771	16:51:59.29	0.0640	21.12915	21.60	39.43	1.0	0.998790	22.1285	1.29948	805.94	1.04729	3.26	0
2772	16:51:59.59	0.0660	21.12824	21.60	39.43	1.0	0.998748	22.1275	1.29952	805.92	1.04729	3.26	0
2773	16:51:59.89	0.0670	21.12782	21.60	39.43	1.0	0.998730	22.1275	1.29952	805.92	1.04732	3.26	0
2774	16:52:00.19	0.0640	21.12901	21.60	39.43	1.0	0.998784	22.1279	1.29948	805.92	1.04728	3.26	0
2775	16:52:00.49	0.0625	21.12971	21.60	39.43	1.0	0.998820	22.1284	1.29948	805.92	1.04726	3.26	0
2776	16:52:00.79	0.0640	21.12908	21.60	39.47	1.0	0.998790	22.1280	1.29948	805.92	1.04728	3.26	0
2777	16:52:01.09	0.0630	21.12950	21.60	39.47	1.0	0.998808	22.1276	1.29944	805.92	1.04724	3.26	0
2778	16:52:01.39	0.0655	21.12845	21.60	39.43	1.0	0.998760	22.1276	1.29948	805.92	1.04729	3.26	0
2779	16:52:01.69	0.0665	21.12803	21.60	39.43	1.0	0.998736	22.1270	1.29948	805.92	1.04728	3.26	0
2780	16:52:01.99	0.0630	21.12936	21.60	39.47	1.0	0.998802	22.1278	1.29948	805.90	1.04726	3.26	0
2781	16:52:02.29	0.0635	21.12915	21.60	39.47	1.0	0.998796	22.1278	1.29948	805.92	1.04726	3.26	0
2782	16:52:02.59	0.0635	21.12922	21.60	39.47	1.0	0.998796	22.1285	1.29948	805.92	1.04729	3.26	0
2783	16:52:02.90	0.0630	21.12950	21.60	39.47	1.0	0.998814	22.1280	1.29948	805.92	1.04726	3.26	0
2784	16:52:03.19	0.0640	21.12908	21.60	39.47	1.0	0.998790	22.1282	1.29948	805.92	1.04729	3.26	0
2785	16:52:03.49	0.0640	21.12894	21.60	39.47	1.0	0.998784	22.1273	1.29948	805.90	1.04725	3.26	0
2786	16:52:03.79	0.0655	21.12831	21.60	39.47	1.0	0.998754	22.1275	1.29948	805.94	1.04729	3.26	0
2787	16:52:04.09	0.0645	21.12887	21.60	39.47	1.0	0.998778	22.1272	1.29948	805.90	1.04725	3.26	0
2788	16:52:04.39	0.0650	21.12866	21.60	39.47	1.0	0.998772	22.1269	1.29948	805.90	1.04725	3.26	0
2789	16:52:04.69	0.0660	21.12824	21.60	39.47	1.0	0.998748	22.1268	1.29948	805.90	1.04726	3.26	0
2790	16:52:04.99	0.0655	21.12838	21.60	39.47	1.0	0.998760	22.1273	1.29948	805.92	1.04728	3.26	0
2791	16:52:05.29	0.0655	21.12852	21.60	39.47	1.0	0.998766	22.1272	1.29948	805.90	1.04727	3.26	0
2792	16:52:05.59	0.0640	21.12901	21.60	39.47	1.0	0.998790	22.1282	1.29948	805.92	1.04729	3.26	0
2793	16:52:05.89	0.0660	21.12831	21.60	39.47	1.0	0.998754	22.1280	1.29952	805.94	1.04732	3.26	0
2794	16:52:06.19	0.0635	21.12922	21.60	39.47	1.0	0.998796	22.1276	1.29948	805.92	1.04725	3.26	0
2795	16:52:06.49	0.0650	21.12866	21.60	39.47	1.0	0.998772	22.1276	1.29948	805.90	1.04728	3.26	0
2796	16:52:06.79	0.0655	21.12845	21.60	39.47	1.0	0.998760	22.1271	1.29948	805.92	1.04726	3.26	0
2797	16:52:07.09	0.0645	21.12887	21.59	39.47	1.0	0.998778	22.1276	1.29948	805.92	1.04726	3.26	0
2798	16:52:07.39	0.0650	21.12866	21.59	39.50	1.0	0.998772	22.1273	1.29948	805.90	1.04726	3.26	0
2799	16:52:07.69	0.0645	21.12887	21.59	39.50	1.0	0.998778	22.1282	1.29948	805.92	1.04730	3.26	0
2800	16:52:07.99	0.0645	21.12887	21.59	39.50	1.0	0.998778	22.1285	1.29948	805.94	1.04731	3.26	0
2801	16:52:08.29	0.0645	21.12880	21.59	39.50	1.0	0.998772	22.1280	1.29952	805.92	1.04729	3.26	0
2802	16:52:08.59	0.0645	21.12894	21.59	39.50	1.0	0.998784	22.1279	1.29948	805.92	1.04728	3.26	0
2803	16:52:08.89	0.0665	21.12803	21.59	39.50	1.0	0.998736	22.1280	1.29952	805.94	1.04733	3.26	0
2804	16:52:09.19	0.0635	21.12929	21.59	39.50	1.0	0.998796	22.1279	1.29948	805.92	1.04726	3.26	0
2805	16:52:09.49	0.0665	21.12810	21.59	39.50	1.0	0.998742	22.1276	1.29952	805.92	1.04730	3.26	0
2806	16:52:09.79	0.0645	21.12880	21.59	39.50	1.0	0.998778	22.1273	1.29948	805.90	1.04726	3.26	0
2807	16:52:10.09	0.0645	21.12880	21.60	39.50	1.0	0.998778	22.1276	1.29948	805.90	1.04727	3.26	0
2808	16:52:10.39	0.0650	21.12859	21.60	39.50	1.0	0.998766	22.1276	1.29948	805.92	1.04728	3.26	0
2809	16:52:10.69	0.0630	21.12950	21.59	39.50	1.0	0.998808	22.1283	1.29948	805.90	1.04726	3.26	0
2810	16:52:10.99	0.0650	21.12859	21.59	39.50	1.0	0.998766	22.1280	1.29948	805.94	1.04730	3.26	0
2811	16:52:11.29	0.0635	21.12922	21.59	39.50	1.0	0.998796	22.1278	1.29948	805.92	1.04726	3.26	0
2812	16:52:11.59	0.0645	21.12894	21.59	39.50	1.0	0.998784	22.1281	1.29948	805.92	1.04729	3.26	0
2813	16:52:11.89	0.0645	21.12894	21.59	39.50	1.0	0.998784	22.1276	1.29948	805.90	1.04726	3.26	0
2814	16:52:12.19	0.0650	21.12873	21.59	39.50	1.0	0.998772	22.1272	1.29948	805.92	1.04726	3.26	0
2815	16:52:12.49	0.0660	21.12824	21.59	39.50	1.0	0.998748	22.1273	1.29948	805.92	1.04729	3.26	0
2816	16:52:12.79	0.0645	21.12894	21.59	39.50	1.0	0.998784	22.1270	1.29948	805.90	1.04723	3.26	0
2817	16:52:13.09	0.0655	21.12852	21.59	39.50	1.0	0.998760	22.1268	1.29948	805.90	1.04725	3.26	0
2818	16:52:13.39	0.0620	21.12978	21.59	39.53	1.0	0.998820	22.1273	1.29944	805.90	1.04721	3.26	0
2819	16:52:13.69	0.0655	21.12845	21.59	39.53	1.0	0.998760	22.1273	1.29948	805.92	1.04728	3.26	0
2820	16:52:13.99	0.0655	21.12838	21.59	39.53	1.0	0.998760	22.1273	1.29952	805.90	1.04728	3.26	0
2821	16:52:14.29	0.0650	21.12866	21.59	39.53	1.0	0.998772	22.1271	1.29948	805.90	1.04726	3.26	0
2822	16:52:14.59	0.0635	21.12929	21.59	39.53	1.0	0.998802	22.1275	1.29948	805.90	1.04724	3.26	0
2823	16:52:14.89	0.0660	21.12838	21.58	39.53	1.0	0.998754	22.1278	1.29952	805.92	1.04730	3.26	0
2824	16:52:15.19	0.0655	21.12859	21.58	39.53	1.0	0.998766	22.1280	1.29952	805.92	1.04730	3.26	0
2825	16:52:15.49	0.0655	21.12852	21.59	39.53	1.0	0.998760	22.1275	1.29948	805.92	1.04728	3.26	0
2826	16:52:15.79	0.0650	21.12859	21.59	39.53	1.0	0.998766	22.1271	1.29948	805.90	1.04726	3.26	0
2827	16:52:16.09	0.0640	21.12901	21.59	39.53	1.0	0.998790	22.1273	1.29948	805.90	1.04725	3.26	0
2828	16:52:16.40	0.0645	21.12887	21.59	39.53	1.0	0.998778	22.1273	1.29948	805.90	1.04726	3.26	0
2829	16:52:16.69	0.0635	21.12922	21.59	39.53	1.0	0.998796	22.1271	1.29948	805.90	1.04723	3.26	0
2830	16:52:16.99	0.0645	21.12894	21.59	39.53	1.0	0.998784	22.1277	1.29948	805.92	1.04727	3.26	0
2831	16:52:17.29	0.0630	21.12936	21.59	39.53	1.0	0.998802	22.1273	1.29948	805.90	1.04723	3.26	0
2832	16:52:17.59	0.0640	21.12901	21.59	39.53	1.0	0.998784	22.1274	1.29948	805.90	1.04725	3.26	0
2833	16:52:17.89	0.0645	21.12880	21.59	39.53	1.0	0.998778	22.1279	1.29948	805.92	1.04729	3.26	0
2834	16:52:18.19	0.0655	21.12845	21.59	39.53	1.0	0.998760	22.1272	1.29948	805.90	1.04727	3.26	0
2835	16:52:18.49	0.0660	21.12831	21.59	39.53	1.0	0.998754	22.1278	1.29952	805.92	1.04731	3.26	0
2836	16:52:18.79	0.0660	21.12824	21.59	39.53	1.0	0.998754	22.1279	1.29952	805.92	1.04731	3.26	0
2837	16:52:19.09	0.0655	21.12852	21.59	39.53	1.0	0.998766	22.1282	1.29952	805.92	1.04731	3.26	0
2838	16:52:19.39	0.0645	21.12887	21.59	39.53	1.0	0.998778	22.1278	1.29948	805.92	1.04728	3.26	0
2839	16:52:19.69	0.0650	21.12880	21.58	39.53	1.0	0.998772	22.1275	1.29948	805.90	1.04727	3.26	0
2840	16:52:19.99	0.0655	21.12852	21.58	39.56	1.0	0.998760	22.1276	1.29952	805.92	1.04728	3.26	0
2841	16:52:20.29	0.0650	21.12873	21.58	39.56	1.0	0.998772	22.1272	1.29948	805.90	1.04725	3.26	0
2842	16:52:20.59	0.0645	21.12894	21.58	39.56	1.0	0.998778	22.1276	1.29948	805.90	1.04726	3.26	0
2843	16:52:20.89	0.0655	21.12845	21.58	39.56	1.0	0.998760	22.1278	1.29952	805.92	1.04730	3.26	0
2844	16:52:21.19	0.0630	21.12950	21.58	39.56	1.0	0.998808	22.1273	1.29944	805.90	1.04722	3.26	0
2845	16:52:21.49	0.0650	21.12866	21.58	39.56	1.0	0.998766	22.1266	1.29948	805.90	1.04723	3.26	0
2846	16:52:21.79	0.0645	21.12880	21.58	39.56	1.0	0.998778	22.1273	1.29948	805.90	1.04726	3.26	0
2847	16:52:22.09	0.0640	21.12915	21.58	39.56	1.0	0.998790	22.1269	1.29944	805.88	1.04722	3.26	0
2848	16:52:22.39	0.0640	21.12915	21.58	39.56	1.0	0.998790	22.1276	1.29948	805.90	1.04725	3.26	0
2849	16:52:22.69	0.0650	21.12873	21.58	39.56	1.0	0.998772	22.1276	1.29948	805.92	1.04728	3.26	0
2850	16:52:22.99	0.0410	21.13825	21.58	39.56	1.0	0.999222	22.1378	1.29952	805.92	1.04729	3.26	0
2851	16:52:23.29	0.0735	21.12530	21.58	39.56	1.0	0.998610	22.1240	1.29948	805.92	1.04728	3.26	0
2852	16:52:23.59	0.0620	21.12999	21.58	39.56	1.0	0.998832	22.1283	1.29948	805.90	1.04725	3.26	0
2853	16:52:23.89	0.0655	21.12838	21.58	39.56	1.0	0.998754	22.1273	1.29952	805.90	1.04728	3.26	0
2854	16:52:24.19	0.0655	21.12845	21.58	39.56	1.0	0.998760	22.1278	1.29952	805.92	1.04730	3.26	0
2855	16:52:24.49	0.0650	21.12866	21.58	39.56	1.0	0.998766	22.1279	1.29952	805.92	1.04729	3.26	0
2856	16:52:24.79	0.0660	21.12831	21.58	39.56	1.0	0.998754	22.1269	1.29948	805.90	1.04726	3.26	0
2857	16:52:25.10	0.0660	21.12831	21.58	39.56	1.0	0.998754	22.1268	1.29948	805.90	1.04726	3.26	0
2858	16:52:25.39	0.0650	21.12859	21.58	39.56	1.0	0.998766	22.1275	1.29948	805.92	1.04728	3.26	0
2859	16:52:25.69	0.0670	21.12789	21.58	39.56	1.0	0.998730	22.1273	1.29952	805.92	1.04730	3.26	0
2860	16:52:25.99	0.0650	21.12859	21.58	39.60	1.0	0.998766	22.1271	1.29948	805.90	1.04726	3.26	0
2861	16:52:26.29	0.0660	21.12831	21.58	39.60	1.0	0.998754	22.1277	1.29952	805.92	1.04730	3.26	0
2862	16:52:26.60	0.0630	21.12936	21.58	39.60	1.0	0.998802	22.1273	1.29948	805.88	1.04723	3.26	0
2863	16:52:26.89	0.0650	21.12859	21.58	39.60	1.0	0.998766	22.1270	1.29948	805.90	1.04725	3.26	0
2864	16:52:27.19	0.0655	21.12845	21.58	39.60	1.0	0.998760	22.1266	1.29948	805.90	1.04725	3.26	0
2865	16:52:27.49	0.0665	21.12817	21.58	39.60	1.0	0.998748	22.1268	1.29952	805.90	1.04727	3.26	0
2866	16:52:27.79	0.0655	21.12852	21.58	39.60	1.0	0.998760	22.1277	1.29952	805.90	1.04729	3.26	0
2867	16:52:28.09	0.0640	21.12908	21.58	39.60	1.0	0.998790	22.1270	1.29948	805.90	1.04723	3.26	0
2868	16:52:28.39	0.0650	21.12866	21.58	39.60	1.0	0.998772	22.1271	1.29948	805.90	1.04725	3.26	0
2869	16:52:28.69	0.0650	21.12880	21.57	39.60	1.0	0.998772	22.1273	1.29948	805.90	1.04726	3.26	0
2870	16:52:28.99	0.0640	21.12908	21.57	39.60	1.0	0.998790	22.1269	1.29948	805.88	1.04723	3.26	0
2871	16:52:29.29	0.0645	21.12887	21.57	39.60	1.0	0.998778	22.1266	1.29948	805.88	1.04722	3.26	0
2872	16:52:29.59	0.0650	21.12866	21.57	39.60	1.0	0.998766	22.1261	1.29948	805.88	1.04720	3.26	0
2873	16:52:29.89	0.0630	21.12964	21.57	39.60	1.0	0.998814	22.1269	1.29944	805.88	1.04719	3.26	0
2874	16:52:30.19	0.0645	21.12894	21.57	39.60	1.0	0.998778	22.1270	1.29948	805.90	1.04723	3.26	0
2875	16:52:30.49	0.0660	21.12831	21.57	39.60	1.0	0.998748	22.1269	1.29952	805.90	1.04726	3.26	0
2876	16:52:30.79	0.0650	21.12866	21.57	39.60	1.0	0.998766	22.1267	1.29948	805.88	1.04723	3.26	0
2877	16:52:31.09	0.0640	21.12922	21.57	39.60	1.0	0.998790	22.1271	1.29948	805.88	1.04723	3.26	0
2878	16:52:31.39	0.0655	21.12852	21.57	39.60	1.0	0.998760	22.1269	1.29948	805.90	1.04725	3.26	0
2879	16:52:31.69	0.0650	21.12866	21.57	39.60	1.0	0.998766	22.1274	1.29952	805.90	1.04727	3.26	0
2880	16:52:31.99	0.0650	21.12873	21.57	39.60	1.0	0.998772	22.1268	1.29948	805.90	1.04723	3.26	0
2881	16:52:32.29	0.0630	21.12936	21.58	39.60	1.0	0.998802	22.1266	1.29944	805.88	1.04720	3.26	0
2882	16:52:32.59	0.0660	21.12824	21.58	39.63	1.0	0.998754	22.1273	1.29952	805.90	1.04728	3.26	0
2883	16:52:32.89	0.0665	21.12817	21.57	39.63	1.0	0.998748	22.1273	1.29948	805.92	1.04729	3.26	0
2884	16:52:33.19	0.0645	21.12894	21.57	39.63	1.0	0.998784	22.1268	1.29948	805.88	1.04723	3.26	0
2885	16:52:33.49	0.0650	21.12866	21.57	39.63	1.0	0.998766	22.1270	1.29948	805.90	1.04725	3.26	0
2886	16:52:33.79	0.0665	21.12803	21.57	39.63	1.0	0.998736	22.1268	1.29952	805.90	1.04727	3.26	0
2887	16:52:34.09	0.0670	21.12789	21.57	39.63	1.0	0.998736	22.1265	1.29948	805.90	1.04726	3.26	0
2888	16:52:34.39	0.0635	21.12929	21.57	39.63	1.0	0.998802	22.1267	1.29948	805.88	1.04720	3.26	0
2889	16:52:34.69	0.0640	21.12908	21.57	39.63	1.0	0.998790	22.1266	1.29944	805.88	1.04721	3.26	0
2890	16:52:34.99	0.0655	21.12859	21.57	39.63	1.0	0.998766	22.1269	1.29948	805.90	1.04725	3.26	0
2891	16:52:35.29	0.0660	21.12824	21.57	39.63	1.0	0.998748	22.1267	1.29948	805.90	1.04726	3.26	0
2892	16:52:35.59	0.0640	21.12915	21.57	39.63	1.0	0.998790	22.1262	1.29944	805.88	1.04719	3.26	0
2893	16:52:35.89	0.0630	21.12943	21.57	39.63	1.0	0.998802	22.1269	1.29944	805.88	1.04721	3.26	0
2894	16:52:36.19	0.0650	21.12873	21.57	39.63	1.0	0.998772	22.1267	1.29948	805.90	1.04723	3.26	0
2895	16:52:36.49	0.0630	21.12957	21.57	39.63	1.0	0.998814	22.1269	1.29944	805.88	1.04720	3.26	0
2896	16:52:36.79	0.0660	21.12824	21.57	39.63	1.0	0.998748	22.1265	1.29948	805.90	1.04725	3.26	0
2897	16:52:37.09	0.0655	21.12852	21.57	39.63	1.0	0.998760	22.1269	1.29948	805.90	1.04726	3.26	0
2898	16:52:37.39	0.0655	21.12845	21.57	39.63	1.0	0.998760	22.1269	1.29948	805.90	1.04726	3.26	0
2899	16:52:37.69	0.0660	21.12838	21.57	39.63	1.0	0.998754	22.1266	1.29948	805.90	1.04725	3.26	0
2900	16:52:37.99	0.0645	21.12901	21.57	39.63	1.0	0.998784	22.1266	1.29944	805.88	1.04722	3.26	0
2901	16:52:38.29	0.0660	21.12831	21.57	39.63	1.0	0.998748	22.1264	1.29948	805.90	1.04725	3.26	0
2902	16:52:38.59	0.0640	21.12901	21.57	39.67	1.0	0.998790	22.1266	1.29948	805.88	1.04722	3.26	0
2903	16:52:38.89	0.0650	21.12866	21.57	39.67	1.0	0.998772	22.1264	1.29944	805.90	1.04722	3.26	0
2904	16:52:39.19	0.0660	21.12838	21.57	39.67	1.0	0.998754	22.1269	1.29948	805.90	1.04726	3.26	0
2905	16:52:39.49	0.0655	21.12838	21.57	39.67	1.0	0.998760	22.1269	1.29948	805.90	1.04726	3.26	0
2906	16:52:39.79	0.0640	21.12908	21.57	39.67	1.0	0.998790	22.1269	1.29948	805.88	1.04722	3.26	0
2907	16:52:40.09	0.0665	21.12803	21.57	39.67	1.0	0.998736	22.1260	1.29948	805.88	1.04724	3.26	0
2908	16:52:40.39	0.0640	21.12901	21.57	39.67	1.0	0.998784	22.1269	1.29948	805.90	1.04723	3.26	0
2909	16:52:40.69	0.0660	21.12831	21.57	39.67	1.0	0.998754	22.1266	1.29948	805.90	1.04725	3.26	0
2910	16:52:40.99	0.0640	21.12894	21.57	39.67	1.0	0.998784	22.1270	1.29948	805.88	1.04723	3.26	0
2911	16:52:41.29	0.0640	21.12908	21.57	39.67	1.0	0.998790	22.1266	1.29944	805.88	1.04721	3.26	0
2912	16:52:41.59	0.0675	21.12775	21.57	39.67	1.0	0.998724	22.1269	1.29952	805.90	1.04729	3.26	0
2913	16:52:41.89	0.0645	21.12880	21.57	39.67	1.0	0.998778	22.1263	1.29948	805.88	1.04722	3.26	0
2914	16:52:42.19	0.0640	21.12915	21.57	39.67	1.0	0.998790	22.1270	1.29948	805.90	1.04723	3.26	0
2915	16:52:42.49	0.0635	21.12929	21.57	39.67	1.0	0.998802	22.1265	1.29948	805.86	1.04720	3.26	0
2916	16:52:42.79	0.0645	21.12894	21.57	39.67	1.0	0.998784	22.1271	1.29948	805.90	1.04724	3.26	0
2917	16:52:43.09	0.0655	21.12852	21.57	39.67	1.0	0.998760	22.1266	1.29948	805.88	1.04724	3.26	0
2918	16:52:43.39	0.0640	21.12908	21.57	39.67	1.0	0.998790	22.1268	1.29948	805.88	1.04722	3.26	0
2919	16:52:43.69	0.0640	21.12908	21.57	39.67	1.0	0.998790	22.1269	1.29948	805.88	1.04722	3.26	0
2920	16:52:43.99	0.0655	21.12845	21.57	39.67	1.0	0.998760	22.1273	1.29952	805.90	1.04728	3.26	0
2921	16:52:44.29	0.0650	21.12873	21.57	39.67	1.0	0.998772	22.1271	1.29948	805.90	1.04725	3.26	0
2922	16:52:44.59	0.0655	21.12852	21.57	39.67	1.0	0.998760	22.1266	1.29948	805.88	1.04724	3.26	0
2923	16:52:44.89	0.0645	21.12887	21.57	39.67	1.0	0.998784	22.1270	1.29948	805.90	1.04724	3.26	0
2924	16:52:45.19	0.0625	21.12964	21.57	39.70	1.0	0.998820	22.1267	1.29944	805.88	1.04719	3.26	0
2925	16:52:45.49	0.0650	21.12866	21.57	39.70	1.0	0.998772	22.1271	1.29948	805.90	1.04725	3.26	0
2926	16:52:45.79	0.0650	21.12859	21.57	39.70	1.0	0.998766	22.1270	1.29948	805.90	1.04725	3.26	0
2927	16:52:46.09	0.0670	21.12789	21.57	39.70	1.0	0.998736	22.1271	1.29952	805.92	1.04729	3.26	0
2928	16:52:46.39	0.0645	21.12873	21.57	39.70	1.0	0.998778	22.1267	1.29948	805.88	1.04723	3.26	0
2929	16:52:46.69	0.0635	21.12915	21.57	39.70	1.0	0.998796	22.1270	1.29948	805.88	1.04723	3.26	0
2930	16:52:46.99	0.0645	21.12880	21.57	39.70	1.0	0.998778	22.1269	1.29948	805.90	1.04724	3.26	0
2931	16:52:47.29	0.0650	21.12866	21.57	39.70	1.0	0.998772	22.1265	1.29948	805.90	1.04723	3.26	0
2932	16:52:47.59	0.0635	21.12922	21.57	39.70	1.0	0.998796	22.1267	1.29944	805.88	1.04721	3.26	0
2933	16:52:47.89	0.0650	21.12859	21.57	39.70	1.0	0.998766	22.1267	1.29948	805.90	1.04724	3.26	0
2934	16:52:48.19	0.0645	21.12873	21.57	39.70	1.0	0.998778	22.1268	1.29948	805.88	1.04723	3.26	0
2935	16:52:48.49	0.0655	21.12852	21.57	39.70	1.0	0.998766	22.1264	1.29948	805.88	1.04723	3.26	0
2936	16:52:48.79	0.0650	21.12852	21.57	39.70	1.0	0.998766	22.1263	1.29948	805.88	1.04722	3.26	0
2937	16:52:49.09	0.0655	21.12838	21.57	39.70	1.0	0.998760	22.1271	1.29952	805.90	1.04727	3.26	0
2938	16:52:49.39	0.0670	21.12789	21.57	39.70	1.0	0.998736	22.1269	1.29952	805.90	1.04728	3.26	0
2939	16:52:49.69	0.0645	21.12880	21.57	39.70	1.0	0.998778	22.1265	1.29948	805.88	1.04722	3.26	0
2940	16:52:49.99	0.0660	21.12824	21.57	39.70	1.0	0.998748	22.1271	1.29948	805.90	1.04728	3.26	0
2941	16:52:50.29	0.0650	21.12866	21.57	39.70	1.0	0.998772	22.1266	1.29948	805.88	1.04723	3.26	0
2942	16:52:50.59	0.0655	21.12838	21.57	39.70	1.0	0.998760	22.1259	1.29944	805.88	1.04721	3.26	0
2943	16:52:50.89	0.0645	21.12887	21.57	39.70	1.0	0.998784	22.1263	1.29948	805.88	1.04720	3.26	0
2944	16:52:51.19	0.0650	21.12866	21.57	39.70	1.0	0.998772	22.1268	1.29948	805.88	1.04724	3.26	0
2945	16:52:51.49	0.0650	21.12859	21.55	39.70	1.0	0.998766	22.1259	1.29948	805.88	1.04720	3.26	0
2946	16:52:51.79	0.0635	21.12929	21.55	39.70	1.0	0.998796	22.1266	1.29944	805.88	1.04720	3.26	0
2947	16:52:52.09	0.0650	21.12852	21.57	39.70	1.0	0.998766	22.1262	1.29948	805.88	1.04722	3.26	0
2948	16:52:52.39	0.0650	21.12859	21.57	39.70	1.0	0.998772	22.1264	1.29948	805.88	1.04723	3.26	0
2949	16:52:52.69	0.0650	21.12866	21.57	39.70	1.0	0.998772	22.1263	1.29948	805.88	1.04722	3.26	0
2950	16:52:52.99	0.0630	21.12936	21.57	39.73	1.0	0.998808	22.1261	1.29944	805.86	1.04717	3.26	0
2951	16:52:53.29	0.0650	21.12866	21.57	39.73	1.0	0.998772	22.1264	1.29948	805.88	1.04722	3.26	0
2952	16:52:53.59	0.0655	21.12831	21.57	39.73	1.0	0.998754	22.1263	1.29948	805.88	1.04723	3.26	0
2953	16:52:53.89	0.0670	21.12782	21.57	39.73	1.0	0.998736	22.1261	1.29948	805.90	1.04725	3.26	0
2954	16:52:54.19	0.0650	21.12866	21.57	39.73	1.0	0.998772	22.1262	1.29944	805.88	1.04721	3.26	0
2955	16:52:54.49	0.0630	21.12943	21.55	39.73	1.0	0.998808	22.1270	1.29948	805.88	1.04721	3.26	0
2956	16:52:54.79	0.0655	21.12845	21.55	39.73	1.0	0.998760	22.1266	1.29952	805.88	1.04724	3.26	0
2957	16:52:55.09	0.0670	21.12789	21.55	39.73	1.0	0.998736	22.1271	1.29952	805.90	1.04729	3.26	0
2958	16:52:55.39	0.0645	21.12894	21.55	39.73	1.0	0.998784	22.1264	1.29948	805.88	1.04721	3.26	0
2959	16:52:55.69	0.0650	21.12873	21.55	39.73	1.0	0.998772	22.1270	1.29948	805.90	1.04725	3.26	0
2960	16:52:55.99	0.0650	21.12866	21.55	39.73	1.0	0.998766	22.1262	1.29948	805.88	1.04722	3.26	0
2961	16:52:56.29	0.0660	21.12824	21.55	39.73	1.0	0.998748	22.1264	1.29948	805.90	1.04724	3.26	0
2962	16:52:56.59	0.0650	21.12859	21.55	39.73	1.0	0.998766	22.1266	1.29948	805.90	1.04724	3.26	0
2963	16:52:56.89	0.0645	21.12887	21.55	39.73	1.0	0.998778	22.1264	1.29948	805.88	1.04722	3.26	0
2964	16:52:57.19	0.0635	21.12929	21.55	39.73	1.0	0.998802	22.1270	1.29948	805.88	1.04722	3.26	0
2965	16:52:57.49	0.0670	21.12789	21.55	39.73	1.0	0.998736	22.1264	1.29948	805.90	1.04726	3.26	0
2966	16:52:57.79	0.0620	21.12985	21.55	39.73	1.0	0.998826	22.1275	1.29948	805.88	1.04722	3.26	0
2967	16:52:58.09	0.0650	21.12859	21.55	39.73	1.0	0.998766	22.1266	1.29948	805.88	1.04724	3.26	0
2968	16:52:58.39	0.0655	21.12838	21.55	39.73	1.0	0.998754	22.1265	1.29948	805.90	1.04724	3.26	0
2969	16:52:58.69	0.0650	21.12859	21.55	39.73	1.0	0.998766	22.1269	1.29948	805.90	1.04725	3.26	0
2970	16:52:58.99	0.0635	21.12922	21.55	39.73	1.0	0.998796	22.1261	1.29944	805.86	1.04718	3.26	0
2971	16:52:59.29	0.0650	21.12859	21.55	39.73	1.0	0.998766	22.1266	1.29948	805.88	1.04724	3.26	0
2972	16:52:59.59	0.0655	21.12852	21.55	39.73	1.0	0.998766	22.1264	1.29948	805.88	1.04723	3.26	0
2973	16:52:59.89	0.0640	21.12901	21.55	39.73	1.0	0.998784	22.1272	1.29948	805.90	1.04725	3.26	0
2974	16:53:00.19	0.0650	21.12859	21.55	39.77	1.0	0.998766	22.1262	1.29948	805.88	1.04722	3.26	0
2975	16:53:00.49	0.0655	21.12852	21.55	39.77	1.0	0.998766	22.1279	1.29952	805.92	1.04730	3.26	0
2976	16:53:00.79	0.0660	21.12824	21.55	39.77	1.0	0.998754	22.1273	1.29952	805.90	1.04728	3.26	0
2977	16:53:01.09	0.0655	21.12838	21.55	39.77	1.0	0.998754	22.1270	1.29952	805.90	1.04727	3.26	0
2978	16:53:01.39	0.0650	21.12859	21.55	39.77	1.0	0.998772	22.1271	1.29948	805.90	1.04725	3.26	0
2979	16:53:01.69	0.0645	21.12887	21.55	39.77	1.0	0.998784	22.1271	1.29948	805.88	1.04724	3.26	0
2980	16:53:01.99	0.0645	21.12873	21.55	39.77	1.0	0.998778	22.1268	1.29948	805.88	1.04723	3.26	0
2981	16:53:02.29	0.0640	21.12894	21.55	39.77	1.0	0.998784	22.1268	1.29948	805.88	1.04723	3.26	0
2982	16:53:02.59	0.0635	21.12915	21.55	39.77	1.0	0.998796	22.1266	1.29948	805.88	1.04721	3.26	0
2983	16:53:02.89	0.0645	21.12873	21.55	39.77	1.0	0.998778	22.1266	1.29948	805.88	1.04723	3.26	0
2984	16:53:03.19	0.0650	21.12859	21.55	39.77	1.0	0.998766	22.1269	1.29948	805.90	1.04725	3.26	0
2985	16:53:03.49	0.0645	21.12880	21.55	39.77	1.0	0.998778	22.1270	1.29948	805.88	1.04725	3.26	0
2986	16:53:03.79	0.0630	21.12943	21.55	39.77	1.0	0.998808	22.1268	1.29944	805.88	1.04720	3.26	0
2987	16:53:04.09	0.0655	21.12838	21.55	39.77	1.0	0.998760	22.1267	1.29948	805.90	1.04725	3.26	0
2988	16:53:04.39	0.0645	21.12880	21.55	39.77	1.0	0.998778	22.1269	1.29948	805.88	1.04725	3.26	0
2989	16:53:04.69	0.0660	21.12831	21.55	39.77	1.0	0.998754	22.1259	1.29948	805.88	1.04722	3.26	0
2990	16:53:04.99	0.0640	21.12908	21.55	39.77	1.0	0.998790	22.1259	1.29944	805.86	1.04718	3.26	0
2991	16:53:05.29	0.0640	21.12894	21.55	39.77	1.0	0.998784	22.1269	1.29948	805.90	1.04723	3.26	0
2992	16:53:05.59	0.0625	21.12957	21.55	39.77	1.0	0.998814	22.1263	1.29944	805.86	1.04717	3.26	0
2993	16:53:05.89	0.0645	21.12880	21.55	39.77	1.0	0.998778	22.1258	1.29948	805.86	1.04719	3.26	0
2994	16:53:06.19	0.0650	21.12859	21.55	39.77	1.0	0.998766	22.1264	1.29948	805.88	1.04723	3.26	0
2995	16:53:06.49	0.0640	21.12908	21.55	39.77	1.0	0.998790	22.1268	1.29948	805.88	1.04722	3.26	0
2996	16:53:06.79	0.0665	21.12810	21.55	39.77	1.0	0.998742	22.1262	1.29948	805.88	1.04724	3.26	0
2997	16:53:07.09	0.0650	21.12859	21.55	39.77	1.0	0.998766	22.1263	1.29948	805.88	1.04722	3.26	0
2998	16:53:07.39	0.0640	21.12908	21.55	39.77	1.0	0.998790	22.1262	1.29948	805.86	1.04719	3.26	0
2999	16:53:07.69	0.0635	21.12922	21.55	39.77	1.0	0.998796	22.1271	1.29948	805.88	1.04723	3.26	0
3000	16:53:07.99	0.0645	21.12880	21.55	39.80	1.0	0.998778	22.1263	1.29948	805.88	1.04721	3.26	0
3001	16:53:08.29	0.0640	21.12894	21.55	39.80	1.0	0.998790	22.1267	1.29948	805.88	1.04722	3.26	0
3002	16:53:08.59	0.0630	21.12943	21.55	39.80	1.0	0.998808	22.1273	1.29948	805.88	1.04723	3.26	0
3003	16:53:08.89	0.0640	21.12908	21.55	39.80	1.0	0.998790	22.1270	1.29944	805.90	1.04723	3.26	0
3004	16:53:09.19	0.0635	21.12908	21.55	39.80	1.0	0.998796	22.1267	1.29948	805.88	1.04722	3.26	0
3005	16:53:09.49	0.0660	21.12810	21.55	39.80	1.0	0.998748	22.1265	1.29948	805.90	1.04726	3.26	0
3006	16:53:09.79	0.0640	21.12894	21.55	39.80	1.0	0.998784	22.1266	1.29948	805.88	1.04722	3.26	0
3007	16:53:10.09	0.0650	21.12859	21.55	39.80	1.0	0.998772	22.1266	1.29948	805.90	1.04723	3.26	0
3008	16:53:10.39	0.0660	21.12824	21.55	39.80	1.0	0.998754	22.1267	1.29948	805.90	1.04726	3.26	0
3009	16:53:10.69	0.0625	21.12957	21.55	39.80	1.0	0.998814	22.1271	1.29948	805.88	1.04722	3.26	0
3010	16:53:10.99	0.0645	21.12887	21.55	39.80	1.0	0.998784	22.1270	1.29948	805.88	1.04725	3.26	0
3011	16:53:11.29	0.0655	21.12838	21.55	39.80	1.0	0.998760	22.1266	1.29948	805.90	1.04725	3.26	0
3012	16:53:11.59	0.0660	21.12817	21.55	39.80	1.0	0.998754	22.1260	1.29948	805.88	1.04723	3.26	0
3013	16:53:11.89	0.0665	21.12810	21.55	39.80	1.0	0.998748	22.1257	1.29948	805.88	1.04722	3.26	0
3014	16:53:12.19	0.0660	21.12810	21.55	39.80	1.0	0.998748	22.1255	1.29948	805.88	1.04720	3.26	0
3015	16:53:12.49	0.0640	21.12908	21.55	39.80	1.0	0.998796	22.1269	1.29948	805.88	1.04722	3.26	0
3016	16:53:12.79	0.0640	21.12901	21.55	39.80	1.0	0.998790	22.1269	1.29948	805.88	1.04723	3.26	0
3017	16:53:13.09	0.0630	21.12929	21.55	39.80	1.0	0.998802	22.1267	1.29948	805.88	1.04720	3.26	0
3018	16:53:13.39	0.0620	21.12978	21.55	39.80	1.0	0.998826	22.1276	1.29948	805.88	1.04722	3.26	0
3019	16:53:13.69	0.0640	21.12901	21.55	39.80	1.0	0.998790	22.1265	1.29948	805.88	1.04721	3.26	0
3020	16:53:13.99	0.0645	21.12880	21.55	39.80	1.0	0.998778	22.1269	1.29948	805.90	1.04724	3.26	0
3021	16:53:14.29	0.0665	21.12796	21.54	39.80	1.0	0.998736	22.1262	1.29948	805.88	1.04725	3.26	0
3022	16:53:14.59	0.0655	21.12838	21.54	39.80	1.0	0.998754	22.1263	1.29948	805.88	1.04723	3.26	0
3023	16:53:14.89	0.0645	21.12880	21.55	39.80	1.0	0.998778	22.1265	1.29944	805.88	1.04722	3.26	0
3024	16:53:15.19	0.0635	21.12915	21.55	39.80	1.0	0.998796	22.1267	1.29948	805.88	1.04722	3.26	0
3025	16:53:15.49	0.0660	21.12838	21.54	39.80	1.0	0.998754	22.1263	1.29948	805.88	1.04723	3.26	0
3026	16:53:15.79	0.0655	21.12838	21.54	39.87	1.0	0.998760	22.1261	1.29948	805.88	1.04722	3.26	0
3027	16:53:16.09	0.0640	21.12880	21.55	39.87	1.0	0.998784	22.1262	1.29948	805.86	1.04720	3.26	0
3028	16:53:16.39	0.0650	21.12845	21.55	39.87	1.0	0.998766	22.1255	1.29948	805.86	1.04719	3.26	0
3029	16:53:16.69	0.0655	21.12838	21.55	39.87	1.0	0.998766	22.1259	1.29948	805.88	1.04721	3.26	0
3030	16:53:16.99	0.0655	21.12831	21.55	39.87	1.0	0.998760	22.1256	1.29948	805.88	1.04720	3.26	0
3031	16:53:17.29	0.0645	21.12873	21.55	39.87	1.0	0.998784	22.1256	1.29944	805.86	1.04718	3.26	0
3032	16:53:17.59	0.0640	21.12887	21.55	39.87	1.0	0.998790	22.1263	1.29948	805.88	1.04721	3.26	0
3033	16:53:17.89	0.0650	21.12859	21.54	39.87	1.0	0.998766	22.1263	1.29948	805.88	1.04722	3.26	0
3034	16:53:18.19	0.0640	21.12894	21.54	39.87	1.0	0.998790	22.1267	1.29948	805.88	1.04722	3.26	0
3035	16:53:18.49	0.0645	21.12880	21.55	39.87	1.0	0.998784	22.1255	1.29944	805.86	1.04717	3.26	0
3036	16:53:18.79	0.0650	21.12845	21.55	39.87	1.0	0.998766	22.1261	1.29948	805.88	1.04722	3.26	0
3037	16:53:19.09	0.0655	21.12845	21.54	39.87	1.0	0.998766	22.1262	1.29948	805.88	1.04722	3.26	0
3038	16:53:19.39	0.0665	21.12789	21.54	39.87	1.0	0.998736	22.1264	1.29952	805.90	1.04726	3.26	0
3039	16:53:19.69	0.0650	21.12866	21.54	39.87	1.0	0.998772	22.1264	1.29948	805.88	1.04722	3.26	0
3040	16:53:19.99	0.0660	21.12824	21.54	39.87	1.0	0.998754	22.1261	1.29948	805.88	1.04723	3.26	0
3041	16:53:20.29	0.0640	21.12901	21.54	39.87	1.0	0.998790	22.1272	1.29948	805.88	1.04725	3.26	0
3042	16:53:20.59	0.0655	21.12831	21.54	39.87	1.0	0.998760	22.1255	1.29948	805.86	1.04719	3.26	0
3043	16:53:20.89	0.0640	21.12880	21.55	39.87	1.0	0.998784	22.1259	1.29944	805.88	1.04719	3.26	0
3044	16:53:21.19	0.0655	21.12831	21.55	39.87	1.0	0.998760	22.1256	1.29948	805.86	1.04720	3.26	0
3045	16:53:21.49	0.0660	21.12817	21.55	39.87	1.0	0.998754	22.1258	1.29948	805.88	1.04722	3.26	0
3046	16:53:21.79	0.0645	21.12880	21.55	39.87	1.0	0.998784	22.1265	1.29948	805.88	1.04722	3.26	0
3047	16:53:22.09	0.0640	21.12894	21.55	39.87	1.0	0.998790	22.1257	1.29944	805.86	1.04717	3.26	0
3048	16:53:22.39	0.0655	21.12838	21.55	39.87	1.0	0.998766	22.1257	1.29948	805.86	1.04720	3.26	0
3049	16:53:22.69	0.0660	21.12810	21.54	39.87	1.0	0.998748	22.1266	1.29952	805.90	1.04726	3.26	0
3050	16:53:22.99	0.0660	21.12824	21.54	39.87	1.0	0.998754	22.1263	1.29948	805.88	1.04724	3.26	0
3051	16:53:23.29	0.0670	21.12775	21.55	39.87	1.0	0.998736	22.1254	1.29948	805.88	1.04722	3.26	0
3052	16:53:23.59	0.0660	21.12817	21.55	39.87	1.0	0.998754	22.1264	1.29948	805.88	1.04725	3.26	0
3053	16:53:23.89	0.0660	21.12817	21.54	39.87	1.0	0.998748	22.1264	1.29952	805.88	1.04725	3.26	0
3054	16:53:24.19	0.0670	21.12782	21.54	39.87	1.0	0.998736	22.1260	1.29948	805.90	1.04725	3.26	0
3055	16:53:24.49	0.0635	21.12908	21.54	39.87	1.0	0.998796	22.1259	1.29944	805.86	1.04718	3.26	0
3056	16:53:24.79	0.0650	21.12859	21.54	39.87	1.0	0.998766	22.1255	1.29944	805.86	1.04718	3.26	0
3057	16:53:25.09	0.0645	21.12859	21.55	39.87	1.0	0.998772	22.1264	1.29948	805.88	1.04722	3.26	0
3058	16:53:25.39	0.0645	21.12859	21.55	39.90	1.0	0.998778	22.1255	1.29944	805.88	1.04718	3.26	0
3059	16:53:25.69	0.0635	21.12908	21.54	39.90	1.0	0.998796	22.1259	1.29944	805.86	1.04718	3.26	0
3060	16:53:25.99	0.0635	21.12922	21.54	39.90	1.0	0.998802	22.1256	1.29944	805.86	1.04716	3.26	0
3061	16:53:26.29	0.0645	21.12880	21.54	39.90	1.0	0.998784	22.1258	1.29948	805.86	1.04719	3.26	0
3062	16:53:26.59	0.0635	21.12915	21.54	39.90	1.0	0.998802	22.1257	1.29944	805.86	1.04716	3.26	0
3063	16:53:26.89	0.0645	21.12873	21.55	39.90	1.0	0.998784	22.1260	1.29948	805.86	1.04720	3.26	0
3064	16:53:27.19	0.0630	21.12922	21.55	39.90	1.0	0.998802	22.1260	1.29944	805.86	1.04717	3.26	0
3065	16:53:27.49	0.0645	21.12866	21.54	39.90	1.0	0.998778	22.1264	1.29948	805.88	1.04722	3.26	0
3066	16:53:27.79	0.0650	21.12852	21.54	39.90	1.0	0.998772	22.1264	1.29948	805.88	1.04723	3.26	0
3067	16:53:28.09	0.0660	21.12810	21.54	39.90	1.0	0.998748	22.1259	1.29948	805.88	1.04723	3.26	0
3068	16:53:28.39	0.0650	21.12859	21.54	39.90	1.0	0.998772	22.1260	1.29948	805.88	1.04721	3.26	0
3069	16:53:28.69	0.0660	21.12817	21.54	39.90	1.0	0.998748	22.1252	1.29944	805.88	1.04719	3.26	0
3070	16:53:28.99	0.0650	21.12845	21.54	39.90	1.0	0.998766	22.1253	1.29944	805.86	1.04718	3.26	0
3071	16:53:29.29	0.0640	21.12894	21.54	39.90	1.0	0.998784	22.1255	1.29944	805.86	1.04717	3.26	0
3072	16:53:29.59	0.0635	21.12908	21.54	39.90	1.0	0.998796	22.1257	1.29944	805.86	1.04717	3.26	0
3073	16:53:29.89	0.0640	21.12887	21.54	39.90	1.0	0.998784	22.1268	1.29948	805.88	1.04723	3.26	0
3074	16:53:30.19	0.0645	21.12866	21.54	39.90	1.0	0.998772	22.1264	1.29948	805.88	1.04722	3.26	0
3075	16:53:30.49	0.0645	21.12887	21.54	39.90	1.0	0.998784	22.1257	1.29944	805.86	1.04718	3.26	0
3076	16:53:30.79	0.0665	21.12796	21.54	39.90	1.0	0.998742	22.1256	1.29948	805.88	1.04722	3.26	0
3077	16:53:31.09	0.0660	21.12824	21.54	39.90	1.0	0.998754	22.1255	1.29948	805.88	1.04720	3.26	0
3078	16:53:31.39	0.0665	21.12782	21.54	39.90	1.0	0.998736	22.1255	1.29948	805.88	1.04722	3.26	0
3079	16:53:31.69	0.0640	21.12894	21.54	39.90	1.0	0.998790	22.1262	1.29948	805.88	1.04720	3.26	0
3080	16:53:31.99	0.0650	21.12852	21.54	39.90	1.0	0.998766	22.1264	1.29948	805.88	1.04723	3.26	0
3081	16:53:32.29	0.0640	21.12901	21.54	39.90	1.0	0.998790	22.1263	1.29948	805.88	1.04720	3.26	0
3082	16:53:32.59	0.0630	21.12929	21.54	39.90	1.0	0.998808	22.1261	1.29944	805.86	1.04717	3.26	0
3083	16:53:32.89	0.0660	21.12810	21.54	39.90	1.0	0.998748	22.1262	1.29948	805.88	1.04724	3.26	0
3084	16:53:33.19	0.0635	21.12922	21.54	39.90	1.0	0.998802	22.1266	1.29948	805.88	1.04720	3.26	0
3085	16:53:33.49	0.0635	21.12915	21.54	39.90	1.0	0.998796	22.1268	1.29948	805.88	1.04722	3.26	0
3086	16:53:33.79	0.0650	21.12852	21.54	39.90	1.0	0.998766	22.1266	1.29948	805.88	1.04724	3.26	0
3087	16:53:34.09	0.0655	21.12845	21.54	39.90	1.0	0.998766	22.1264	1.29948	805.88	1.04723	3.26	0
3088	16:53:34.39	0.0660	21.12817	21.54	39.93	1.0	0.998754	22.1255	1.29948	805.88	1.04720	3.26	0
3089	16:53:34.69	0.0660	21.12817	21.54	39.93	1.0	0.998754	22.1266	1.29952	805.88	1.04725	3.26	0
3090	16:53:34.99	0.0630	21.12922	21.54	39.93	1.0	0.998802	22.1273	1.29948	805.88	1.04724	3.26	0
3091	16:53:35.29	0.0660	21.12803	21.55	39.93	1.0	0.998748	22.1258	1.29948	805.88	1.04723	3.26	0
3092	16:53:35.59	0.0640	21.12887	21.55	39.93	1.0	0.998790	22.1259	1.29944	805.86	1.04719	3.26	0
3093	16:53:35.89	0.0650	21.12845	21.55	39.93	1.0	0.998772	22.1260	1.29948	805.88	1.04722	3.26	0
3094	16:53:36.19	0.0645	21.12859	21.55	39.93	1.0	0.998778	22.1264	1.29948	805.88	1.04722	3.26	0
3095	16:53:36.49	0.0650	21.12845	21.55	39.93	1.0	0.998772	22.1255	1.29944	805.86	1.04719	3.26	0
3096	16:53:36.79	0.0640	21.12887	21.55	39.93	1.0	0.998790	22.1266	1.29948	805.88	1.04722	3.26	0
3097	16:53:37.09	0.0650	21.12859	21.54	39.93	1.0	0.998772	22.1260	1.29948	805.88	1.04721	3.26	0
3098	16:53:37.39	0.0690	21.12684	21.54	39.93	1.0	0.998688	22.1246	1.29948	805.88	1.04723	3.26	0
3099	16:53:37.69	0.0790	21.12285	21.55	39.93	1.0	0.998508	22.1213	1.29952	805.88	1.04726	3.26	0
3100	16:53:37.99	0.0895	21.11865	21.55	39.93	1.0	0.998310	22.1154	1.29948	805.86	1.04720	3.26	0
3101	16:53:38.29	0.0995	21.11452	21.55	39.93	1.0	0.998112	22.1113	1.29948	805.86	1.04721	3.26	0
3102	16:53:38.59	0.1095	21.11067	21.55	39.93	1.0	0.997932	22.1080	1.29948	805.88	1.04724	3.26	0
3103	16:53:38.89	0.1140	21.10885	21.54	39.93	1.0	0.997842	22.1046	1.29944	805.86	1.04717	3.26	0
3104	16:53:39.19	0.1180	21.10731	21.54	39.93	1.0	0.997770	22.1033	1.29948	805.86	1.04719	3.26	0
3105	16:53:39.49	0.1185	21.10696	21.54	39.93	1.0	0.997752	22.1031	1.29948	805.86	1.04719	3.26	0
3106	16:53:39.79	0.1155	21.10836	21.54	39.96	1.0	0.997818	22.1041	1.29944	805.86	1.04717	3.26	0
3107	16:53:40.09	0.1145	21.10857	21.54	39.96	1.0	0.997830	22.1042	1.29944	805.86	1.04717	3.26	0
3108	16:53:40.39	0.1130	21.10920	21.54	40.06	1.0	0.997866	22.1055	1.29948	805.88	1.04720	3.26	0
3109	16:53:40.69	0.1105	21.10997	21.55	40.06	1.0	0.997902	22.1063	1.29948	805.86	1.04720	3.26	0
3110	16:53:40.99	0.1095	21.10997	21.55	40.36	1.0	0.997926	22.1073	1.29952	805.88	1.04724	3.26	0
3111	16:53:41.29	0.1070	21.11116	21.54	40.36	1.0	0.997974	22.1079	1.29948	805.86	1.04721	3.26	0
3112	16:53:41.59	0.1050	21.11151	21.54	40.79	1.0	0.998016	22.1080	1.29948	805.88	1.04720	3.26	0
3113	16:53:41.89	0.1055	21.11109	21.55	40.79	1.0	0.998004	22.1072	1.29948	805.86	1.04719	3.26	0
3114	16:53:42.19	0.1030	21.11137	21.55	41.45	1.1	0.998052	22.1075	1.29944	805.86	1.04718	3.26	0
3115	16:53:42.49	0.1040	21.11102	21.55	41.45	1.1	0.998034	22.1069	1.29944	805.86	1.04717	3.26	0
3116	16:53:42.79	0.1005	21.11123	21.55	42.31	1.1	0.998100	22.1070	1.29944	805.86	1.04717	3.26	0
3117	16:53:43.09	0.1020	21.11060	21.55	42.31	1.1	0.998070	22.1063	1.29944	805.86	1.04717	3.26	0
3118	16:53:43.39	0.1015	21.10962	21.55	43.33	1.1	0.998082	22.1065	1.29948	805.88	1.04722	3.26	0
3119	16:53:43.69	0.0990	21.11053	21.55	43.33	1.1	0.998124	22.1063	1.29944	805.86	1.04717	3.26	0
3120	16:53:43.99	0.0970	21.10983	21.55	44.55	1.1	0.998160	22.1054	1.29944	805.86	1.04717	3.26	0
3121	16:53:44.29	0.0990	21.10899	21.55	44.55	1.1	0.998124	22.1052	1.29948	805.86	1.04719	3.26	0
3122	16:53:44.59	0.0960	21.10878	21.55	45.77	1.2	0.998184	22.1041	1.29944	805.84	1.04716	3.26	0
3123	16:53:44.89	0.0985	21.10787	21.55	45.77	1.2	0.998142	22.1043	1.29948	805.86	1.04721	3.26	0
3124	16:53:45.19	0.0935	21.10808	21.55	47.06	1.2	0.998226	22.1034	1.29944	805.84	1.04716	3.26	0
3125	16:53:45.49	0.0950	21.10759	21.55	47.06	1.2	0.998202	22.1034	1.29944	805.86	1.04718	3.26	0
3126	16:53:45.79	0.0935	21.10661	21.55	48.31	1.2	0.998232	22.1021	1.29944	805.86	1.04717	3.26	0
3127	16:53:46.09	0.0960	21.10549	21.55	48.31	1.2	0.998178	22.1023	1.29948	805.88	1.04723	3.26	0
3128	16:53:46.39	0.0920	21.10577	21.55	49.53	1.3	0.998262	22.1017	1.29948	805.86	1.04719	3.26	0
3129	16:53:46.69	0.0915	21.10598	21.55	49.53	1.3	0.998268	22.1017	1.29944	805.86	1.04718	3.26	0
3130	16:53:46.99	0.0890	21.10542	21.55	50.67	1.3	0.998310	22.1014	1.29948	805.86	1.04719	3.26	0
3131	16:53:47.29	0.0905	21.10486	21.55	50.67	1.3	0.998286	22.1005	1.29944	805.86	1.04718	3.26	0
3132	16:53:47.59	0.0880	21.10465	21.55	51.69	1.3	0.998334	22.1007	1.29948	805.86	1.04720	3.26	0
3133	16:53:47.89	0.0885	21.10451	21.55	51.69	1.3	0.998328	22.0997	1.29944	805.84	1.04716	3.26	0
3134	16:53:48.19	0.0870	21.10395	21.55	52.67	1.4	0.998358	22.1000	1.29948	805.86	1.04720	3.26	0
3135	16:53:48.49	0.0875	21.10367	21.55	52.67	1.4	0.998346	22.0990	1.29944	805.84	1.04716	3.26	0
3136	16:53:48.79	0.0835	21.10402	21.55	53.60	1.4	0.998418	22.0997	1.29948	805.86	1.04718	3.26	0
3137	16:53:49.09	0.0855	21.10339	21.55	53.60	1.4	0.998382	22.0990	1.29948	805.86	1.04718	3.26	0
3138	16:53:49.39	0.0830	21.10332	21.55	54.47	1.4	0.998430	22.0986	1.29944	805.84	1.04716	3.26	0
3139	16:53:49.69	0.0830	21.10325	21.55	54.47	1.4	0.998430	22.0987	1.29944	805.86	1.04717	3.26	0
3140	16:53:49.99	0.0820	21.10255	21.55	55.31	1.4	0.998442	22.0987	1.29948	805.86	1.04720	3.26	0
3141	16:53:50.29	0.0815	21.10283	21.55	55.31	1.4	0.998460	22.0986	1.29948	805.86	1.04719	3.26	0
3142	16:53:50.59	0.0805	21.10234	21.55	56.10	1.4	0.998478	22.0979	1.29948	805.86	1.04718	3.26	0
3143	16:53:50.89	0.0820	21.10157	21.55	56.10	1.4	0.998442	22.0975	1.29948	805.86	1.04720	3.26	0
3144	16:53:51.19	0.0790	21.10213	21.55	56.80	1.5	0.998508	22.0978	1.29948	805.86	1.04719	3.26	0
3145	16:53:51.49	0.0795	21.10178	21.55	56.80	1.5	0.998496	22.0975	1.29948	805.86	1.04719	3.26	0
3146	16:53:51.79	0.0785	21.10143	21.55	57.46	1.5	0.998514	22.0969	1.29944	805.86	1.04718	3.26	0
3147	16:53:52.09	0.0770	21.10199	21.55	57.46	1.5	0.998544	22.0970	1.29944	805.84	1.04716	3.26	0
3148	16:53:52.39	0.0770	21.10122	21.55	58.10	1.5	0.998544	22.0970	1.29948	805.86	1.04719	3.26	0
3149	16:53:52.69	0.0760	21.10164	21.55	58.10	1.5	0.998562	22.0972	1.29948	805.86	1.04718	3.26	0
3150	16:53:52.99	0.0730	21.10213	21.55	58.65	1.5	0.998616	22.0976	1.29948	805.86	1.04717	3.26	0
3151	16:53:53.29	0.0760	21.10094	21.55	58.65	1.5	0.998556	22.0973	1.29948	805.88	1.04722	3.26	0
3152	16:53:53.59	0.0740	21.10115	21.55	59.20	1.5	0.998604	22.0970	1.29948	805.86	1.04720	3.26	0
3153	16:53:53.89	0.0755	21.10045	21.55	59.20	1.5	0.998568	22.0964	1.29948	805.86	1.04720	3.26	0
3154	16:53:54.19	0.0720	21.10136	21.55	59.64	1.5	0.998640	22.0965	1.29944	805.86	1.04716	3.26	0
3155	16:53:54.49	0.0720	21.10143	21.55	59.64	1.5	0.998640	22.0967	1.29944	805.86	1.04717	3.26	0
3156	16:53:54.79	0.0715	21.10094	21.55	60.07	1.5	0.998640	22.0975	1.29948	805.86	1.04722	3.26	0
3157	16:53:55.09	0.0685	21.10220	21.55	60.07	1.5	0.998700	22.0970	1.29944	805.84	1.04714	3.26	0
3158	16:53:55.39	0.0705	21.10101	21.55	60.42	1.6	0.998664	22.0963	1.29944	805.86	1.04717	3.26	0
3159	16:53:55.69	0.0735	21.09989	21.55	60.42	1.6	0.998610	22.0970	1.29952	805.88	1.04725	3.26	0
3160	16:53:55.99	0.0725	21.09982	21.55	60.71	1.6	0.998628	22.0963	1.29948	805.88	1.04723	3.26	0
3161	16:53:56.29	0.0700	21.10087	21.55	60.71	1.6	0.998670	22.0963	1.29948	805.86	1.04718	3.26	0
3162	16:53:56.59	0.0695	21.10080	21.55	61.00	1.6	0.998688	22.0962	1.29944	805.86	1.04717	3.26	0
3163	16:53:56.89	0.0705	21.10038	21.55	61.00	1.6	0.998664	22.0964	1.29948	805.86	1.04720	3.26	0
3164	16:53:57.19	0.0690	21.10073	21.55	61.23	1.6	0.998700	22.0958	1.29944	805.86	1.04716	3.26	0
3165	16:53:57.49	0.0680	21.10108	21.55	61.23	1.6	0.998712	22.0954	1.29944	805.84	1.04713	3.26	0
3166	16:53:57.79	0.0700	21.09996	21.55	61.47	1.6	0.998670	22.0953	1.29944	805.86	1.04717	3.26	0
3167	16:53:58.09	0.0685	21.10066	21.55	61.47	1.6	0.998706	22.0965	1.29948	805.86	1.04720	3.26	0
3168	16:53:58.39	0.0670	21.10087	21.55	61.67	1.6	0.998730	22.0955	1.29944	805.82	1.04714	3.26	0
3169	16:53:58.69	0.0700	21.09975	21.55	61.67	1.6	0.998676	22.0951	1.29948	805.86	1.04717	3.26	0
3170	16:53:58.99	0.0680	21.10045	21.55	61.84	1.6	0.998718	22.0955	1.29944	805.84	1.04716	3.26	0
3171	16:53:59.29	0.0680	21.10031	21.55	61.84	1.6	0.998712	22.0954	1.29944	805.86	1.04716	3.26	0
3172	16:53:59.59	0.0685	21.09989	21.55	61.99	1.6	0.998700	22.0957	1.29948	805.86	1.04720	3.26	0
3173	16:53:59.89	0.0670	21.10052	21.55	61.99	1.6	0.998730	22.0958	1.29948	805.84	1.04717	3.26	0
3174	16:54:00.19	0.0675	21.10024	21.55	62.16	1.6	0.998724	22.0963	1.29948	805.86	1.04720	3.26	0
3175	16:54:00.49	0.0685	21.09982	21.55	62.16	1.6	0.998706	22.0953	1.29948	805.84	1.04718	3.26	0
3176	16:54:00.79	0.0685	21.09968	21.55	62.28	1.6	0.998706	22.0956	1.29948	805.86	1.04720	3.26	0
3177	16:54:01.09	0.0695	21.09933	21.55	62.28	1.6	0.998688	22.0958	1.29948	805.88	1.04723	3.26	0
3178	16:54:01.39	0.0685	21.09940	21.55	62.45	1.6	0.998700	22.0950	1.29948	805.86	1.04719	3.26	0
3179	16:54:01.69	0.0690	21.09919	21.55	62.45	1.6	0.998694	22.0958	1.29948	805.88	1.04723	3.26	0
3180	16:54:01.99	0.0660	21.10024	21.55	62.57	1.6	0.998748	22.0954	1.29944	805.86	1.04716	3.26	0
3181	16:54:02.29	0.0660	21.10017	21.55	62.57	1.6	0.998748	22.0953	1.29944	805.86	1.04716	3.26	0
3182	16:54:02.59	0.0675	21.09954	21.55	62.71	1.6	0.998724	22.0956	1.29948	805.86	1.04720	3.26	0
3183	16:54:02.89	0.0650	21.10045	21.55	62.71	1.6	0.998766	22.0964	1.29948	805.86	1.04720	3.26	0
3184	16:54:03.19	0.0660	21.09996	21.55	62.86	1.6	0.998754	22.0956	1.29948	805.86	1.04719	3.26	0
3185	16:54:03.49	0.0650	21.10031	21.55	62.86	1.6	0.998772	22.0958	1.29948	805.86	1.04718	3.26	0
3186	16:54:03.79	0.0655	21.09989	21.55	62.97	1.6	0.998754	22.0957	1.29948	805.86	1.04720	3.26	0
3187	16:54:04.09	0.0665	21.09968	21.55	62.97	1.6	0.998748	22.0962	1.29948	805.88	1.04723	3.26	0
3188	16:54:04.39	0.0655	21.09982	21.55	63.06	1.6	0.998760	22.0963	1.29948	805.88	1.04723	3.26	0
3189	16:54:04.69	0.0640	21.10052	21.55	63.06	1.6	0.998790	22.0954	1.29944	805.84	1.04715	3.26	0
3190	16:54:04.99	0.0625	21.10101	21.55	63.09	1.6	0.998820	22.0955	1.29944	805.84	1.04713	3.26	0
3191	16:54:05.29	0.0635	21.10066	21.55	63.09	1.6	0.998802	22.0953	1.29944	805.84	1.04713	3.26	0
3192	16:54:05.59	0.0645	21.10031	21.55	63.09	1.6	0.998784	22.0953	1.29944	805.84	1.04716	3.26	0
3193	16:54:05.89	0.0635	21.10066	21.55	63.09	1.6	0.998802	22.0963	1.29948	805.86	1.04718	3.26	0
3194	16:54:06.19	0.0635	21.10066	21.55	63.09	1.6	0.998796	22.0959	1.29944	805.86	1.04717	3.26	0
3195	16:54:06.49	0.0630	21.10080	21.55	63.09	1.6	0.998808	22.0957	1.29944	805.84	1.04715	3.26	0
3196	16:54:06.79	0.0640	21.10045	21.55	63.09	1.6	0.998790	22.0963	1.29948	805.86	1.04719	3.26	0
3197	16:54:07.09	0.0660	21.09982	21.54	63.09	1.6	0.998754	22.0954	1.29948	805.84	1.04719	3.26	0
3198	16:54:07.39	0.0635	21.10073	21.54	63.09	1.6	0.998796	22.0961	1.29948	805.84	1.04717	3.26	0
3199	16:54:07.69	0.0650	21.09989	21.55	63.09	1.6	0.998766	22.0961	1.29948	805.88	1.04722	3.26	0
3200	16:54:07.99	0.0625	21.10101	21.55	63.06	1.6	0.998814	22.0962	1.29944	805.86	1.04716	3.26	0
3201	16:54:08.29	0.0615	21.10150	21.54	63.06	1.6	0.998832	22.0969	1.29948	805.84	1.04717	3.26	0
3202	16:54:08.59	0.0640	21.10052	21.54	63.03	1.6	0.998784	22.0955	1.29944	805.84	1.04716	3.26	0
3203	16:54:08.89	0.0610	21.10171	21.55	63.03	1.6	0.998850	22.0965	1.29944	805.84	1.04714	3.26	0
3204	16:54:09.19	0.0615	21.10150	21.55	63.00	1.6	0.998832	22.0961	1.29944	805.82	1.04713	3.26	0
3205	16:54:09.49	0.0650	21.10031	21.54	63.00	1.6	0.998772	22.0956	1.29948	805.84	1.04717	3.26	0
3206	16:54:09.79	0.0650	21.10038	21.54	62.95	1.6	0.998772	22.0955	1.29948	805.84	1.04716	3.26	0
3207	16:54:10.09	0.0635	21.10094	21.54	62.95	1.6	0.998796	22.0972	1.29948	805.88	1.04722	3.26	0
3208	16:54:10.39	0.0615	21.10185	21.54	62.86	1.6	0.998838	22.0974	1.29944	805.86	1.04717	3.26	0
3209	16:54:10.69	0.0630	21.10115	21.54	62.86	1.6	0.998802	22.0964	1.29948	805.84	1.04717	3.26	0
3210	16:54:10.99	0.0645	21.10080	21.54	62.77	1.6	0.998784	22.0969	1.29948	805.86	1.04720	3.26	0
3211	16:54:11.29	0.0640	21.10101	21.54	62.77	1.6	0.998790	22.0968	1.29948	805.86	1.04719	3.26	0
3212	16:54:11.59	0.0630	21.10150	21.54	62.68	1.6	0.998808	22.0962	1.29944	805.84	1.04714	3.26	0
3213	16:54:11.89	0.0650	21.10059	21.55	62.68	1.6	0.998772	22.0964	1.29948	805.86	1.04719	3.26	0
3214	16:54:12.19	0.0650	21.10066	21.55	62.63	1.6	0.998772	22.0966	1.29948	805.86	1.04720	3.26	0
3215	16:54:12.49	0.0635	21.10115	21.55	62.63	1.6	0.998796	22.0960	1.29944	805.84	1.04715	3.26	0
3216	16:54:12.79	0.0635	21.10115	21.55	62.57	1.6	0.998796	22.0958	1.29944	805.84	1.04714	3.26	0
3217	16:54:13.09	0.0650	21.10080	21.54	62.57	1.6	0.998772	22.0964	1.29948	805.86	1.04718	3.26	0
3218	16:54:13.39	0.0655	21.10066	21.54	62.53	1.6	0.998766	22.0964	1.29948	805.86	1.04719	3.26	0
3219	16:54:13.69	0.0660	21.10038	21.54	62.53	1.6	0.998748	22.0955	1.29944	805.84	1.04716	3.26	0
3220	16:54:13.99	0.0660	21.10052	21.54	62.50	1.6	0.998754	22.0959	1.29948	805.84	1.04717	3.26	0
3221	16:54:14.29	0.0645	21.10094	21.55	62.50	1.6	0.998778	22.0967	1.29948	805.86	1.04719	3.26	0
3222	16:54:14.59	0.0650	21.10073	21.55	62.50	1.6	0.998766	22.0957	1.29948	805.84	1.04716	3.26	0
3223	16:54:14.89	0.0665	21.10024	21.54	62.50	1.6	0.998742	22.0966	1.29952	805.86	1.04722	3.26	0
3224	16:54:15.19	0.0655	21.10059	21.54	62.53	1.6	0.998760	22.0968	1.29948	805.86	1.04721	3.26	0
3225	16:54:15.49	0.0670	21.10010	21.54	62.53	1.6	0.998736	22.0963	1.29948	805.86	1.04721	3.26	0
3226	16:54:15.80	0.0655	21.10059	21.54	62.53	1.6	0.998760	22.0963	1.29948	805.86	1.04719	3.26	0
3227	16:54:16.09	0.0660	21.10038	21.54	62.53	1.6	0.998748	22.0961	1.29948	805.84	1.04719	3.26	0
3228	16:54:16.39	0.0655	21.10059	21.54	62.57	1.6	0.998760	22.0954	1.29944	805.84	1.04714	3.26	0
3229	16:54:16.69	0.0660	21.10038	21.54	62.57	1.6	0.998754	22.0961	1.29948	805.86	1.04719	3.26	0
3230	16:54:16.99	0.0660	21.10045	21.54	62.60	1.6	0.998754	22.0963	1.29948	805.86	1.04720	3.26	0
3231	16:54:17.29	0.0665	21.10010	21.54	62.60	1.6	0.998742	22.0958	1.29948	805.86	1.04719	3.26	0
3232	16:54:17.59	0.0665	21.10010	21.54	62.65	1.6	0.998742	22.0959	1.29948	805.86	1.04720	3.26	0
3233	16:54:17.89	0.0645	21.10080	21.54	62.65	1.6	0.998778	22.0969	1.29948	805.86	1.04721	3.26	0
3234	16:54:18.19	0.0660	21.10031	21.54	62.68	1.6	0.998754	22.0963	1.29952	805.86	1.04720	3.26	0
3235	16:54:18.49	0.0645	21.10073	21.54	62.68	1.6	0.998778	22.0964	1.29948	805.86	1.04719	3.26	0
3236	16:54:18.79	0.0650	21.10052	21.54	62.71	1.6	0.998766	22.0959	1.29948	805.86	1.04717	3.26	0
3237	16:54:19.09	0.0660	21.10017	21.54	62.71	1.6	0.998748	22.0965	1.29948	805.88	1.04722	3.26	0
3238	16:54:19.39	0.0630	21.10129	21.54	62.74	1.6	0.998808	22.0964	1.29948	805.84	1.04716	3.26	0
3239	16:54:19.69	0.0640	21.10101	21.54	62.74	1.6	0.998790	22.0961	1.29948	805.84	1.04716	3.26	0
3240	16:54:19.99	0.0645	21.10073	21.54	62.74	1.6	0.998778	22.0971	1.29948	805.86	1.04722	3.26	0
3241	16:54:20.29	0.0640	21.10094	21.54	62.74	1.6	0.998790	22.0964	1.29948	805.84	1.04717	3.26	0
3242	16:54:20.59	0.0625	21.10171	21.54	62.71	1.6	0.998820	22.0971	1.29944	805.86	1.04717	3.26	0
3243	16:54:20.89	0.0620	21.10171	21.54	62.71	1.6	0.998826	22.0965	1.29944	805.84	1.04714	3.26	0
3244	16:54:21.19	0.0630	21.10150	21.54	62.65	1.6	0.998808	22.0963	1.29944	805.84	1.04714	3.26	0
3245	16:54:21.49	0.0630	21.10136	21.54	62.65	1.6	0.998802	22.0975	1.29948	805.86	1.04720	3.26	0
3246	16:54:21.79	0.0610	21.10234	21.54	62.57	1.6	0.998844	22.0977	1.29948	805.84	1.04717	3.26	0
3247	16:54:22.09	0.0610	21.10227	21.54	62.57	1.6	0.998844	22.0979	1.29948	805.86	1.04718	3.26	0
3248	16:54:22.39	0.0600	21.10297	21.54	62.45	1.6	0.998868	22.0982	1.29944	805.84	1.04716	3.26	0
3249	16:54:22.69	0.0600	21.10297	21.54	62.45	1.6	0.998868	22.0984	1.29948	805.84	1.04717	3.26	0
3250	16:54:22.99	0.0605	21.10311	21.54	62.21	1.6	0.998862	22.0987	1.29948	805.84	1.04718	3.26	0
3251	16:54:23.29	0.0600	21.10325	21.54	62.21	1.6	0.998868	22.0988	1.29948	805.84	1.04717	3.26	0
3252	16:54:23.59	0.0590	21.10374	21.54	62.07	1.6	0.998880	22.0991	1.29948	805.84	1.04717	3.26	0
3253	16:54:23.89	0.0590	21.10381	21.54	62.07	1.6	0.998886	22.0988	1.29948	805.84	1.04715	3.26	0
3254	16:54:24.19	0.0615	21.10304	21.54	61.84	1.6	0.998838	22.0982	1.29944	805.84	1.04716	3.26	0
3255	16:54:24.49	0.0595	21.10388	21.54	61.84	1.6	0.998874	22.0990	1.29948	805.84	1.04716	3.26	0
3256	16:54:24.79	0.0615	21.10332	21.54	61.63	1.6	0.998838	22.0985	1.29948	805.84	1.04716	3.26	0
3257	16:54:25.09	0.0615	21.10325	21.54	61.63	1.6	0.998832	22.0989	1.29948	805.84	1.04717	3.26	0
3258	16:54:25.39	0.0610	21.10374	21.54	61.41	1.6	0.998844	22.0991	1.29948	805.84	1.04717	3.26	0
3259	16:54:25.69	0.0620	21.10339	21.54	61.41	1.6	0.998826	22.0984	1.29944	805.84	1.04715	3.26	0
3260	16:54:25.99	0.0625	21.10346	21.54	61.20	1.6	0.998820	22.0988	1.29948	805.84	1.04716	3.26	0
3261	16:54:26.29	0.0605	21.10423	21.54	61.20	1.6	0.998856	22.0993	1.29944	805.84	1.04716	3.26	0
3262	16:54:26.59	0.0610	21.10416	21.54	61.02	1.6	0.998844	22.0992	1.29944	805.84	1.04715	3.26	0
3263	16:54:26.89	0.0600	21.10465	21.54	61.02	1.6	0.998862	22.0988	1.29944	805.82	1.04711	3.26	0
3264	16:54:27.19	0.0635	21.10339	21.54	60.94	1.6	0.998802	22.0994	1.29952	805.84	1.04720	3.26	0
3265	16:54:27.49	0.0630	21.10346	21.54	60.94	1.6	0.998802	22.0990	1.29948	805.84	1.04717	3.26	0
3266	16:54:27.79	0.0615	21.10423	21.54	60.83	1.6	0.998838	22.0986	1.29944	805.82	1.04712	3.26	0
3267	16:54:28.09	0.0625	21.10381	21.54	60.83	1.6	0.998814	22.0995	1.29948	805.86	1.04718	3.26	0
3268	16:54:28.39	0.0620	21.10430	21.54	60.68	1.6	0.998832	22.0998	1.29948	805.84	1.04717	3.26	0
3269	16:54:28.69	0.0635	21.10374	21.54	60.68	1.6	0.998802	22.0992	1.29948	805.84	1.04717	3.26	0
3270	16:54:28.99	0.0620	21.10437	21.54	60.57	1.6	0.998826	22.0991	1.29944	805.82	1.04713	3.26	0
3271	16:54:29.29	0.0615	21.10465	21.54	60.57	1.6	0.998838	22.0995	1.29944	805.84	1.04714	3.26	0
3272	16:54:29.59	0.0650	21.10332	21.54	60.44	1.6	0.998772	22.0988	1.29948	805.84	1.04717	3.26	0
3273	16:54:29.89	0.0625	21.10451	21.53	60.44	1.5	0.998820	22.0999	1.29944	805.86	1.04717	3.26	0
3274	16:54:30.19	0.0630	21.10437	21.53	60.33	1.5	0.998808	22.0989	1.29944	805.82	1.04713	3.26	0
3275	16:54:30.49	0.0630	21.10423	21.54	60.33	1.5	0.998808	22.0996	1.29948	805.84	1.04716	3.26	0
3276	16:54:30.79	0.0620	21.10472	21.54	60.22	1.5	0.998826	22.0990	1.29944	805.82	1.04711	3.26	0
3277	16:54:31.09	0.0650	21.10374	21.53	60.22	1.5	0.998772	22.0989	1.29948	805.84	1.04715	3.26	0
3278	16:54:31.39	0.0625	21.10472	21.53	60.16	1.5	0.998814	22.0993	1.29944	805.84	1.04713	3.26	0
3279	16:54:31.69	0.0635	21.10423	21.54	60.16	1.5	0.998796	22.0997	1.29944	805.86	1.04717	3.26	0
3280	16:54:31.99	0.0640	21.10416	21.54	60.13	1.5	0.998790	22.0995	1.29948	805.84	1.04716	3.26	0
3281	16:54:32.29	0.0655	21.10353	21.54	60.13	1.5	0.998760	22.0996	1.29948	805.86	1.04720	3.26	0
3282	16:54:32.59	0.0635	21.10458	21.54	59.98	1.5	0.998802	22.0991	1.29944	805.82	1.04713	3.26	0
3283	16:54:32.89	0.0640	21.10437	21.53	59.98	1.5	0.998790	22.0991	1.29944	805.84	1.04713	3.26	0
3284	16:54:33.19	0.0660	21.10367	21.53	59.93	1.5	0.998754	22.0988	1.29944	805.84	1.04716	3.26	0
3285	16:54:33.49	0.0645	21.10416	21.53	59.93	1.5	0.998778	22.0983	1.29944	805.82	1.04711	3.26	0
3286	16:54:33.79	0.0675	21.10311	21.53	59.86	1.5	0.998724	22.0985	1.29948	805.84	1.04717	3.26	0
3287	16:54:34.09	0.0680	21.10276	21.54	59.86	1.5	0.998712	22.0988	1.29948	805.84	1.04720	3.26	0
3288	16:54:34.39	0.0650	21.10409	21.54	59.83	1.5	0.998772	22.0990	1.29944	805.84	1.04714	3.26	0
3289	16:54:34.69	0.0665	21.10360	21.53	59.83	1.5	0.998742	22.0986	1.29948	805.82	1.04714	3.26	0
3290	16:54:34.99	0.0675	21.10318	21.53	59.84	1.5	0.998724	22.0988	1.29948	805.84	1.04718	3.26	0
3291	16:54:35.29	0.0665	21.10339	21.54	59.84	1.5	0.998742	22.0985	1.29944	805.84	1.04716	3.26	0
3292	16:54:35.59	0.0675	21.10311	21.54	59.86	1.5	0.998724	22.0988	1.29948	805.84	1.04718	3.26	0
3293	16:54:35.89	0.0660	21.10367	21.53	59.86	1.5	0.998748	22.0989	1.29948	805.84	1.04716	3.26	0
3294	16:54:36.19	0.0665	21.10346	21.53	59.90	1.5	0.998742	22.0983	1.29948	805.82	1.04714	3.26	0
3295	16:54:36.49	0.0660	21.10367	21.53	59.90	1.5	0.998754	22.0988	1.29944	805.84	1.04715	3.26	0
3296	16:54:36.79	0.0665	21.10353	21.53	59.93	1.5	0.998742	22.0982	1.29944	805.84	1.04713	3.26	0
3297	16:54:37.09	0.0675	21.10297	21.53	59.93	1.5	0.998718	22.0984	1.29948	805.84	1.04717	3.26	0
3298	16:54:37.39	0.0650	21.10395	21.53	59.98	1.5	0.998766	22.0991	1.29948	805.84	1.04716	3.26	0
3299	16:54:37.68	0.0670	21.10318	21.53	59.98	1.5	0.998730	22.0989	1.29948	805.84	1.04718	3.26	0
3300	16:54:37.99	0.0675	21.10304	21.53	60.01	1.5	0.998724	22.0979	1.29944	805.84	1.04715	3.26	0
3301	16:54:38.29	0.0650	21.10388	21.53	60.01	1.5	0.998766	22.0989	1.29944	805.84	1.04715	3.26	0
3302	16:54:38.58	0.0640	21.10430	21.53	60.04	1.5	0.998784	22.0988	1.29944	805.82	1.04713	3.26	0
3303	16:54:38.89	0.0660	21.10353	21.53	60.04	1.5	0.998754	22.0986	1.29948	805.84	1.04715	3.26	0
3304	16:54:39.19	0.0650	21.10381	21.53	60.07	1.5	0.998766	22.0992	1.29948	805.84	1.04717	3.26	0
3305	16:54:39.49	0.0640	21.10423	21.53	60.07	1.5	0.998784	22.0996	1.29948	805.84	1.04716	3.26	0
3306	16:54:39.79	0.0635	21.10451	21.53	60.04	1.5	0.998802	22.0993	1.29944	805.82	1.04713	3.26	0
3307	16:54:40.09	0.0630	21.10465	21.53	60.04	1.5	0.998802	22.1003	1.29948	805.84	1.04717	3.26	0
3308	16:54:40.39	0.0630	21.10486	21.53	59.99	1.5	0.998814	22.0995	1.29944	805.82	1.04713	3.26	0
3309	16:54:40.69	0.0640	21.10444	21.53	59.99	1.5	0.998790	22.0998	1.29948	805.84	1.04716	3.26	0
3310	16:54:40.99	0.0635	21.10472	21.53	59.83	1.5	0.998796	22.1000	1.29948	805.84	1.04716	3.26	0
3311	16:54:41.29	0.0620	21.10528	21.53	59.83	1.5	0.998826	22.0996	1.29944	805.82	1.04711	3.26	0
3312	16:54:41.59	0.0645	21.10458	21.53	59.72	1.5	0.998784	22.1001	1.29948	805.84	1.04717	3.26	0
3313	16:54:41.89	0.0600	21.10626	21.53	59.72	1.5	0.998862	22.1007	1.29944	805.82	1.04712	3.26	0
3314	16:54:42.19	0.0625	21.10542	21.53	59.61	1.5	0.998814	22.1005	1.29948	805.84	1.04715	3.26	0
3315	16:54:42.49	0.0625	21.10549	21.53	59.61	1.5	0.998820	22.1012	1.29948	805.84	1.04718	3.26	0
3316	16:54:42.78	0.0610	21.10612	21.53	59.49	1.5	0.998844	22.1013	1.29944	805.84	1.04715	3.26	0
3317	16:54:43.08	0.0595	21.10689	21.53	59.49	1.5	0.998880	22.1015	1.29944	805.82	1.04713	3.26	0
3318	16:54:43.39	0.0615	21.10619	21.53	59.32	1.5	0.998838	22.1012	1.29944	805.84	1.04714	3.26	0
3319	16:54:43.69	0.0620	21.10605	21.53	59.32	1.5	0.998832	22.1010	1.29944	805.84	1.04714	3.26	0
3320	16:54:43.99	0.0610	21.10661	21.53	59.14	1.5	0.998844	22.1012	1.29944	805.82	1.04713	3.26	0
3321	16:54:44.29	0.0615	21.10640	21.53	59.14	1.5	0.998838	22.1014	1.29948	805.82	1.04714	3.26	0
3322	16:54:44.59	0.0630	21.10612	21.53	58.96	1.5	0.998814	22.1015	1.29948	805.84	1.04716	3.26	0
3323	16:54:44.89	0.0590	21.10759	21.52	58.96	1.5	0.998880	22.1016	1.29944	805.80	1.04709	3.26	0
3324	16:54:45.18	0.0630	21.10633	21.52	58.82	1.5	0.998814	22.1019	1.29948	805.84	1.04717	3.26	0
3325	16:54:45.48	0.0615	21.10675	21.53	58.82	1.5	0.998838	22.1016	1.29944	805.82	1.04713	3.26	0
3326	16:54:45.79	0.0630	21.10633	21.53	58.67	1.5	0.998808	22.1012	1.29948	805.82	1.04714	3.26	0
3327	16:54:46.09	0.0650	21.10570	21.52	58.67	1.5	0.998772	22.1011	1.29948	805.84	1.04716	3.26	0
3328	16:54:46.39	0.0645	21.10605	21.52	58.56	1.5	0.998784	22.1016	1.29948	805.84	1.04717	3.26	0
3329	16:54:46.69	0.0620	21.10696	21.53	58.56	1.5	0.998826	22.1015	1.29944	805.82	1.04712	3.26	0
3330	16:54:46.99	0.0645	21.10605	21.53	58.48	1.5	0.998778	22.1019	1.29948	805.84	1.04719	3.26	0
3331	16:54:47.29	0.0645	21.10605	21.53	58.48	1.5	0.998784	22.1006	1.29944	805.82	1.04712	3.26	0
3332	16:54:47.59	0.0650	21.10591	21.53	58.41	1.5	0.998772	22.1010	1.29948	805.82	1.04715	3.26	0
3333	16:54:47.89	0.0630	21.10668	21.52	58.41	1.5	0.998802	22.1014	1.29944	805.82	1.04713	3.26	0
3334	16:54:48.19	0.0650	21.10598	21.52	58.38	1.5	0.998766	22.1017	1.29948	805.84	1.04718	3.26	0
3335	16:54:48.49	0.0630	21.10668	21.52	58.38	1.5	0.998802	22.1008	1.29944	805.82	1.04710	3.26	0
3336	16:54:48.79	0.0655	21.10577	21.52	58.35	1.5	0.998760	22.1012	1.29948	805.84	1.04717	3.26	0
3337	16:54:49.08	0.0640	21.10647	21.52	58.35	1.5	0.998790	22.1019	1.29948	805.84	1.04716	3.26	0
3338	16:54:49.39	0.0650	21.10605	21.52	58.33	1.5	0.998766	22.1010	1.29948	805.82	1.04714	3.26	0
3339	16:54:49.69	0.0625	21.10696	21.52	58.33	1.5	0.998814	22.1009	1.29944	805.80	1.04709	3.26	0
3340	16:54:49.99	0.0645	21.10647	21.52	58.24	1.5	0.998784	22.1014	1.29944	805.84	1.04714	3.26	0
3341	16:54:50.29	0.0640	21.10668	21.52	58.24	1.5	0.998796	22.1018	1.29948	805.82	1.04714	3.26	0
3342	16:54:50.59	0.0660	21.10577	21.52	58.19	1.5	0.998748	22.1021	1.29952	805.86	1.04721	3.26	0
3343	16:54:50.88	0.0635	21.10682	21.52	58.19	1.5	0.998796	22.1023	1.29948	805.84	1.04716	3.26	0
3344	16:54:51.19	0.0635	21.10689	21.52	58.13	1.5	0.998796	22.1017	1.29944	805.82	1.04713	3.26	0
3345	16:54:51.49	0.0645	21.10647	21.52	58.13	1.5	0.998778	22.1017	1.29948	805.84	1.04716	3.26	0
3346	16:54:51.79	0.0640	21.10675	21.52	58.07	1.5	0.998784	22.1015	1.29944	805.82	1.04713	3.26	0
3347	16:54:52.09	0.0630	21.10717	21.52	58.07	1.5	0.998808	22.1013	1.29944	805.82	1.04710	3.26	0
3348	16:54:52.39	0.0650	21.10647	21.52	58.01	1.5	0.998766	22.1012	1.29944	805.82	1.04713	3.26	0
3349	16:54:52.68	0.0645	21.10661	21.52	58.01	1.5	0.998778	22.1015	1.29944	805.82	1.04714	3.26	0
3350	16:54:52.99	0.0650	21.10661	21.52	57.95	1.5	0.998772	22.1012	1.29944	805.82	1.04713	3.26	0
3351	16:54:53.29	0.0670	21.10570	21.52	57.95	1.5	0.998730	22.1003	1.29944	805.82	1.04713	3.26	0
3352	16:54:53.59	0.0640	21.10689	21.52	57.90	1.5	0.998784	22.1015	1.29944	805.82	1.04712	3.26	0
3353	16:54:53.88	0.0615	21.10815	21.51	57.90	1.5	0.998838	22.1015	1.29940	805.80	1.04706	3.26	0
3354	16:54:54.19	0.0635	21.10731	21.51	57.84	1.5	0.998796	22.1019	1.29944	805.82	1.04712	3.26	0
3355	16:54:54.48	0.0655	21.10661	21.51	57.84	1.5	0.998766	22.1013	1.29944	805.82	1.04713	3.26	0
3356	16:54:54.78	0.0625	21.10780	21.51	57.84	1.5	0.998820	22.1018	1.29944	805.80	1.04709	3.26	0
3357	16:54:55.08	0.0645	21.10689	21.52	57.84	1.5	0.998778	22.1016	1.29948	805.82	1.04713	3.26	0
3358	16:54:55.38	0.0645	21.10682	21.52	57.80	1.5	0.998778	22.1018	1.29948	805.82	1.04714	3.26	0
3359	16:54:55.68	0.0640	21.10724	21.51	57.80	1.5	0.998790	22.1024	1.29948	805.82	1.04715	3.26	0
3360	16:54:55.99	0.0650	21.10682	21.51	57.75	1.5	0.998766	22.1021	1.29948	805.82	1.04716	3.26	0
3361	16:54:56.29	0.0640	21.10717	21.52	57.75	1.5	0.998790	22.1019	1.29948	805.82	1.04713	3.26	0
3362	16:54:56.59	0.0645	21.10696	21.52	57.72	1.5	0.998778	22.1018	1.29948	805.82	1.04713	3.26	0
3363	16:54:56.88	0.0635	21.10745	21.52	57.72	1.5	0.998796	22.1024	1.29948	805.82	1.04714	3.26	0
3364	16:54:57.18	0.0655	21.10668	21.52	57.66	1.5	0.998760	22.1015	1.29948	805.82	1.04713	3.26	0
3365	16:54:57.49	0.0650	21.10710	21.51	57.66	1.5	0.998772	22.1014	1.29944	805.80	1.04711	3.26	0
3366	16:54:57.79	0.0630	21.10787	21.51	57.64	1.5	0.998808	22.1024	1.29944	805.82	1.04711	3.26	0
3367	16:54:58.08	0.0645	21.10710	21.52	57.64	1.5	0.998778	22.1025	1.29948	805.84	1.04716	3.26	0
3368	16:54:58.38	0.0635	21.10759	21.52	57.61	1.5	0.998796	22.1019	1.29944	805.82	1.04711	3.26	0
3369	16:54:58.68	0.0650	21.10710	21.51	57.61	1.5	0.998772	22.1013	1.29944	805.82	1.04710	3.26	0
3370	16:54:58.98	0.0650	21.10703	21.51	57.58	1.5	0.998766	22.1014	1.29944	805.82	1.04711	3.26	0
3371	16:54:59.28	0.0645	21.10731	21.51	57.58	1.5	0.998784	22.1013	1.29944	805.80	1.04709	3.26	0
3372	16:54:59.59	0.0660	21.10668	21.51	57.58	1.5	0.998748	22.1008	1.29944	805.82	1.04710	3.26	0
3373	16:54:59.88	0.0640	21.10759	21.51	57.58	1.5	0.998790	22.1010	1.29940	805.80	1.04706	3.26	0
3374	16:55:00.19	0.0645	21.10731	21.51	57.58	1.5	0.998784	22.1009	1.29944	805.80	1.04707	3.26	0
3375	16:55:00.49	0.0665	21.10654	21.51	57.58	1.5	0.998742	22.1009	1.29944	805.82	1.04711	3.26	0
3376	16:55:00.78	0.0660	21.10682	21.51	57.58	1.5	0.998754	22.1011	1.29944	805.82	1.04711	3.26	0
3377	16:55:01.08	0.0670	21.10633	21.51	57.58	1.5	0.998736	22.1005	1.29944	805.80	1.04710	3.26	0
3378	16:55:01.39	0.0665	21.10647	21.51	57.61	1.5	0.998742	22.1007	1.29944	805.82	1.04711	3.26	0
3379	16:55:01.68	0.0645	21.10717	21.51	57.61	1.5	0.998778	22.1024	1.29948	805.84	1.04715	3.26	0
3380	16:55:01.98	0.0640	21.10738	21.51	57.61	1.5	0.998784	22.1009	1.29944	805.80	1.04707	3.26	0
3381	16:55:02.29	0.0650	21.10703	21.51	57.61	1.5	0.998766	22.1007	1.29944	805.80	1.04708	3.26	0
3382	16:55:02.59	0.0665	21.10647	21.51	57.64	1.5	0.998742	22.1009	1.29944	805.80	1.04711	3.26	0
3383	16:55:02.89	0.0680	21.10577	21.51	57.64	1.5	0.998712	22.1008	1.29948	805.82	1.04714	3.26	0
3384	16:55:03.18	0.0650	21.10710	21.51	57.64	1.5	0.998772	22.1021	1.29948	805.82	1.04714	3.26	0
3385	16:55:03.48	0.0650	21.10710	21.51	57.64	1.5	0.998772	22.1019	1.29948	805.82	1.04713	3.26	0
3386	16:55:03.78	0.0660	21.10654	21.51	57.64	1.5	0.998748	22.1011	1.29944	805.82	1.04712	3.26	0
3387	16:55:04.08	0.0650	21.10710	21.50	57.64	1.5	0.998766	22.1017	1.29944	805.82	1.04712	3.26	0
3388	16:55:04.38	0.0660	21.10668	21.50	57.61	1.5	0.998748	22.1009	1.29944	805.80	1.04710	3.26	0
3389	16:55:04.69	0.0665	21.10647	21.51	57.61	1.5	0.998742	22.1013	1.29948	805.80	1.04713	3.26	0
3390	16:55:05.00	0.0665	21.10647	21.51	57.61	1.5	0.998742	22.1014	1.29948	805.82	1.04714	3.26	0
3391	16:55:05.32	0.0650	21.10703	21.51	57.61	1.5	0.998766	22.1019	1.29944	805.82	1.04713	3.26	0
3392	16:55:05.59	0.0655	21.10696	21.51	57.58	1.5	0.998760	22.1004	1.29944	805.80	1.04707	3.26	0
3393	16:55:05.88	0.0655	21.10682	21.51	57.58	1.5	0.998754	22.1021	1.29948	805.82	1.04716	3.26	0
3394	16:55:06.18	0.0655	21.10689	21.51	57.55	1.5	0.998760	22.1018	1.29948	805.82	1.04714	3.26	0
3395	16:55:06.48	0.0660	21.10682	21.51	57.55	1.5	0.998754	22.1013	1.29948	805.82	1.04712	3.26	0
3396	16:55:06.78	0.0680	21.10591	21.51	57.55	1.5	0.998712	22.1012	1.29948	805.82	1.04715	3.26	0
3397	16:55:07.08	0.0670	21.10626	21.51	57.55	1.5	0.998730	22.1007	1.29948	805.82	1.04712	3.26	0
3398	16:55:07.38	0.0645	21.10731	21.51	57.55	1.5	0.998778	22.1010	1.29944	805.80	1.04708	3.26	0
3399	16:55:07.69	0.0655	21.10689	21.51	57.55	1.5	0.998760	22.1014	1.29944	805.82	1.04712	3.26	0
3400	16:55:07.98	0.0655	21.10682	21.51	57.55	1.5	0.998754	22.1010	1.29944	805.80	1.04710	3.26	0
3401	16:55:08.28	0.0665	21.10647	21.51	57.55	1.5	0.998736	22.1011	1.29948	805.82	1.04713	3.26	0
3402	16:55:08.58	0.0630	21.10794	21.51	57.58	1.5	0.998808	22.1018	1.29944	805.80	1.04708	3.26	0
3403	16:55:08.88	0.0665	21.10654	21.51	57.58	1.5	0.998742	22.1017	1.29948	805.82	1.04715	3.26	0
3404	16:55:09.18	0.0660	21.10654	21.51	57.61	1.5	0.998748	22.1009	1.29948	805.80	1.04711	3.26	0
3405	16:55:09.48	0.0660	21.10682	21.50	57.61	1.5	0.998754	22.1008	1.29944	805.80	1.04709	3.26	0
3406	16:55:09.78	0.0645	21.10724	21.50	57.61	1.5	0.998778	22.1010	1.29944	805.80	1.04708	3.26	0
3407	16:55:10.08	0.0650	21.10703	21.51	57.61	1.5	0.998772	22.1014	1.29944	805.82	1.04711	3.26	0
3408	16:55:10.38	0.0660	21.10675	21.51	57.61	1.5	0.998754	22.1011	1.29948	805.80	1.04711	3.26	0
3409	16:55:10.68	0.0635	21.10773	21.51	57.61	1.5	0.998802	22.1009	1.29940	805.78	1.04705	3.26	0
3410	16:55:10.98	0.0645	21.10738	21.51	57.58	1.5	0.998784	22.1003	1.29940	805.78	1.04704	3.26	0
3411	16:55:11.28	0.0650	21.10717	21.50	57.58	1.5	0.998772	22.1012	1.29948	805.80	1.04710	3.26	0
3412	16:55:11.58	0.0660	21.10675	21.50	57.58	1.5	0.998748	22.1010	1.29944	805.80	1.04710	3.26	0
3413	16:55:11.89	0.0660	21.10668	21.51	57.58	1.5	0.998748	22.1007	1.29944	805.80	1.04710	3.26	0
3414	16:55:12.18	0.0665	21.10661	21.51	57.58	1.5	0.998748	22.1012	1.29948	805.80	1.04713	3.26	0
3415	16:55:12.48	0.0665	21.10654	21.50	57.58	1.5	0.998736	22.1006	1.29944	805.80	1.04710	3.26	0
3416	16:55:12.78	0.0670	21.10640	21.50	57.58	1.5	0.998736	22.1003	1.29944	805.80	1.04709	3.26	0
3417	16:55:13.08	0.0665	21.10654	21.50	57.58	1.5	0.998742	22.1001	1.29944	805.78	1.04707	3.26	0
3418	16:55:13.38	0.0665	21.10647	21.50	57.61	1.5	0.998736	22.0997	1.29944	805.78	1.04705	3.26	0
3419	16:55:13.68	0.0670	21.10633	21.50	57.61	1.5	0.998730	22.1003	1.29944	805.80	1.04709	3.26	0
3420	16:55:13.98	0.0660	21.10682	21.50	57.64	1.5	0.998754	22.1005	1.29944	805.80	1.04708	3.26	0
3421	16:55:14.28	0.0665	21.10654	21.50	57.64	1.5	0.998742	22.1007	1.29944	805.80	1.04710	3.26	0
3422	16:55:14.58	0.0655	21.10689	21.50	57.69	1.5	0.998760	22.1010	1.29944	805.80	1.04710	3.26	0
3423	16:55:14.88	0.0650	21.10710	21.50	57.69	1.5	0.998772	22.1005	1.29944	805.78	1.04707	3.26	0
3424	16:55:15.18	0.0655	21.10675	21.50	57.72	1.5	0.998754	22.1001	1.29944	805.78	1.04707	3.26	0
3425	16:55:15.48	0.0640	21.10738	21.50	57.72	1.5	0.998790	22.1006	1.29940	805.78	1.04705	3.26	0
3426	16:55:15.78	0.0665	21.10654	21.50	57.72	1.5	0.998748	22.1007	1.29944	805.80	1.04711	3.26	0
3427	16:55:16.08	0.0635	21.10766	21.50	57.72	1.5	0.998802	22.1017	1.29944	805.80	1.04709	3.26	0
3428	16:55:16.38	0.0645	21.10724	21.50	57.72	1.5	0.998778	22.1027	1.29948	805.82	1.04716	3.26	0
3429	16:55:16.68	0.0615	21.10836	21.51	57.72	1.5	0.998838	22.1021	1.29944	805.80	1.04708	3.26	0
3430	16:55:16.98	0.0650	21.10703	21.51	57.64	1.5	0.998772	22.1020	1.29948	805.82	1.04714	3.26	0
3431	16:55:17.28	0.0645	21.10738	21.50	57.64	1.5	0.998784	22.1024	1.29948	805.82	1.04714	3.26	0
3432	16:55:17.58	0.0630	21.10794	21.50	57.55	1.5	0.998802	22.1021	1.29944	805.80	1.04710	3.26	0
3433	16:55:17.88	0.0605	21.10913	21.50	57.55	1.5	0.998856	22.1031	1.29944	805.80	1.04708	3.26	0
3434	16:55:18.18	0.0630	21.10822	21.50	57.40	1.5	0.998808	22.1026	1.29944	805.80	1.04711	3.26	0
3435	16:55:18.48	0.0610	21.10892	21.50	57.40	1.5	0.998844	22.1034	1.29948	805.80	1.04711	3.26	0
3436	16:55:18.78	0.0590	21.10997	21.50	57.26	1.5	0.998886	22.1026	1.29940	805.78	1.04702	3.26	0
3437	16:55:19.08	0.0615	21.10899	21.50	57.26	1.5	0.998838	22.1030	1.29944	805.80	1.04709	3.26	0
3438	16:55:19.38	0.0585	21.11032	21.50	57.11	1.5	0.998892	22.1037	1.29940	805.80	1.04705	3.26	0
3439	16:55:19.68	0.0590	21.11011	21.50	57.11	1.5	0.998880	22.1038	1.29944	805.80	1.04707	3.26	0
3440	16:55:19.98	0.0610	21.10955	21.50	56.90	1.5	0.998844	22.1033	1.29944	805.80	1.04708	3.26	0
3441	16:55:20.28	0.0590	21.11046	21.50	56.90	1.5	0.998886	22.1036	1.29940	805.78	1.04705	3.26	0
3442	16:55:20.58	0.0590	21.11074	21.50	56.71	1.5	0.998886	22.1041	1.29940	805.78	1.04705	3.26	0
3443	16:55:20.88	0.0610	21.10976	21.50	56.71	1.5	0.998844	22.1048	1.29948	805.82	1.04713	3.26	0
3444	16:55:21.18	0.0610	21.11011	21.50	56.50	1.4	0.998844	22.1050	1.29948	805.82	1.04713	3.26	0
3445	16:55:21.48	0.0615	21.10990	21.50	56.50	1.4	0.998832	22.1044	1.29944	805.80	1.04711	3.26	0
3446	16:55:21.78	0.0625	21.10969	21.50	56.33	1.4	0.998820	22.1042	1.29944	805.82	1.04711	3.26	0
3447	16:55:22.08	0.0605	21.11046	21.50	56.33	1.4	0.998856	22.1040	1.29944	805.80	1.04707	3.26	0
3448	16:55:22.39	0.0610	21.11060	21.50	56.10	1.4	0.998844	22.1043	1.29944	805.78	1.04707	3.26	0
3449	16:55:22.68	0.0630	21.10976	21.50	56.10	1.4	0.998808	22.1041	1.29944	805.80	1.04710	3.26	0
3450	16:55:22.98	0.0610	21.11060	21.50	56.01	1.4	0.998844	22.1035	1.29940	805.78	1.04703	3.26	0
3451	16:55:23.28	0.0605	21.11095	21.50	56.01	1.4	0.998856	22.1045	1.29940	805.80	1.04706	3.26	0
3452	16:55:23.58	0.0645	21.10948	21.50	55.87	1.4	0.998778	22.1051	1.29948	805.82	1.04716	3.26	0
3453	16:55:23.88	0.0615	21.11067	21.50	55.87	1.4	0.998838	22.1042	1.29944	805.80	1.04707	3.26	0
3454	16:55:24.18	0.0625	21.11039	21.50	55.72	1.4	0.998814	22.1046	1.29944	805.80	1.04710	3.26	0
3455	16:55:24.48	0.0625	21.11046	21.50	55.72	1.4	0.998820	22.1044	1.29944	805.80	1.04708	3.26	0
3456	16:55:24.78	0.0625	21.11046	21.50	55.63	1.4	0.998814	22.1040	1.29944	805.78	1.04706	3.26	0
3457	16:55:25.08	0.0615	21.11095	21.50	55.63	1.4	0.998832	22.1050	1.29944	805.80	1.04709	3.26	0
3458	16:55:25.38	0.0610	21.11123	21.50	55.52	1.4	0.998844	22.1054	1.29944	805.80	1.04709	3.26	0
3459	16:55:25.68	0.0625	21.11074	21.50	55.52	1.4	0.998820	22.1046	1.29944	805.80	1.04708	3.26	0
3460	16:55:25.98	0.0615	21.11130	21.50	55.37	1.4	0.998838	22.1051	1.29944	805.78	1.04707	3.26	0
3461	16:55:26.28	0.0625	21.11081	21.50	55.37	1.4	0.998814	22.1049	1.29944	805.80	1.04709	3.26	0
3462	16:55:26.58	0.0620	21.11109	21.50	55.29	1.4	0.998826	22.1052	1.29944	805.80	1.04709	3.26	0
3463	16:55:26.88	0.0635	21.11067	21.50	55.29	1.4	0.998802	22.1049	1.29944	805.82	1.04710	3.26	0
3464	16:55:27.18	0.0625	21.11109	21.50	55.20	1.4	0.998820	22.1049	1.29944	805.80	1.04708	3.26	0
3465	16:55:27.48	0.0630	21.11081	21.50	55.20	1.4	0.998802	22.1051	1.29944	805.80	1.04710	3.26	0
3466	16:55:27.78	0.0620	21.11130	21.50	55.11	1.4	0.998826	22.1051	1.29944	805.80	1.04707	3.26	0
3467	16:55:28.08	0.0630	21.11109	21.50	55.11	1.4	0.998814	22.1046	1.29944	805.78	1.04706	3.26	0
3468	16:55:28.39	0.0650	21.11032	21.50	55.02	1.4	0.998772	22.1046	1.29944	805.80	1.04710	3.26	0
3469	16:55:28.68	0.0630	21.11116	21.50	55.02	1.4	0.998814	22.1057	1.29948	805.80	1.04711	3.26	0
3470	16:55:28.98	0.0630	21.11130	21.50	54.94	1.4	0.998814	22.1052	1.29944	805.80	1.04708	3.26	0
3471	16:55:29.28	0.0630	21.11116	21.50	54.94	1.4	0.998802	22.1047	1.29944	805.80	1.04707	3.26	0
3472	16:55:29.58	0.0630	21.11130	21.50	54.87	1.4	0.998808	22.1059	1.29948	805.80	1.04711	3.26	0
3473	16:55:29.88	0.0640	21.11088	21.50	54.87	1.4	0.998790	22.1064	1.29948	805.82	1.04716	3.26	0
3474	16:55:30.18	0.0620	21.11172	21.50	54.79	1.4	0.998826	22.1054	1.29944	805.78	1.04707	3.26	0
3475	16:55:30.48	0.0620	21.11172	21.50	54.79	1.4	0.998826	22.1055	1.29944	805.78	1.04707	3.26	0
3476	16:55:30.78	0.0630	21.11144	21.50	54.71	1.4	0.998808	22.1058	1.29944	805.80	1.04710	3.26	0
3477	16:55:31.08	0.0590	21.11305	21.50	54.71	1.4	0.998880	22.1063	1.29944	805.78	1.04705	3.26	0
3478	16:55:31.38	0.0630	21.11158	21.50	54.59	1.4	0.998802	22.1063	1.29948	805.80	1.04712	3.26	0
3479	16:55:31.68	0.0610	21.11249	21.50	54.59	1.4	0.998850	22.1068	1.29944	805.80	1.04710	3.26	0
3480	16:55:31.98	0.0635	21.11158	21.50	54.47	1.4	0.998802	22.1060	1.29944	805.80	1.04710	3.26	0
3481	16:55:32.28	0.0625	21.11207	21.50	54.47	1.4	0.998820	22.1066	1.29944	805.80	1.04711	3.26	0
3482	16:55:32.58	0.0640	21.11151	21.50	54.39	1.4	0.998790	22.1064	1.29948	805.82	1.04713	3.26	0
3483	16:55:32.88	0.0620	21.11228	21.50	54.39	1.4	0.998826	22.1077	1.29948	805.82	1.04715	3.26	0
3484	16:55:33.18	0.0600	21.11319	21.50	54.27	1.4	0.998862	22.1073	1.29944	805.80	1.04708	3.26	0
3485	16:55:33.48	0.0625	21.11221	21.50	54.27	1.4	0.998820	22.1073	1.29948	805.82	1.04713	3.26	0
3486	16:55:33.78	0.0605	21.11312	21.50	54.13	1.4	0.998856	22.1079	1.29944	805.80	1.04711	3.26	0
3487	16:55:34.08	0.0620	21.11249	21.50	54.13	1.4	0.998820	22.1077	1.29948	805.82	1.04714	3.26	0
3488	16:55:34.38	0.0585	21.11403	21.50	54.04	1.4	0.998886	22.1077	1.29944	805.78	1.04707	3.26	0
3489	16:55:34.68	0.0600	21.11347	21.50	54.04	1.4	0.998862	22.1083	1.29944	805.82	1.04712	3.26	0
3490	16:55:35.03	0.0610	21.11319	21.50	53.92	1.4	0.998844	22.1075	1.29944	805.80	1.04709	3.26	0
3491	16:55:35.28	0.0600	21.11361	21.50	53.92	1.4	0.998862	22.1082	1.29944	805.80	1.04711	3.26	0
3492	16:55:35.58	0.0600	21.11396	21.50	53.75	1.4	0.998868	22.1082	1.29944	805.80	1.04709	3.26	0
3493	16:55:35.88	0.0615	21.11326	21.50	53.75	1.4	0.998838	22.1076	1.29944	805.80	1.04710	3.26	0
3494	16:55:36.27	0.0615	21.11347	21.50	53.60	1.4	0.998838	22.1078	1.29944	805.80	1.04710	3.26	0
3495	16:55:36.48	0.0630	21.11291	21.50	53.60	1.4	0.998814	22.1080	1.29948	805.82	1.04713	3.26	0
3496	16:55:36.78	0.0610	21.11375	21.50	53.49	1.4	0.998844	22.1087	1.29948	805.82	1.04713	3.26	0
3497	16:55:37.08	0.0615	21.11361	21.50	53.49	1.4	0.998838	22.1082	1.29944	805.82	1.04710	3.26	0
3498	16:55:37.38	0.0605	21.11424	21.50	53.31	1.4	0.998856	22.1086	1.29944	805.80	1.04709	3.26	0
3499	16:55:37.69	0.0610	21.11389	21.50	53.31	1.4	0.998844	22.1085	1.29948	805.80	1.04711	3.26	0
3500	16:55:37.98	0.0645	21.11277	21.50	53.17	1.4	0.998778	22.1077	1.29948	805.80	1.04713	3.26	0
3501	16:55:38.28	0.0605	21.11438	21.50	53.17	1.4	0.998856	22.1077	1.29940	805.78	1.04705	3.26	0
Device address	Device ID	Factory Device ID	Firmware	Measurement mode	Gain	Speed	Y_AH_Cal (-)	TF_Cal (V/W)	Temp_Cal (°C)																																				
FF46	D2	12J692	 C3.8	H2   	1.005	Norm 	 0.999466	21.182169	23.924849																																				
Iteration	Time	Output (%)	Transfer (V/W)	Tsens (°C)	RH (%)	AH (kPa)	Corr transfer (-)	Utp (mV)	Ih (mA)	Uh (mV)	Ph (mW)	Usyst (V)	Alarm																																
0	17:24:20.73	0.0655	21.12670	21.62	40.69	1.0	0.998760	22.1261	1.29948	805.94	1.04730	3.26	0
1	17:24:21.17	0.0660	21.12663	21.62	40.69	1.0	0.998754	22.1260	1.29948	805.94	1.04731	3.26	0
2	17:24:21.47	0.0655	21.12670	21.62	40.69	1.0	0.998760	22.1254	1.29948	805.92	1.04727	3.26	0
3	17:24:21.78	0.0675	21.12600	21.62	40.69	1.0	0.998724	22.1259	1.29948	805.94	1.04733	3.26	0
4	17:24:22.07	0.0665	21.12642	21.62	40.69	1.0	0.998742	22.1257	1.29948	805.94	1.04731	3.26	0
5	17:24:22.42	0.0655	21.12670	21.62	40.69	1.0	0.998760	22.1257	1.29948	805.94	1.04728	3.26	0
6	17:24:22.72	0.0660	21.12649	21.62	40.69	1.0	0.998748	22.1256	1.29948	805.94	1.04729	3.26	0
7	17:24:22.97	0.0665	21.12628	21.62	40.69	1.0	0.998742	22.1258	1.29948	805.94	1.04731	3.26	0
8	17:24:23.27	0.0660	21.12628	21.64	40.69	1.1	0.998748	22.1254	1.29948	805.94	1.04729	3.26	0
9	17:24:23.57	0.0675	21.12572	21.64	40.69	1.1	0.998724	22.1253	1.29948	805.94	1.04732	3.26	0
10	17:24:23.87	0.0680	21.12565	21.62	40.69	1.0	0.998712	22.1253	1.29948	805.94	1.04732	3.26	0
11	17:24:24.17	0.0670	21.12621	21.62	40.69	1.0	0.998736	22.1261	1.29948	805.96	1.04733	3.26	0
12	17:24:24.47	0.0645	21.12712	21.62	40.69	1.0	0.998778	22.1255	1.29944	805.94	1.04726	3.26	0
13	17:24:24.77	0.0670	21.12614	21.62	40.69	1.0	0.998730	22.1257	1.29948	805.94	1.04732	3.26	0
14	17:24:25.07	0.0675	21.12600	21.62	40.69	1.0	0.998724	22.1257	1.29948	805.94	1.04732	3.26	0
15	17:24:25.37	0.0645	21.12719	21.62	40.69	1.0	0.998784	22.1250	1.29944	805.90	1.04723	3.26	0
16	17:24:25.67	0.0650	21.12698	21.62	40.69	1.0	0.998772	22.1257	1.29944	805.92	1.04727	3.26	0
17	17:24:25.97	0.0660	21.12642	21.62	40.72	1.0	0.998748	22.1253	1.29948	805.92	1.04728	3.26	0
18	17:24:26.27	0.0655	21.12677	21.62	40.72	1.0	0.998766	22.1258	1.29948	805.94	1.04729	3.26	0
19	17:24:26.57	0.0670	21.12607	21.62	40.72	1.0	0.998730	22.1254	1.29948	805.94	1.04730	3.26	0
20	17:24:26.87	0.0660	21.12656	21.62	40.72	1.0	0.998754	22.1253	1.29944	805.94	1.04728	3.26	0
21	17:24:27.17	0.0650	21.12691	21.62	40.69	1.0	0.998766	22.1257	1.29948	805.94	1.04728	3.26	0
22	17:24:27.47	0.0645	21.12705	21.62	40.69	1.0	0.998772	22.1254	1.29944	805.92	1.04726	3.26	0
23	17:24:27.77	0.0650	21.12684	21.62	40.72	1.0	0.998766	22.1254	1.29948	805.92	1.04726	3.26	0
24	17:24:28.07	0.0655	21.12670	21.62	40.72	1.0	0.998760	22.1257	1.29948	805.94	1.04728	3.26	0
25	17:24:28.37	0.0670	21.12614	21.62	40.72	1.0	0.998736	22.1256	1.29948	805.94	1.04731	3.26	0
26	17:24:28.67	0.0675	21.12593	21.62	40.72	1.0	0.998724	22.1247	1.29948	805.92	1.04728	3.26	0
27	17:24:28.97	0.0655	21.12663	21.62	40.72	1.0	0.998760	22.1257	1.29948	805.94	1.04729	3.26	0
28	17:24:29.27	0.0650	21.12691	21.62	40.72	1.0	0.998772	22.1251	1.29944	805.92	1.04725	3.26	0
29	17:24:29.57	0.0645	21.12705	21.62	40.72	1.0	0.998778	22.1255	1.29944	805.92	1.04726	3.26	0
30	17:24:29.87	0.0660	21.12656	21.62	40.72	1.0	0.998754	22.1263	1.29948	805.96	1.04732	3.26	0
31	17:24:30.17	0.0665	21.12628	21.62	40.72	1.0	0.998742	22.1251	1.29948	805.94	1.04728	3.26	0
32	17:24:30.47	0.0655	21.12670	21.62	40.72	1.0	0.998760	22.1261	1.29948	805.94	1.04730	3.26	0
33	17:24:30.77	0.0655	21.12677	21.62	40.72	1.0	0.998766	22.1259	1.29948	805.94	1.04729	3.26	0
34	17:24:31.07	0.0660	21.12649	21.62	40.72	1.0	0.998748	22.1250	1.29944	805.94	1.04727	3.26	0
35	17:24:31.37	0.0675	21.12579	21.62	40.72	1.0	0.998718	22.1248	1.29948	805.94	1.04729	3.26	0
36	17:24:31.67	0.0655	21.12670	21.62	40.72	1.0	0.998760	22.1252	1.29944	805.92	1.04726	3.26	0
37	17:24:31.97	0.0660	21.12656	21.62	40.72	1.0	0.998754	22.1252	1.29948	805.92	1.04727	3.26	0
38	17:24:32.27	0.0655	21.12663	21.62	40.72	1.0	0.998760	22.1259	1.29948	805.94	1.04729	3.26	0
39	17:24:32.57	0.0660	21.12649	21.62	40.72	1.0	0.998754	22.1259	1.29948	805.94	1.04731	3.26	0
40	17:24:32.87	0.0645	21.12705	21.62	40.72	1.0	0.998778	22.1262	1.29948	805.92	1.04729	3.26	0
41	17:24:33.17	0.0650	21.12691	21.62	40.72	1.0	0.998772	22.1268	1.29948	805.94	1.04733	3.26	0
42	17:24:33.47	0.0645	21.12712	21.62	40.72	1.0	0.998778	22.1255	1.29944	805.92	1.04726	3.26	0
43	17:24:33.77	0.0660	21.12642	21.62	40.72	1.0	0.998748	22.1257	1.29948	805.92	1.04730	3.26	0
44	17:24:34.07	0.0640	21.12726	21.62	40.72	1.0	0.998790	22.1255	1.29944	805.92	1.04725	3.26	0
45	17:24:34.37	0.0660	21.12642	21.62	40.72	1.0	0.998748	22.1256	1.29948	805.94	1.04730	3.26	0
46	17:24:34.67	0.0660	21.12663	21.61	40.72	1.0	0.998754	22.1257	1.29948	805.94	1.04729	3.26	0
47	17:24:34.97	0.0655	21.12677	21.61	40.72	1.0	0.998760	22.1258	1.29948	805.94	1.04729	3.26	0
48	17:24:35.27	0.0680	21.12572	21.62	40.72	1.0	0.998712	22.1262	1.29952	805.96	1.04735	3.26	0
49	17:24:35.57	0.0645	21.12719	21.62	40.72	1.0	0.998784	22.1264	1.29948	805.94	1.04730	3.26	0
50	17:24:35.87	0.0685	21.12551	21.61	40.72	1.0	0.998700	22.1259	1.29952	805.96	1.04736	3.26	0
51	17:24:36.17	0.0640	21.12733	21.61	40.72	1.0	0.998790	22.1253	1.29944	805.92	1.04723	3.26	0
52	17:24:36.47	0.0660	21.12642	21.62	40.72	1.0	0.998748	22.1259	1.29948	805.94	1.04731	3.26	0
53	17:24:36.77	0.0660	21.12642	21.62	40.72	1.0	0.998748	22.1262	1.29948	805.94	1.04732	3.26	0
54	17:24:37.07	0.0655	21.12670	21.61	40.72	1.0	0.998760	22.1257	1.29944	805.94	1.04729	3.26	0
55	17:24:37.37	0.0665	21.12628	21.61	40.72	1.0	0.998736	22.1261	1.29952	805.94	1.04732	3.26	0
56	17:24:37.67	0.0660	21.12656	21.61	40.72	1.0	0.998748	22.1259	1.29948	805.94	1.04731	3.26	0
57	17:24:37.97	0.0650	21.12691	21.61	40.72	1.0	0.998766	22.1257	1.29948	805.92	1.04728	3.26	0
58	17:24:38.27	0.0650	21.12691	21.62	40.72	1.0	0.998772	22.1259	1.29948	805.94	1.04728	3.26	0
59	17:24:38.57	0.0630	21.12775	21.62	40.72	1.0	0.998808	22.1255	1.29944	805.90	1.04723	3.26	0
60	17:24:38.87	0.0670	21.12621	21.61	40.72	1.0	0.998736	22.1259	1.29948	805.96	1.04732	3.26	0
61	17:24:39.17	0.0650	21.12705	21.61	40.72	1.0	0.998772	22.1257	1.29948	805.92	1.04727	3.26	0
62	17:24:39.47	0.0675	21.12593	21.61	40.72	1.0	0.998718	22.1260	1.29952	805.96	1.04734	3.26	0
63	17:24:39.77	0.0665	21.12628	21.61	40.72	1.0	0.998736	22.1255	1.29948	805.94	1.04730	3.26	0
64	17:24:40.07	0.0660	21.12656	21.62	40.72	1.0	0.998754	22.1259	1.29948	805.94	1.04730	3.26	0
65	17:24:40.37	0.0670	21.12607	21.62	40.72	1.0	0.998730	22.1255	1.29948	805.94	1.04731	3.26	0
66	17:24:40.67	0.0640	21.12740	21.61	40.72	1.0	0.998790	22.1254	1.29944	805.90	1.04723	3.26	0
67	17:24:40.97	0.0670	21.12614	21.61	40.72	1.0	0.998730	22.1250	1.29948	805.92	1.04728	3.26	0
68	17:24:41.27	0.0665	21.12635	21.62	40.72	1.0	0.998748	22.1256	1.29948	805.94	1.04729	3.26	0
69	17:24:41.57	0.0660	21.12656	21.62	40.72	1.0	0.998754	22.1255	1.29948	805.94	1.04729	3.26	0
70	17:24:41.87	0.0660	21.12649	21.61	40.72	1.0	0.998748	22.1255	1.29948	805.94	1.04729	3.26	0
71	17:24:42.17	0.0645	21.12726	21.61	40.72	1.0	0.998784	22.1257	1.29944	805.92	1.04726	3.26	0
72	17:24:42.47	0.0645	21.12719	21.62	40.72	1.0	0.998784	22.1255	1.29944	805.92	1.04725	3.26	0
73	17:24:42.77	0.0670	21.12607	21.62	40.72	1.0	0.998730	22.1249	1.29948	805.92	1.04728	3.26	0
74	17:24:43.07	0.0630	21.12789	21.61	40.72	1.0	0.998814	22.1251	1.29944	805.90	1.04720	3.26	0
75	17:24:43.37	0.0665	21.12628	21.61	40.72	1.0	0.998736	22.1252	1.29948	805.92	1.04728	3.26	0
76	17:24:43.67	0.0660	21.12656	21.61	40.72	1.0	0.998748	22.1252	1.29948	805.92	1.04727	3.26	0
77	17:24:43.97	0.0670	21.12621	21.61	40.72	1.0	0.998736	22.1255	1.29948	805.94	1.04730	3.26	0
78	17:24:44.27	0.0655	21.12684	21.61	40.72	1.0	0.998766	22.1254	1.29948	805.92	1.04726	3.26	0
79	17:24:44.57	0.0655	21.12670	21.61	40.72	1.0	0.998754	22.1256	1.29948	805.94	1.04728	3.26	0
80	17:24:44.87	0.0660	21.12663	21.61	40.72	1.0	0.998754	22.1250	1.29944	805.92	1.04725	3.26	0
81	17:24:45.17	0.0645	21.12712	21.61	40.72	1.0	0.998778	22.1252	1.29944	805.92	1.04725	3.26	0
82	17:24:45.47	0.0660	21.12663	21.61	40.72	1.0	0.998754	22.1248	1.29944	805.92	1.04725	3.26	0
83	17:24:45.77	0.0660	21.12663	21.61	40.72	1.0	0.998754	22.1245	1.29944	805.92	1.04723	3.26	0
84	17:24:46.07	0.0665	21.12628	21.61	40.72	1.0	0.998736	22.1245	1.29944	805.92	1.04725	3.26	0
85	17:24:46.37	0.0660	21.12649	21.61	40.72	1.0	0.998748	22.1250	1.29944	805.92	1.04726	3.26	0
86	17:24:46.67	0.0650	21.12691	21.61	40.72	1.0	0.998766	22.1255	1.29948	805.92	1.04726	3.26	0
87	17:24:46.97	0.0660	21.12649	21.61	40.72	1.0	0.998748	22.1252	1.29948	805.92	1.04728	3.26	0
88	17:24:47.27	0.0655	21.12670	21.61	40.72	1.0	0.998754	22.1249	1.29944	805.92	1.04725	3.26	0
89	17:24:47.57	0.0670	21.12607	21.61	40.72	1.0	0.998730	22.1252	1.29948	805.92	1.04729	3.26	0
90	17:24:47.87	0.0650	21.12705	21.61	40.72	1.0	0.998772	22.1252	1.29944	805.92	1.04725	3.26	0
91	17:24:48.17	0.0655	21.12677	21.61	40.72	1.0	0.998760	22.1253	1.29944	805.92	1.04726	3.26	0
92	17:24:48.47	0.0645	21.12719	21.61	40.72	1.0	0.998778	22.1260	1.29948	805.92	1.04728	3.26	0
93	17:24:48.77	0.0645	21.12719	21.61	40.72	1.0	0.998778	22.1259	1.29948	805.94	1.04728	3.26	0
94	17:24:49.07	0.0665	21.12628	21.61	40.72	1.0	0.998736	22.1252	1.29948	805.92	1.04728	3.26	0
95	17:24:49.37	0.0660	21.12656	21.61	40.72	1.0	0.998748	22.1255	1.29948	805.92	1.04728	3.26	0
96	17:24:49.67	0.0665	21.12628	21.61	40.72	1.0	0.998736	22.1250	1.29948	805.92	1.04728	3.26	0
97	17:24:49.97	0.0655	21.12670	21.61	40.72	1.0	0.998760	22.1260	1.29948	805.94	1.04730	3.26	0
98	17:24:50.27	0.0670	21.12621	21.61	40.72	1.0	0.998736	22.1255	1.29948	805.92	1.04730	3.26	0
99	17:24:50.57	0.0675	21.12600	21.61	40.72	1.0	0.998724	22.1258	1.29952	805.94	1.04732	3.26	0
100	17:24:50.87	0.0665	21.12642	21.61	40.72	1.0	0.998742	22.1257	1.29948	805.94	1.04730	3.26	0
101	17:24:51.17	0.0660	21.12649	21.61	40.72	1.0	0.998748	22.1262	1.29952	805.94	1.04732	3.26	0
102	17:24:51.47	0.0680	21.12572	21.61	40.72	1.0	0.998712	22.1261	1.29952	805.96	1.04735	3.26	0
103	17:24:51.77	0.0645	21.12719	21.61	40.72	1.0	0.998778	22.1262	1.29948	805.92	1.04729	3.26	0
104	17:24:52.07	0.0675	21.12593	21.61	40.72	1.0	0.998718	22.1263	1.29952	805.96	1.04735	3.26	0
105	17:24:52.37	0.0665	21.12642	21.61	40.72	1.0	0.998742	22.1258	1.29948	805.94	1.04731	3.26	0
106	17:24:52.67	0.0665	21.12635	21.61	40.72	1.0	0.998742	22.1259	1.29952	805.94	1.04731	3.26	0
107	17:24:52.97	0.0655	21.12677	21.61	40.72	1.0	0.998760	22.1264	1.29948	805.94	1.04732	3.26	0
108	17:24:53.27	0.0675	21.12600	21.61	40.72	1.0	0.998724	22.1254	1.29948	805.94	1.04731	3.26	0
109	17:24:53.57	0.0670	21.12621	21.61	40.72	1.0	0.998736	22.1251	1.29948	805.92	1.04728	3.26	0
110	17:24:53.87	0.0670	21.12614	21.61	40.72	1.0	0.998730	22.1250	1.29944	805.94	1.04728	3.26	0
111	17:24:54.17	0.0670	21.12614	21.61	40.72	1.0	0.998730	22.1257	1.29948	805.94	1.04731	3.26	0
112	17:24:54.47	0.0650	21.12698	21.61	40.72	1.0	0.998772	22.1258	1.29948	805.94	1.04728	3.26	0
113	17:24:54.77	0.0660	21.12663	21.61	40.72	1.0	0.998754	22.1257	1.29948	805.94	1.04729	3.26	0
114	17:24:55.07	0.0650	21.12698	21.61	40.72	1.0	0.998772	22.1254	1.29948	805.92	1.04726	3.26	0
115	17:24:55.37	0.0655	21.12670	21.61	40.72	1.0	0.998760	22.1250	1.29948	805.92	1.04725	3.26	0
116	17:24:55.67	0.0680	21.12586	21.61	40.72	1.0	0.998718	22.1252	1.29948	805.94	1.04730	3.26	0
117	17:24:55.97	0.0670	21.12621	21.61	40.72	1.0	0.998730	22.1255	1.29948	805.94	1.04730	3.26	0
118	17:24:56.27	0.0655	21.12684	21.61	40.72	1.0	0.998760	22.1254	1.29948	805.92	1.04726	3.26	0
119	17:24:56.57	0.0660	21.12656	21.61	40.72	1.0	0.998748	22.1248	1.29948	805.92	1.04725	3.26	0
120	17:24:56.87	0.0670	21.12635	21.60	40.72	1.0	0.998736	22.1250	1.29948	805.92	1.04727	3.26	0
121	17:24:57.17	0.0650	21.12712	21.60	40.72	1.0	0.998772	22.1253	1.29944	805.92	1.04725	3.26	0
122	17:24:57.47	0.0665	21.12635	21.61	40.72	1.0	0.998736	22.1257	1.29948	805.94	1.04731	3.26	0
123	17:24:57.77	0.0660	21.12656	21.61	40.72	1.0	0.998748	22.1251	1.29948	805.92	1.04726	3.26	0
124	17:24:58.07	0.0660	21.12656	21.61	40.72	1.0	0.998748	22.1248	1.29944	805.92	1.04725	3.26	0
125	17:24:58.37	0.0655	21.12684	21.61	40.72	1.0	0.998760	22.1248	1.29944	805.92	1.04723	3.26	0
126	17:24:58.67	0.0665	21.12649	21.60	40.72	1.0	0.998742	22.1246	1.29948	805.90	1.04725	3.26	0
127	17:24:58.97	0.0680	21.12593	21.60	40.72	1.0	0.998718	22.1253	1.29948	805.94	1.04731	3.26	0
128	17:24:59.27	0.0655	21.12677	21.61	40.72	1.0	0.998760	22.1259	1.29948	805.94	1.04729	3.26	0
129	17:24:59.57	0.0665	21.12642	21.61	40.72	1.0	0.998742	22.1255	1.29948	805.94	1.04729	3.26	0
130	17:24:59.87	0.0650	21.12698	21.61	40.72	1.0	0.998766	22.1255	1.29948	805.92	1.04726	3.26	0
131	17:25:00.17	0.0645	21.12719	21.61	40.79	1.1	0.998784	22.1254	1.29944	805.92	1.04725	3.26	0
132	17:25:00.47	0.0665	21.12635	21.61	40.79	1.1	0.998742	22.1253	1.29948	805.94	1.04729	3.26	0
133	17:25:00.77	0.0635	21.12747	21.61	40.72	1.0	0.998796	22.1253	1.29944	805.90	1.04723	3.26	0
134	17:25:01.07	0.0665	21.12642	21.61	40.72	1.0	0.998742	22.1257	1.29948	805.94	1.04731	3.26	0
135	17:25:01.37	0.0675	21.12607	21.61	40.72	1.0	0.998724	22.1253	1.29948	805.94	1.04730	3.26	0
136	17:25:01.67	0.0665	21.12635	21.61	40.72	1.0	0.998742	22.1249	1.29948	805.92	1.04727	3.26	0
137	17:25:01.97	0.0650	21.12698	21.61	40.72	1.0	0.998766	22.1262	1.29948	805.94	1.04729	3.26	0
138	17:25:02.27	0.0650	21.12712	21.60	40.72	1.0	0.998772	22.1252	1.29948	805.90	1.04724	3.26	0
139	17:25:02.57	0.0655	21.12684	21.60	40.72	1.0	0.998760	22.1252	1.29948	805.92	1.04726	3.26	0
140	17:25:02.87	0.0660	21.12670	21.61	40.72	1.0	0.998754	22.1250	1.29944	805.92	1.04726	3.26	0
141	17:25:03.17	0.0665	21.12628	21.61	40.72	1.0	0.998736	22.1253	1.29948	805.92	1.04729	3.26	0
142	17:25:03.47	0.0680	21.12586	21.61	40.72	1.0	0.998718	22.1249	1.29948	805.94	1.04729	3.26	0
143	17:25:03.77	0.0675	21.12593	21.61	40.72	1.0	0.998724	22.1261	1.29952	805.94	1.04734	3.26	0
144	17:25:04.07	0.0665	21.12642	21.60	40.72	1.0	0.998736	22.1256	1.29948	805.94	1.04730	3.26	0
145	17:25:04.37	0.0645	21.12719	21.60	40.72	1.0	0.998778	22.1248	1.29944	805.90	1.04722	3.26	0
146	17:25:04.67	0.0650	21.12691	21.61	40.72	1.0	0.998766	22.1248	1.29944	805.90	1.04723	3.26	0
147	17:25:04.97	0.0665	21.12628	21.61	40.72	1.0	0.998736	22.1249	1.29948	805.92	1.04727	3.26	0
148	17:25:05.27	0.0645	21.12719	21.60	40.72	1.0	0.998778	22.1253	1.29944	805.90	1.04725	3.26	0
149	17:25:05.57	0.0655	21.12677	21.60	40.79	1.1	0.998760	22.1257	1.29948	805.92	1.04728	3.26	0
150	17:25:05.87	0.0665	21.12621	21.61	40.79	1.1	0.998736	22.1254	1.29948	805.94	1.04729	3.26	0
151	17:25:06.17	0.0655	21.12691	21.61	40.72	1.0	0.998766	22.1250	1.29944	805.90	1.04725	3.26	0
152	17:25:06.47	0.0660	21.12670	21.60	40.72	1.0	0.998754	22.1251	1.29948	805.92	1.04726	3.26	0
153	17:25:06.77	0.0635	21.12754	21.60	40.79	1.1	0.998796	22.1252	1.29944	805.90	1.04722	3.26	0
154	17:25:07.07	0.0660	21.12663	21.60	40.79	1.1	0.998754	22.1253	1.29948	805.92	1.04727	3.26	0
155	17:25:07.37	0.0685	21.12565	21.60	40.72	1.0	0.998706	22.1250	1.29948	805.94	1.04731	3.26	0
156	17:25:07.67	0.0665	21.12642	21.60	40.72	1.0	0.998736	22.1249	1.29948	805.92	1.04726	3.26	0
157	17:25:07.97	0.0650	21.12705	21.60	40.79	1.1	0.998772	22.1255	1.29948	805.92	1.04726	3.26	0
158	17:25:08.27	0.0665	21.12621	21.61	40.79	1.1	0.998736	22.1255	1.29948	805.94	1.04730	3.26	0
159	17:25:08.57	0.0635	21.12754	21.61	40.79	1.1	0.998802	22.1256	1.29944	805.90	1.04724	3.26	0
160	17:25:08.87	0.0665	21.12635	21.60	40.79	1.1	0.998736	22.1255	1.29948	805.94	1.04730	3.26	0
161	17:25:09.17	0.0640	21.12747	21.60	40.72	1.0	0.998790	22.1257	1.29944	805.92	1.04725	3.26	0
162	17:25:09.47	0.0675	21.12614	21.60	40.72	1.0	0.998724	22.1252	1.29948	805.92	1.04729	3.26	0
163	17:25:09.77	0.0655	21.12677	21.60	40.79	1.1	0.998760	22.1255	1.29948	805.92	1.04727	3.26	0
164	17:25:10.07	0.0660	21.12663	21.60	40.79	1.1	0.998754	22.1250	1.29948	805.90	1.04726	3.26	0
165	17:25:10.37	0.0650	21.12698	21.60	40.79	1.1	0.998772	22.1252	1.29944	805.92	1.04725	3.26	0
166	17:25:10.67	0.0670	21.12607	21.60	40.79	1.1	0.998730	22.1250	1.29948	805.94	1.04729	3.26	0
167	17:25:10.97	0.0660	21.12663	21.60	40.79	1.1	0.998754	22.1247	1.29948	805.90	1.04725	3.26	0
168	17:25:11.27	0.0670	21.12614	21.60	40.79	1.1	0.998730	22.1242	1.29944	805.92	1.04725	3.26	0
169	17:25:11.57	0.0670	21.12628	21.60	40.79	1.1	0.998736	22.1249	1.29948	805.92	1.04727	3.26	0
170	17:25:11.87	0.0665	21.12628	21.60	40.79	1.1	0.998736	22.1245	1.29948	805.92	1.04725	3.26	0
171	17:25:12.17	0.0675	21.12600	21.60	40.79	1.1	0.998724	22.1248	1.29948	805.92	1.04728	3.26	0
172	17:25:12.47	0.0660	21.12670	21.60	40.79	1.1	0.998754	22.1248	1.29948	805.90	1.04725	3.26	0
173	17:25:12.77	0.0670	21.12621	21.60	40.79	1.1	0.998736	22.1252	1.29948	805.92	1.04729	3.26	0
174	17:25:13.07	0.0635	21.12754	21.60	40.79	1.1	0.998796	22.1252	1.29944	805.90	1.04722	3.26	0
175	17:25:13.37	0.0655	21.12670	21.60	40.79	1.1	0.998760	22.1251	1.29948	805.92	1.04726	3.26	0
176	17:25:13.67	0.0670	21.12621	21.60	40.79	1.1	0.998730	22.1252	1.29948	805.92	1.04729	3.26	0
177	17:25:13.97	0.0660	21.12670	21.60	40.79	1.1	0.998754	22.1252	1.29948	805.92	1.04726	3.26	0
178	17:25:14.27	0.0655	21.12684	21.60	40.79	1.1	0.998760	22.1250	1.29948	805.90	1.04725	3.26	0
179	17:25:14.57	0.0640	21.12740	21.60	40.79	1.1	0.998790	22.1245	1.29944	805.90	1.04720	3.26	0
180	17:25:14.87	0.0665	21.12635	21.60	40.79	1.1	0.998742	22.1254	1.29948	805.92	1.04729	3.26	0
181	17:25:15.17	0.0655	21.12670	21.60	40.79	1.1	0.998754	22.1242	1.29944	805.90	1.04722	3.26	0
182	17:25:15.47	0.0655	21.12677	21.60	40.79	1.1	0.998760	22.1243	1.29944	805.90	1.04722	3.26	0
183	17:25:15.77	0.0660	21.12649	21.60	40.79	1.1	0.998748	22.1245	1.29944	805.90	1.04723	3.26	0
184	17:25:16.07	0.0650	21.12705	21.60	40.79	1.1	0.998772	22.1240	1.29940	805.88	1.04719	3.26	0
185	17:25:16.37	0.0640	21.12747	21.60	40.79	1.1	0.998790	22.1242	1.29940	805.88	1.04717	3.26	0
186	17:25:16.67	0.0650	21.12698	21.60	40.79	1.1	0.998772	22.1248	1.29944	805.90	1.04723	3.26	0
187	17:25:16.97	0.0655	21.12684	21.60	40.79	1.1	0.998760	22.1243	1.29944	805.90	1.04722	3.26	0
188	17:25:17.27	0.0645	21.12726	21.60	40.79	1.1	0.998784	22.1250	1.29944	805.90	1.04723	3.26	0
189	17:25:17.57	0.0650	21.12691	21.60	40.79	1.1	0.998766	22.1240	1.29944	805.88	1.04719	3.26	0
190	17:25:17.87	0.0675	21.12607	21.60	40.79	1.1	0.998724	22.1245	1.29948	805.92	1.04726	3.26	0
191	17:25:18.17	0.0675	21.12586	21.60	40.79	1.1	0.998718	22.1248	1.29948	805.92	1.04728	3.26	0
192	17:25:18.47	0.0650	21.12705	21.60	40.79	1.1	0.998772	22.1251	1.29944	805.90	1.04725	3.26	0
193	17:25:18.77	0.0645	21.12712	21.60	40.79	1.1	0.998778	22.1248	1.29944	805.90	1.04722	3.26	0
194	17:25:19.07	0.0665	21.12628	21.60	40.79	1.1	0.998736	22.1242	1.29944	805.90	1.04723	3.26	0
195	17:25:19.37	0.0650	21.12698	21.60	40.79	1.1	0.998766	22.1253	1.29944	805.92	1.04726	3.26	0
196	17:25:19.67	0.0665	21.12628	21.60	40.79	1.1	0.998736	22.1262	1.29952	805.94	1.04733	3.26	0
197	17:25:19.97	0.0655	21.12670	21.60	40.79	1.1	0.998760	22.1253	1.29948	805.92	1.04727	3.26	0
198	17:25:20.27	0.0660	21.12656	21.60	40.79	1.1	0.998748	22.1257	1.29948	805.92	1.04730	3.26	0
199	17:25:20.57	0.0680	21.12579	21.60	40.79	1.1	0.998718	22.1253	1.29948	805.94	1.04731	3.26	0
200	17:25:20.87	0.0655	21.12684	21.60	40.79	1.1	0.998766	22.1252	1.29948	805.90	1.04726	3.26	0
201	17:25:21.17	0.0655	21.12684	21.60	40.79	1.1	0.998766	22.1266	1.29952	805.94	1.04732	3.26	0
202	17:25:21.47	0.0670	21.12628	21.60	40.79	1.1	0.998736	22.1259	1.29948	805.94	1.04732	3.26	0
203	17:25:21.77	0.0645	21.12726	21.60	40.79	1.1	0.998784	22.1253	1.29948	805.90	1.04724	3.26	0
204	17:25:22.07	0.0655	21.12677	21.60	40.79	1.1	0.998760	22.1255	1.29948	805.92	1.04728	3.26	0
205	17:25:22.37	0.0655	21.12684	21.60	40.79	1.1	0.998766	22.1255	1.29948	805.92	1.04727	3.26	0
206	17:25:22.67	0.0655	21.12677	21.60	40.79	1.1	0.998760	22.1262	1.29948	805.94	1.04731	3.26	0
207	17:25:22.97	0.0655	21.12670	21.60	40.79	1.1	0.998754	22.1265	1.29952	805.94	1.04732	3.26	0
208	17:25:23.27	0.0670	21.12607	21.60	40.79	1.1	0.998730	22.1257	1.29952	805.94	1.04732	3.26	0
209	17:25:23.57	0.0650	21.12705	21.60	40.79	1.1	0.998772	22.1261	1.29948	805.94	1.04729	3.26	0
210	17:25:23.87	0.0660	21.12663	21.60	40.79	1.1	0.998754	22.1257	1.29948	805.92	1.04729	3.26	0
211	17:25:24.17	0.0650	21.12691	21.60	40.79	1.1	0.998766	22.1250	1.29948	805.90	1.04725	3.26	0
212	17:25:24.47	0.0645	21.12719	21.60	40.79	1.1	0.998778	22.1254	1.29948	805.90	1.04725	3.26	0
213	17:25:24.77	0.0665	21.12635	21.60	40.79	1.1	0.998742	22.1255	1.29948	805.92	1.04729	3.26	0
214	17:25:25.07	0.0660	21.12663	21.60	40.79	1.1	0.998754	22.1258	1.29952	805.92	1.04729	3.26	0
215	17:25:25.37	0.0645	21.12719	21.60	40.79	1.1	0.998778	22.1263	1.29948	805.92	1.04729	3.26	0
216	17:25:25.67	0.0650	21.12691	21.60	40.79	1.1	0.998766	22.1260	1.29948	805.92	1.04729	3.26	0
217	17:25:25.97	0.0670	21.12628	21.60	40.79	1.1	0.998736	22.1255	1.29948	805.92	1.04730	3.26	0
218	17:25:26.27	0.0670	21.12628	21.60	40.79	1.1	0.998736	22.1259	1.29952	805.94	1.04732	3.26	0
219	17:25:26.57	0.0660	21.12656	21.60	40.79	1.1	0.998748	22.1255	1.29948	805.92	1.04728	3.26	0
220	17:25:26.87	0.0670	21.12628	21.60	40.79	1.1	0.998736	22.1258	1.29952	805.94	1.04731	3.26	0
221	17:25:27.17	0.0660	21.12663	21.60	40.79	1.1	0.998754	22.1256	1.29948	805.94	1.04729	3.26	0
222	17:25:27.47	0.0645	21.12719	21.60	40.79	1.1	0.998778	22.1257	1.29948	805.92	1.04726	3.26	0
223	17:25:27.77	0.0655	21.12691	21.60	40.79	1.1	0.998766	22.1254	1.29948	805.92	1.04726	3.26	0
224	17:25:28.07	0.0670	21.12628	21.60	40.79	1.1	0.998736	22.1251	1.29948	805.92	1.04728	3.26	0
225	17:25:28.37	0.0650	21.12698	21.60	40.79	1.1	0.998772	22.1252	1.29944	805.92	1.04725	3.26	0
226	17:25:28.67	0.0650	21.12698	21.60	40.79	1.1	0.998772	22.1253	1.29948	805.90	1.04725	3.26	0
227	17:25:28.97	0.0650	21.12691	21.60	40.79	1.1	0.998766	22.1252	1.29948	805.90	1.04725	3.26	0
228	17:25:29.27	0.0670	21.12621	21.60	40.79	1.1	0.998730	22.1254	1.29952	805.92	1.04729	3.26	0
229	17:25:29.57	0.0655	21.12670	21.60	40.79	1.1	0.998754	22.1252	1.29948	805.92	1.04726	3.26	0
230	17:25:29.87	0.0660	21.12649	21.60	40.79	1.1	0.998748	22.1250	1.29948	805.90	1.04726	3.26	0
231	17:25:30.17	0.0650	21.12691	21.60	40.79	1.1	0.998766	22.1255	1.29948	805.92	1.04726	3.26	0
232	17:25:30.47	0.0675	21.12593	21.60	40.79	1.1	0.998718	22.1252	1.29948	805.92	1.04730	3.26	0
233	17:25:30.77	0.0660	21.12656	21.60	40.79	1.1	0.998748	22.1252	1.29948	805.92	1.04727	3.26	0
234	17:25:31.07	0.0670	21.12628	21.60	40.79	1.1	0.998736	22.1257	1.29948	805.94	1.04731	3.26	0
235	17:25:31.37	0.0655	21.12684	21.60	40.79	1.1	0.998760	22.1252	1.29948	805.90	1.04726	3.26	0
236	17:25:31.67	0.0635	21.12761	21.60	40.79	1.1	0.998796	22.1254	1.29948	805.90	1.04723	3.26	0
237	17:25:31.97	0.0670	21.12607	21.60	40.79	1.1	0.998730	22.1252	1.29948	805.92	1.04729	3.26	0
238	17:25:32.27	0.0650	21.12698	21.60	40.79	1.1	0.998772	22.1253	1.29948	805.90	1.04726	3.26	0
239	17:25:32.57	0.0650	21.12691	21.60	40.79	1.1	0.998766	22.1257	1.29948	805.92	1.04728	3.26	0
240	17:25:32.87	0.0665	21.12635	21.60	40.79	1.1	0.998742	22.1257	1.29952	805.92	1.04730	3.26	0
241	17:25:33.17	0.0680	21.12586	21.60	40.79	1.1	0.998718	22.1248	1.29948	805.92	1.04729	3.26	0
242	17:25:33.47	0.0660	21.12663	21.60	40.79	1.1	0.998754	22.1251	1.29948	805.92	1.04726	3.26	0
243	17:25:33.77	0.0655	21.12663	21.60	40.82	1.1	0.998754	22.1246	1.29948	805.90	1.04724	3.26	0
244	17:25:34.07	0.0655	21.12684	21.59	40.82	1.1	0.998760	22.1249	1.29948	805.90	1.04724	3.26	0
245	17:25:34.37	0.0645	21.12719	21.59	40.82	1.1	0.998778	22.1250	1.29948	805.90	1.04723	3.26	0
246	17:25:34.67	0.0655	21.12677	21.59	40.82	1.1	0.998760	22.1252	1.29948	805.92	1.04726	3.26	0
247	17:25:34.97	0.0655	21.12691	21.59	40.79	1.0	0.998760	22.1245	1.29944	805.90	1.04722	3.26	0
248	17:25:35.27	0.0660	21.12670	21.59	40.79	1.0	0.998754	22.1244	1.29944	805.90	1.04722	3.26	0
249	17:25:35.57	0.0660	21.12670	21.59	40.82	1.1	0.998754	22.1240	1.29944	805.88	1.04720	3.26	0
250	17:25:35.87	0.0675	21.12607	21.59	40.82	1.1	0.998724	22.1243	1.29948	805.90	1.04725	3.26	0
251	17:25:36.17	0.0660	21.12663	21.59	40.79	1.0	0.998748	22.1249	1.29948	805.90	1.04725	3.26	0
252	17:25:36.47	0.0665	21.12649	21.59	40.79	1.0	0.998742	22.1245	1.29948	805.90	1.04724	3.26	0
253	17:25:36.77	0.0660	21.12663	21.59	40.79	1.0	0.998748	22.1252	1.29948	805.90	1.04726	3.26	0
254	17:25:37.07	0.0670	21.12621	21.59	40.79	1.0	0.998730	22.1247	1.29948	805.90	1.04726	3.26	0
255	17:25:37.37	0.0640	21.12733	21.59	40.82	1.1	0.998784	22.1252	1.29944	805.90	1.04723	3.26	0
256	17:25:37.67	0.0645	21.12719	21.59	40.82	1.1	0.998778	22.1252	1.29948	805.90	1.04723	3.26	0
257	17:25:37.97	0.0660	21.12670	21.59	40.79	1.0	0.998754	22.1247	1.29948	805.90	1.04724	3.26	0
258	17:25:38.27	0.0660	21.12670	21.59	40.79	1.0	0.998754	22.1243	1.29944	805.90	1.04722	3.26	0
259	17:25:38.57	0.0675	21.12607	21.59	40.82	1.1	0.998724	22.1240	1.29948	805.90	1.04724	3.26	0
260	17:25:38.87	0.0660	21.12670	21.59	40.82	1.1	0.998754	22.1247	1.29948	805.90	1.04724	3.26	0
261	17:25:39.17	0.0655	21.12684	21.59	40.82	1.1	0.998760	22.1252	1.29948	805.90	1.04726	3.26	0
262	17:25:39.47	0.0645	21.12719	21.59	40.82	1.1	0.998778	22.1243	1.29944	805.88	1.04720	3.26	0
263	17:25:39.77	0.0665	21.12649	21.59	40.82	1.1	0.998742	22.1245	1.29948	805.90	1.04724	3.26	0
264	17:25:40.07	0.0675	21.12621	21.58	40.82	1.0	0.998724	22.1252	1.29952	805.92	1.04729	3.26	0
265	17:25:40.37	0.0650	21.12712	21.58	40.82	1.0	0.998772	22.1250	1.29944	805.90	1.04723	3.26	0
266	17:25:40.67	0.0655	21.12691	21.58	40.82	1.0	0.998760	22.1241	1.29948	805.88	1.04720	3.26	0
267	17:25:40.97	0.0675	21.12607	21.58	40.82	1.0	0.998718	22.1246	1.29948	805.90	1.04726	3.26	0
268	17:25:41.27	0.0645	21.12726	21.58	40.82	1.0	0.998778	22.1239	1.29944	805.88	1.04717	3.26	0
269	17:25:41.57	0.0665	21.12656	21.58	40.82	1.0	0.998742	22.1238	1.29948	805.88	1.04720	3.26	0
270	17:25:41.87	0.0680	21.12600	21.58	40.82	1.0	0.998718	22.1241	1.29948	805.90	1.04725	3.26	0
271	17:25:42.17	0.0665	21.12663	21.58	40.82	1.0	0.998748	22.1240	1.29944	805.88	1.04721	3.26	0
272	17:25:42.47	0.0655	21.12691	21.58	40.82	1.0	0.998760	22.1236	1.29944	805.88	1.04718	3.26	0
273	17:25:42.77	0.0660	21.12677	21.58	40.82	1.0	0.998754	22.1241	1.29944	805.88	1.04721	3.26	0
274	17:25:43.07	0.0665	21.12649	21.58	40.82	1.0	0.998742	22.1243	1.29948	805.90	1.04723	3.26	0
275	17:25:43.37	0.0665	21.12649	21.58	40.82	1.0	0.998742	22.1238	1.29944	805.88	1.04721	3.26	0
276	17:25:43.67	0.0655	21.12684	21.58	40.82	1.0	0.998754	22.1243	1.29948	805.88	1.04721	3.26	0
277	17:25:43.97	0.0650	21.12705	21.58	40.82	1.0	0.998766	22.1237	1.29944	805.86	1.04717	3.26	0
278	17:25:44.27	0.0655	21.12691	21.58	40.82	1.0	0.998760	22.1239	1.29944	805.88	1.04719	3.26	0
279	17:25:44.57	0.0660	21.12677	21.58	40.82	1.0	0.998754	22.1244	1.29948	805.88	1.04722	3.26	0
280	17:25:44.87	0.0645	21.12740	21.58	40.82	1.0	0.998784	22.1243	1.29944	805.88	1.04719	3.26	0
281	17:25:45.17	0.0650	21.12705	21.58	40.82	1.0	0.998766	22.1236	1.29944	805.86	1.04717	3.26	0
282	17:25:45.47	0.0650	21.12712	21.58	40.82	1.0	0.998766	22.1237	1.29944	805.88	1.04717	3.26	0
283	17:25:45.77	0.0645	21.12719	21.58	40.82	1.0	0.998772	22.1243	1.29944	805.88	1.04720	3.26	0
284	17:25:46.07	0.0645	21.12747	21.57	40.82	1.0	0.998778	22.1248	1.29944	805.88	1.04720	3.26	0
285	17:25:46.37	0.0670	21.12642	21.57	40.82	1.0	0.998730	22.1251	1.29948	805.90	1.04727	3.26	0
286	17:25:46.67	0.0655	21.12705	21.57	40.82	1.0	0.998760	22.1241	1.29944	805.88	1.04719	3.26	0
287	17:25:46.97	0.0665	21.12663	21.57	40.82	1.0	0.998742	22.1245	1.29948	805.90	1.04723	3.26	0
288	17:25:47.27	0.0680	21.12607	21.57	40.82	1.0	0.998718	22.1234	1.29944	805.88	1.04720	3.26	0
289	17:25:47.57	0.0655	21.12698	21.57	40.82	1.0	0.998760	22.1237	1.29944	805.86	1.04718	3.26	0
290	17:25:47.87	0.0670	21.12642	21.57	40.82	1.0	0.998730	22.1242	1.29948	805.88	1.04723	3.26	0
291	17:25:48.17	0.0645	21.12733	21.57	40.82	1.0	0.998778	22.1234	1.29944	805.86	1.04715	3.26	0
292	17:25:48.47	0.0670	21.12649	21.57	40.82	1.0	0.998736	22.1236	1.29944	805.88	1.04720	3.26	0
293	17:25:48.77	0.0665	21.12663	21.57	40.82	1.0	0.998742	22.1234	1.29944	805.86	1.04718	3.26	0
294	17:25:49.07	0.0660	21.12691	21.57	40.82	1.0	0.998754	22.1229	1.29940	805.86	1.04714	3.26	0
295	17:25:49.37	0.0650	21.12733	21.57	40.82	1.0	0.998772	22.1241	1.29944	805.88	1.04718	3.26	0
296	17:25:49.67	0.0660	21.12670	21.57	40.82	1.0	0.998748	22.1238	1.29948	805.86	1.04720	3.26	0
297	17:25:49.97	0.0665	21.12663	21.57	40.82	1.0	0.998742	22.1235	1.29944	805.88	1.04719	3.26	0
298	17:25:50.27	0.0665	21.12656	21.57	40.82	1.0	0.998736	22.1243	1.29948	805.88	1.04723	3.26	0
299	17:25:50.57	0.0675	21.12614	21.57	40.82	1.0	0.998718	22.1238	1.29948	805.88	1.04722	3.26	0
300	17:25:50.87	0.0660	21.12684	21.57	40.82	1.0	0.998754	22.1238	1.29944	805.88	1.04719	3.26	0
301	17:25:51.17	0.0660	21.12677	21.57	40.82	1.0	0.998748	22.1231	1.29944	805.86	1.04716	3.26	0
302	17:25:51.47	0.0660	21.12698	21.55	40.82	1.0	0.998754	22.1238	1.29944	805.88	1.04719	3.26	0
303	17:25:51.77	0.0670	21.12649	21.55	40.82	1.0	0.998730	22.1234	1.29944	805.86	1.04718	3.26	0
304	17:25:52.07	0.0680	21.12621	21.55	40.82	1.0	0.998718	22.1236	1.29948	805.88	1.04722	3.26	0
305	17:25:52.37	0.0660	21.12677	21.55	40.85	1.0	0.998748	22.1234	1.29944	805.86	1.04717	3.26	0
306	17:25:52.67	0.0660	21.12677	21.55	40.85	1.0	0.998748	22.1240	1.29948	805.86	1.04720	3.26	0
307	17:25:52.97	0.0665	21.12656	21.55	40.85	1.0	0.998736	22.1232	1.29944	805.86	1.04717	3.26	0
308	17:25:53.27	0.0685	21.12593	21.55	40.85	1.0	0.998706	22.1232	1.29948	805.88	1.04720	3.26	0
309	17:25:53.57	0.0670	21.12642	21.55	40.85	1.0	0.998730	22.1232	1.29944	805.88	1.04719	3.26	0
310	17:25:53.87	0.0665	21.12677	21.55	40.85	1.0	0.998742	22.1239	1.29944	805.88	1.04720	3.26	0
311	17:25:54.17	0.0660	21.12677	21.55	40.85	1.0	0.998748	22.1241	1.29948	805.88	1.04720	3.26	0
312	17:25:54.47	0.0655	21.12712	21.55	40.85	1.0	0.998760	22.1234	1.29944	805.86	1.04716	3.26	0
313	17:25:54.77	0.0660	21.12684	21.55	40.85	1.0	0.998748	22.1248	1.29948	805.88	1.04723	3.26	0
314	17:25:55.07	0.0660	21.12691	21.55	40.85	1.0	0.998754	22.1241	1.29944	805.88	1.04720	3.26	0
315	17:25:55.37	0.0655	21.12698	21.55	40.85	1.0	0.998760	22.1240	1.29944	805.86	1.04719	3.26	0
316	17:25:55.67	0.0650	21.12719	21.55	40.85	1.0	0.998766	22.1243	1.29948	805.86	1.04720	3.26	0
317	17:25:55.97	0.0660	21.12677	21.55	40.85	1.0	0.998748	22.1236	1.29944	805.86	1.04719	3.26	0
318	17:25:56.27	0.0645	21.12747	21.55	40.85	1.0	0.998778	22.1241	1.29944	805.86	1.04717	3.26	0
319	17:25:56.57	0.0650	21.12719	21.55	40.85	1.0	0.998766	22.1231	1.29944	805.84	1.04714	3.26	0
320	17:25:56.87	0.0665	21.12656	21.55	40.85	1.0	0.998736	22.1243	1.29948	805.88	1.04722	3.26	0
321	17:25:57.17	0.0655	21.12719	21.55	40.85	1.0	0.998766	22.1246	1.29948	805.88	1.04722	3.26	0
322	17:25:57.47	0.0655	21.12726	21.54	40.85	1.0	0.998766	22.1245	1.29948	805.86	1.04720	3.26	0
323	17:25:57.77	0.0650	21.12740	21.54	40.85	1.0	0.998772	22.1241	1.29944	805.86	1.04717	3.26	0
324	17:25:58.07	0.0665	21.12677	21.55	40.85	1.0	0.998748	22.1237	1.29944	805.86	1.04719	3.26	0
325	17:25:58.37	0.0650	21.12719	21.55	40.85	1.0	0.998766	22.1236	1.29944	805.86	1.04716	3.26	0
326	17:25:58.67	0.0665	21.12670	21.54	40.85	1.0	0.998736	22.1229	1.29944	805.86	1.04716	3.26	0
327	17:25:58.97	0.0655	21.12719	21.54	40.85	1.0	0.998760	22.1231	1.29944	805.84	1.04714	3.26	0
328	17:25:59.27	0.0670	21.12649	21.54	40.85	1.0	0.998730	22.1238	1.29948	805.88	1.04721	3.26	0
329	17:25:59.57	0.0645	21.12747	21.54	40.85	1.0	0.998778	22.1237	1.29944	805.86	1.04715	3.26	0
330	17:25:59.87	0.0665	21.12670	21.54	40.85	1.0	0.998742	22.1234	1.29944	805.86	1.04717	3.26	0
331	17:26:00.17	0.0665	21.12670	21.54	40.85	1.0	0.998742	22.1225	1.29944	805.84	1.04713	3.26	0
332	17:26:00.47	0.0675	21.12628	21.54	40.85	1.0	0.998718	22.1233	1.29944	805.86	1.04719	3.26	0
333	17:26:00.77	0.0665	21.12670	21.54	40.85	1.0	0.998742	22.1229	1.29944	805.84	1.04716	3.26	0
334	17:26:01.07	0.0665	21.12677	21.54	40.85	1.0	0.998742	22.1234	1.29944	805.86	1.04717	3.26	0
335	17:26:01.37	0.0670	21.12649	21.54	40.85	1.0	0.998730	22.1236	1.29948	805.86	1.04720	3.26	0
336	17:26:01.67	0.0665	21.12670	21.54	40.85	1.0	0.998736	22.1236	1.29944	805.86	1.04719	3.26	0
337	17:26:01.97	0.0650	21.12733	21.54	40.85	1.0	0.998766	22.1237	1.29944	805.86	1.04716	3.26	0
338	17:26:02.27	0.0670	21.12663	21.54	40.85	1.0	0.998736	22.1236	1.29948	805.86	1.04719	3.26	0
339	17:26:02.57	0.0630	21.12810	21.54	40.85	1.0	0.998802	22.1243	1.29944	805.84	1.04715	3.26	0
340	17:26:02.87	0.0655	21.12705	21.54	40.85	1.0	0.998754	22.1239	1.29948	805.86	1.04718	3.26	0
341	17:26:03.17	0.0670	21.12663	21.54	40.85	1.0	0.998736	22.1235	1.29944	805.86	1.04719	3.26	0
342	17:26:03.47	0.0655	21.12705	21.54	40.85	1.0	0.998754	22.1227	1.29944	805.84	1.04713	3.26	0
343	17:26:03.77	0.0660	21.12691	21.54	40.85	1.0	0.998748	22.1236	1.29944	805.86	1.04718	3.26	0
344	17:26:04.07	0.0660	21.12698	21.54	40.85	1.0	0.998754	22.1229	1.29944	805.84	1.04714	3.26	0
345	17:26:04.37	0.0635	21.12796	21.54	40.85	1.0	0.998796	22.1234	1.29940	805.84	1.04712	3.26	0
346	17:26:04.67	0.0670	21.12656	21.54	40.85	1.0	0.998730	22.1237	1.29944	805.88	1.04720	3.26	0
347	17:26:04.97	0.0665	21.12670	21.54	40.85	1.0	0.998736	22.1229	1.29944	805.86	1.04715	3.26	0
348	17:26:05.27	0.0680	21.12614	21.54	40.85	1.0	0.998712	22.1229	1.29948	805.86	1.04718	3.26	0
349	17:26:05.57	0.0650	21.12740	21.54	40.85	1.0	0.998772	22.1237	1.29944	805.86	1.04716	3.26	0
350	17:26:05.87	0.0655	21.12705	21.54	40.85	1.0	0.998754	22.1235	1.29944	805.86	1.04716	3.26	0
351	17:26:06.17	0.0680	21.12600	21.54	40.89	1.0	0.998712	22.1229	1.29948	805.86	1.04719	3.26	0
352	17:26:06.47	0.0665	21.12670	21.54	40.89	1.0	0.998742	22.1228	1.29944	805.86	1.04715	3.26	0
353	17:26:06.77	0.0675	21.12642	21.54	40.85	1.0	0.998724	22.1229	1.29944	805.86	1.04717	3.26	0
354	17:26:07.07	0.0650	21.12733	21.54	40.85	1.0	0.998766	22.1233	1.29944	805.84	1.04714	3.26	0
355	17:26:07.37	0.0645	21.12754	21.54	40.85	1.0	0.998778	22.1230	1.29940	805.84	1.04712	3.26	0
356	17:26:07.67	0.0665	21.12677	21.54	40.85	1.0	0.998742	22.1226	1.29944	805.84	1.04713	3.26	0
357	17:26:07.97	0.0670	21.12656	21.54	40.87	1.0	0.998736	22.1229	1.29944	805.86	1.04716	3.26	0
358	17:26:08.27	0.0650	21.12733	21.53	40.87	1.0	0.998766	22.1229	1.29944	805.84	1.04712	3.26	0
359	17:26:08.57	0.0670	21.12670	21.53	40.85	1.0	0.998736	22.1226	1.29944	805.86	1.04714	3.26	0
360	17:26:08.87	0.0665	21.12677	21.54	40.85	1.0	0.998742	22.1229	1.29944	805.84	1.04715	3.26	0
361	17:26:09.17	0.0655	21.12698	21.54	40.89	1.0	0.998754	22.1226	1.29944	805.84	1.04713	3.26	0
362	17:26:09.47	0.0650	21.12740	21.53	40.89	1.0	0.998766	22.1218	1.29940	805.82	1.04707	3.26	0
363	17:26:09.77	0.0680	21.12635	21.53	40.85	1.0	0.998718	22.1223	1.29944	805.84	1.04714	3.26	0
364	17:26:10.07	0.0645	21.12747	21.54	40.85	1.0	0.998772	22.1227	1.29940	805.84	1.04711	3.26	0
365	17:26:10.37	0.0650	21.12733	21.54	40.89	1.0	0.998772	22.1233	1.29944	805.84	1.04714	3.26	0
366	17:26:10.67	0.0650	21.12733	21.53	40.89	1.0	0.998766	22.1228	1.29940	805.84	1.04712	3.26	0
367	17:26:10.97	0.0660	21.12691	21.53	40.87	1.0	0.998748	22.1224	1.29944	805.84	1.04712	3.26	0
368	17:26:11.27	0.0665	21.12684	21.53	40.87	1.0	0.998742	22.1229	1.29944	805.84	1.04714	3.26	0
369	17:26:11.57	0.0670	21.12663	21.53	40.89	1.0	0.998736	22.1224	1.29944	805.84	1.04713	3.26	0
370	17:26:11.87	0.0650	21.12747	21.53	40.89	1.0	0.998772	22.1229	1.29940	805.84	1.04711	3.26	0
371	17:26:12.17	0.0650	21.12747	21.53	40.87	1.0	0.998772	22.1233	1.29944	805.84	1.04713	3.26	0
372	17:26:12.47	0.0660	21.12705	21.53	40.87	1.0	0.998754	22.1232	1.29944	805.86	1.04715	3.26	0
373	17:26:12.77	0.0680	21.12628	21.53	40.87	1.0	0.998718	22.1227	1.29944	805.84	1.04716	3.26	0
374	17:26:13.07	0.0655	21.12719	21.53	40.87	1.0	0.998760	22.1233	1.29944	805.84	1.04715	3.26	0
375	17:26:13.37	0.0675	21.12642	21.53	40.89	1.0	0.998724	22.1223	1.29944	805.84	1.04714	3.26	0
376	17:26:13.67	0.0670	21.12663	21.53	40.89	1.0	0.998736	22.1226	1.29944	805.84	1.04714	3.26	0
377	17:26:13.97	0.0675	21.12642	21.53	40.87	1.0	0.998724	22.1216	1.29940	805.82	1.04711	3.26	0
378	17:26:14.27	0.0650	21.12740	21.53	40.87	1.0	0.998766	22.1225	1.29944	805.82	1.04710	3.26	0
379	17:26:14.57	0.0660	21.12698	21.53	40.87	1.0	0.998748	22.1228	1.29944	805.84	1.04713	3.26	0
380	17:26:14.87	0.0665	21.12691	21.53	40.87	1.0	0.998742	22.1231	1.29944	805.84	1.04716	3.26	0
381	17:26:15.17	0.0655	21.12719	21.53	40.87	1.0	0.998760	22.1224	1.29944	805.82	1.04711	3.26	0
382	17:26:15.47	0.0670	21.12670	21.53	40.87	1.0	0.998736	22.1227	1.29944	805.84	1.04714	3.26	0
383	17:26:15.77	0.0665	21.12684	21.53	40.87	1.0	0.998742	22.1230	1.29944	805.84	1.04715	3.26	0
384	17:26:16.07	0.0655	21.12712	21.53	40.87	1.0	0.998754	22.1222	1.29940	805.82	1.04710	3.26	0
385	17:26:16.37	0.0660	21.12712	21.53	40.87	1.0	0.998754	22.1222	1.29940	805.82	1.04710	3.26	0
386	17:26:16.67	0.0665	21.12684	21.53	40.87	1.0	0.998742	22.1220	1.29940	805.82	1.04710	3.26	0
387	17:26:16.97	0.0650	21.12740	21.53	40.87	1.0	0.998766	22.1223	1.29940	805.82	1.04709	3.26	0
388	17:26:17.27	0.0660	21.12705	21.53	40.87	1.0	0.998754	22.1225	1.29940	805.84	1.04712	3.26	0
389	17:26:17.57	0.0660	21.12698	21.53	40.87	1.0	0.998748	22.1222	1.29940	805.82	1.04711	3.26	0
390	17:26:17.87	0.0665	21.12677	21.53	40.87	1.0	0.998736	22.1229	1.29944	805.84	1.04715	3.26	0
391	17:26:18.17	0.0655	21.12733	21.53	40.87	1.0	0.998766	22.1226	1.29940	805.82	1.04711	3.26	0
392	17:26:18.47	0.0645	21.12761	21.53	40.87	1.0	0.998778	22.1218	1.29940	805.80	1.04705	3.26	0
393	17:26:18.77	0.0665	21.12691	21.53	40.87	1.0	0.998748	22.1215	1.29940	805.80	1.04708	3.26	0
394	17:26:19.07	0.0675	21.12642	21.52	40.87	1.0	0.998718	22.1224	1.29944	805.84	1.04714	3.26	0
395	17:26:19.37	0.0650	21.12754	21.52	40.87	1.0	0.998772	22.1223	1.29940	805.82	1.04708	3.26	0
396	17:26:19.67	0.0670	21.12670	21.53	40.87	1.0	0.998736	22.1227	1.29944	805.84	1.04714	3.26	0
397	17:26:19.97	0.0660	21.12698	21.53	40.87	1.0	0.998748	22.1220	1.29940	805.82	1.04710	3.26	0
398	17:26:20.27	0.0675	21.12649	21.53	40.87	1.0	0.998724	22.1216	1.29940	805.82	1.04710	3.26	0
399	17:26:20.57	0.0665	21.12684	21.53	40.87	1.0	0.998742	22.1222	1.29940	805.84	1.04711	3.26	0
400	17:26:20.87	0.0655	21.12719	21.53	40.87	1.0	0.998754	22.1222	1.29940	805.82	1.04710	3.26	0
401	17:26:21.17	0.0665	21.12684	21.53	40.87	1.0	0.998742	22.1224	1.29944	805.84	1.04713	3.26	0
402	17:26:21.47	0.0620	21.12859	21.53	40.87	1.0	0.998826	22.1228	1.29940	805.82	1.04705	3.26	0
403	17:26:21.77	0.0660	21.12705	21.53	40.87	1.0	0.998754	22.1220	1.29940	805.82	1.04709	3.26	0
404	17:26:22.07	0.0670	21.12670	21.53	40.87	1.0	0.998736	22.1217	1.29940	805.84	1.04710	3.26	0
405	17:26:22.37	0.0655	21.12719	21.53	40.89	1.0	0.998760	22.1225	1.29944	805.82	1.04711	3.26	0
406	17:26:22.67	0.0650	21.12733	21.53	40.89	1.0	0.998766	22.1226	1.29940	805.82	1.04711	3.26	0
407	17:26:22.97	0.0675	21.12642	21.53	40.87	1.0	0.998724	22.1218	1.29944	805.82	1.04712	3.26	0
408	17:26:23.27	0.0665	21.12684	21.52	40.87	1.0	0.998736	22.1228	1.29944	805.84	1.04714	3.26	0
409	17:26:23.57	0.0670	21.12670	21.52	40.87	1.0	0.998730	22.1227	1.29944	805.84	1.04714	3.26	0
410	17:26:23.86	0.0675	21.12642	21.53	40.87	1.0	0.998724	22.1222	1.29944	805.84	1.04713	3.26	0
411	17:26:24.17	0.0655	21.12719	21.53	40.87	1.0	0.998760	22.1219	1.29940	805.82	1.04708	3.26	0
412	17:26:24.47	0.0670	21.12670	21.52	40.87	1.0	0.998730	22.1220	1.29944	805.82	1.04711	3.26	0
413	17:26:24.77	0.0665	21.12698	21.52	40.87	1.0	0.998742	22.1217	1.29940	805.82	1.04708	3.26	0
414	17:26:25.07	0.0660	21.12712	21.52	40.87	1.0	0.998754	22.1224	1.29944	805.82	1.04711	3.26	0
415	17:26:25.37	0.0665	21.12698	21.52	40.87	1.0	0.998742	22.1219	1.29944	805.82	1.04710	3.26	0
416	17:26:25.67	0.0675	21.12635	21.53	40.87	1.0	0.998718	22.1219	1.29944	805.82	1.04712	3.26	0
417	17:26:25.97	0.0650	21.12740	21.53	40.87	1.0	0.998772	22.1218	1.29940	805.80	1.04707	3.26	0
418	17:26:26.27	0.0685	21.12607	21.52	40.87	1.0	0.998700	22.1227	1.29948	805.84	1.04717	3.26	0
419	17:26:26.57	0.0660	21.12712	21.52	40.87	1.0	0.998748	22.1226	1.29944	805.82	1.04712	3.26	0
420	17:26:26.87	0.0655	21.12733	21.52	40.87	1.0	0.998760	22.1227	1.29944	805.82	1.04711	3.26	0
421	17:26:27.16	0.0660	21.12719	21.52	40.87	1.0	0.998754	22.1230	1.29944	805.84	1.04713	3.26	0
422	17:26:27.47	0.0645	21.12761	21.52	40.87	1.0	0.998772	22.1223	1.29940	805.82	1.04708	3.26	0
423	17:26:27.76	0.0670	21.12670	21.52	40.87	1.0	0.998730	22.1216	1.29940	805.82	1.04709	3.26	0
424	17:26:28.07	0.0665	21.12698	21.52	40.87	1.0	0.998742	22.1221	1.29940	805.82	1.04710	3.26	0
425	17:26:28.36	0.0660	21.12712	21.52	40.87	1.0	0.998748	22.1221	1.29940	805.82	1.04710	3.26	0
426	17:26:28.67	0.0670	21.12677	21.52	40.87	1.0	0.998736	22.1223	1.29944	805.82	1.04713	3.26	0
427	17:26:28.96	0.0675	21.12656	21.52	40.87	1.0	0.998724	22.1217	1.29944	805.82	1.04711	3.26	0
428	17:26:29.27	0.0690	21.12600	21.52	40.87	1.0	0.998700	22.1220	1.29944	805.84	1.04714	3.26	0
429	17:26:29.57	0.0670	21.12670	21.52	40.87	1.0	0.998730	22.1222	1.29944	805.82	1.04712	3.26	0
430	17:26:29.87	0.0665	21.12698	21.52	40.87	1.0	0.998742	22.1224	1.29944	805.84	1.04712	3.26	0
431	17:26:30.16	0.0670	21.12670	21.52	40.90	1.0	0.998730	22.1217	1.29940	805.82	1.04710	3.26	0
432	17:26:30.46	0.0665	21.12684	21.52	40.90	1.0	0.998736	22.1216	1.29944	805.80	1.04708	3.26	0
433	17:26:30.77	0.0665	21.12677	21.52	40.90	1.0	0.998736	22.1217	1.29940	805.82	1.04710	3.26	0
434	17:26:31.07	0.0665	21.12677	21.52	40.90	1.0	0.998736	22.1220	1.29944	805.82	1.04710	3.26	0
435	17:26:31.36	0.0670	21.12677	21.52	40.87	1.0	0.998736	22.1223	1.29940	805.84	1.04712	3.26	0
436	17:26:31.67	0.0675	21.12663	21.52	40.87	1.0	0.998724	22.1228	1.29944	805.86	1.04716	3.26	0
437	17:26:31.96	0.0660	21.12698	21.52	40.90	1.0	0.998748	22.1222	1.29944	805.82	1.04711	3.26	0
438	17:26:32.27	0.0625	21.12845	21.52	40.90	1.0	0.998814	22.1227	1.29940	805.80	1.04705	3.26	0
439	17:26:32.57	0.0680	21.12635	21.52	40.87	1.0	0.998712	22.1219	1.29944	805.84	1.04713	3.26	0
440	17:26:32.86	0.0655	21.12726	21.52	40.87	1.0	0.998754	22.1225	1.29944	805.82	1.04711	3.26	0
441	17:26:33.17	0.0650	21.12747	21.52	40.90	1.0	0.998766	22.1220	1.29940	805.82	1.04708	3.26	0
442	17:26:33.47	0.0670	21.12677	21.52	40.90	1.0	0.998736	22.1215	1.29944	805.80	1.04708	3.26	0
443	17:26:33.77	0.0665	21.12684	21.52	40.90	1.0	0.998742	22.1215	1.29940	805.82	1.04708	3.26	0
444	17:26:34.07	0.0650	21.12747	21.52	40.90	1.0	0.998766	22.1217	1.29940	805.80	1.04707	3.26	0
445	17:26:34.37	0.0660	21.12712	21.52	40.90	1.0	0.998754	22.1222	1.29944	805.82	1.04710	3.26	0
446	17:26:34.67	0.0675	21.12649	21.52	40.90	1.0	0.998724	22.1213	1.29940	805.82	1.04709	3.26	0
447	17:26:34.97	0.0670	21.12670	21.52	40.90	1.0	0.998730	22.1223	1.29944	805.82	1.04713	3.26	0
448	17:26:35.26	0.0665	21.12691	21.52	40.90	1.0	0.998742	22.1224	1.29944	805.82	1.04712	3.26	0
449	17:26:35.57	0.0670	21.12663	21.52	40.90	1.0	0.998730	22.1215	1.29940	805.82	1.04709	3.26	0
450	17:26:35.86	0.0665	21.12698	21.52	40.90	1.0	0.998742	22.1220	1.29944	805.82	1.04710	3.26	0
451	17:26:36.17	0.0665	21.12691	21.52	40.90	1.0	0.998742	22.1218	1.29940	805.82	1.04709	3.26	0
452	17:26:36.46	0.0675	21.12649	21.52	40.90	1.0	0.998724	22.1217	1.29944	805.82	1.04711	3.26	0
453	17:26:36.76	0.0655	21.12726	21.52	40.90	1.0	0.998760	22.1222	1.29940	805.82	1.04709	3.26	0
454	17:26:37.06	0.0665	21.12684	21.52	40.90	1.0	0.998742	22.1226	1.29944	805.84	1.04713	3.26	0
455	17:26:37.36	0.0650	21.12747	21.52	40.90	1.0	0.998772	22.1228	1.29944	805.82	1.04711	3.26	0
456	17:26:37.66	0.0660	21.12705	21.52	40.90	1.0	0.998748	22.1226	1.29944	805.84	1.04712	3.26	0
457	17:26:37.97	0.0660	21.12719	21.52	40.90	1.0	0.998754	22.1224	1.29944	805.82	1.04711	3.26	0
458	17:26:38.27	0.0665	21.12691	21.52	40.90	1.0	0.998742	22.1221	1.29940	805.82	1.04710	3.26	0
459	17:26:38.56	0.0665	21.12698	21.52	40.90	1.0	0.998748	22.1225	1.29944	805.84	1.04712	3.26	0
460	17:26:38.86	0.0665	21.12691	21.52	40.90	1.0	0.998742	22.1216	1.29940	805.82	1.04708	3.26	0
461	17:26:39.17	0.0670	21.12663	21.52	40.90	1.0	0.998730	22.1220	1.29944	805.82	1.04711	3.26	0
462	17:26:39.46	0.0665	21.12698	21.52	40.90	1.0	0.998748	22.1219	1.29940	805.82	1.04710	3.26	0
463	17:26:39.76	0.0670	21.12663	21.52	40.90	1.0	0.998730	22.1215	1.29944	805.80	1.04709	3.26	0
464	17:26:40.06	0.0680	21.12635	21.52	40.90	1.0	0.998718	22.1211	1.29940	805.82	1.04709	3.26	0
465	17:26:40.37	0.0660	21.12698	21.52	40.90	1.0	0.998748	22.1224	1.29944	805.82	1.04712	3.26	0
466	17:26:40.67	0.0635	21.12803	21.52	40.90	1.0	0.998796	22.1222	1.29940	805.80	1.04706	3.26	0
467	17:26:40.97	0.0655	21.12719	21.52	40.90	1.0	0.998760	22.1220	1.29944	805.82	1.04709	3.26	0
468	17:26:41.27	0.0665	21.12684	21.52	40.90	1.0	0.998736	22.1227	1.29944	805.84	1.04714	3.26	0
469	17:26:41.57	0.0675	21.12656	21.52	40.90	1.0	0.998724	22.1220	1.29944	805.82	1.04712	3.26	0
470	17:26:41.87	0.0650	21.12754	21.52	40.90	1.0	0.998772	22.1222	1.29940	805.82	1.04708	3.26	0
471	17:26:42.16	0.0655	21.12726	21.52	40.90	1.0	0.998760	22.1217	1.29940	805.80	1.04707	3.26	0
472	17:26:42.47	0.0670	21.12663	21.52	40.90	1.0	0.998730	22.1218	1.29944	805.82	1.04711	3.26	0
473	17:26:42.77	0.0660	21.12698	21.52	40.90	1.0	0.998748	22.1214	1.29940	805.80	1.04707	3.26	0
474	17:26:43.06	0.0645	21.12768	21.52	40.90	1.0	0.998778	22.1222	1.29940	805.82	1.04708	3.26	0
475	17:26:43.36	0.0645	21.12761	21.52	40.90	1.0	0.998778	22.1215	1.29936	805.80	1.04704	3.26	0
476	17:26:43.66	0.0660	21.12719	21.52	40.90	1.0	0.998754	22.1217	1.29940	805.82	1.04707	3.26	0
477	17:26:43.97	0.0670	21.12663	21.52	40.90	1.0	0.998730	22.1216	1.29944	805.82	1.04710	3.26	0
478	17:26:44.27	0.0665	21.12684	21.52	40.90	1.0	0.998742	22.1216	1.29940	805.82	1.04708	3.26	0
479	17:26:44.56	0.0680	21.12628	21.52	40.90	1.0	0.998712	22.1224	1.29944	805.84	1.04715	3.26	0
480	17:26:44.86	0.0660	21.12712	21.52	40.90	1.0	0.998754	22.1224	1.29944	805.82	1.04711	3.26	0
481	17:26:45.16	0.0650	21.12747	21.52	40.90	1.0	0.998772	22.1221	1.29940	805.82	1.04707	3.26	0
482	17:26:45.47	0.0680	21.12635	21.52	40.90	1.0	0.998712	22.1220	1.29944	805.84	1.04713	3.26	0
483	17:26:45.76	0.0675	21.12649	21.52	40.90	1.0	0.998724	22.1226	1.29944	805.84	1.04715	3.26	0
484	17:26:46.06	0.0665	21.12684	21.52	40.90	1.0	0.998742	22.1224	1.29944	805.82	1.04713	3.26	0
485	17:26:46.36	0.0655	21.12733	21.52	40.90	1.0	0.998760	22.1225	1.29940	805.84	1.04711	3.26	0
486	17:26:46.66	0.0645	21.12768	21.52	40.90	1.0	0.998778	22.1228	1.29944	805.82	1.04710	3.26	0
487	17:26:46.96	0.0650	21.12740	21.52	40.90	1.0	0.998766	22.1232	1.29944	805.84	1.04713	3.26	0
488	17:26:47.26	0.0665	21.12698	21.52	40.90	1.0	0.998748	22.1221	1.29944	805.82	1.04710	3.26	0
489	17:26:47.56	0.0665	21.12684	21.52	40.90	1.0	0.998742	22.1226	1.29944	805.84	1.04713	3.26	0
490	17:26:47.86	0.0655	21.12726	21.52	40.90	1.0	0.998760	22.1222	1.29944	805.82	1.04710	3.26	0
491	17:26:48.16	0.0665	21.12691	21.52	40.90	1.0	0.998742	22.1222	1.29944	805.82	1.04711	3.26	0
492	17:26:48.46	0.0660	21.12712	21.52	40.90	1.0	0.998754	22.1224	1.29944	805.82	1.04711	3.26	0
493	17:26:48.76	0.0660	21.12698	21.52	40.90	1.0	0.998748	22.1227	1.29944	805.84	1.04713	3.26	0
494	17:26:49.06	0.0660	21.12712	21.52	40.90	1.0	0.998754	22.1224	1.29944	805.82	1.04711	3.26	0
495	17:26:49.37	0.0670	21.12670	21.52	40.90	1.0	0.998736	22.1216	1.29940	805.82	1.04709	3.26	0
496	17:26:49.66	0.0660	21.12698	21.52	40.90	1.0	0.998748	22.1224	1.29944	805.82	1.04712	3.26	0
497	17:26:49.96	0.0660	21.12719	21.52	40.90	1.0	0.998754	22.1223	1.29940	805.82	1.04710	3.26	0
498	17:26:50.26	0.0670	21.12677	21.52	40.90	1.0	0.998736	22.1222	1.29944	805.82	1.04711	3.26	0
499	17:26:50.56	0.0670	21.12663	21.52	40.90	1.0	0.998730	22.1222	1.29944	805.84	1.04712	3.26	0
500	17:26:50.86	0.0675	21.12649	21.52	40.90	1.0	0.998724	22.1220	1.29944	805.82	1.04712	3.26	0
501	17:26:51.17	0.0640	21.12796	21.52	40.90	1.0	0.998796	22.1221	1.29940	805.80	1.04705	3.26	0
502	17:26:51.46	0.0665	21.12677	21.52	40.90	1.0	0.998736	22.1217	1.29940	805.82	1.04709	3.26	0
503	17:26:51.76	0.0645	21.12768	21.52	40.90	1.0	0.998778	22.1221	1.29940	805.80	1.04707	3.26	0
504	17:26:52.06	0.0675	21.12635	21.52	40.90	1.0	0.998718	22.1213	1.29940	805.82	1.04710	3.26	0
505	17:26:52.36	0.0665	21.12677	21.52	40.90	1.0	0.998736	22.1222	1.29944	805.82	1.04711	3.26	0
506	17:26:52.66	0.0655	21.12719	21.52	40.90	1.0	0.998760	22.1216	1.29940	805.82	1.04707	3.26	0
507	17:26:52.96	0.0665	21.12684	21.52	40.90	1.0	0.998742	22.1209	1.29940	805.80	1.04705	3.26	0
508	17:26:53.27	0.0690	21.12586	21.52	40.90	1.0	0.998694	22.1213	1.29944	805.82	1.04712	3.26	0
509	17:26:53.56	0.0655	21.12733	21.52	40.90	1.0	0.998760	22.1220	1.29940	805.80	1.04708	3.26	0
510	17:26:53.86	0.0670	21.12663	21.52	40.90	1.0	0.998730	22.1222	1.29944	805.84	1.04712	3.26	0
511	17:26:54.17	0.0675	21.12649	21.52	40.90	1.0	0.998724	22.1222	1.29944	805.84	1.04713	3.26	0
512	17:26:54.46	0.0670	21.12677	21.52	40.90	1.0	0.998736	22.1218	1.29944	805.82	1.04710	3.26	0
513	17:26:54.77	0.0665	21.12684	21.52	40.90	1.0	0.998736	22.1215	1.29944	805.80	1.04708	3.26	0
514	17:26:55.06	0.0655	21.12726	21.52	40.90	1.0	0.998760	22.1221	1.29940	805.82	1.04709	3.26	0
515	17:26:55.36	0.0665	21.12691	21.52	40.90	1.0	0.998742	22.1221	1.29944	805.82	1.04711	3.26	0
516	17:26:55.66	0.0655	21.12733	21.52	40.90	1.0	0.998766	22.1224	1.29944	805.82	1.04710	3.26	0
517	17:26:55.96	0.0655	21.12719	21.52	40.90	1.0	0.998754	22.1221	1.29940	805.82	1.04709	3.26	0
518	17:26:56.26	0.0675	21.12649	21.52	40.90	1.0	0.998724	22.1222	1.29944	805.84	1.04713	3.26	0
519	17:26:56.56	0.0695	21.12572	21.52	40.90	1.0	0.998688	22.1208	1.29940	805.82	1.04710	3.26	0
520	17:26:56.86	0.0670	21.12663	21.52	40.90	1.0	0.998730	22.1215	1.29940	805.82	1.04709	3.26	0
521	17:26:57.16	0.0665	21.12684	21.52	40.90	1.0	0.998736	22.1219	1.29940	805.82	1.04710	3.26	0
522	17:26:57.46	0.0680	21.12635	21.52	40.90	1.0	0.998718	22.1220	1.29944	805.82	1.04713	3.26	0
523	17:26:57.76	0.0665	21.12698	21.52	40.90	1.0	0.998748	22.1215	1.29940	805.82	1.04707	3.26	0
524	17:26:58.06	0.0665	21.12684	21.52	40.90	1.0	0.998742	22.1220	1.29944	805.82	1.04710	3.26	0
525	17:26:58.36	0.0660	21.12712	21.52	40.90	1.0	0.998754	22.1222	1.29940	805.82	1.04710	3.26	0
526	17:26:58.66	0.0650	21.12740	21.52	40.90	1.0	0.998766	22.1216	1.29940	805.80	1.04706	3.26	0
527	17:26:58.96	0.0670	21.12670	21.52	40.90	1.0	0.998730	22.1218	1.29940	805.82	1.04710	3.26	0
528	17:26:59.26	0.0640	21.12782	21.52	40.90	1.0	0.998784	22.1222	1.29940	805.80	1.04707	3.26	0
529	17:26:59.56	0.0660	21.12698	21.52	40.90	1.0	0.998748	22.1218	1.29940	805.82	1.04709	3.26	0
530	17:26:59.86	0.0665	21.12684	21.53	40.90	1.0	0.998742	22.1217	1.29940	805.82	1.04709	3.26	0
531	17:27:00.16	0.0655	21.12719	21.53	40.92	1.0	0.998760	22.1214	1.29940	805.80	1.04706	3.26	0
532	17:27:00.46	0.0655	21.12726	21.52	40.92	1.0	0.998760	22.1221	1.29940	805.82	1.04709	3.26	0
533	17:27:00.77	0.0670	21.12663	21.52	40.90	1.0	0.998730	22.1218	1.29944	805.82	1.04711	3.26	0
534	17:27:01.06	0.0655	21.12719	21.52	40.90	1.0	0.998754	22.1225	1.29940	805.84	1.04711	3.26	0
535	17:27:01.36	0.0665	21.12698	21.52	40.90	1.0	0.998748	22.1213	1.29940	805.82	1.04707	3.26	0
536	17:27:01.66	0.0660	21.12705	21.52	40.90	1.0	0.998748	22.1222	1.29940	805.82	1.04710	3.26	0
537	17:27:01.96	0.0665	21.12691	21.52	40.90	1.0	0.998742	22.1223	1.29944	805.82	1.04712	3.26	0
538	17:27:02.26	0.0665	21.12691	21.52	40.90	1.0	0.998742	22.1228	1.29944	805.84	1.04714	3.26	0
539	17:27:02.56	0.0660	21.12712	21.52	40.90	1.0	0.998754	22.1223	1.29940	805.82	1.04710	3.26	0
540	17:27:02.86	0.0660	21.12705	21.53	40.90	1.0	0.998754	22.1216	1.29940	805.82	1.04707	3.26	0
541	17:27:03.16	0.0640	21.12768	21.53	40.90	1.0	0.998784	22.1227	1.29940	805.82	1.04709	3.26	0
542	17:27:03.46	0.0670	21.12677	21.52	40.90	1.0	0.998736	22.1231	1.29944	805.84	1.04716	3.26	0
543	17:27:03.76	0.0665	21.12691	21.52	40.90	1.0	0.998742	22.1227	1.29944	805.82	1.04713	3.26	0
544	17:27:04.06	0.0665	21.12691	21.52	40.90	1.0	0.998742	22.1227	1.29944	805.84	1.04713	3.26	0
545	17:27:04.36	0.0655	21.12726	21.52	40.90	1.0	0.998760	22.1229	1.29944	805.84	1.04713	3.26	0
546	17:27:04.66	0.0650	21.12740	21.52	40.90	1.0	0.998766	22.1220	1.29940	805.80	1.04707	3.26	0
547	17:27:04.96	0.0665	21.12684	21.52	40.90	1.0	0.998742	22.1224	1.29944	805.84	1.04712	3.26	0
548	17:27:05.26	0.0685	21.12614	21.52	40.90	1.0	0.998706	22.1228	1.29948	805.84	1.04717	3.26	0
549	17:27:05.56	0.0670	21.12670	21.52	40.90	1.0	0.998730	22.1229	1.29944	805.84	1.04716	3.26	0
550	17:27:05.86	0.0680	21.12628	21.52	40.90	1.0	0.998712	22.1222	1.29944	805.84	1.04714	3.26	0
551	17:27:06.16	0.0665	21.12684	21.52	40.90	1.0	0.998742	22.1222	1.29944	805.82	1.04711	3.26	0
552	17:27:06.46	0.0675	21.12642	21.52	40.90	1.0	0.998718	22.1213	1.29940	805.82	1.04710	3.26	0
553	17:27:06.76	0.0665	21.12691	21.52	40.90	1.0	0.998742	22.1222	1.29944	805.82	1.04711	3.26	0
554	17:27:07.06	0.0665	21.12677	21.53	40.90	1.0	0.998742	22.1218	1.29944	805.82	1.04710	3.26	0
555	17:27:07.36	0.0660	21.12712	21.53	40.90	1.0	0.998754	22.1224	1.29944	805.82	1.04711	3.26	0
556	17:27:07.66	0.0670	21.12670	21.52	40.90	1.0	0.998736	22.1222	1.29944	805.82	1.04712	3.26	0
557	17:27:07.96	0.0655	21.12733	21.52	40.90	1.0	0.998760	22.1221	1.29940	805.82	1.04708	3.26	0
558	17:27:08.26	0.0670	21.12656	21.52	40.90	1.0	0.998730	22.1221	1.29944	805.82	1.04712	3.26	0
559	17:27:08.56	0.0670	21.12677	21.52	40.90	1.0	0.998736	22.1224	1.29944	805.84	1.04713	3.26	0
560	17:27:08.86	0.0660	21.12705	21.53	40.90	1.0	0.998754	22.1217	1.29940	805.82	1.04708	3.26	0
561	17:27:09.17	0.0670	21.12670	21.53	40.90	1.0	0.998736	22.1220	1.29944	805.82	1.04711	3.26	0
562	17:27:09.46	0.0660	21.12705	21.53	40.90	1.0	0.998754	22.1231	1.29944	805.84	1.04714	3.26	0
563	17:27:09.76	0.0655	21.12719	21.53	40.90	1.0	0.998760	22.1231	1.29944	805.84	1.04714	3.26	0
564	17:27:10.06	0.0680	21.12621	21.52	40.90	1.0	0.998712	22.1234	1.29948	805.86	1.04720	3.26	0
565	17:27:10.36	0.0660	21.12712	21.52	40.90	1.0	0.998754	22.1231	1.29944	805.84	1.04714	3.26	0
566	17:27:10.66	0.0655	21.12712	21.53	40.90	1.0	0.998754	22.1235	1.29944	805.84	1.04716	3.26	0
567	17:27:10.96	0.0640	21.12789	21.53	40.90	1.0	0.998790	22.1234	1.29940	805.84	1.04711	3.26	0
568	17:27:11.26	0.0685	21.12600	21.53	40.90	1.0	0.998706	22.1222	1.29944	805.84	1.04716	3.26	0
569	17:27:11.56	0.0680	21.12614	21.53	40.90	1.0	0.998712	22.1222	1.29944	805.84	1.04715	3.26	0
570	17:27:11.86	0.0670	21.12670	21.52	40.90	1.0	0.998730	22.1232	1.29944	805.86	1.04717	3.26	0
571	17:27:12.16	0.0650	21.12754	21.52	40.90	1.0	0.998772	22.1234	1.29944	805.84	1.04714	3.26	0
572	17:27:12.46	0.0660	21.12705	21.53	40.90	1.0	0.998754	22.1234	1.29944	805.86	1.04716	3.26	0
573	17:27:12.77	0.0645	21.12761	21.53	40.90	1.0	0.998778	22.1236	1.29944	805.84	1.04714	3.26	0
574	17:27:13.06	0.0660	21.12691	21.53	40.90	1.0	0.998748	22.1235	1.29948	805.84	1.04717	3.26	0
575	17:27:13.36	0.0660	21.12691	21.53	40.90	1.0	0.998748	22.1225	1.29944	805.84	1.04713	3.26	0
576	17:27:13.66	0.0665	21.12684	21.53	40.90	1.0	0.998742	22.1231	1.29944	805.86	1.04716	3.26	0
577	17:27:13.96	0.0670	21.12656	21.53	40.90	1.0	0.998730	22.1227	1.29944	805.84	1.04715	3.26	0
578	17:27:14.26	0.0640	21.12775	21.53	40.90	1.0	0.998784	22.1230	1.29940	805.82	1.04711	3.26	0
579	17:27:14.56	0.0670	21.12663	21.53	40.90	1.0	0.998730	22.1232	1.29948	805.86	1.04717	3.26	0
580	17:27:14.86	0.0655	21.12712	21.53	40.90	1.0	0.998754	22.1231	1.29944	805.84	1.04714	3.26	0
581	17:27:15.16	0.0680	21.12614	21.53	40.90	1.0	0.998712	22.1221	1.29944	805.84	1.04714	3.26	0
582	17:27:15.46	0.0660	21.12705	21.53	40.90	1.0	0.998754	22.1224	1.29944	805.82	1.04711	3.26	0
583	17:27:15.76	0.0655	21.12726	21.53	40.90	1.0	0.998766	22.1229	1.29940	805.84	1.04712	3.26	0
584	17:27:16.06	0.0670	21.12649	21.53	40.90	1.0	0.998730	22.1224	1.29944	805.84	1.04714	3.26	0
585	17:27:16.36	0.0655	21.12719	21.53	40.90	1.0	0.998760	22.1233	1.29944	805.84	1.04714	3.26	0
586	17:27:16.66	0.0650	21.12733	21.53	40.90	1.0	0.998766	22.1230	1.29944	805.84	1.04713	3.26	0
587	17:27:16.96	0.0670	21.12649	21.53	40.92	1.0	0.998730	22.1231	1.29948	805.84	1.04717	3.26	0
588	17:27:17.26	0.0665	21.12670	21.53	40.92	1.0	0.998742	22.1231	1.29944	805.84	1.04716	3.26	0
589	17:27:17.56	0.0670	21.12656	21.53	40.90	1.0	0.998730	22.1234	1.29948	805.86	1.04719	3.26	0
590	17:27:17.86	0.0675	21.12642	21.53	40.90	1.0	0.998724	22.1232	1.29948	805.86	1.04719	3.26	0
591	17:27:18.16	0.0670	21.12656	21.53	40.92	1.0	0.998730	22.1225	1.29944	805.84	1.04714	3.26	0
592	17:27:18.46	0.0660	21.12712	21.52	40.92	1.0	0.998754	22.1231	1.29944	805.84	1.04714	3.26	0
593	17:27:18.76	0.0650	21.12747	21.52	40.90	1.0	0.998766	22.1231	1.29944	805.84	1.04713	3.26	0
594	17:27:19.06	0.0660	21.12691	21.53	40.90	1.0	0.998748	22.1224	1.29944	805.84	1.04713	3.26	0
595	17:27:19.36	0.0665	21.12691	21.53	40.90	1.0	0.998748	22.1218	1.29940	805.82	1.04710	3.26	0
596	17:27:19.66	0.0635	21.12796	21.53	40.90	1.0	0.998796	22.1222	1.29940	805.82	1.04706	3.26	0
597	17:27:19.96	0.0660	21.12705	21.53	40.90	1.0	0.998754	22.1222	1.29940	805.82	1.04710	3.26	0
598	17:27:20.26	0.0650	21.12733	21.53	40.90	1.0	0.998766	22.1230	1.29944	805.84	1.04713	3.26	0
599	17:27:20.56	0.0685	21.12600	21.53	40.90	1.0	0.998706	22.1227	1.29948	805.84	1.04717	3.26	0
600	17:27:20.86	0.0680	21.12635	21.52	40.90	1.0	0.998718	22.1229	1.29948	805.84	1.04717	3.26	0
601	17:27:21.16	0.0670	21.12670	21.52	40.90	1.0	0.998730	22.1231	1.29944	805.84	1.04716	3.26	0
602	17:27:21.46	0.0645	21.12754	21.53	40.90	1.0	0.998778	22.1229	1.29940	805.84	1.04711	3.26	0
603	17:27:21.76	0.0670	21.12649	21.53	40.90	1.0	0.998730	22.1229	1.29944	805.86	1.04716	3.26	0
604	17:27:22.06	0.0670	21.12663	21.53	40.90	1.0	0.998736	22.1225	1.29944	805.84	1.04714	3.26	0
605	17:27:22.36	0.0670	21.12663	21.53	40.90	1.0	0.998736	22.1224	1.29944	805.84	1.04714	3.26	0
606	17:27:22.66	0.0670	21.12656	21.53	40.90	1.0	0.998730	22.1226	1.29944	805.84	1.04714	3.26	0
607	17:27:22.96	0.0660	21.12698	21.53	40.90	1.0	0.998754	22.1224	1.29944	805.82	1.04711	3.26	0
608	17:27:23.26	0.0665	21.12677	21.53	40.90	1.0	0.998742	22.1222	1.29944	805.82	1.04711	3.26	0
609	17:27:23.56	0.0645	21.12761	21.53	40.90	1.0	0.998784	22.1226	1.29944	805.82	1.04710	3.26	0
610	17:27:23.86	0.0650	21.12726	21.53	40.90	1.0	0.998766	22.1224	1.29940	805.82	1.04710	3.26	0
611	17:27:24.16	0.0675	21.12635	21.53	40.90	1.0	0.998724	22.1219	1.29944	805.82	1.04712	3.26	0
612	17:27:24.46	0.0660	21.12705	21.53	40.90	1.0	0.998754	22.1220	1.29944	805.82	1.04709	3.26	0
613	17:27:24.76	0.0665	21.12677	21.53	40.92	1.0	0.998742	22.1224	1.29944	805.84	1.04713	3.26	0
614	17:27:25.06	0.0665	21.12677	21.52	40.92	1.0	0.998742	22.1222	1.29944	805.82	1.04711	3.26	0
615	17:27:25.36	0.0660	21.12719	21.52	40.90	1.0	0.998754	22.1222	1.29940	805.82	1.04710	3.26	0
616	17:27:25.66	0.0665	21.12677	21.53	40.90	1.0	0.998742	22.1223	1.29944	805.84	1.04712	3.26	0
617	17:27:25.96	0.0660	21.12705	21.53	40.90	1.0	0.998754	22.1220	1.29940	805.82	1.04710	3.26	0
618	17:27:26.26	0.0670	21.12649	21.53	40.90	1.0	0.998730	22.1221	1.29944	805.84	1.04713	3.26	0
619	17:27:26.56	0.0655	21.12719	21.53	40.90	1.0	0.998760	22.1216	1.29940	805.80	1.04707	3.26	0
620	17:27:26.86	0.0680	21.12628	21.53	40.90	1.0	0.998718	22.1217	1.29944	805.82	1.04712	3.26	0
621	17:27:27.16	0.0660	21.12705	21.53	40.90	1.0	0.998754	22.1223	1.29944	805.82	1.04711	3.26	0
622	17:27:27.46	0.0685	21.12607	21.53	40.90	1.0	0.998706	22.1220	1.29944	805.84	1.04714	3.26	0
623	17:27:27.76	0.0670	21.12656	21.53	40.92	1.0	0.998730	22.1220	1.29944	805.84	1.04712	3.26	0
624	17:27:28.06	0.0660	21.12705	21.52	40.92	1.0	0.998754	22.1217	1.29940	805.80	1.04708	3.26	0
625	17:27:28.36	0.0675	21.12649	21.52	40.90	1.0	0.998724	22.1220	1.29944	805.82	1.04712	3.26	0
626	17:27:28.66	0.0650	21.12740	21.53	40.90	1.0	0.998772	22.1221	1.29940	805.82	1.04708	3.26	0
627	17:27:28.96	0.0660	21.12705	21.53	40.90	1.0	0.998754	22.1219	1.29940	805.82	1.04709	3.26	0
628	17:27:29.26	0.0680	21.12628	21.53	40.90	1.0	0.998718	22.1222	1.29944	805.84	1.04714	3.26	0
629	17:27:29.56	0.0660	21.12698	21.53	40.90	1.0	0.998754	22.1224	1.29940	805.84	1.04711	3.26	0
630	17:27:29.86	0.0690	21.12572	21.53	40.90	1.0	0.998694	22.1217	1.29944	805.84	1.04714	3.26	0
631	17:27:30.16	0.0655	21.12726	21.53	40.90	1.0	0.998760	22.1219	1.29940	805.82	1.04708	3.26	0
632	17:27:30.46	0.0685	21.12600	21.53	40.90	1.0	0.998706	22.1220	1.29944	805.82	1.04714	3.26	0
633	17:27:30.76	0.0670	21.12663	21.53	40.90	1.0	0.998736	22.1222	1.29944	805.84	1.04713	3.26	0
634	17:27:31.06	0.0665	21.12677	21.53	40.90	1.0	0.998742	22.1227	1.29944	805.84	1.04714	3.26	0
635	17:27:31.36	0.0650	21.12740	21.53	40.90	1.0	0.998772	22.1228	1.29944	805.82	1.04711	3.26	0
636	17:27:31.66	0.0655	21.12719	21.53	40.90	1.0	0.998760	22.1224	1.29944	805.82	1.04711	3.26	0
637	17:27:31.96	0.0645	21.12761	21.53	40.90	1.0	0.998778	22.1229	1.29944	805.82	1.04711	3.26	0
638	17:27:32.26	0.0680	21.12607	21.53	40.90	1.0	0.998706	22.1231	1.29948	805.86	1.04719	3.26	0
639	17:27:32.56	0.0645	21.12761	21.53	40.90	1.0	0.998784	22.1231	1.29940	805.84	1.04711	3.26	0
640	17:27:32.86	0.0665	21.12684	21.53	40.90	1.0	0.998742	22.1224	1.29944	805.82	1.04713	3.26	0
641	17:27:33.16	0.0660	21.12705	21.53	40.90	1.0	0.998754	22.1222	1.29944	805.82	1.04711	3.26	0
642	17:27:33.46	0.0645	21.12754	21.53	40.90	1.0	0.998778	22.1232	1.29944	805.84	1.04713	3.26	0
643	17:27:33.76	0.0650	21.12733	21.53	40.90	1.0	0.998766	22.1232	1.29944	805.84	1.04714	3.26	0
644	17:27:34.06	0.0670	21.12656	21.53	40.90	1.0	0.998730	22.1231	1.29948	805.86	1.04717	3.26	0
645	17:27:34.36	0.0645	21.12747	21.53	40.92	1.0	0.998778	22.1229	1.29944	805.84	1.04711	3.26	0
646	17:27:34.66	0.0645	21.12754	21.53	40.92	1.0	0.998778	22.1232	1.29944	805.84	1.04713	3.26	0
647	17:27:34.96	0.0670	21.12663	21.53	40.90	1.0	0.998736	22.1228	1.29944	805.84	1.04715	3.26	0
648	17:27:35.26	0.0675	21.12649	21.52	40.90	1.0	0.998724	22.1224	1.29944	805.84	1.04714	3.26	0
649	17:27:35.56	0.0665	21.12677	21.52	40.90	1.0	0.998736	22.1221	1.29944	805.82	1.04711	3.26	0
650	17:27:35.86	0.0640	21.12782	21.53	40.90	1.0	0.998790	22.1226	1.29940	805.82	1.04708	3.26	0
651	17:27:36.16	0.0655	21.12719	21.53	40.90	1.0	0.998760	22.1229	1.29944	805.84	1.04713	3.26	0
652	17:27:36.46	0.0660	21.12698	21.53	40.90	1.0	0.998748	22.1220	1.29944	805.82	1.04710	3.26	0
653	17:27:36.76	0.0665	21.12677	21.53	40.90	1.0	0.998742	22.1212	1.29940	805.82	1.04707	3.26	0
654	17:27:37.06	0.0665	21.12677	21.53	40.90	1.0	0.998742	22.1216	1.29940	805.82	1.04709	3.26	0
655	17:27:37.36	0.0660	21.12691	21.53	40.90	1.0	0.998748	22.1224	1.29940	805.84	1.04713	3.26	0
656	17:27:37.66	0.0650	21.12747	21.53	40.90	1.0	0.998772	22.1227	1.29944	805.82	1.04710	3.26	0
657	17:27:37.96	0.0675	21.12649	21.53	40.90	1.0	0.998724	22.1224	1.29944	805.84	1.04714	3.26	0
658	17:27:38.26	0.0645	21.12754	21.53	40.90	1.0	0.998778	22.1228	1.29944	805.82	1.04711	3.26	0
659	17:27:38.56	0.0685	21.12607	21.53	40.90	1.0	0.998706	22.1222	1.29944	805.84	1.04716	3.26	0
660	17:27:38.86	0.0650	21.12733	21.53	40.90	1.0	0.998766	22.1225	1.29940	805.82	1.04710	3.26	0
661	17:27:39.16	0.0655	21.12726	21.53	40.90	1.0	0.998766	22.1227	1.29944	805.84	1.04711	3.26	0
662	17:27:39.46	0.0665	21.12677	21.52	40.90	1.0	0.998736	22.1219	1.29940	805.84	1.04710	3.26	0
663	17:27:39.76	0.0660	21.12705	21.52	40.90	1.0	0.998748	22.1223	1.29944	805.82	1.04711	3.26	0
664	17:27:40.06	0.0655	21.12719	21.53	40.90	1.0	0.998760	22.1226	1.29944	805.82	1.04711	3.26	0
665	17:27:40.36	0.0645	21.12768	21.53	40.90	1.0	0.998784	22.1224	1.29940	805.82	1.04708	3.26	0
666	17:27:40.66	0.0660	21.12691	21.53	40.90	1.0	0.998748	22.1231	1.29944	805.84	1.04715	3.26	0
667	17:27:40.96	0.0660	21.12698	21.53	40.90	1.0	0.998754	22.1230	1.29944	805.84	1.04714	3.26	0
668	17:27:41.26	0.0675	21.12635	21.53	40.90	1.0	0.998718	22.1228	1.29944	805.86	1.04717	3.26	0
669	17:27:41.56	0.0670	21.12656	21.53	40.92	1.0	0.998730	22.1222	1.29944	805.84	1.04713	3.26	0
670	17:27:41.86	0.0665	21.12670	21.53	40.92	1.0	0.998736	22.1223	1.29944	805.84	1.04713	3.26	0
671	17:27:42.16	0.0665	21.12684	21.53	40.90	1.0	0.998742	22.1224	1.29944	805.84	1.04713	3.26	0
672	17:27:42.46	0.0660	21.12698	21.53	40.90	1.0	0.998754	22.1221	1.29940	805.82	1.04710	3.26	0
673	17:27:42.76	0.0665	21.12670	21.53	40.90	1.0	0.998736	22.1224	1.29944	805.84	1.04713	3.26	0
674	17:27:43.06	0.0670	21.12670	21.53	40.90	1.0	0.998736	22.1222	1.29944	805.82	1.04712	3.26	0
675	17:27:43.36	0.0675	21.12642	21.53	40.92	1.0	0.998724	22.1227	1.29944	805.84	1.04716	3.26	0
676	17:27:43.66	0.0660	21.12698	21.53	40.92	1.0	0.998748	22.1222	1.29944	805.82	1.04711	3.26	0
677	17:27:43.96	0.0655	21.12719	21.53	40.90	1.0	0.998760	22.1218	1.29940	805.82	1.04708	3.26	0
678	17:27:44.26	0.0650	21.12733	21.53	40.90	1.0	0.998766	22.1227	1.29940	805.84	1.04711	3.26	0
679	17:27:44.56	0.0670	21.12670	21.53	40.90	1.0	0.998736	22.1220	1.29944	805.82	1.04711	3.26	0
680	17:27:44.86	0.0675	21.12642	21.53	40.90	1.0	0.998724	22.1217	1.29944	805.82	1.04711	3.26	0
681	17:27:45.16	0.0670	21.12649	21.53	40.90	1.0	0.998730	22.1216	1.29940	805.82	1.04710	3.26	0
682	17:27:45.46	0.0690	21.12586	21.53	40.90	1.0	0.998700	22.1222	1.29944	805.84	1.04716	3.26	0
683	17:27:45.76	0.0650	21.12740	21.53	40.90	1.0	0.998772	22.1227	1.29944	805.82	1.04711	3.26	0
684	17:27:46.06	0.0655	21.12712	21.53	40.90	1.0	0.998760	22.1230	1.29944	805.84	1.04714	3.26	0
685	17:27:46.36	0.0670	21.12656	21.53	40.90	1.0	0.998730	22.1222	1.29944	805.84	1.04713	3.26	0
686	17:27:46.66	0.0670	21.12656	21.53	40.90	1.0	0.998730	22.1224	1.29944	805.84	1.04714	3.26	0
687	17:27:46.96	0.0660	21.12698	21.53	40.92	1.0	0.998754	22.1229	1.29944	805.84	1.04714	3.26	0
688	17:27:47.26	0.0665	21.12663	21.53	40.92	1.0	0.998736	22.1229	1.29944	805.84	1.04716	3.26	0
689	17:27:47.56	0.0670	21.12670	21.53	40.90	1.0	0.998736	22.1230	1.29944	805.84	1.04716	3.26	0
690	17:27:47.86	0.0685	21.12593	21.53	40.90	1.0	0.998700	22.1231	1.29948	805.86	1.04720	3.26	0
691	17:27:48.16	0.0660	21.12698	21.53	40.90	1.0	0.998748	22.1234	1.29944	805.84	1.04717	3.26	0
692	17:27:48.46	0.0690	21.12586	21.53	40.90	1.0	0.998694	22.1217	1.29944	805.84	1.04714	3.26	0
693	17:27:48.76	0.0670	21.12656	21.53	40.90	1.0	0.998730	22.1223	1.29944	805.84	1.04713	3.26	0
694	17:27:49.06	0.0650	21.12733	21.53	40.90	1.0	0.998766	22.1229	1.29944	805.82	1.04712	3.26	0
695	17:27:49.36	0.0660	21.12691	21.53	40.90	1.0	0.998748	22.1222	1.29944	805.82	1.04711	3.26	0
696	17:27:49.66	0.0660	21.12705	21.53	40.90	1.0	0.998754	22.1221	1.29944	805.82	1.04710	3.26	0
697	17:27:49.96	0.0650	21.12733	21.53	40.92	1.0	0.998766	22.1229	1.29944	805.84	1.04713	3.26	0
698	17:27:50.26	0.0665	21.12677	21.53	40.92	1.0	0.998742	22.1226	1.29944	805.84	1.04713	3.26	0
699	17:27:50.56	0.0660	21.12691	21.53	40.90	1.0	0.998748	22.1225	1.29944	805.84	1.04713	3.26	0
700	17:27:50.86	0.0640	21.12775	21.53	40.90	1.0	0.998784	22.1220	1.29940	805.80	1.04706	3.26	0
701	17:27:51.16	0.0650	21.12726	21.53	40.90	1.0	0.998766	22.1222	1.29940	805.82	1.04709	3.26	0
702	17:27:51.46	0.0670	21.12663	21.53	40.90	1.0	0.998736	22.1222	1.29944	805.84	1.04713	3.26	0
703	17:27:51.76	0.0675	21.12642	21.53	40.92	1.0	0.998724	22.1229	1.29944	805.86	1.04716	3.26	0
704	17:27:52.06	0.0670	21.12656	21.53	40.92	1.0	0.998730	22.1227	1.29944	805.84	1.04715	3.26	0
705	17:27:52.36	0.0655	21.12705	21.53	40.92	1.0	0.998754	22.1227	1.29944	805.84	1.04713	3.26	0
706	17:27:52.66	0.0660	21.12691	21.53	40.92	1.0	0.998748	22.1224	1.29940	805.84	1.04712	3.26	0
707	17:27:52.96	0.0675	21.12642	21.53	40.90	1.0	0.998724	22.1218	1.29944	805.84	1.04711	3.26	0
708	17:27:53.26	0.0660	21.12698	21.53	40.90	1.0	0.998748	22.1215	1.29940	805.82	1.04708	3.26	0
709	17:27:53.56	0.0665	21.12670	21.53	40.92	1.0	0.998736	22.1211	1.29940	805.82	1.04707	3.26	0
710	17:27:53.86	0.0670	21.12649	21.53	40.92	1.0	0.998730	22.1211	1.29940	805.82	1.04708	3.26	0
711	17:27:54.16	0.0670	21.12656	21.53	40.92	1.0	0.998730	22.1215	1.29940	805.82	1.04709	3.26	0
712	17:27:54.46	0.0675	21.12642	21.53	40.92	1.0	0.998724	22.1212	1.29940	805.82	1.04709	3.26	0
713	17:27:54.76	0.0670	21.12670	21.53	40.90	1.0	0.998736	22.1212	1.29940	805.82	1.04708	3.26	0
714	17:27:55.06	0.0665	21.12684	21.53	40.90	1.0	0.998748	22.1211	1.29940	805.80	1.04706	3.26	0
715	17:27:55.36	0.0665	21.12677	21.53	40.95	1.1	0.998742	22.1215	1.29940	805.82	1.04708	3.26	0
716	17:27:55.66	0.0675	21.12621	21.53	40.95	1.1	0.998718	22.1220	1.29944	805.84	1.04713	3.26	0
717	17:27:55.96	0.0655	21.12719	21.53	40.95	1.1	0.998766	22.1221	1.29940	805.82	1.04709	3.26	0
718	17:27:56.26	0.0665	21.12670	21.53	40.95	1.1	0.998742	22.1218	1.29944	805.82	1.04710	3.26	0
719	17:27:56.56	0.0655	21.12712	21.53	40.93	1.0	0.998760	22.1217	1.29940	805.82	1.04708	3.26	0
720	17:27:56.86	0.0645	21.12761	21.53	40.93	1.0	0.998784	22.1223	1.29940	805.82	1.04708	3.26	0
721	17:27:57.16	0.0655	21.12712	21.53	40.95	1.1	0.998760	22.1224	1.29940	805.84	1.04711	3.26	0
722	17:27:57.46	0.0635	21.12796	21.53	40.95	1.1	0.998802	22.1231	1.29940	805.82	1.04710	3.26	0
723	17:27:57.76	0.0665	21.12663	21.53	40.93	1.0	0.998736	22.1218	1.29940	805.82	1.04710	3.26	0
724	17:27:58.06	0.0650	21.12740	21.53	40.93	1.0	0.998772	22.1223	1.29944	805.82	1.04709	3.26	0
725	17:27:58.36	0.0660	21.12684	21.53	40.93	1.0	0.998748	22.1222	1.29944	805.82	1.04711	3.26	0
726	17:27:58.66	0.0655	21.12705	21.53	40.93	1.0	0.998754	22.1224	1.29940	805.84	1.04711	3.26	0
727	17:27:58.96	0.0665	21.12677	21.53	40.93	1.0	0.998742	22.1224	1.29940	805.84	1.04713	3.26	0
728	17:27:59.26	0.0655	21.12705	21.53	40.93	1.0	0.998760	22.1223	1.29940	805.84	1.04711	3.26	0
729	17:27:59.56	0.0670	21.12663	21.53	40.95	1.1	0.998736	22.1224	1.29944	805.84	1.04714	3.26	0
730	17:27:59.86	0.0640	21.12782	21.53	40.95	1.1	0.998790	22.1230	1.29940	805.84	1.04710	3.26	0
731	17:28:00.16	0.0660	21.12684	21.53	40.95	1.1	0.998748	22.1231	1.29944	805.84	1.04716	3.26	0
732	17:28:00.46	0.0645	21.12747	21.53	40.95	1.1	0.998778	22.1230	1.29944	805.84	1.04712	3.26	0
733	17:28:00.76	0.0620	21.12859	21.53	40.95	1.1	0.998832	22.1231	1.29940	805.82	1.04707	3.26	0
734	17:28:01.06	0.0655	21.12719	21.53	40.95	1.1	0.998766	22.1226	1.29940	805.84	1.04711	3.26	0
735	17:28:01.36	0.0680	21.12621	21.53	40.93	1.0	0.998712	22.1230	1.29948	805.86	1.04719	3.26	0
736	17:28:01.66	0.0645	21.12754	21.53	40.93	1.0	0.998778	22.1233	1.29944	805.84	1.04713	3.26	0
737	17:28:01.96	0.0655	21.12705	21.53	40.95	1.1	0.998760	22.1233	1.29944	805.84	1.04716	3.26	0
738	17:28:02.26	0.0635	21.12782	21.53	40.95	1.1	0.998796	22.1229	1.29940	805.84	1.04710	3.26	0
739	17:28:02.56	0.0650	21.12747	21.53	40.93	1.0	0.998772	22.1228	1.29944	805.82	1.04711	3.26	0
740	17:28:02.86	0.0655	21.12705	21.53	40.93	1.0	0.998754	22.1220	1.29940	805.82	1.04709	3.26	0
741	17:28:03.16	0.0670	21.12649	21.53	40.95	1.1	0.998730	22.1226	1.29944	805.84	1.04715	3.26	0
742	17:28:03.46	0.0670	21.12656	21.53	40.95	1.1	0.998736	22.1229	1.29944	805.84	1.04716	3.26	0
743	17:28:03.76	0.0670	21.12663	21.53	40.95	1.1	0.998736	22.1223	1.29944	805.84	1.04713	3.26	0
744	17:28:04.06	0.0665	21.12677	21.53	40.95	1.1	0.998742	22.1220	1.29944	805.82	1.04711	3.26	0
745	17:28:04.36	0.0670	21.12642	21.53	40.95	1.1	0.998730	22.1221	1.29944	805.84	1.04713	3.26	0
746	17:28:04.66	0.0665	21.12663	21.53	40.95	1.1	0.998736	22.1215	1.29940	805.82	1.04710	3.26	0
747	17:28:04.96	0.0645	21.12754	21.53	40.95	1.1	0.998778	22.1227	1.29940	805.82	1.04710	3.26	0
748	17:28:05.26	0.0660	21.12684	21.53	40.95	1.1	0.998748	22.1222	1.29944	805.82	1.04711	3.26	0
749	17:28:05.56	0.0660	21.12691	21.53	40.99	1.1	0.998754	22.1234	1.29944	805.84	1.04717	3.26	0
750	17:28:05.86	0.0655	21.12712	21.53	40.99	1.1	0.998760	22.1221	1.29940	805.82	1.04710	3.26	0
751	17:28:06.16	0.0670	21.12649	21.53	40.99	1.1	0.998730	22.1225	1.29944	805.84	1.04715	3.26	0
752	17:28:06.46	0.0660	21.12691	21.53	40.99	1.1	0.998754	22.1233	1.29944	805.84	1.04716	3.26	0
753	17:28:06.76	0.0650	21.12726	21.53	40.97	1.1	0.998766	22.1232	1.29944	805.84	1.04714	3.26	0
754	17:28:07.06	0.0645	21.12740	21.53	40.97	1.1	0.998772	22.1234	1.29944	805.84	1.04714	3.26	0
755	17:28:07.36	0.0655	21.12712	21.53	40.99	1.1	0.998766	22.1234	1.29944	805.86	1.04716	3.26	0
756	17:28:07.66	0.0680	21.12607	21.54	40.99	1.1	0.998718	22.1229	1.29948	805.86	1.04718	3.26	0
757	17:28:07.96	0.0655	21.12691	21.54	40.97	1.1	0.998754	22.1233	1.29944	805.86	1.04716	3.26	0
758	17:28:08.26	0.1000	21.11340	21.53	40.97	1.1	0.998112	22.1090	1.29948	805.84	1.04716	3.26	0
759	17:28:08.56	0.4405	20.97438	21.53	40.99	1.1	0.991542	21.9601	1.29940	805.74	1.04699	3.26	0
760	17:28:08.86	1.1775	20.65483	21.53	40.99	1.1	0.976434	21.6219	1.29944	805.60	1.04683	3.26	0
761	17:28:09.16	2.3745	20.16532	21.53	40.99	1.1	0.953292	21.1023	1.29944	805.32	1.04647	3.26	0
762	17:28:09.46	4.2705	19.42815	21.54	40.99	1.1	0.918450	20.3206	1.29944	804.90	1.04593	3.26	0
763	17:28:09.76	6.7410	18.53327	21.54	40.95	1.1	0.876144	19.3731	1.29944	804.42	1.04531	3.26	0
764	17:28:10.06	9.5945	17.58092	21.53	40.95	1.1	0.831120	18.3664	1.29948	803.92	1.04468	3.26	0
765	17:28:10.36	12.6605	16.59742	21.53	40.92	1.0	0.784626	17.3277	1.29948	803.40	1.04400	3.26	0
766	17:28:10.66	15.8620	15.66964	21.53	40.92	1.0	0.740766	16.3479	1.29948	802.86	1.04329	3.26	0
767	17:28:10.96	18.9215	14.85351	21.53	40.82	1.0	0.702174	15.4881	1.29948	802.42	1.04273	3.26	0
768	17:28:11.26	21.8295	14.12502	21.53	40.82	1.0	0.667740	14.7203	1.29948	801.98	1.04215	3.26	0
769	17:28:11.56	24.5135	13.49551	21.53	40.59	1.0	0.637974	14.0587	1.29952	801.64	1.04173	3.26	0
770	17:28:11.86	27.0360	12.93754	21.53	40.59	1.0	0.611592	13.4718	1.29952	801.30	1.04130	3.26	0
771	17:28:12.16	29.2675	12.46651	21.53	40.26	1.0	0.589314	12.9767	1.29952	801.02	1.04093	3.26	0
772	17:28:12.46	31.2100	12.07332	21.53	40.26	1.0	0.570726	12.5639	1.29952	800.78	1.04063	3.26	0
773	17:28:12.76	32.9000	11.74362	21.53	39.91	1.0	0.555132	12.2175	1.29952	800.58	1.04035	3.26	0
774	17:28:13.06	34.3895	11.46117	21.53	39.91	1.0	0.541782	11.9207	1.29948	800.38	1.04010	3.26	0
775	17:28:13.36	35.6505	11.22954	21.53	39.55	1.0	0.530820	11.6784	1.29956	800.26	1.03998	3.26	0
776	17:28:13.66	36.7070	11.03928	21.53	39.55	1.0	0.521826	11.4785	1.29952	800.12	1.03979	3.26	0
777	17:28:13.96	37.5450	10.89200	21.53	39.17	1.0	0.514854	11.3238	1.29952	800.04	1.03964	3.26	0
778	17:28:14.27	38.1830	10.77965	21.53	39.17	1.0	0.509544	11.2065	1.29952	799.98	1.03960	3.26	0
779	17:28:14.56	38.7010	10.69152	21.53	38.72	1.0	0.505362	11.1140	1.29952	799.92	1.03952	3.26	0
780	17:28:14.86	39.1015	10.62327	21.53	38.72	1.0	0.502134	11.0425	1.29952	799.88	1.03946	3.26	0
781	17:28:15.16	39.3940	10.57357	21.53	38.46	1.0	0.499776	10.9903	1.29952	799.84	1.03941	3.26	0
782	17:28:15.46	39.5950	10.53934	21.53	38.46	1.0	0.498162	10.9539	1.29952	799.80	1.03934	3.26	0
783	17:28:15.76	39.7115	10.51967	21.53	38.15	1.0	0.497220	10.9334	1.29952	799.80	1.03933	3.26	0
784	17:28:16.06	39.7530	10.51260	21.53	38.15	1.0	0.496890	10.9263	1.29952	799.80	1.03936	3.26	0
785	17:28:16.36	39.7065	10.52065	21.53	37.83	1.0	0.497262	10.9345	1.29952	799.80	1.03934	3.26	0
786	17:28:16.66	39.5725	10.54354	21.53	37.83	1.0	0.498342	10.9591	1.29956	799.84	1.03941	3.26	0
787	17:28:16.96	39.3470	10.58211	21.53	37.56	1.0	0.500160	10.9998	1.29956	799.86	1.03947	3.26	0
788	17:28:17.26	39.0235	10.63734	21.53	37.56	1.0	0.502764	11.0573	1.29952	799.90	1.03948	3.26	0
789	17:28:17.56	38.5660	10.71546	21.53	37.33	1.0	0.506454	11.1393	1.29952	799.94	1.03956	3.26	0
790	17:28:17.86	37.9510	10.82172	21.53	37.33	1.0	0.511476	11.2512	1.29956	800.02	1.03968	3.26	0
791	17:28:18.16	37.1905	10.95570	21.53	37.16	1.0	0.517806	11.3910	1.29952	800.10	1.03973	3.26	0
792	17:28:18.46	36.3190	11.10914	21.53	37.16	1.0	0.525054	11.5523	1.29952	800.22	1.03989	3.26	0
793	17:28:18.76	35.4435	11.26937	21.53	36.92	0.9	0.532620	11.7200	1.29952	800.30	1.03999	3.26	0
794	17:28:19.06	34.6035	11.42386	21.53	36.92	0.9	0.539922	11.8820	1.29952	800.40	1.04011	3.26	0
795	17:28:19.36	33.8405	11.56652	21.53	36.77	0.9	0.546660	12.0319	1.29952	800.48	1.04023	3.26	0
796	17:28:19.66	33.1655	11.69518	21.53	36.77	0.9	0.552738	12.1670	1.29952	800.58	1.04035	3.26	0
797	17:28:19.96	32.5730	11.80809	21.53	36.66	0.9	0.558072	12.2857	1.29952	800.64	1.04045	3.26	0
798	17:28:20.26	32.0510	11.90854	21.54	36.66	0.9	0.562824	12.3914	1.29952	800.72	1.04054	3.26	0
799	17:28:20.56	31.5760	12.00311	21.54	36.50	0.9	0.567282	12.4904	1.29952	800.76	1.04060	3.26	0
800	17:28:20.86	31.1485	12.08816	21.53	36.50	0.9	0.571302	12.5798	1.29952	800.82	1.04068	3.26	0
801	17:28:21.16	30.7195	12.17356	21.53	36.41	0.9	0.575334	12.6687	1.29948	800.84	1.04068	3.26	0
802	17:28:21.46	30.2815	12.26064	21.53	36.41	0.9	0.579456	12.7604	1.29948	800.90	1.04076	3.26	0
803	17:28:21.76	29.8180	12.35556	21.53	36.37	0.9	0.583938	12.8602	1.29948	800.96	1.04084	3.26	0
804	17:28:22.06	29.3260	12.45720	21.53	36.37	0.9	0.588744	12.9676	1.29952	801.04	1.04097	3.26	0
805	17:28:22.36	28.7920	12.56773	21.53	36.24	0.9	0.593958	13.0833	1.29948	801.10	1.04102	3.26	0
806	17:28:22.66	28.2555	12.67868	21.53	36.24	0.9	0.599202	13.2004	1.29952	801.18	1.04115	3.26	0
807	17:28:22.96	27.7465	12.78760	21.53	36.20	0.9	0.604350	13.3146	1.29952	801.24	1.04121	3.26	0
808	17:28:23.26	27.2940	12.88518	21.53	36.20	0.9	0.608958	13.4175	1.29952	801.30	1.04131	3.26	0
809	17:28:23.56	26.9325	12.96323	21.53	36.11	0.9	0.612648	13.4987	1.29948	801.32	1.04131	3.26	0
810	17:28:23.86	26.6415	13.02609	21.53	36.11	0.9	0.615618	13.5653	1.29948	801.38	1.04139	3.26	0
811	17:28:24.17	26.3975	13.07873	21.53	36.04	0.9	0.618102	13.6210	1.29952	801.42	1.04146	3.26	0
812	17:28:24.46	26.1635	13.12927	21.53	36.04	0.9	0.620490	13.6739	1.29952	801.44	1.04148	3.26	0
813	17:28:24.77	25.9280	13.18184	21.53	36.00	0.9	0.622974	13.7294	1.29952	801.48	1.04153	3.26	0
814	17:28:25.06	25.6880	13.23581	21.53	36.00	0.9	0.625524	13.7862	1.29952	801.52	1.04159	3.26	0
815	17:28:25.37	25.4815	13.28208	21.53	35.92	0.9	0.627708	13.8347	1.29952	801.54	1.04160	3.26	0
816	17:28:25.66	25.3130	13.31995	21.53	35.92	0.9	0.629496	13.8743	1.29948	801.56	1.04162	3.26	0
817	17:28:25.96	25.1600	13.35432	21.53	35.90	0.9	0.631122	13.9105	1.29948	801.58	1.04165	3.26	0
818	17:28:26.26	25.0070	13.38855	21.53	35.90	0.9	0.632742	13.9462	1.29948	801.60	1.04165	3.26	0
819	17:28:26.56	24.8410	13.42579	21.53	35.87	0.9	0.634500	13.9854	1.29948	801.62	1.04168	3.26	0
820	17:28:26.86	24.6645	13.46541	21.53	35.87	0.9	0.636372	14.0276	1.29948	801.66	1.04174	3.26	0
821	17:28:27.16	24.4785	13.50713	21.53	35.82	0.9	0.638340	14.0715	1.29952	801.68	1.04179	3.26	0
822	17:28:27.46	24.2840	13.55088	21.53	35.82	0.9	0.640404	14.1171	1.29948	801.68	1.04179	3.26	0
823	17:28:27.76	24.1085	13.59043	21.53	35.80	0.9	0.642276	14.1592	1.29952	801.72	1.04185	3.26	0
824	17:28:28.06	23.9525	13.62711	21.53	35.80	0.9	0.644010	14.1977	1.29948	801.76	1.04187	3.26	0
825	17:28:28.36	23.7985	13.66330	21.53	35.77	0.9	0.645720	14.2357	1.29948	801.76	1.04189	3.26	0
826	17:28:28.66	23.6340	13.70201	21.53	35.77	0.9	0.647550	14.2768	1.29952	801.80	1.04195	3.26	0
827	17:28:28.96	23.4625	13.74226	21.53	35.76	0.9	0.649446	14.3188	1.29952	801.80	1.04195	3.26	0
828	17:28:29.26	23.2870	13.78349	21.53	35.76	0.9	0.651402	14.3621	1.29948	801.84	1.04198	3.26	0
829	17:28:29.56	23.1180	13.82332	21.53	35.74	0.9	0.653280	14.4040	1.29948	801.86	1.04201	3.26	0
830	17:28:29.86	22.9745	13.85692	21.53	35.74	0.9	0.654870	14.4399	1.29952	801.90	1.04207	3.26	0
831	17:28:30.16	22.8625	13.88324	21.53	35.74	0.9	0.656112	14.4675	1.29948	801.92	1.04207	3.26	0
832	17:28:30.46	22.8020	13.89752	21.53	35.74	0.9	0.656784	14.4822	1.29948	801.90	1.04207	3.26	0
833	17:28:30.76	22.7990	13.89822	21.53	35.72	0.9	0.656820	14.4832	1.29952	801.90	1.04209	3.26	0
834	17:28:31.06	22.8340	13.88996	21.54	35.72	0.9	0.656430	14.4751	1.29952	801.92	1.04213	3.26	0
835	17:28:31.36	22.8675	13.88212	21.54	35.74	0.9	0.656064	14.4665	1.29952	801.90	1.04209	3.26	0
836	17:28:31.66	22.8720	13.88107	21.54	35.74	0.9	0.656010	14.4652	1.29952	801.90	1.04208	3.26	0
837	17:28:31.96	22.8490	13.88639	21.54	35.74	0.9	0.656262	14.4702	1.29948	801.88	1.04204	3.26	0
838	17:28:32.26	22.8140	13.89465	21.54	35.74	0.9	0.656652	14.4791	1.29948	801.90	1.04207	3.26	0
839	17:28:32.56	22.7860	13.90123	21.54	35.74	0.9	0.656964	14.4866	1.29952	801.92	1.04211	3.26	0
840	17:28:32.86	22.7655	13.90606	21.54	35.74	0.9	0.657192	14.4910	1.29948	801.92	1.04207	3.26	0
841	17:28:33.16	22.7565	13.90816	21.54	35.74	0.9	0.657294	14.4943	1.29952	801.94	1.04214	3.26	0
842	17:28:33.46	22.7390	13.91222	21.54	35.74	0.9	0.657486	14.4980	1.29952	801.92	1.04211	3.26	0
843	17:28:33.76	22.7125	13.91859	21.54	35.70	0.9	0.657780	14.5044	1.29952	801.92	1.04209	3.26	0
844	17:28:34.06	22.6690	13.92881	21.54	35.70	0.9	0.658266	14.5153	1.29952	801.92	1.04210	3.26	0
845	17:28:34.36	22.6135	13.94183	21.54	35.70	0.9	0.658884	14.5286	1.29948	801.92	1.04209	3.26	0
846	17:28:34.66	22.5470	13.95751	21.54	35.70	0.9	0.659622	14.5455	1.29948	801.96	1.04213	3.26	0
847	17:28:34.96	22.4810	13.97305	21.54	35.69	0.9	0.660354	14.5622	1.29952	801.96	1.04216	3.26	0
848	17:28:35.26	22.4180	13.98775	21.54	35.69	0.9	0.661050	14.5777	1.29952	801.96	1.04218	3.26	0
849	17:28:35.56	22.3610	14.00119	21.54	35.70	0.9	0.661686	14.5918	1.29952	801.98	1.04218	3.26	0
850	17:28:35.86	22.3145	14.01211	21.54	35.70	0.9	0.662202	14.6035	1.29952	802.00	1.04221	3.26	0
851	17:28:36.16	22.2840	14.01925	21.54	35.70	0.9	0.662538	14.6110	1.29952	802.00	1.04221	3.26	0
852	17:28:36.46	22.2555	14.02590	21.54	35.70	0.9	0.662856	14.6177	1.29952	802.00	1.04219	3.26	0
853	17:28:36.76	22.2205	14.03423	21.54	35.70	0.9	0.663252	14.6257	1.29948	801.98	1.04215	3.26	0
854	17:28:37.06	22.1770	14.04438	21.54	35.70	0.9	0.663726	14.6371	1.29952	802.00	1.04221	3.26	0
855	17:28:37.36	22.1265	14.05628	21.54	35.70	0.9	0.664290	14.6496	1.29952	802.00	1.04221	3.26	0
856	17:28:37.66	22.0710	14.06979	21.54	35.70	0.9	0.664932	14.6638	1.29948	802.02	1.04222	3.26	0
857	17:28:37.96	22.0175	14.08302	21.54	35.67	0.9	0.665556	14.6777	1.29948	802.02	1.04222	3.26	0
858	17:28:38.26	21.9710	14.09443	21.54	35.67	0.9	0.666090	14.6904	1.29952	802.06	1.04229	3.26	0
859	17:28:38.56	21.9235	14.10612	21.54	35.67	0.9	0.666642	14.7024	1.29952	802.06	1.04228	3.26	0
860	17:28:38.86	21.8680	14.11984	21.54	35.67	0.9	0.667296	14.7174	1.29956	802.06	1.04232	3.26	0
861	17:28:39.16	21.8000	14.13650	21.54	35.67	0.9	0.668082	14.7344	1.29952	802.06	1.04230	3.26	0
862	17:28:39.46	21.7275	14.15435	21.54	35.67	0.9	0.668922	14.7530	1.29952	802.06	1.04230	3.26	0
863	17:28:39.76	21.6605	14.17080	21.54	35.67	0.9	0.669702	14.7701	1.29948	802.08	1.04230	3.26	0
864	17:28:40.06	21.6070	14.18403	21.54	35.67	0.9	0.670326	14.7837	1.29948	802.08	1.04228	3.26	0
865	17:28:40.36	21.5710	14.19285	21.54	35.70	0.9	0.670746	14.7933	1.29952	802.08	1.04231	3.26	0
866	17:28:40.66	21.5480	14.19852	21.54	35.70	0.9	0.671016	14.7995	1.29952	802.10	1.04233	3.26	0
867	17:28:40.96	21.5270	14.20363	21.54	35.70	0.9	0.671256	14.8049	1.29952	802.10	1.04233	3.26	0
868	17:28:41.26	21.5120	14.20734	21.54	35.70	0.9	0.671430	14.8087	1.29952	802.10	1.04233	3.26	0
869	17:28:41.56	21.4950	14.21154	21.54	35.70	0.9	0.671628	14.8130	1.29952	802.10	1.04232	3.26	0
870	17:28:41.86	21.4760	14.21623	21.54	35.70	0.9	0.671850	14.8182	1.29952	802.10	1.04234	3.26	0
871	17:28:42.16	21.4505	14.22253	21.54	35.70	0.9	0.672144	14.8247	1.29952	802.10	1.04234	3.26	0
872	17:28:42.46	21.4280	14.22799	21.54	35.70	0.9	0.672408	14.8308	1.29952	802.12	1.04237	3.26	0
873	17:28:42.76	21.4055	14.23352	21.54	35.70	0.9	0.672666	14.8364	1.29952	802.12	1.04236	3.26	0
874	17:28:43.06	21.3850	14.23856	21.54	35.70	0.9	0.672906	14.8414	1.29948	802.12	1.04234	3.26	0
875	17:28:43.36	21.3725	14.24171	21.54	35.70	0.9	0.673056	14.8451	1.29952	802.12	1.04237	3.26	0
876	17:28:43.66	21.3595	14.24486	21.54	35.70	0.9	0.673206	14.8482	1.29948	802.12	1.04235	3.26	0
877	17:28:43.96	21.3455	14.24829	21.54	35.70	0.9	0.673362	14.8515	1.29948	802.12	1.04234	3.26	0
878	17:28:44.26	21.3270	14.25284	21.54	35.70	0.9	0.673578	14.8561	1.29948	802.12	1.04233	3.26	0
879	17:28:44.56	21.3065	14.25795	21.54	35.70	0.9	0.673824	14.8619	1.29952	802.12	1.04236	3.26	0
880	17:28:44.86	21.2770	14.26509	21.54	35.70	0.9	0.674160	14.8695	1.29948	802.14	1.04237	3.26	0
881	17:28:45.16	21.2510	14.27153	21.54	35.70	0.9	0.674466	14.8766	1.29952	802.14	1.04240	3.26	0
882	17:28:45.46	21.2305	14.27664	21.54	35.70	0.9	0.674706	14.8821	1.29952	802.16	1.04241	3.26	0
883	17:28:45.76	21.2140	14.28056	21.54	35.74	0.9	0.674892	14.8860	1.29952	802.14	1.04240	3.26	0
884	17:28:46.06	21.2110	14.28140	21.54	35.74	0.9	0.674934	14.8872	1.29952	802.16	1.04242	3.26	0
885	17:28:46.36	21.2115	14.28126	21.54	35.74	0.9	0.674922	14.8875	1.29952	802.18	1.04245	3.26	0
886	17:28:46.66	21.2135	14.28077	21.54	35.74	0.9	0.674904	14.8862	1.29948	802.14	1.04239	3.26	0
887	17:28:46.96	21.2185	14.27951	21.54	35.74	0.9	0.674844	14.8849	1.29948	802.16	1.04240	3.26	0
888	17:28:47.26	21.2160	14.28007	21.54	35.74	0.9	0.674868	14.8850	1.29948	802.14	1.04236	3.26	0
889	17:28:47.56	21.2070	14.28238	21.54	35.74	0.9	0.674976	14.8882	1.29952	802.16	1.04241	3.26	0
890	17:28:47.86	21.1885	14.28686	21.54	35.74	0.9	0.675192	14.8933	1.29952	802.18	1.04245	3.26	0
891	17:28:48.16	21.1540	14.29547	21.54	35.74	0.9	0.675594	14.9016	1.29948	802.16	1.04240	3.26	0
892	17:28:48.46	21.1120	14.30576	21.54	35.74	0.9	0.676080	14.9127	1.29952	802.16	1.04242	3.26	0
893	17:28:48.76	21.0585	14.31885	21.54	35.74	0.9	0.676698	14.9264	1.29952	802.18	1.04243	3.26	0
894	17:28:49.06	21.0090	14.33103	21.54	35.74	0.9	0.677280	14.9397	1.29952	802.20	1.04247	3.26	0
895	17:28:49.36	20.9550	14.34440	21.54	35.74	0.9	0.677910	14.9533	1.29948	802.20	1.04245	3.26	0
896	17:28:49.66	20.9120	14.35483	21.55	35.74	0.9	0.678402	14.9646	1.29952	802.20	1.04248	3.26	0
897	17:28:49.96	20.8770	14.36344	21.55	35.74	0.9	0.678810	14.9734	1.29952	802.20	1.04247	3.26	0
898	17:28:50.26	20.8560	14.36862	21.54	35.74	0.9	0.679056	14.9787	1.29948	802.20	1.04246	3.26	0
899	17:28:50.56	20.8495	14.37030	21.54	35.74	0.9	0.679134	14.9806	1.29952	802.20	1.04247	3.26	0
900	17:28:50.86	20.8425	14.37191	21.55	35.74	0.9	0.679212	14.9814	1.29948	802.18	1.04241	3.26	0
901	17:28:51.16	20.8415	14.37219	21.55	35.74	0.9	0.679224	14.9827	1.29952	802.20	1.04248	3.26	0
902	17:28:51.46	20.8330	14.37436	21.55	35.74	0.9	0.679326	14.9855	1.29952	802.22	1.04252	3.26	0
903	17:28:51.76	20.8130	14.37926	21.55	35.74	0.9	0.679560	14.9906	1.29952	802.22	1.04252	3.26	0
904	17:28:52.06	20.7865	14.38577	21.55	35.74	0.9	0.679866	14.9969	1.29948	802.22	1.04248	3.26	0
905	17:28:52.36	20.7585	14.39263	21.55	35.74	0.9	0.680190	15.0034	1.29948	802.20	1.04243	3.26	0
906	17:28:52.66	20.7300	14.39963	21.55	35.74	0.9	0.680520	15.0106	1.29944	802.20	1.04243	3.26	0
907	17:28:52.96	20.7025	14.40642	21.55	35.74	0.9	0.680844	15.0182	1.29948	802.22	1.04246	3.26	0
908	17:28:53.26	20.6690	14.41461	21.55	35.74	0.9	0.681228	15.0270	1.29948	802.22	1.04249	3.26	0
909	17:28:53.56	20.6380	14.42224	21.55	35.74	0.9	0.681594	15.0352	1.29948	802.24	1.04249	3.26	0
910	17:28:53.86	20.6065	14.43001	21.55	35.74	0.9	0.681954	15.0436	1.29952	802.24	1.04253	3.26	0
911	17:28:54.16	20.5805	14.43645	21.55	35.74	0.9	0.682260	15.0501	1.29952	802.24	1.04251	3.26	0
912	17:28:54.46	20.5570	14.44226	21.55	35.74	0.9	0.682536	15.0560	1.29948	802.24	1.04250	3.26	0
913	17:28:54.76	20.5370	14.44709	21.55	35.74	0.9	0.682764	15.0611	1.29948	802.24	1.04249	3.26	0
914	17:28:55.06	20.5175	14.45192	21.55	35.74	0.9	0.682992	15.0664	1.29952	802.24	1.04252	3.26	0
915	17:28:55.36	20.4955	14.45731	21.55	35.74	0.9	0.683244	15.0725	1.29952	802.26	1.04255	3.26	0
916	17:28:55.66	20.4720	14.46305	21.55	35.74	0.9	0.683520	15.0785	1.29948	802.28	1.04255	3.26	0
917	17:28:55.96	20.4480	14.46900	21.55	35.77	0.9	0.683802	15.0851	1.29952	802.28	1.04258	3.26	0
918	17:28:56.26	20.4250	14.47460	21.55	35.77	0.9	0.684066	15.0909	1.29952	802.28	1.04258	3.26	0
919	17:28:56.56	20.4035	14.47992	21.55	35.74	0.9	0.684318	15.0966	1.29952	802.28	1.04259	3.26	0
920	17:28:56.86	20.3780	14.48622	21.55	35.74	0.9	0.684612	15.1026	1.29948	802.28	1.04255	3.26	0
921	17:28:57.16	20.3465	14.49399	21.55	35.77	0.9	0.684984	15.1107	1.29948	802.28	1.04255	3.26	0
922	17:28:57.46	20.3120	14.50246	21.55	35.77	0.9	0.685380	15.1196	1.29948	802.28	1.04256	3.26	0
923	17:28:57.76	20.2840	14.50932	21.55	35.77	0.9	0.685710	15.1276	1.29952	802.30	1.04261	3.26	0
924	17:28:58.06	20.2560	14.51618	21.55	35.77	0.9	0.686028	15.1343	1.29952	802.30	1.04258	3.26	0
925	17:28:58.36	20.2415	14.51975	21.55	35.77	0.9	0.686196	15.1378	1.29948	802.28	1.04257	3.26	0
926	17:28:58.66	20.2325	14.52199	21.55	35.77	0.9	0.686304	15.1409	1.29952	802.30	1.04262	3.26	0
927	17:28:58.96	20.2235	14.52423	21.55	35.77	0.9	0.686412	15.1428	1.29952	802.30	1.04260	3.26	0
928	17:28:59.26	20.2200	14.52507	21.55	35.77	0.9	0.686448	15.1448	1.29956	802.32	1.04267	3.26	0
929	17:28:59.56	20.2115	14.52717	21.55	35.77	0.9	0.686550	15.1462	1.29952	802.30	1.04261	3.26	0
930	17:28:59.86	20.2130	14.52682	21.55	35.77	0.9	0.686532	15.1465	1.29956	802.32	1.04266	3.26	0
931	17:29:00.16	20.2200	14.52507	21.55	35.80	0.9	0.686454	15.1439	1.29952	802.30	1.04260	3.26	0
932	17:29:00.46	20.2365	14.52101	21.55	35.80	0.9	0.686262	15.1397	1.29952	802.30	1.04261	3.26	0
933	17:29:00.76	20.2555	14.51632	21.55	35.80	0.9	0.686034	15.1348	1.29952	802.30	1.04261	3.26	0
934	17:29:01.06	20.2775	14.51086	21.55	35.80	0.9	0.685782	15.1283	1.29952	802.26	1.04255	3.26	0
935	17:29:01.36	20.2990	14.50561	21.55	35.80	0.9	0.685530	15.1229	1.29948	802.28	1.04256	3.26	0
936	17:29:01.66	20.3140	14.50190	21.55	35.80	0.9	0.685356	15.1189	1.29948	802.26	1.04254	3.26	0
937	17:29:01.96	20.3215	14.50001	21.55	35.80	0.9	0.685266	15.1175	1.29952	802.28	1.04258	3.26	0
938	17:29:02.26	20.3185	14.50078	21.57	35.80	0.9	0.685308	15.1180	1.29952	802.28	1.04256	3.26	0
939	17:29:02.56	20.3070	14.50365	21.57	35.80	0.9	0.685440	15.1213	1.29952	802.30	1.04258	3.26	0
940	17:29:02.86	20.2950	14.50659	21.57	35.80	0.9	0.685584	15.1250	1.29956	802.30	1.04263	3.26	0
941	17:29:03.16	20.2845	14.50911	21.57	35.80	0.9	0.685698	15.1269	1.29952	802.30	1.04258	3.26	0
942	17:29:03.46	20.2750	14.51142	21.57	35.80	0.9	0.685812	15.1297	1.29952	802.30	1.04261	3.26	0
943	17:29:03.76	20.2595	14.51520	21.57	35.80	0.9	0.685992	15.1338	1.29952	802.30	1.04261	3.26	0
944	17:29:04.06	20.2380	14.52052	21.57	35.80	0.9	0.686244	15.1388	1.29952	802.28	1.04258	3.26	0
945	17:29:04.36	20.2140	14.52640	21.57	35.80	0.9	0.686520	15.1453	1.29952	802.30	1.04261	3.26	0
946	17:29:04.66	20.1950	14.53116	21.57	35.80	0.9	0.686742	15.1505	1.29952	802.32	1.04263	3.26	0
947	17:29:04.96	20.1775	14.53550	21.57	35.80	0.9	0.686946	15.1555	1.29952	802.34	1.04266	3.26	0
948	17:29:05.26	20.1650	14.53851	21.57	35.80	0.9	0.687090	15.1584	1.29952	802.32	1.04264	3.26	0
949	17:29:05.56	20.1525	14.54159	21.57	35.80	0.9	0.687234	15.1612	1.29952	802.32	1.04261	3.26	0
950	17:29:05.86	20.1450	14.54341	21.57	35.80	0.9	0.687318	15.1629	1.29952	802.30	1.04260	3.26	0
951	17:29:06.16	20.1335	14.54621	21.57	35.80	0.9	0.687456	15.1659	1.29948	802.32	1.04260	3.26	0
952	17:29:06.46	20.1265	14.54803	21.57	35.80	0.9	0.687540	15.1679	1.29948	802.32	1.04261	3.26	0
953	17:29:06.76	20.1175	14.55020	21.57	35.80	0.9	0.687642	15.1700	1.29948	802.32	1.04260	3.26	0
954	17:29:07.06	20.1060	14.55300	21.57	35.80	0.9	0.687774	15.1736	1.29952	802.32	1.04264	3.26	0
955	17:29:07.36	20.0855	14.55832	21.57	35.80	0.9	0.688026	15.1787	1.29948	802.32	1.04261	3.26	0
956	17:29:07.66	20.0645	14.56371	21.57	35.80	0.9	0.688278	15.1844	1.29952	802.32	1.04262	3.26	0
957	17:29:07.96	20.0435	14.56910	21.57	35.80	0.9	0.688536	15.1901	1.29952	802.32	1.04262	3.26	0
958	17:29:08.26	20.0210	14.57491	21.57	35.80	0.9	0.688812	15.1965	1.29952	802.34	1.04265	3.26	0
959	17:29:08.56	19.9995	14.58051	21.57	35.80	0.9	0.689076	15.2029	1.29956	802.36	1.04269	3.26	0
960	17:29:08.86	19.9815	14.58506	21.57	35.80	0.9	0.689292	15.2079	1.29956	802.36	1.04270	3.26	0
961	17:29:09.16	19.9645	14.58940	21.57	35.80	0.9	0.689496	15.2113	1.29948	802.34	1.04263	3.26	0
962	17:29:09.46	19.9580	14.59115	21.57	35.80	0.9	0.689574	15.2142	1.29956	802.36	1.04270	3.26	0
963	17:29:09.76	19.9460	14.59423	21.57	35.80	0.9	0.689724	15.2172	1.29952	802.34	1.04268	3.26	0
964	17:29:10.06	19.9390	14.59605	21.57	35.80	0.9	0.689808	15.2188	1.29952	802.34	1.04267	3.26	0
965	17:29:10.36	19.9295	14.59843	21.57	35.80	0.9	0.689922	15.2217	1.29952	802.36	1.04269	3.26	0
966	17:29:10.66	19.9195	14.60109	21.57	35.80	0.9	0.690048	15.2239	1.29952	802.34	1.04266	3.26	0
967	17:29:10.96	19.9105	14.60333	21.57	35.80	0.9	0.690156	15.2263	1.29952	802.34	1.04266	3.26	0
968	17:29:11.26	19.9010	14.60578	21.57	35.80	0.9	0.690270	15.2291	1.29952	802.36	1.04268	3.26	0
969	17:29:11.56	19.8915	14.60823	21.57	35.80	0.9	0.690384	15.2312	1.29948	802.34	1.04264	3.26	0
970	17:29:11.86	19.8880	14.60907	21.57	35.80	0.9	0.690426	15.2327	1.29952	802.36	1.04269	3.26	0
971	17:29:12.16	19.8840	14.61012	21.57	35.80	0.9	0.690474	15.2341	1.29952	802.36	1.04271	3.26	0
972	17:29:12.46	19.8790	14.61138	21.57	35.80	0.9	0.690534	15.2351	1.29952	802.36	1.04269	3.26	0
973	17:29:12.76	19.8780	14.61166	21.57	35.84	0.9	0.690546	15.2354	1.29952	802.36	1.04269	3.26	0
974	17:29:13.06	19.8790	14.61138	21.57	35.84	0.9	0.690534	15.2352	1.29952	802.36	1.04270	3.26	0
975	17:29:13.36	19.8795	14.61131	21.57	35.84	0.9	0.690534	15.2346	1.29952	802.36	1.04266	3.26	0
976	17:29:13.66	19.8715	14.61320	21.58	35.84	0.9	0.690624	15.2364	1.29948	802.34	1.04265	3.26	0
977	17:29:13.96	19.8700	14.61362	21.58	35.84	0.9	0.690642	15.2378	1.29952	802.38	1.04272	3.26	0
978	17:29:14.26	19.8670	14.61446	21.58	35.84	0.9	0.690684	15.2386	1.29952	802.38	1.04271	3.26	0
979	17:29:14.56	19.8600	14.61621	21.58	35.84	0.9	0.690768	15.2404	1.29952	802.38	1.04270	3.26	0
980	17:29:14.86	19.8540	14.61782	21.57	35.84	0.9	0.690840	15.2417	1.29952	802.36	1.04268	3.26	0
981	17:29:15.16	19.8480	14.61936	21.57	35.84	0.9	0.690912	15.2439	1.29952	802.38	1.04272	3.26	0
982	17:29:15.46	19.8465	14.61971	21.57	35.84	0.9	0.690930	15.2447	1.29956	802.40	1.04276	3.26	0
983	17:29:15.76	19.8435	14.62048	21.57	35.84	0.9	0.690966	15.2451	1.29952	802.38	1.04272	3.26	0
984	17:29:16.06	19.8430	14.62055	21.58	35.84	0.9	0.690972	15.2452	1.29956	802.38	1.04272	3.26	0
985	17:29:16.36	19.8460	14.61985	21.58	35.84	0.9	0.690936	15.2442	1.29952	802.38	1.04270	3.26	0
986	17:29:16.66	19.8470	14.61957	21.57	35.84	0.9	0.690924	15.2440	1.29952	802.38	1.04271	3.26	0
987	17:29:16.96	19.8525	14.61817	21.57	35.84	0.9	0.690858	15.2426	1.29952	802.38	1.04272	3.26	0
988	17:29:17.26	19.8525	14.61810	21.58	35.84	0.9	0.690858	15.2421	1.29952	802.36	1.04269	3.26	0
989	17:29:17.56	19.8550	14.61747	21.58	35.84	0.9	0.690828	15.2414	1.29952	802.36	1.04269	3.26	0
990	17:29:17.86	19.8570	14.61698	21.58	35.84	0.9	0.690804	15.2420	1.29956	802.40	1.04276	3.26	0
991	17:29:18.16	19.8575	14.61691	21.58	35.84	0.9	0.690798	15.2412	1.29952	802.38	1.04271	3.26	0
992	17:29:18.46	19.8555	14.61733	21.58	35.84	0.9	0.690822	15.2414	1.29952	802.38	1.04270	3.26	0
993	17:29:18.76	19.8545	14.61754	21.58	35.84	0.9	0.690828	15.2421	1.29956	802.38	1.04273	3.26	0
994	17:29:19.06	19.8530	14.61796	21.58	35.84	0.9	0.690852	15.2426	1.29956	802.38	1.04273	3.26	0
995	17:29:19.36	19.8470	14.61957	21.58	35.84	0.9	0.690924	15.2438	1.29952	802.38	1.04269	3.26	0
996	17:29:19.66	19.8470	14.61950	21.58	35.84	0.9	0.690924	15.2438	1.29952	802.38	1.04270	3.26	0
997	17:29:19.96	19.8475	14.61943	21.58	35.84	0.9	0.690918	15.2443	1.29956	802.38	1.04275	3.26	0
998	17:29:20.26	19.8425	14.62069	21.58	35.84	0.9	0.690978	15.2447	1.29952	802.38	1.04269	3.26	0
999	17:29:20.56	19.8415	14.62090	21.58	35.84	0.9	0.690990	15.2449	1.29952	802.36	1.04268	3.26	0
1000	17:29:20.86	19.8425	14.62069	21.58	35.84	0.9	0.690978	15.2447	1.29948	802.36	1.04268	3.26	0
1001	17:29:21.16	19.8420	14.62083	21.58	35.84	0.9	0.690984	15.2452	1.29952	802.38	1.04270	3.26	0
1002	17:29:21.46	19.8410	14.62118	21.58	35.84	0.9	0.691002	15.2456	1.29952	802.38	1.04271	3.26	0
1003	17:29:21.76	19.8425	14.62069	21.58	35.84	0.9	0.690978	15.2457	1.29956	802.40	1.04275	3.26	0
1004	17:29:22.06	19.8425	14.62069	21.58	35.84	0.9	0.690978	15.2455	1.29956	802.38	1.04274	3.26	0
1005	17:29:22.36	19.8410	14.62111	21.58	35.84	0.9	0.691002	15.2457	1.29956	802.38	1.04272	3.26	0
1006	17:29:22.66	19.8385	14.62181	21.58	35.84	0.9	0.691032	15.2468	1.29952	802.40	1.04274	3.26	0
1007	17:29:22.96	19.8375	14.62202	21.58	35.84	0.9	0.691044	15.2470	1.29956	802.40	1.04275	3.26	0
1008	17:29:23.26	19.8380	14.62188	21.58	35.84	0.9	0.691038	15.2468	1.29956	802.38	1.04274	3.26	0
1009	17:29:23.56	19.8370	14.62216	21.58	35.84	0.9	0.691050	15.2470	1.29956	802.38	1.04273	3.26	0
1010	17:29:23.86	19.8380	14.62188	21.58	35.84	0.9	0.691038	15.2468	1.29952	802.40	1.04273	3.26	0
1011	17:29:24.16	19.8395	14.62146	21.58	35.84	0.9	0.691014	15.2463	1.29952	802.40	1.04273	3.26	0
1012	17:29:24.46	19.8365	14.62223	21.58	35.84	0.9	0.691050	15.2463	1.29952	802.36	1.04268	3.26	0
1013	17:29:24.76	19.8405	14.62125	21.58	35.84	0.9	0.691008	15.2461	1.29952	802.38	1.04273	3.26	0
1014	17:29:25.06	19.8390	14.62160	21.58	35.84	0.9	0.691020	15.2461	1.29952	802.38	1.04271	3.26	0
1015	17:29:25.36	19.8410	14.62118	21.58	35.84	0.9	0.691002	15.2459	1.29952	802.40	1.04273	3.26	0
1016	17:29:25.66	19.8395	14.62139	21.59	35.84	0.9	0.691014	15.2454	1.29952	802.36	1.04268	3.26	0
1017	17:29:25.96	19.8430	14.62048	21.59	35.84	0.9	0.690972	15.2454	1.29956	802.40	1.04274	3.26	0
1018	17:29:26.26	19.8440	14.62027	21.59	35.84	0.9	0.690960	15.2453	1.29952	802.40	1.04275	3.26	0
1019	17:29:26.56	19.8445	14.62020	21.59	35.84	0.9	0.690960	15.2453	1.29956	802.40	1.04276	3.26	0
1020	17:29:26.86	19.8415	14.62090	21.59	35.84	0.9	0.690990	15.2452	1.29952	802.36	1.04270	3.26	0
1021	17:29:27.16	19.8435	14.62041	21.59	35.84	0.9	0.690972	15.2461	1.29956	802.42	1.04279	3.26	0
1022	17:29:27.46	19.8400	14.62132	21.59	35.84	0.9	0.691014	15.2467	1.29956	802.40	1.04277	3.26	0
1023	17:29:27.76	19.8380	14.62188	21.59	35.84	0.9	0.691038	15.2465	1.29952	802.38	1.04272	3.26	0
1024	17:29:28.06	19.8365	14.62216	21.59	35.84	0.9	0.691050	15.2462	1.29952	802.36	1.04268	3.26	0
1025	17:29:28.36	19.8385	14.62174	21.59	35.84	0.9	0.691032	15.2465	1.29952	802.38	1.04273	3.26	0
1026	17:29:28.66	19.8360	14.62237	21.59	35.84	0.9	0.691062	15.2473	1.29956	802.38	1.04273	3.26	0
1027	17:29:28.96	19.8315	14.62349	21.59	35.84	0.9	0.691116	15.2482	1.29952	802.38	1.04272	3.26	0
1028	17:29:29.26	19.8290	14.62405	21.59	35.84	0.9	0.691140	15.2487	1.29952	802.38	1.04271	3.26	0
1029	17:29:29.56	19.8315	14.62349	21.59	35.84	0.9	0.691116	15.2488	1.29956	802.40	1.04276	3.26	0
1030	17:29:29.86	19.8340	14.62279	21.59	35.84	0.9	0.691080	15.2481	1.29956	802.40	1.04276	3.26	0
1031	17:29:30.16	19.8330	14.62314	21.59	35.84	0.9	0.691098	15.2482	1.29952	802.40	1.04275	3.26	0
1032	17:29:30.46	19.8335	14.62293	21.59	35.84	0.9	0.691086	15.2485	1.29956	802.40	1.04278	3.26	0
1033	17:29:30.76	19.8310	14.62356	21.59	35.84	0.9	0.691116	15.2485	1.29952	802.40	1.04273	3.26	0
1034	17:29:31.06	19.8290	14.62405	21.60	35.84	0.9	0.691146	15.2494	1.29956	802.40	1.04276	3.26	0
1035	17:29:31.36	19.8300	14.62377	21.60	35.84	0.9	0.691128	15.2491	1.29956	802.40	1.04276	3.26	0
1036	17:29:31.66	19.8315	14.62349	21.59	35.84	0.9	0.691116	15.2480	1.29952	802.38	1.04270	3.26	0
1037	17:29:31.96	19.8345	14.62272	21.59	35.84	0.9	0.691080	15.2474	1.29952	802.38	1.04272	3.26	0
1038	17:29:32.26	19.8330	14.62307	21.60	35.84	0.9	0.691092	15.2482	1.29952	802.40	1.04275	3.26	0
1039	17:29:32.56	19.8325	14.62314	21.60	35.84	0.9	0.691098	15.2479	1.29952	802.38	1.04273	3.26	0
1040	17:29:32.86	19.8340	14.62279	21.60	35.84	0.9	0.691080	15.2479	1.29956	802.40	1.04275	3.26	0
1041	17:29:33.16	19.8345	14.62265	21.60	35.84	0.9	0.691074	15.2471	1.29952	802.38	1.04271	3.26	0
1042	17:29:33.46	19.8350	14.62265	21.59	35.84	0.9	0.691074	15.2469	1.29948	802.38	1.04269	3.26	0
1043	17:29:33.76	19.8365	14.62216	21.59	35.84	0.9	0.691050	15.2469	1.29952	802.40	1.04272	3.26	0
1044	17:29:34.06	19.8370	14.62202	21.60	35.84	0.9	0.691044	15.2468	1.29952	802.40	1.04273	3.26	0
1045	17:29:34.36	19.8360	14.62230	21.60	35.84	0.9	0.691062	15.2470	1.29952	802.38	1.04272	3.26	0
1046	17:29:34.66	19.8360	14.62223	21.59	35.84	0.9	0.691056	15.2474	1.29952	802.40	1.04275	3.26	0
1047	17:29:34.96	19.8335	14.62300	21.59	35.84	0.9	0.691086	15.2479	1.29952	802.40	1.04273	3.26	0
1048	17:29:35.26	19.8295	14.62405	21.59	35.84	0.9	0.691140	15.2482	1.29948	802.38	1.04268	3.26	0
1049	17:29:35.56	19.8315	14.62349	21.59	35.84	0.9	0.691116	15.2482	1.29952	802.38	1.04272	3.26	0
1050	17:29:35.86	19.8275	14.62447	21.60	35.84	0.9	0.691164	15.2491	1.29952	802.38	1.04272	3.26	0
1051	17:29:36.16	19.8270	14.62461	21.60	35.84	0.9	0.691170	15.2502	1.29956	802.40	1.04278	3.26	0
1052	17:29:36.46	19.8235	14.62545	21.60	35.84	0.9	0.691212	15.2505	1.29952	802.40	1.04273	3.26	0
1053	17:29:36.76	19.8225	14.62580	21.60	35.84	0.9	0.691224	15.2509	1.29952	802.40	1.04274	3.26	0
1054	17:29:37.06	19.8210	14.62615	21.60	35.84	0.9	0.691242	15.2516	1.29952	802.42	1.04276	3.26	0
1055	17:29:37.36	19.8205	14.62629	21.60	35.84	0.9	0.691248	15.2518	1.29952	802.42	1.04277	3.26	0
1056	17:29:37.66	19.8180	14.62692	21.60	35.84	0.9	0.691278	15.2524	1.29952	802.40	1.04276	3.26	0
1057	17:29:37.96	19.8145	14.62783	21.60	35.84	0.9	0.691320	15.2529	1.29952	802.40	1.04274	3.26	0
1058	17:29:38.26	19.8155	14.62748	21.60	35.84	0.9	0.691302	15.2531	1.29956	802.42	1.04277	3.26	0
1059	17:29:38.56	19.8145	14.62776	21.60	35.84	0.9	0.691314	15.2531	1.29952	802.40	1.04276	3.26	0
1060	17:29:38.86	19.8160	14.62734	21.60	35.84	0.9	0.691296	15.2526	1.29956	802.40	1.04275	3.26	0
1061	17:29:39.16	19.8180	14.62692	21.60	35.84	0.9	0.691278	15.2522	1.29952	802.42	1.04275	3.26	0
1062	17:29:39.46	19.8190	14.62671	21.60	35.84	0.9	0.691266	15.2520	1.29956	802.40	1.04275	3.26	0
1063	17:29:39.76	19.8215	14.62594	21.60	35.84	0.9	0.691230	15.2509	1.29952	802.40	1.04273	3.26	0
1064	17:29:40.06	19.8240	14.62538	21.60	35.84	0.9	0.691206	15.2514	1.29956	802.42	1.04281	3.26	0
1065	17:29:40.36	19.8195	14.62643	21.60	35.84	0.9	0.691254	15.2508	1.29948	802.38	1.04269	3.26	0
1066	17:29:40.66	19.8210	14.62615	21.60	35.84	0.9	0.691242	15.2508	1.29952	802.38	1.04271	3.26	0
1067	17:29:40.96	19.8200	14.62636	21.60	35.84	0.9	0.691254	15.2515	1.29952	802.40	1.04273	3.26	0
1068	17:29:41.26	19.8170	14.62720	21.60	35.84	0.9	0.691290	15.2524	1.29956	802.40	1.04275	3.26	0
1069	17:29:41.56	19.8155	14.62755	21.60	35.80	0.9	0.691308	15.2532	1.29956	802.42	1.04277	3.26	0
1070	17:29:41.86	19.8155	14.62762	21.60	35.80	0.9	0.691308	15.2530	1.29952	802.42	1.04275	3.26	0
1071	17:29:42.16	19.8165	14.62734	21.60	35.80	0.9	0.691296	15.2532	1.29956	802.42	1.04279	3.26	0
1072	17:29:42.46	19.8155	14.62762	21.60	35.80	0.9	0.691308	15.2535	1.29956	802.42	1.04279	3.26	0
1073	17:29:42.76	19.8120	14.62846	21.60	35.84	0.9	0.691350	15.2537	1.29952	802.40	1.04274	3.26	0
1074	17:29:43.06	19.8140	14.62797	21.60	35.84	0.9	0.691326	15.2540	1.29956	802.42	1.04280	3.26	0
1075	17:29:43.36	19.8115	14.62867	21.60	35.80	0.9	0.691356	15.2550	1.29956	802.44	1.04282	3.26	0
1076	17:29:43.66	19.8080	14.62951	21.60	35.80	0.9	0.691398	15.2554	1.29956	802.42	1.04279	3.26	0
1077	17:29:43.96	19.8095	14.62909	21.60	35.80	0.9	0.691380	15.2551	1.29956	802.42	1.04279	3.26	0
1078	17:29:44.26	19.8105	14.62881	21.60	35.80	0.9	0.691368	15.2547	1.29956	802.40	1.04278	3.26	0
1079	17:29:44.56	19.8105	14.62881	21.60	35.80	0.9	0.691368	15.2543	1.29956	802.40	1.04276	3.26	0
1080	17:29:44.86	19.8120	14.62846	21.60	35.80	0.9	0.691350	15.2541	1.29952	802.42	1.04277	3.26	0
1081	17:29:45.16	19.8100	14.62895	21.60	35.80	0.9	0.691374	15.2547	1.29956	802.42	1.04278	3.26	0
1082	17:29:45.46	19.8080	14.62944	21.60	35.80	0.9	0.691398	15.2549	1.29952	802.40	1.04275	3.26	0
1083	17:29:45.76	19.8050	14.63028	21.60	35.80	0.9	0.691434	15.2553	1.29952	802.40	1.04272	3.26	0
1084	17:29:46.06	19.8055	14.63007	21.60	35.80	0.9	0.691428	15.2554	1.29952	802.40	1.04274	3.26	0
1085	17:29:46.36	19.8065	14.62993	21.60	35.80	0.9	0.691422	15.2545	1.29952	802.38	1.04269	3.26	0
1086	17:29:46.66	19.8095	14.62916	21.60	35.80	0.9	0.691380	15.2547	1.29952	802.42	1.04276	3.26	0
1087	17:29:46.96	19.8120	14.62846	21.60	35.80	0.9	0.691350	15.2543	1.29956	802.42	1.04278	3.26	0
1088	17:29:47.26	19.8095	14.62909	21.60	35.80	0.9	0.691380	15.2540	1.29952	802.40	1.04272	3.26	0
1089	17:29:47.56	19.8110	14.62867	21.60	35.80	0.9	0.691362	15.2540	1.29952	802.40	1.04274	3.26	0
1090	17:29:47.86	19.8120	14.62853	21.60	35.80	0.9	0.691350	15.2536	1.29952	802.40	1.04273	3.26	0
1091	17:29:48.16	19.8155	14.62755	21.60	35.80	0.9	0.691308	15.2536	1.29956	802.44	1.04280	3.26	0
1092	17:29:48.46	19.8140	14.62790	21.60	35.80	0.9	0.691326	15.2531	1.29952	802.40	1.04274	3.26	0
1093	17:29:48.76	19.8135	14.62811	21.60	35.80	0.9	0.691332	15.2535	1.29952	802.42	1.04275	3.26	0
1094	17:29:49.06	19.8170	14.62713	21.60	35.80	0.9	0.691290	15.2526	1.29956	802.40	1.04276	3.26	0
1095	17:29:49.36	19.8170	14.62720	21.60	35.80	0.9	0.691290	15.2531	1.29956	802.42	1.04279	3.26	0
1096	17:29:49.66	19.8145	14.62776	21.60	35.80	0.9	0.691320	15.2536	1.29952	802.42	1.04278	3.26	0
1097	17:29:49.96	19.8180	14.62699	21.60	35.80	0.9	0.691278	15.2528	1.29956	802.42	1.04279	3.26	0
1098	17:29:50.26	19.8155	14.62755	21.60	35.80	0.9	0.691308	15.2529	1.29952	802.40	1.04275	3.26	0
1099	17:29:50.56	19.8135	14.62804	21.60	35.80	0.9	0.691332	15.2533	1.29952	802.40	1.04275	3.26	0
1100	17:29:50.86	19.8135	14.62811	21.60	35.80	0.9	0.691332	15.2533	1.29952	802.40	1.04273	3.26	0
1101	17:29:51.16	19.8115	14.62860	21.60	35.80	0.9	0.691356	15.2538	1.29952	802.40	1.04274	3.26	0
1102	17:29:51.46	19.8090	14.62923	21.60	35.80	0.9	0.691386	15.2547	1.29952	802.40	1.04275	3.26	0
1103	17:29:51.76	19.8090	14.62930	21.60	35.80	0.9	0.691386	15.2552	1.29956	802.42	1.04278	3.26	0
1104	17:29:52.06	19.8095	14.62916	21.60	35.80	0.9	0.691380	15.2550	1.29956	802.40	1.04278	3.26	0
1105	17:29:52.36	19.8040	14.63056	21.60	35.80	0.9	0.691446	15.2553	1.29948	802.40	1.04270	3.26	0
1106	17:29:52.66	19.8050	14.63028	21.60	35.80	0.9	0.691434	15.2554	1.29952	802.40	1.04273	3.26	0
1107	17:29:52.96	19.8050	14.63028	21.60	35.80	0.9	0.691434	15.2560	1.29952	802.42	1.04277	3.26	0
1108	17:29:53.26	19.8045	14.63035	21.60	35.80	0.9	0.691440	15.2564	1.29956	802.42	1.04279	3.26	0
1109	17:29:53.56	19.8015	14.63112	21.60	35.80	0.9	0.691476	15.2568	1.29956	802.40	1.04276	3.26	0
1110	17:29:53.86	19.8040	14.63056	21.60	35.80	0.9	0.691452	15.2566	1.29956	802.42	1.04279	3.26	0
1111	17:29:54.16	19.8005	14.63147	21.60	35.80	0.9	0.691488	15.2571	1.29952	802.42	1.04276	3.26	0
1112	17:29:54.46	19.8035	14.63063	21.60	35.80	0.9	0.691452	15.2565	1.29956	802.42	1.04278	3.26	0
1113	17:29:54.76	19.8025	14.63091	21.60	35.80	0.9	0.691464	15.2564	1.29952	802.40	1.04275	3.26	0
1114	17:29:55.06	19.8030	14.63070	21.60	35.80	0.9	0.691458	15.2568	1.29956	802.42	1.04279	3.26	0
1115	17:29:55.36	19.8010	14.63126	21.60	35.80	0.9	0.691482	15.2571	1.29952	802.42	1.04278	3.26	0
1116	17:29:55.66	19.8035	14.63063	21.60	35.80	0.9	0.691452	15.2567	1.29956	802.42	1.04279	3.26	0
1117	17:29:55.96	19.8065	14.62986	21.60	35.80	0.9	0.691416	15.2560	1.29956	802.44	1.04280	3.26	0
1118	17:29:56.26	19.8075	14.62958	21.60	35.80	0.9	0.691404	15.2555	1.29956	802.42	1.04279	3.26	0
1119	17:29:56.56	19.8070	14.62972	21.60	35.80	0.9	0.691410	15.2552	1.29952	802.40	1.04275	3.26	0
1120	17:29:56.86	19.8110	14.62874	21.60	35.80	0.9	0.691362	15.2550	1.29956	802.44	1.04281	3.26	0
1121	17:29:57.16	19.8110	14.62874	21.60	35.80	0.9	0.691362	15.2545	1.29956	802.42	1.04278	3.26	0
1122	17:29:57.46	19.8090	14.62923	21.60	35.80	0.9	0.691386	15.2554	1.29956	802.42	1.04280	3.26	0
1123	17:29:57.76	19.8100	14.62895	21.60	35.80	0.9	0.691374	15.2546	1.29956	802.40	1.04277	3.26	0
1124	17:29:58.06	19.8080	14.62951	21.60	35.80	0.9	0.691398	15.2554	1.29952	802.42	1.04278	3.26	0
1125	17:29:58.36	19.8085	14.62944	21.60	35.80	0.9	0.691392	15.2558	1.29956	802.44	1.04282	3.26	0
1126	17:29:58.66	19.8085	14.62944	21.60	35.80	0.9	0.691398	15.2559	1.29956	802.44	1.04282	3.26	0
1127	17:29:58.96	19.8050	14.63035	21.60	35.80	0.9	0.691440	15.2559	1.29952	802.40	1.04276	3.26	0
1128	17:29:59.26	19.8025	14.63091	21.60	35.80	0.9	0.691464	15.2567	1.29956	802.42	1.04277	3.26	0
1129	17:29:59.56	19.8025	14.63098	21.60	35.77	0.9	0.691464	15.2574	1.29956	802.44	1.04281	3.26	0
1130	17:29:59.86	19.8025	14.63098	21.60	35.77	0.9	0.691470	15.2580	1.29960	802.46	1.04285	3.26	0
1131	17:30:00.16	19.7975	14.63217	21.60	35.77	0.9	0.691524	15.2580	1.29952	802.42	1.04277	3.26	0
1132	17:30:00.46	19.7995	14.63168	21.60	35.77	0.9	0.691500	15.2580	1.29956	802.44	1.04281	3.26	0
1133	17:30:00.76	19.7985	14.63196	21.60	35.77	0.9	0.691512	15.2583	1.29956	802.44	1.04281	3.26	0
1134	17:30:01.06	19.7965	14.63245	21.60	35.77	0.9	0.691536	15.2589	1.29956	802.44	1.04282	3.26	0
1135	17:30:01.36	19.7980	14.63217	21.60	35.77	0.9	0.691524	15.2585	1.29956	802.44	1.04281	3.26	0
1136	17:30:01.66	19.7970	14.63231	21.60	35.77	0.9	0.691530	15.2587	1.29956	802.44	1.04281	3.26	0
1137	17:30:01.96	19.7985	14.63189	21.60	35.80	0.9	0.691512	15.2582	1.29956	802.42	1.04281	3.26	0
1138	17:30:02.26	19.7985	14.63196	21.60	35.80	0.9	0.691518	15.2581	1.29956	802.42	1.04279	3.26	0
1139	17:30:02.56	19.8015	14.63112	21.60	35.77	0.9	0.691476	15.2576	1.29956	802.44	1.04282	3.26	0
1140	17:30:02.86	19.8035	14.63063	21.60	35.77	0.9	0.691452	15.2569	1.29956	802.44	1.04281	3.26	0
1141	17:30:03.16	19.8050	14.63021	21.60	35.80	0.9	0.691434	15.2567	1.29956	802.44	1.04282	3.26	0
1142	17:30:03.46	19.8050	14.63021	21.60	35.80	0.9	0.691434	15.2568	1.29956	802.44	1.04283	3.26	0
1143	17:30:03.76	19.8025	14.63091	21.60	35.77	0.9	0.691464	15.2569	1.29956	802.42	1.04279	3.26	0
1144	17:30:04.06	19.8045	14.63042	21.60	35.77	0.9	0.691440	15.2567	1.29956	802.44	1.04281	3.26	0
1145	17:30:04.36	19.8025	14.63091	21.60	35.77	0.9	0.691464	15.2576	1.29960	802.44	1.04284	3.26	0
1146	17:30:04.66	19.8015	14.63119	21.60	35.77	0.9	0.691476	15.2574	1.29956	802.42	1.04280	3.26	0
1147	17:30:04.96	19.8005	14.63140	21.60	35.77	0.9	0.691488	15.2573	1.29952	802.42	1.04278	3.26	0
1148	17:30:05.26	19.7985	14.63196	21.60	35.77	0.9	0.691512	15.2577	1.29952	802.42	1.04276	3.26	0
1149	17:30:05.56	19.7975	14.63224	21.60	35.77	0.9	0.691530	15.2582	1.29952	802.42	1.04278	3.26	0
1150	17:30:05.86	19.7975	14.63231	21.60	35.77	0.9	0.691530	15.2581	1.29952	802.42	1.04277	3.26	0
1151	17:30:06.16	19.7950	14.63280	21.60	35.77	0.9	0.691554	15.2584	1.29952	802.42	1.04275	3.26	0
1152	17:30:06.46	19.7950	14.63294	21.60	35.77	0.9	0.691560	15.2585	1.29952	802.40	1.04275	3.26	0
1153	17:30:06.76	19.7945	14.63301	21.60	35.77	0.9	0.691566	15.2592	1.29956	802.42	1.04279	3.26	0
1154	17:30:07.06	19.7920	14.63364	21.60	35.77	0.9	0.691590	15.2596	1.29952	802.42	1.04278	3.26	0
1155	17:30:07.36	19.7945	14.63308	21.60	35.77	0.9	0.691566	15.2596	1.29956	802.42	1.04282	3.26	0
1156	17:30:07.66	19.7935	14.63329	21.60	35.77	0.9	0.691578	15.2595	1.29956	802.42	1.04279	3.26	0
1157	17:30:07.96	19.7915	14.63378	21.60	35.77	0.9	0.691602	15.2595	1.29952	802.42	1.04276	3.26	0
1158	17:30:08.26	19.7920	14.63364	21.60	35.77	0.9	0.691590	15.2601	1.29956	802.44	1.04281	3.26	0
1159	17:30:08.56	19.7955	14.63273	21.60	35.77	0.9	0.691554	15.2586	1.29956	802.42	1.04277	3.26	0
1160	17:30:08.86	19.7945	14.63301	21.60	35.77	0.9	0.691560	15.2593	1.29956	802.42	1.04280	3.26	0
1161	17:30:09.16	19.7950	14.63287	21.60	35.77	0.9	0.691554	15.2589	1.29956	802.42	1.04279	3.26	0
1162	17:30:09.46	19.7980	14.63210	21.60	35.77	0.9	0.691518	15.2582	1.29956	802.42	1.04279	3.26	0
1163	17:30:09.76	19.7985	14.63203	21.60	35.77	0.9	0.691518	15.2586	1.29956	802.44	1.04282	3.26	0
1164	17:30:10.06	19.7990	14.63182	21.60	35.77	0.9	0.691506	15.2582	1.29956	802.44	1.04282	3.26	0
1165	17:30:10.36	19.7970	14.63238	21.60	35.77	0.9	0.691536	15.2587	1.29956	802.44	1.04281	3.26	0
1166	17:30:10.66	19.7945	14.63294	21.60	35.77	0.9	0.691560	15.2597	1.29956	802.44	1.04283	3.26	0
1167	17:30:10.96	19.7935	14.63322	21.60	35.77	0.9	0.691572	15.2595	1.29956	802.44	1.04279	3.26	0
1168	17:30:11.26	19.7920	14.63364	21.60	35.77	0.9	0.691590	15.2599	1.29956	802.42	1.04279	3.26	0
1169	17:30:11.56	19.7940	14.63315	21.60	35.77	0.9	0.691572	15.2598	1.29956	802.44	1.04282	3.26	0
1170	17:30:11.86	19.7920	14.63364	21.60	35.77	0.9	0.691596	15.2600	1.29956	802.42	1.04280	3.26	0
1171	17:30:12.16	19.7900	14.63413	21.60	35.77	0.9	0.691614	15.2607	1.29956	802.44	1.04282	3.26	0
1172	17:30:12.46	19.7890	14.63441	21.60	35.77	0.9	0.691626	15.2607	1.29956	802.44	1.04280	3.26	0
1173	17:30:12.76	19.7880	14.63469	21.60	35.77	0.9	0.691644	15.2608	1.29952	802.42	1.04278	3.26	0
1174	17:30:13.06	19.7900	14.63413	21.60	35.77	0.9	0.691614	15.2608	1.29956	802.44	1.04282	3.26	0
1175	17:30:13.36	19.7870	14.63490	21.60	35.77	0.9	0.691650	15.2614	1.29956	802.42	1.04281	3.26	0
1176	17:30:13.66	19.7855	14.63532	21.60	35.77	0.9	0.691674	15.2621	1.29956	802.44	1.04283	3.26	0
1177	17:30:13.96	19.7870	14.63490	21.60	35.77	0.9	0.691650	15.2619	1.29960	802.44	1.04284	3.26	0
1178	17:30:14.26	19.7845	14.63560	21.60	35.77	0.9	0.691686	15.2621	1.29956	802.44	1.04281	3.26	0
1179	17:30:14.56	19.7815	14.63630	21.60	35.77	0.9	0.691722	15.2626	1.29956	802.42	1.04279	3.26	0
1180	17:30:14.86	19.7825	14.63609	21.60	35.77	0.9	0.691710	15.2630	1.29956	802.44	1.04284	3.26	0
1181	17:30:15.16	19.7795	14.63693	21.60	35.77	0.9	0.691746	15.2630	1.29956	802.42	1.04278	3.26	0
1182	17:30:15.46	19.7790	14.63707	21.60	35.77	0.9	0.691752	15.2630	1.29952	802.42	1.04277	3.26	0
1183	17:30:15.76	19.7785	14.63714	21.60	35.77	0.9	0.691758	15.2635	1.29956	802.42	1.04279	3.26	0
1184	17:30:16.06	19.7780	14.63721	21.60	35.77	0.9	0.691758	15.2636	1.29956	802.44	1.04279	3.26	0
1185	17:30:16.36	19.7755	14.63784	21.60	35.77	0.9	0.691794	15.2642	1.29956	802.42	1.04279	3.26	0
1186	17:30:16.66	19.7760	14.63777	21.60	35.77	0.9	0.691788	15.2644	1.29956	802.44	1.04281	3.26	0
1187	17:30:16.96	19.7775	14.63735	21.60	35.77	0.9	0.691770	15.2641	1.29956	802.44	1.04282	3.26	0
1188	17:30:17.26	19.7810	14.63644	21.60	35.77	0.9	0.691728	15.2635	1.29956	802.46	1.04284	3.26	0
1189	17:30:17.56	19.7810	14.63644	21.60	35.77	0.9	0.691728	15.2635	1.29956	802.46	1.04284	3.26	0
1190	17:30:17.86	19.7790	14.63693	21.60	35.77	0.9	0.691752	15.2632	1.29952	802.42	1.04279	3.26	0
1191	17:30:18.16	19.7790	14.63700	21.60	35.77	0.9	0.691752	15.2631	1.29956	802.42	1.04278	3.26	0
1192	17:30:18.46	19.7785	14.63714	21.60	35.77	0.9	0.691758	15.2631	1.29952	802.42	1.04276	3.26	0
1193	17:30:18.76	19.7830	14.63595	21.60	35.77	0.9	0.691704	15.2624	1.29952	802.44	1.04280	3.26	0
1194	17:30:19.06	19.7810	14.63644	21.60	35.77	0.9	0.691728	15.2624	1.29952	802.42	1.04277	3.26	0
1195	17:30:19.36	19.7820	14.63616	21.60	35.77	0.9	0.691710	15.2621	1.29952	802.42	1.04277	3.26	0
1196	17:30:19.66	19.7835	14.63588	21.60	35.77	0.9	0.691698	15.2624	1.29956	802.44	1.04281	3.26	0
1197	17:30:19.96	19.7810	14.63644	21.60	35.77	0.9	0.691722	15.2622	1.29952	802.42	1.04276	3.26	0
1198	17:30:20.26	19.7825	14.63609	21.60	35.77	0.9	0.691710	15.2623	1.29956	802.42	1.04279	3.26	0
1199	17:30:20.56	19.7820	14.63616	21.60	35.77	0.9	0.691710	15.2627	1.29956	802.42	1.04280	3.26	0
1200	17:30:20.86	19.7805	14.63658	21.60	35.77	0.9	0.691734	15.2626	1.29952	802.42	1.04277	3.26	0
1201	17:30:21.16	19.7840	14.63574	21.60	35.77	0.9	0.691692	15.2621	1.29956	802.44	1.04280	3.26	0
1202	17:30:21.46	19.7835	14.63581	21.60	35.77	0.9	0.691692	15.2623	1.29956	802.44	1.04281	3.26	0
1203	17:30:21.76	19.7850	14.63546	21.60	35.77	0.9	0.691680	15.2620	1.29956	802.44	1.04281	3.26	0
1204	17:30:22.06	19.7845	14.63560	21.60	35.77	0.9	0.691686	15.2619	1.29956	802.42	1.04279	3.26	0
1205	17:30:22.36	19.7840	14.63574	21.60	35.77	0.9	0.691692	15.2619	1.29956	802.42	1.04278	3.26	0
1206	17:30:22.66	19.7820	14.63623	21.60	35.77	0.9	0.691716	15.2627	1.29956	802.44	1.04281	3.26	0
1207	17:30:22.96	19.7815	14.63637	21.60	35.77	0.9	0.691722	15.2625	1.29956	802.42	1.04278	3.26	0
1208	17:30:23.26	19.7810	14.63651	21.60	35.77	0.9	0.691728	15.2623	1.29952	802.42	1.04276	3.26	0
1209	17:30:23.56	19.7810	14.63644	21.60	35.77	0.9	0.691728	15.2629	1.29956	802.44	1.04280	3.26	0
1210	17:30:23.86	19.7785	14.63714	21.60	35.77	0.9	0.691758	15.2635	1.29956	802.42	1.04279	3.26	0
1211	17:30:24.16	19.7775	14.63735	21.60	35.77	0.9	0.691770	15.2642	1.29956	802.44	1.04282	3.26	0
1212	17:30:24.46	19.7775	14.63735	21.60	35.77	0.9	0.691770	15.2638	1.29956	802.44	1.04280	3.26	0
1213	17:30:24.76	19.7770	14.63749	21.60	35.77	0.9	0.691776	15.2643	1.29956	802.44	1.04283	3.26	0
1214	17:30:25.06	19.7765	14.63763	21.60	35.77	0.9	0.691782	15.2643	1.29956	802.42	1.04281	3.26	0
1215	17:30:25.36	19.7765	14.63763	21.60	35.77	0.9	0.691782	15.2649	1.29960	802.44	1.04285	3.26	0
1216	17:30:25.66	19.7740	14.63826	21.60	35.77	0.9	0.691812	15.2650	1.29956	802.44	1.04282	3.26	0
1217	17:30:25.96	19.7710	14.63903	21.60	35.77	0.9	0.691848	15.2657	1.29956	802.44	1.04281	3.26	0
1218	17:30:26.26	19.7715	14.63889	21.60	35.77	0.9	0.691842	15.2656	1.29956	802.44	1.04281	3.26	0
1219	17:30:26.56	19.7735	14.63847	21.60	35.77	0.9	0.691818	15.2655	1.29956	802.44	1.04284	3.26	0
1220	17:30:26.86	19.7720	14.63882	21.60	35.77	0.9	0.691836	15.2655	1.29956	802.44	1.04281	3.26	0
1221	17:30:27.16	19.7705	14.63910	21.60	35.77	0.9	0.691854	15.2661	1.29956	802.44	1.04283	3.26	0
1222	17:30:27.46	19.7710	14.63910	21.60	35.77	0.9	0.691848	15.2657	1.29956	802.44	1.04281	3.26	0
1223	17:30:27.76	19.7695	14.63952	21.60	35.77	0.9	0.691872	15.2657	1.29952	802.42	1.04278	3.26	0
1224	17:30:28.06	19.7690	14.63952	21.60	35.77	0.9	0.691872	15.2665	1.29956	802.44	1.04283	3.26	0
1225	17:30:28.36	19.7675	14.63987	21.60	35.77	0.9	0.691890	15.2664	1.29956	802.44	1.04279	3.26	0
1226	17:30:28.66	19.7675	14.63987	21.60	35.77	0.9	0.691890	15.2666	1.29956	802.44	1.04281	3.26	0
1227	17:30:28.96	19.7665	14.64015	21.60	35.77	0.9	0.691902	15.2668	1.29956	802.44	1.04280	3.26	0
1228	17:30:29.26	19.7660	14.64036	21.60	35.77	0.9	0.691908	15.2668	1.29956	802.42	1.04279	3.26	0
1229	17:30:29.56	19.7660	14.64029	21.60	35.77	0.9	0.691908	15.2669	1.29956	802.42	1.04280	3.26	0
1230	17:30:29.86	19.7655	14.64050	21.60	35.77	0.9	0.691920	15.2670	1.29956	802.42	1.04279	3.26	0
1231	17:30:30.16	19.7660	14.64029	21.60	35.77	0.9	0.691908	15.2666	1.29956	802.42	1.04278	3.26	0
1232	17:30:30.46	19.7665	14.64022	21.60	35.77	0.9	0.691902	15.2670	1.29956	802.44	1.04281	3.26	0
1233	17:30:30.76	19.7685	14.63973	21.60	35.77	0.9	0.691878	15.2659	1.29956	802.42	1.04278	3.26	0
1234	17:30:31.06	19.7685	14.63966	21.60	35.77	0.9	0.691878	15.2660	1.29952	802.44	1.04278	3.26	0
1235	17:30:31.36	19.7680	14.63973	21.60	35.77	0.9	0.691884	15.2668	1.29960	802.44	1.04283	3.26	0
1236	17:30:31.66	19.7675	14.63987	21.60	35.77	0.9	0.691890	15.2664	1.29956	802.42	1.04280	3.26	0
1237	17:30:31.96	19.7700	14.63931	21.60	35.77	0.9	0.691860	15.2665	1.29956	802.44	1.04284	3.26	0
1238	17:30:32.26	19.7720	14.63882	21.60	35.77	0.9	0.691836	15.2660	1.29956	802.46	1.04285	3.26	0
1239	17:30:32.56	19.7715	14.63889	21.60	35.77	0.9	0.691842	15.2653	1.29956	802.42	1.04279	3.26	0
1240	17:30:32.86	19.7715	14.63889	21.60	35.77	0.9	0.691842	15.2656	1.29956	802.44	1.04281	3.26	0
1241	17:30:33.16	19.7765	14.63763	21.60	35.77	0.9	0.691782	15.2647	1.29956	802.44	1.04284	3.26	0
1242	17:30:33.46	19.7730	14.63854	21.60	35.77	0.9	0.691824	15.2653	1.29956	802.44	1.04282	3.26	0
1243	17:30:33.76	19.7715	14.63882	21.60	35.77	0.9	0.691842	15.2654	1.29956	802.44	1.04280	3.26	0
1244	17:30:34.06	19.7680	14.63973	21.60	35.77	0.9	0.691884	15.2656	1.29952	802.42	1.04275	3.26	0
1245	17:30:34.36	19.7690	14.63952	21.60	35.77	0.9	0.691872	15.2662	1.29956	802.42	1.04280	3.26	0
1246	17:30:34.66	19.7680	14.63980	21.60	35.77	0.9	0.691884	15.2660	1.29956	802.42	1.04278	3.26	0
1247	17:30:34.96	19.7675	14.63994	21.60	35.77	0.9	0.691890	15.2663	1.29956	802.42	1.04279	3.26	0
1248	17:30:35.26	19.7640	14.64085	21.60	35.77	0.9	0.691932	15.2671	1.29952	802.42	1.04277	3.26	0
1249	17:30:35.56	19.7675	14.63994	21.60	35.77	0.9	0.691890	15.2662	1.29952	802.42	1.04278	3.26	0
1250	17:30:35.86	19.7640	14.64085	21.60	35.77	0.9	0.691932	15.2670	1.29952	802.42	1.04276	3.26	0
1251	17:30:36.16	19.7645	14.64071	21.60	35.77	0.9	0.691926	15.2673	1.29956	802.44	1.04280	3.26	0
1252	17:30:36.46	19.7665	14.64022	21.60	35.77	0.9	0.691902	15.2665	1.29956	802.42	1.04278	3.26	0
1253	17:30:36.76	19.7645	14.64071	21.60	35.77	0.9	0.691926	15.2673	1.29956	802.44	1.04280	3.26	0
1254	17:30:37.06	19.7610	14.64155	21.60	35.77	0.9	0.691968	15.2680	1.29956	802.42	1.04278	3.26	0
1255	17:30:37.36	19.7655	14.64050	21.60	35.77	0.9	0.691920	15.2676	1.29956	802.44	1.04283	3.26	0
1256	17:30:37.66	19.7610	14.64162	21.60	35.77	0.9	0.691968	15.2679	1.29952	802.42	1.04278	3.26	0
1257	17:30:37.96	19.7585	14.64225	21.60	35.77	0.9	0.691998	15.2681	1.29948	802.42	1.04275	3.26	0
1258	17:30:38.26	19.7620	14.64134	21.60	35.77	0.9	0.691956	15.2683	1.29956	802.44	1.04282	3.26	0
1259	17:30:38.56	19.7615	14.64148	21.60	35.77	0.9	0.691962	15.2680	1.29956	802.42	1.04279	3.26	0
1260	17:30:38.86	19.7575	14.64246	21.60	35.77	0.9	0.692010	15.2686	1.29952	802.40	1.04276	3.26	0
1261	17:30:39.16	19.7580	14.64239	21.60	35.77	0.9	0.692004	15.2689	1.29956	802.42	1.04279	3.26	0
1262	17:30:39.46	19.7555	14.64302	21.60	35.77	0.9	0.692034	15.2698	1.29956	802.44	1.04281	3.26	0
1263	17:30:39.76	19.7535	14.64351	21.60	35.77	0.9	0.692058	15.2703	1.29956	802.44	1.04280	3.26	0
1264	17:30:40.06	19.7565	14.64274	21.60	35.77	0.9	0.692022	15.2699	1.29956	802.44	1.04283	3.26	0
1265	17:30:40.36	19.7590	14.64211	21.60	35.77	0.9	0.691992	15.2687	1.29956	802.42	1.04279	3.26	0
1266	17:30:40.66	19.7585	14.64225	21.60	35.77	0.9	0.691998	15.2687	1.29956	802.42	1.04278	3.26	0
1267	17:30:40.96	19.7565	14.64274	21.60	35.77	0.9	0.692022	15.2687	1.29952	802.40	1.04275	3.26	0
1268	17:30:41.26	19.7605	14.64183	21.60	35.77	0.9	0.691980	15.2682	1.29952	802.42	1.04278	3.26	0
1269	17:30:41.56	19.7595	14.64204	21.60	35.77	0.9	0.691992	15.2687	1.29956	802.42	1.04279	3.26	0
1270	17:30:41.86	19.7600	14.64190	21.60	35.77	0.9	0.691986	15.2691	1.29960	802.44	1.04284	3.26	0
1271	17:30:42.16	19.7575	14.64246	21.60	35.77	0.9	0.692010	15.2697	1.29956	802.44	1.04283	3.26	0
1272	17:30:42.46	19.7545	14.64330	21.60	35.77	0.9	0.692052	15.2702	1.29956	802.44	1.04281	3.26	0
1273	17:30:42.76	19.7525	14.64379	21.60	35.77	0.9	0.692070	15.2704	1.29952	802.44	1.04279	3.26	0
1274	17:30:43.06	19.7555	14.64309	21.60	35.77	0.9	0.692040	15.2697	1.29956	802.42	1.04279	3.26	0
1275	17:30:43.36	19.7540	14.64344	21.60	35.77	0.9	0.692058	15.2702	1.29956	802.42	1.04280	3.26	0
1276	17:30:43.66	19.7520	14.64386	21.60	35.77	0.9	0.692076	15.2706	1.29956	802.42	1.04280	3.26	0
1277	17:30:43.96	19.7520	14.64393	21.60	35.77	0.9	0.692082	15.2708	1.29956	802.44	1.04281	3.26	0
1278	17:30:44.26	19.7515	14.64407	21.60	35.77	0.9	0.692088	15.2706	1.29956	802.42	1.04278	3.26	0
1279	17:30:44.56	19.7550	14.64323	21.60	35.77	0.9	0.692046	15.2705	1.29956	802.44	1.04284	3.26	0
1280	17:30:44.86	19.7505	14.64428	21.60	35.77	0.9	0.692094	15.2710	1.29956	802.42	1.04280	3.26	0
1281	17:30:45.16	19.7525	14.64372	21.60	35.77	0.9	0.692070	15.2702	1.29956	802.42	1.04278	3.26	0
1282	17:30:45.46	19.7555	14.64302	21.60	35.77	0.9	0.692040	15.2698	1.29956	802.44	1.04281	3.26	0
1283	17:30:45.76	19.7535	14.64358	21.60	35.77	0.9	0.692064	15.2696	1.29952	802.40	1.04275	3.26	0
1284	17:30:46.06	19.7550	14.64316	21.60	35.77	0.9	0.692040	15.2695	1.29956	802.42	1.04278	3.26	0
1285	17:30:46.36	19.7535	14.64358	21.60	35.77	0.9	0.692064	15.2704	1.29956	802.42	1.04281	3.26	0
1286	17:30:46.66	19.7550	14.64316	21.60	35.77	0.9	0.692040	15.2704	1.29960	802.44	1.04284	3.26	0
1287	17:30:46.96	19.7520	14.64386	21.60	35.77	0.9	0.692076	15.2701	1.29952	802.42	1.04276	3.26	0
1288	17:30:47.26	19.7515	14.64414	21.60	35.77	0.9	0.692088	15.2701	1.29952	802.42	1.04275	3.26	0
1289	17:30:47.55	19.7515	14.64407	21.60	35.77	0.9	0.692088	15.2706	1.29956	802.42	1.04279	3.26	0
1290	17:30:47.86	19.7510	14.64421	21.60	35.77	0.9	0.692094	15.2704	1.29952	802.42	1.04276	3.26	0
1291	17:30:48.16	19.7485	14.64477	21.60	35.77	0.9	0.692118	15.2714	1.29956	802.42	1.04278	3.26	0
1292	17:30:48.46	19.7500	14.64449	21.60	35.77	0.9	0.692106	15.2713	1.29956	802.44	1.04281	3.26	0
1293	17:30:48.76	19.7460	14.64554	21.60	35.77	0.9	0.692154	15.2714	1.29952	802.40	1.04273	3.26	0
1294	17:30:49.06	19.7485	14.64477	21.60	35.77	0.9	0.692118	15.2713	1.29952	802.42	1.04278	3.26	0
1295	17:30:49.36	19.7480	14.64491	21.60	35.77	0.9	0.692124	15.2718	1.29956	802.44	1.04280	3.26	0
1296	17:30:49.66	19.7510	14.64421	21.60	35.77	0.9	0.692094	15.2711	1.29956	802.44	1.04281	3.26	0
1297	17:30:49.96	19.7500	14.64442	21.60	35.77	0.9	0.692100	15.2709	1.29956	802.42	1.04278	3.26	0
1298	17:30:50.26	19.7510	14.64414	21.60	35.77	0.9	0.692088	15.2706	1.29956	802.42	1.04278	3.26	0
1299	17:30:50.56	19.7495	14.64449	21.60	35.77	0.9	0.692106	15.2710	1.29956	802.42	1.04278	3.26	0
1300	17:30:50.85	19.7475	14.64505	21.60	35.77	0.9	0.692130	15.2715	1.29952	802.42	1.04278	3.26	0
1301	17:30:51.15	19.7485	14.64484	21.60	35.77	0.9	0.692124	15.2712	1.29952	802.42	1.04277	3.26	0
1302	17:30:51.46	19.7440	14.64596	21.60	35.77	0.9	0.692178	15.2712	1.29948	802.38	1.04269	3.26	0
1303	17:30:51.76	19.7430	14.64624	21.60	35.77	0.9	0.692190	15.2722	1.29952	802.40	1.04275	3.26	0
1304	17:30:52.06	19.7435	14.64610	21.60	35.77	0.9	0.692184	15.2720	1.29952	802.42	1.04273	3.26	0
1305	17:30:52.36	19.7490	14.64477	21.60	35.77	0.9	0.692118	15.2717	1.29956	802.44	1.04281	3.26	0
1306	17:30:52.66	19.7505	14.64435	21.60	35.77	0.9	0.692100	15.2709	1.29956	802.42	1.04278	3.26	0
1307	17:30:52.95	19.7510	14.64421	21.60	35.77	0.9	0.692094	15.2710	1.29956	802.44	1.04280	3.26	0
1308	17:30:53.26	19.7500	14.64442	21.60	35.77	0.9	0.692106	15.2706	1.29952	802.42	1.04275	3.26	0
1309	17:30:53.56	19.7490	14.64470	21.60	35.77	0.9	0.692118	15.2712	1.29956	802.42	1.04278	3.26	0
1310	17:30:53.86	19.7520	14.64393	21.60	35.77	0.9	0.692076	15.2699	1.29952	802.42	1.04275	3.26	0
1311	17:30:54.16	19.7515	14.64414	21.60	35.77	0.9	0.692088	15.2701	1.29952	802.40	1.04275	3.26	0
1312	17:30:54.46	19.7500	14.64442	21.60	35.77	0.9	0.692100	15.2705	1.29952	802.40	1.04275	3.26	0
1313	17:30:54.76	19.7530	14.64372	21.60	35.77	0.9	0.692070	15.2700	1.29952	802.42	1.04277	3.26	0
1314	17:30:55.06	19.7495	14.64463	21.60	35.77	0.9	0.692112	15.2705	1.29952	802.40	1.04274	3.26	0
1315	17:30:55.36	19.7510	14.64421	21.60	35.77	0.9	0.692094	15.2710	1.29956	802.42	1.04280	3.26	0
1316	17:30:55.65	19.7525	14.64386	21.60	35.77	0.9	0.692076	15.2707	1.29956	802.42	1.04281	3.26	0
1317	17:30:55.95	19.7505	14.64428	21.60	35.77	0.9	0.692094	15.2708	1.29956	802.42	1.04279	3.26	0
1318	17:30:56.26	19.7475	14.64512	21.60	35.77	0.9	0.692136	15.2719	1.29956	802.44	1.04280	3.26	0
1319	17:30:56.56	19.7475	14.64505	21.60	35.77	0.9	0.692136	15.2720	1.29956	802.44	1.04281	3.26	0
1320	17:30:56.86	19.7475	14.64505	21.60	35.77	0.9	0.692136	15.2718	1.29956	802.42	1.04280	3.26	0
1321	17:30:57.15	19.7455	14.64561	21.60	35.77	0.9	0.692160	15.2719	1.29952	802.42	1.04276	3.26	0
1322	17:30:57.46	19.7460	14.64540	21.60	35.77	0.9	0.692148	15.2717	1.29952	802.42	1.04276	3.26	0
1323	17:30:57.76	19.7430	14.64624	21.60	35.77	0.9	0.692190	15.2725	1.29952	802.42	1.04276	3.26	0
1324	17:30:58.06	19.7455	14.64561	21.60	35.77	0.9	0.692160	15.2725	1.29956	802.42	1.04280	3.26	0
1325	17:30:58.36	19.7420	14.64645	21.60	35.77	0.9	0.692196	15.2725	1.29952	802.40	1.04274	3.26	0
1326	17:30:58.65	19.7435	14.64617	21.60	35.77	0.9	0.692184	15.2726	1.29952	802.42	1.04278	3.26	0
1327	17:30:58.95	19.7440	14.64603	21.60	35.77	0.9	0.692178	15.2720	1.29952	802.40	1.04274	3.26	0
1328	17:30:59.26	19.7455	14.64554	21.60	35.77	0.9	0.692160	15.2718	1.29952	802.42	1.04276	3.26	0
1329	17:30:59.56	19.7435	14.64610	21.60	35.77	0.9	0.692178	15.2718	1.29952	802.40	1.04272	3.26	0
1330	17:30:59.86	19.7460	14.64547	21.60	35.77	0.9	0.692154	15.2719	1.29952	802.42	1.04277	3.26	0
1331	17:31:00.16	19.7490	14.64470	21.60	35.77	0.9	0.692118	15.2711	1.29952	802.42	1.04278	3.26	0
1332	17:31:00.45	19.7515	14.64407	21.60	35.77	0.9	0.692088	15.2701	1.29952	802.40	1.04275	3.26	0
1333	17:31:00.76	19.7500	14.64442	21.60	35.77	0.9	0.692100	15.2712	1.29956	802.42	1.04280	3.26	0
1334	17:31:01.06	19.7485	14.64484	21.60	35.77	0.9	0.692124	15.2715	1.29952	802.44	1.04279	3.26	0
1335	17:31:01.35	19.7460	14.64554	21.60	35.77	0.9	0.692154	15.2716	1.29952	802.40	1.04275	3.26	0
1336	17:31:01.65	19.7460	14.64554	21.60	35.77	0.9	0.692154	15.2722	1.29956	802.42	1.04279	3.26	0
1337	17:31:01.95	19.7430	14.64631	21.60	35.77	0.9	0.692190	15.2735	1.29956	802.44	1.04282	3.26	0
1338	17:31:02.26	19.7390	14.64729	21.60	35.77	0.9	0.692238	15.2741	1.29952	802.44	1.04279	3.26	0
1339	17:31:02.56	19.7390	14.64729	21.60	35.77	0.9	0.692238	15.2743	1.29956	802.42	1.04281	3.26	0
1340	17:31:02.85	19.7375	14.64764	21.60	35.77	0.9	0.692256	15.2746	1.29956	802.44	1.04281	3.26	0
1341	17:31:03.15	19.7360	14.64806	21.60	35.77	0.9	0.692274	15.2749	1.29956	802.42	1.04279	3.26	0
1342	17:31:03.45	19.7345	14.64841	21.60	35.77	0.9	0.692292	15.2751	1.29956	802.42	1.04278	3.26	0
1343	17:31:03.75	19.7355	14.64813	21.60	35.77	0.9	0.692280	15.2747	1.29956	802.42	1.04278	3.26	0
1344	17:31:04.05	19.7370	14.64778	21.60	35.77	0.9	0.692262	15.2746	1.29956	802.42	1.04279	3.26	0
1345	17:31:04.35	19.7335	14.64869	21.60	35.77	0.9	0.692304	15.2748	1.29952	802.40	1.04274	3.26	0
1346	17:31:04.65	19.7360	14.64806	21.60	35.77	0.9	0.692274	15.2747	1.29956	802.42	1.04278	3.26	0
1347	17:31:04.95	19.7350	14.64834	21.60	35.77	0.9	0.692286	15.2750	1.29952	802.42	1.04278	3.26	0
1348	17:31:05.26	19.7335	14.64876	21.59	35.77	0.9	0.692304	15.2752	1.29952	802.42	1.04276	3.26	0
1349	17:31:05.55	19.7330	14.64897	21.59	35.77	0.9	0.692316	15.2755	1.29952	802.42	1.04278	3.26	0
1350	17:31:05.86	19.7310	14.64932	21.60	35.77	0.9	0.692334	15.2757	1.29952	802.40	1.04276	3.26	0
1351	17:31:06.15	19.7335	14.64869	21.60	35.77	0.9	0.692304	15.2753	1.29956	802.42	1.04278	3.26	0
1352	17:31:06.45	19.7330	14.64883	21.60	35.77	0.9	0.692310	15.2752	1.29952	802.42	1.04276	3.26	0
1353	17:31:06.75	19.7320	14.64897	21.60	35.80	0.9	0.692322	15.2752	1.29952	802.40	1.04275	3.26	0
1354	17:31:07.05	19.7295	14.64967	21.60	35.80	0.9	0.692352	15.2763	1.29952	802.42	1.04278	3.26	0
1355	17:31:07.35	19.7290	14.64988	21.60	35.77	0.9	0.692358	15.2762	1.29956	802.40	1.04276	3.26	0
1356	17:31:07.65	19.7280	14.65002	21.60	35.77	0.9	0.692370	15.2765	1.29952	802.42	1.04276	3.26	0
1357	17:31:07.95	19.7270	14.65030	21.60	35.80	0.9	0.692382	15.2775	1.29956	802.42	1.04281	3.26	0
1358	17:31:08.25	19.7250	14.65093	21.59	35.80	0.9	0.692412	15.2776	1.29952	802.42	1.04277	3.26	0
1359	17:31:08.56	19.7295	14.64981	21.59	35.80	0.9	0.692358	15.2770	1.29956	802.44	1.04281	3.26	0
1360	17:31:08.85	19.7240	14.65107	21.60	35.80	0.9	0.692418	15.2776	1.29956	802.40	1.04276	3.26	0
1361	17:31:09.15	19.7310	14.64939	21.60	35.80	0.9	0.692340	15.2770	1.29960	802.44	1.04285	3.26	0
1362	17:31:09.46	19.7280	14.65009	21.59	35.80	0.9	0.692370	15.2772	1.29956	802.44	1.04281	3.26	0
1363	17:31:09.75	19.7290	14.64995	21.59	35.80	0.9	0.692364	15.2767	1.29956	802.42	1.04278	3.26	0
1364	17:31:10.06	19.7275	14.65023	21.60	35.80	0.9	0.692376	15.2770	1.29956	802.42	1.04278	3.26	0
1365	17:31:10.35	19.7270	14.65030	21.60	35.80	0.9	0.692382	15.2767	1.29952	802.40	1.04276	3.26	0
1366	17:31:10.65	19.7255	14.65079	21.60	35.80	0.9	0.692406	15.2766	1.29952	802.40	1.04272	3.26	0
1367	17:31:10.95	19.7255	14.65079	21.60	35.80	0.9	0.692406	15.2775	1.29952	802.42	1.04278	3.26	0
1368	17:31:11.25	19.7255	14.65079	21.60	35.80	0.9	0.692406	15.2779	1.29956	802.44	1.04281	3.26	0
1369	17:31:11.55	19.7275	14.65016	21.60	35.80	0.9	0.692376	15.2774	1.29956	802.42	1.04281	3.26	0
1370	17:31:11.86	19.7240	14.65121	21.59	35.80	0.9	0.692424	15.2771	1.29952	802.40	1.04272	3.26	0
1371	17:31:12.15	19.7260	14.65065	21.59	35.80	0.9	0.692394	15.2776	1.29956	802.42	1.04279	3.26	0
1372	17:31:12.45	19.7235	14.65128	21.59	35.80	0.9	0.692424	15.2784	1.29956	802.44	1.04281	3.26	0
1373	17:31:12.75	19.7210	14.65191	21.59	35.80	0.9	0.692454	15.2784	1.29952	802.42	1.04276	3.26	0
1374	17:31:13.05	19.7265	14.65058	21.59	35.80	0.9	0.692388	15.2778	1.29956	802.42	1.04281	3.26	0
1375	17:31:13.36	19.7250	14.65086	21.59	35.80	0.9	0.692406	15.2779	1.29956	802.44	1.04280	3.26	0
1376	17:31:13.66	19.7250	14.65093	21.59	35.80	0.9	0.692412	15.2776	1.29952	802.42	1.04277	3.26	0
1377	17:31:13.96	19.7255	14.65079	21.59	35.80	0.9	0.692400	15.2775	1.29956	802.42	1.04278	3.26	0
1378	17:31:14.26	19.7275	14.65023	21.59	35.80	0.9	0.692376	15.2779	1.29960	802.44	1.04284	3.26	0
1379	17:31:14.55	19.7225	14.65149	21.59	35.80	0.9	0.692436	15.2780	1.29952	802.42	1.04276	3.26	0
1380	17:31:14.85	19.7250	14.65093	21.59	35.80	0.9	0.692412	15.2775	1.29956	802.40	1.04276	3.26	0
1381	17:31:15.15	19.7240	14.65107	21.59	35.80	0.9	0.692418	15.2779	1.29952	802.42	1.04278	3.26	0
1382	17:31:15.45	19.7265	14.65058	21.59	35.80	0.9	0.692394	15.2776	1.29956	802.42	1.04280	3.26	0
1383	17:31:15.76	19.7215	14.65184	21.59	35.80	0.9	0.692448	15.2780	1.29952	802.40	1.04274	3.26	0
1384	17:31:16.05	19.7230	14.65142	21.59	35.80	0.9	0.692436	15.2782	1.29956	802.42	1.04278	3.26	0
1385	17:31:16.35	19.7215	14.65184	21.59	35.80	0.9	0.692454	15.2784	1.29952	802.42	1.04276	3.26	0
1386	17:31:16.65	19.7220	14.65163	21.59	35.80	0.9	0.692442	15.2783	1.29956	802.42	1.04278	3.26	0
1387	17:31:16.95	19.7225	14.65156	21.59	35.80	0.9	0.692436	15.2783	1.29956	802.42	1.04278	3.26	0
1388	17:31:17.26	19.7205	14.65205	21.59	35.80	0.9	0.692460	15.2785	1.29952	802.40	1.04276	3.26	0
1389	17:31:17.55	19.7200	14.65219	21.59	35.80	0.9	0.692466	15.2788	1.29952	802.42	1.04277	3.26	0
1390	17:31:17.85	19.7175	14.65289	21.59	35.80	0.9	0.692502	15.2794	1.29952	802.42	1.04275	3.26	0
1391	17:31:18.15	19.7135	14.65380	21.59	35.80	0.9	0.692544	15.2801	1.29952	802.40	1.04274	3.26	0
1392	17:31:18.45	19.6900	14.65989	21.59	35.80	0.9	0.692832	15.2860	1.29948	802.40	1.04271	3.26	0
1393	17:31:18.75	19.6860	14.66094	21.59	35.80	0.9	0.692880	15.2881	1.29952	802.42	1.04278	3.26	0
1394	17:31:19.06	19.6840	14.66143	21.59	35.80	0.9	0.692904	15.2883	1.29952	802.42	1.04276	3.26	0
1395	17:31:19.35	19.6895	14.66003	21.59	35.80	0.9	0.692838	15.2872	1.29956	802.42	1.04278	3.26	0
1396	17:31:19.65	19.6905	14.65982	21.59	35.80	0.9	0.692832	15.2872	1.29956	802.42	1.04280	3.26	0
1397	17:31:19.95	19.6810	14.66213	21.59	35.80	0.9	0.692940	15.2894	1.29952	802.42	1.04278	3.26	0
1398	17:31:20.25	19.6715	14.66465	21.59	35.80	0.9	0.693054	15.2925	1.29956	802.44	1.04282	3.26	0
1399	17:31:20.55	19.6685	14.66549	21.59	35.80	0.9	0.693096	15.2923	1.29952	802.42	1.04275	3.26	0
1400	17:31:20.85	19.6655	14.66626	21.59	35.80	0.9	0.693132	15.2935	1.29952	802.42	1.04277	3.26	0
1401	17:31:21.15	19.6685	14.66542	21.59	35.80	0.9	0.693090	15.2926	1.29952	802.42	1.04277	3.26	0
1402	17:31:21.45	19.6365	14.67368	21.59	35.80	0.9	0.693486	15.3006	1.29952	802.40	1.04272	3.26	0
1403	17:31:21.75	19.3930	14.73633	21.59	35.84	0.9	0.696444	15.3670	1.29952	802.46	1.04279	3.26	0
1404	17:31:22.06	18.7640	14.89803	21.59	35.84	0.9	0.704088	15.5382	1.29956	802.56	1.04297	3.26	0
1405	17:31:22.35	17.5900	15.20596	21.59	35.84	0.9	0.718638	15.8626	1.29952	802.74	1.04318	3.26	0
1406	17:31:22.65	15.8290	15.68336	21.59	35.84	0.9	0.741204	16.3659	1.29948	803.02	1.04352	3.26	0
1407	17:31:22.95	13.9000	16.23230	21.59	35.84	0.9	0.767148	16.9457	1.29952	803.34	1.04395	3.26	0
1408	17:31:23.25	11.9435	16.81967	21.59	35.84	0.9	0.794904	17.5661	1.29952	803.68	1.04438	3.26	0
1409	17:31:23.55	10.1440	17.41019	21.59	35.87	0.9	0.822816	18.1896	1.29952	803.96	1.04476	3.26	0
1410	17:31:23.85	8.4505	17.95822	21.59	35.87	0.9	0.848718	18.7699	1.29952	804.30	1.04520	3.26	0
1411	17:31:24.15	6.9730	18.45774	21.59	35.94	0.9	0.872328	19.2973	1.29948	804.54	1.04549	3.26	0
1412	17:31:24.45	5.7285	18.89692	21.59	35.94	0.9	0.893082	19.7619	1.29948	804.76	1.04578	3.26	0
1413	17:31:24.75	4.7110	19.26869	21.59	36.07	0.9	0.910662	20.1545	1.29944	804.94	1.04597	3.26	0
1414	17:31:25.05	3.8600	19.58957	21.59	36.07	0.9	0.925824	20.4948	1.29948	805.10	1.04621	3.26	0
1415	17:31:25.35	3.1650	19.85774	21.59	36.24	0.9	0.938508	20.7796	1.29948	805.26	1.04642	3.26	0
1416	17:31:25.65	2.5995	20.08076	21.59	36.24	0.9	0.949050	21.0160	1.29948	805.38	1.04657	3.26	0
1417	17:31:25.95	2.1070	20.27802	21.59	36.40	0.9	0.958380	21.2250	1.29948	805.48	1.04670	3.26	0
1418	17:31:26.25	1.7190	20.43559	21.59	36.40	0.9	0.965826	21.3919	1.29948	805.56	1.04680	3.26	0
1419	17:31:26.55	1.4195	20.55851	21.59	36.53	0.9	0.971646	21.5221	1.29948	805.62	1.04687	3.26	0
1420	17:31:26.85	1.1670	20.66421	21.59	36.53	0.9	0.976644	21.6348	1.29948	805.68	1.04697	3.26	0
1421	17:31:27.15	0.9715	20.74863	21.59	36.73	0.9	0.980646	21.7238	1.29948	805.70	1.04700	3.26	0
1422	17:31:27.45	0.8105	20.82122	21.59	36.73	0.9	0.984072	21.8000	1.29944	805.74	1.04701	3.26	0
1423	17:31:27.75	0.6830	20.87673	21.59	36.86	0.9	0.986706	21.8591	1.29944	805.76	1.04705	3.26	0
1424	17:31:28.05	0.5740	20.92293	21.59	36.86	0.9	0.988890	21.9082	1.29948	805.78	1.04710	3.26	0
1425	17:31:28.35	0.4795	20.96283	21.59	36.99	1.0	0.990780	21.9507	1.29948	805.82	1.04713	3.26	0
1426	17:31:28.65	0.4065	20.99293	21.59	36.99	1.0	0.992202	21.9833	1.29948	805.84	1.04717	3.26	0
1427	17:31:28.95	0.3415	21.01981	21.59	37.16	1.0	0.993486	22.0112	1.29948	805.84	1.04717	3.26	0
1428	17:31:29.25	0.2945	21.03913	21.59	37.16	1.0	0.994398	22.0326	1.29948	805.88	1.04722	3.26	0
1429	17:31:29.55	0.2555	21.05516	21.59	37.26	1.0	0.995160	22.0498	1.29948	805.88	1.04724	3.26	0
1430	17:31:29.86	0.2200	21.06944	21.59	37.26	1.0	0.995838	22.0649	1.29948	805.88	1.04725	3.26	0
1431	17:31:30.15	0.1920	21.08057	21.59	37.36	1.0	0.996372	22.0765	1.29948	805.88	1.04724	3.26	0
1432	17:31:30.45	0.1710	21.08904	21.58	37.36	1.0	0.996768	22.0852	1.29948	805.88	1.04723	3.26	0
1433	17:31:30.76	0.1515	21.09660	21.58	37.46	1.0	0.997128	22.0933	1.29948	805.90	1.04725	3.26	0
