2227	16:49:16.10	0.0375	20.53247	22.10	36.91	1.0	0.999282	19.8106	1.24720	773.60	0.96484	3.28	0
2228	16:49:16.40	0.0390	20.53198	22.10	36.91	1.0	0.999258	19.8108	1.24724	773.62	0.96487	3.28	0
2229	16:49:16.70	0.0385	20.53205	22.10	36.91	1.0	0.999264	19.8110	1.24724	773.62	0.96488	3.28	0
2230	16:49:17.00	0.0375	20.53261	22.10	36.91	1.0	0.999288	19.8106	1.24720	773.60	0.96484	3.28	0
2231	16:49:17.30	0.0370	20.53275	22.10	36.94	1.0	0.999294	19.8109	1.24724	773.60	0.96485	3.28	0
2232	16:49:17.60	0.0385	20.53226	22.10	36.94	1.0	0.999270	19.8106	1.24720	773.62	0.96485	3.28	0
2233	16:49:17.90	0.0380	20.53233	22.10	36.94	1.0	0.999276	19.8103	1.24720	773.60	0.96484	3.28	0
2234	16:49:18.20	0.0375	20.53247	22.10	36.94	1.0	0.999282	19.8111	1.24720	773.62	0.96487	3.28	0
2235	16:49:18.50	0.0390	20.53191	22.10	36.97	1.0	0.999258	19.8110	1.24724	773.62	0.96489	3.28	0
2236	16:49:18.80	0.0380	20.53233	22.10	36.97	1.0	0.999282	19.8110	1.24724	773.62	0.96487	3.28	0
2237	16:49:19.10	0.0390	20.53198	22.10	37.01	1.0	0.999264	19.8110	1.24724	773.62	0.96489	3.28	0
2238	16:49:19.40	0.0380	20.53212	22.10	37.01	1.0	0.999270	19.8108	1.24724	773.62	0.96487	3.28	0
2239	16:49:19.70	0.0365	20.53282	22.10	37.04	1.0	0.999306	19.8110	1.24720	773.60	0.96485	3.28	0
2240	16:49:20.00	0.0395	20.53156	22.10	37.04	1.0	0.999246	19.8103	1.24724	773.62	0.96487	3.28	0
2241	16:49:20.30	0.0390	20.53170	22.10	37.08	1.0	0.999252	19.8101	1.24720	773.60	0.96485	3.28	0
2242	16:49:20.60	0.0370	20.53254	22.10	37.08	1.0	0.999294	19.8108	1.24724	773.60	0.96485	3.28	0
2243	16:49:20.90	0.0375	20.53219	22.10	37.14	1.0	0.999282	19.8104	1.24720	773.60	0.96485	3.28	0
2244	16:49:21.20	0.0380	20.53212	22.10	37.14	1.0	0.999276	19.8107	1.24720	773.62	0.96487	3.28	0
2245	16:49:21.50	0.0375	20.53219	22.10	37.14	1.0	0.999282	19.8111	1.24724	773.62	0.96488	3.28	0
2246	16:49:21.80	0.0380	20.53212	22.10	37.14	1.0	0.999276	19.8110	1.24724	773.62	0.96488	3.28	0
2247	16:49:22.10	0.0395	20.53149	22.10	37.17	1.0	0.999252	19.8107	1.24724	773.62	0.96490	3.28	0
2248	16:49:22.40	0.0385	20.53198	22.09	37.17	1.0	0.999270	19.8109	1.24724	773.62	0.96488	3.28	0
2249	16:49:22.70	0.0380	20.53212	22.09	37.17	1.0	0.999276	19.8110	1.24724	773.62	0.96488	3.28	0
2250	16:49:23.00	0.0380	20.53198	22.10	37.17	1.0	0.999276	19.8110	1.24724	773.62	0.96489	3.28	0
2251	16:49:23.30	0.0370	20.53240	22.10	37.21	1.0	0.999294	19.8109	1.24720	773.62	0.96486	3.28	0
2252	16:49:23.60	0.0375	20.53219	22.10	37.21	1.0	0.999288	19.8103	1.24720	773.60	0.96484	3.28	0
2253	16:49:23.90	0.0360	20.53282	22.10	37.21	1.0	0.999318	19.8107	1.24720	773.60	0.96483	3.28	0
2254	16:49:24.20	0.0375	20.53219	22.10	37.21	1.0	0.999288	19.8109	1.24724	773.62	0.96487	3.28	0
2255	16:49:24.50	0.0350	20.53303	22.10	37.24	1.0	0.999330	19.8107	1.24720	773.60	0.96482	3.28	0
2256	16:49:24.80	0.0390	20.53163	22.10	37.24	1.0	0.999258	19.8100	1.24720	773.62	0.96485	3.28	0
2257	16:49:25.10	0.0370	20.53226	22.10	37.24	1.0	0.999294	19.8108	1.24724	773.62	0.96486	3.28	0
2258	16:49:25.40	0.0365	20.53247	22.10	37.24	1.0	0.999300	19.8109	1.24720	773.60	0.96485	3.28	0
2259	16:49:25.70	0.0400	20.53128	22.10	37.24	1.0	0.999240	19.8099	1.24720	773.62	0.96487	3.28	0
2260	16:49:26.00	0.0365	20.53261	22.09	37.24	1.0	0.999306	19.8100	1.24720	773.58	0.96481	3.28	0
2261	16:49:26.30	0.0365	20.53261	22.09	37.24	1.0	0.999306	19.8104	1.24720	773.60	0.96482	3.28	0
2262	16:49:26.60	0.0390	20.53170	22.09	37.24	1.0	0.999258	19.8108	1.24724	773.62	0.96489	3.28	0
2263	16:49:26.90	0.0370	20.53233	22.09	37.24	1.0	0.999294	19.8104	1.24720	773.60	0.96484	3.28	0
2264	16:49:27.20	0.0370	20.53233	22.10	37.24	1.0	0.999294	19.8101	1.24720	773.60	0.96483	3.28	0
2265	16:49:27.50	0.0380	20.53191	22.10	37.21	1.0	0.999276	19.8103	1.24720	773.60	0.96485	3.28	0
2266	16:49:27.80	0.0380	20.53212	22.09	37.21	1.0	0.999276	19.8106	1.24720	773.62	0.96486	3.28	0
2267	16:49:28.10	0.0365	20.53275	22.09	37.21	1.0	0.999306	19.8115	1.24724	773.62	0.96487	3.28	0
2268	16:49:28.40	0.0375	20.53219	22.10	37.21	1.0	0.999288	19.8109	1.24724	773.60	0.96487	3.28	0
2269	16:49:28.70	0.0375	20.53226	22.10	37.17	1.0	0.999288	19.8111	1.24724	773.62	0.96488	3.28	0
2270	16:49:29.00	0.0380	20.53205	22.09	37.17	1.0	0.999276	19.8111	1.24724	773.62	0.96489	3.28	0
2271	16:49:29.30	0.0360	20.53296	22.09	37.17	1.0	0.999318	19.8109	1.24720	773.62	0.96484	3.28	0
2272	16:49:29.60	0.0395	20.53156	22.09	37.17	1.0	0.999252	19.8102	1.24724	773.60	0.96487	3.28	0
2273	16:49:29.90	0.0360	20.53296	22.09	37.14	1.0	0.999318	19.8112	1.24720	773.60	0.96485	3.28	0
2274	16:49:30.20	0.0360	20.53289	22.09	37.14	1.0	0.999312	19.8110	1.24720	773.60	0.96484	3.28	0
2275	16:49:30.50	0.0385	20.53205	22.09	37.08	1.0	0.999270	19.8110	1.24724	773.62	0.96488	3.28	0
2276	16:49:30.80	0.0375	20.53247	22.09	37.08	1.0	0.999288	19.8103	1.24720	773.60	0.96483	3.28	0
2277	16:49:31.10	0.0365	20.53275	22.09	37.08	1.0	0.999300	19.8104	1.24720	773.60	0.96482	3.28	0
2278	16:49:31.40	0.0370	20.53261	22.10	37.08	1.0	0.999300	19.8105	1.24720	773.60	0.96483	3.28	0
2279	16:49:31.70	0.0375	20.53240	22.10	37.04	1.0	0.999288	19.8111	1.24724	773.62	0.96487	3.28	0
2280	16:49:32.00	0.0375	20.53247	22.09	37.04	1.0	0.999288	19.8113	1.24724	773.62	0.96488	3.28	0
2281	16:49:32.30	0.0370	20.53268	22.09	37.04	1.0	0.999294	19.8108	1.24720	773.60	0.96484	3.28	0
2282	16:49:32.60	0.0370	20.53275	22.09	37.04	1.0	0.999300	19.8106	1.24720	773.60	0.96483	3.28	0
2283	16:49:32.90	0.0375	20.53247	22.09	37.01	1.0	0.999282	19.8112	1.24720	773.62	0.96487	3.28	0
2284	16:49:33.20	0.0375	20.53247	22.09	37.01	1.0	0.999282	19.8108	1.24720	773.60	0.96485	3.28	0
2285	16:49:33.50	0.0375	20.53261	22.09	37.01	1.0	0.999288	19.8106	1.24720	773.60	0.96484	3.28	0
2286	16:49:33.80	0.0380	20.53226	22.10	37.01	1.0	0.999276	19.8109	1.24724	773.60	0.96487	3.28	0
2287	16:49:34.10	0.0370	20.53261	22.10	37.01	1.0	0.999294	19.8106	1.24720	773.60	0.96484	3.28	0
2288	16:49:34.40	0.0370	20.53275	22.09	37.01	1.0	0.999294	19.8108	1.24720	773.60	0.96484	3.28	0
2289	16:49:34.70	0.0395	20.53177	22.09	37.01	1.0	0.999252	19.8099	1.24720	773.60	0.96484	3.28	0
2290	16:49:35.00	0.0370	20.53282	22.09	37.01	1.0	0.999300	19.8105	1.24720	773.60	0.96482	3.28	0
2291	16:49:35.30	0.0360	20.53310	22.09	37.01	1.0	0.999312	19.8112	1.24724	773.60	0.96484	3.28	0
2292	16:49:35.60	0.0385	20.53205	22.09	37.01	1.0	0.999264	19.8113	1.24724	773.62	0.96490	3.28	0
2293	16:49:35.90	0.0375	20.53254	22.09	36.97	1.0	0.999282	19.8104	1.24720	773.60	0.96483	3.28	0
2294	16:49:36.20	0.0370	20.53275	22.09	36.97	1.0	0.999294	19.8106	1.24720	773.60	0.96483	3.28	0
2295	16:49:36.50	0.0385	20.53226	22.09	36.97	1.0	0.999270	19.8103	1.24720	773.60	0.96484	3.28	0
2296	16:49:36.80	0.0365	20.53289	22.09	36.97	1.0	0.999300	19.8112	1.24720	773.62	0.96485	3.28	0
2297	16:49:37.10	0.0375	20.53254	22.09	36.97	1.0	0.999282	19.8106	1.24720	773.60	0.96484	3.28	0
2298	16:49:37.40	0.0380	20.53226	22.09	36.97	1.0	0.999270	19.8105	1.24720	773.60	0.96484	3.28	0
2299	16:49:37.70	0.0365	20.53289	22.09	36.97	1.0	0.999300	19.8101	1.24716	773.60	0.96480	3.28	0
2300	16:49:38.00	0.0370	20.53275	22.09	36.97	1.0	0.999294	19.8114	1.24724	773.62	0.96487	3.28	0
2301	16:49:38.30	0.0375	20.53268	22.09	36.97	1.0	0.999288	19.8110	1.24724	773.60	0.96485	3.28	0
2302	16:49:38.60	0.0370	20.53268	22.09	36.97	1.0	0.999294	19.8106	1.24720	773.60	0.96483	3.28	0
2303	16:49:38.90	0.0395	20.53191	22.09	36.97	1.0	0.999252	19.8108	1.24724	773.62	0.96488	3.28	0
2304	16:49:39.20	0.0380	20.53240	22.09	36.97	1.0	0.999282	19.8110	1.24724	773.62	0.96487	3.28	0
2305	16:49:39.50	0.0370	20.53282	22.09	36.97	1.0	0.999300	19.8110	1.24720	773.60	0.96485	3.28	0
2306	16:49:39.80	0.0390	20.53191	22.09	36.97	1.0	0.999252	19.8109	1.24724	773.62	0.96488	3.28	0
2307	16:49:40.10	0.0370	20.53275	22.09	36.94	1.0	0.999294	19.8108	1.24720	773.60	0.96484	3.28	0
2308	16:49:40.40	0.0385	20.53219	22.09	36.94	1.0	0.999270	19.8109	1.24724	773.60	0.96487	3.28	0
2309	16:49:40.70	0.0380	20.53240	22.09	36.94	1.0	0.999276	19.8109	1.24724	773.60	0.96486	3.28	0
2310	16:49:41.00	0.0390	20.53191	22.09	36.94	1.0	0.999252	19.8107	1.24720	773.62	0.96487	3.28	0
2311	16:49:41.30	0.0390	20.53205	22.09	36.94	1.0	0.999258	19.8103	1.24720	773.60	0.96485	3.28	0
2312	16:49:41.60	0.0385	20.53219	22.10	36.94	1.0	0.999270	19.8104	1.24720	773.60	0.96485	3.28	0
2313	16:49:41.90	0.0380	20.53240	22.10	36.94	1.0	0.999282	19.8109	1.24720	773.62	0.96486	3.28	0
2314	16:49:42.20	0.0375	20.53254	22.09	36.94	1.0	0.999282	19.8111	1.24724	773.62	0.96487	3.28	0
2315	16:49:42.50	0.0390	20.53205	22.09	36.94	1.0	0.999258	19.8105	1.24724	773.60	0.96485	3.28	0
2316	16:49:42.80	0.0380	20.53247	22.09	36.94	1.0	0.999276	19.8108	1.24724	773.60	0.96485	3.28	0
2317	16:49:43.10	0.0400	20.53170	22.09	36.94	1.0	0.999246	19.8107	1.24724	773.62	0.96488	3.28	0
2318	16:49:43.40	0.0390	20.53205	22.09	36.94	1.0	0.999258	19.8105	1.24724	773.60	0.96485	3.28	0
2319	16:49:43.70	0.0365	20.53310	22.09	36.94	1.0	0.999306	19.8110	1.24720	773.60	0.96484	3.28	0
2320	16:49:44.00	0.0380	20.53247	22.09	36.94	1.0	0.999282	19.8108	1.24720	773.60	0.96485	3.28	0
2321	16:49:44.30	0.0385	20.53226	22.09	36.97	1.0	0.999270	19.8108	1.24720	773.62	0.96486	3.28	0
2322	16:49:44.60	0.0385	20.53212	22.09	36.97	1.0	0.999264	19.8110	1.24724	773.62	0.96488	3.28	0
2323	16:49:44.90	0.0370	20.53275	22.09	36.97	1.0	0.999294	19.8115	1.24724	773.62	0.96488	3.28	0
2324	16:49:45.20	0.0375	20.53254	22.09	36.97	1.0	0.999288	19.8110	1.24720	773.60	0.96485	3.28	0
2325	16:49:45.50	0.0350	20.53352	22.09	36.97	1.0	0.999336	19.8109	1.24720	773.58	0.96481	3.28	0
2326	16:49:45.80	0.0375	20.53254	22.09	36.97	1.0	0.999288	19.8108	1.24720	773.60	0.96485	3.28	0
2327	16:49:46.10	0.0365	20.53303	22.09	36.97	1.0	0.999312	19.8108	1.24720	773.60	0.96482	3.28	0
2328	16:49:46.40	0.0405	20.53128	22.09	36.97	1.0	0.999228	19.8109	1.24724	773.62	0.96491	3.28	0
2329	16:49:46.70	0.0375	20.53254	22.09	37.01	1.0	0.999288	19.8108	1.24720	773.60	0.96485	3.28	0
2330	16:49:47.00	0.0400	20.53163	22.09	37.01	1.0	0.999240	19.8107	1.24724	773.62	0.96488	3.28	0
2331	16:49:47.30	0.0375	20.53254	22.09	37.01	1.0	0.999288	19.8104	1.24720	773.60	0.96483	3.28	0
2332	16:49:47.60	0.0380	20.53233	22.09	37.01	1.0	0.999276	19.8104	1.24720	773.60	0.96484	3.28	0
2333	16:49:47.90	0.0385	20.53219	22.09	37.01	1.0	0.999270	19.8110	1.24724	773.62	0.96488	3.28	0
2334	16:49:48.20	0.0380	20.53226	22.09	37.01	1.0	0.999276	19.8108	1.24724	773.60	0.96486	3.28	0
2335	16:49:48.50	0.0375	20.53254	22.09	37.01	1.0	0.999288	19.8103	1.24720	773.60	0.96482	3.28	0
2336	16:49:48.80	0.0380	20.53233	22.09	37.01	1.0	0.999276	19.8108	1.24724	773.60	0.96486	3.28	0
2337	16:49:49.10	0.0380	20.53226	22.09	37.04	1.0	0.999276	19.8100	1.24720	773.58	0.96482	3.28	0
2338	16:49:49.40	0.0375	20.53240	22.09	37.04	1.0	0.999282	19.8110	1.24724	773.62	0.96487	3.28	0
2339	16:49:49.70	0.0380	20.53219	22.09	37.04	1.0	0.999276	19.8101	1.24720	773.60	0.96483	3.28	0
2340	16:49:50.00	0.0385	20.53205	22.09	37.04	1.0	0.999264	19.8107	1.24724	773.62	0.96487	3.28	0
2341	16:49:50.30	0.0385	20.53205	22.09	37.04	1.0	0.999264	19.8106	1.24724	773.60	0.96486	3.28	0
2342	16:49:50.60	0.0350	20.53338	22.09	37.04	1.0	0.999330	19.8113	1.24720	773.60	0.96483	3.28	0
2343	16:49:50.90	0.0375	20.53240	22.09	37.08	1.0	0.999282	19.8110	1.24720	773.62	0.96487	3.28	0
2344	16:49:51.20	0.0370	20.53268	22.09	37.08	1.0	0.999300	19.8111	1.24724	773.60	0.96486	3.28	0
2345	16:49:51.50	0.0385	20.53205	22.09	37.08	1.0	0.999270	19.8108	1.24724	773.60	0.96487	3.28	0
2346	16:49:51.80	0.0390	20.53191	22.09	37.08	1.0	0.999258	19.8108	1.24724	773.62	0.96488	3.28	0
2347	16:49:52.10	0.0350	20.53338	22.09	37.08	1.0	0.999336	19.8109	1.24720	773.60	0.96482	3.28	0
2348	16:49:52.40	0.0380	20.53233	22.09	37.08	1.0	0.999282	19.8105	1.24720	773.60	0.96484	3.28	0
2349	16:49:52.70	0.0375	20.53240	22.09	37.14	1.0	0.999288	19.8108	1.24724	773.60	0.96486	3.28	0
2350	16:49:53.00	0.0390	20.53184	22.08	37.14	1.0	0.999258	19.8112	1.24724	773.62	0.96490	3.28	0
2351	16:49:53.30	0.0375	20.53240	22.08	37.14	1.0	0.999282	19.8113	1.24724	773.62	0.96488	3.28	0
2352	16:49:53.60	0.0385	20.53191	22.09	37.14	1.0	0.999264	19.8112	1.24724	773.62	0.96490	3.28	0
2353	16:49:53.90	0.0395	20.53163	22.09	37.14	1.0	0.999252	19.8110	1.24724	773.62	0.96491	3.28	0
2354	16:49:54.20	0.0380	20.53212	22.09	37.14	1.0	0.999276	19.8109	1.24724	773.62	0.96487	3.28	0
2355	16:49:54.50	0.0410	20.53107	22.09	37.14	1.0	0.999222	19.8108	1.24728	773.62	0.96492	3.28	0
2356	16:49:54.80	0.0375	20.53240	22.08	37.14	1.0	0.999282	19.8110	1.24724	773.60	0.96487	3.28	0
2357	16:49:55.10	0.0385	20.53191	22.08	37.17	1.0	0.999264	19.8106	1.24724	773.62	0.96487	3.28	0
2358	16:49:55.40	0.0390	20.53184	22.08	37.17	1.0	0.999258	19.8109	1.24724	773.62	0.96489	3.28	0
2359	16:49:55.70	0.0375	20.53233	22.08	37.21	1.0	0.999288	19.8110	1.24724	773.62	0.96487	3.28	0
2360	16:49:56.00	0.0385	20.53184	22.09	37.21	1.0	0.999264	19.8106	1.24724	773.62	0.96487	3.28	0
2361	16:49:56.30	0.0370	20.53254	22.09	37.21	1.0	0.999300	19.8106	1.24720	773.60	0.96484	3.28	0
2362	16:49:56.60	0.0375	20.53219	22.09	37.21	1.0	0.999282	19.8110	1.24724	773.62	0.96487	3.28	0
2363	16:49:56.90	0.0360	20.53275	22.09	37.24	1.0	0.999312	19.8108	1.24720	773.60	0.96484	3.28	0
2364	16:49:57.20	0.0380	20.53205	22.09	37.24	1.0	0.999276	19.8110	1.24724	773.62	0.96488	3.28	0
2365	16:49:57.50	0.0390	20.53170	22.09	37.24	1.0	0.999258	19.8101	1.24720	773.60	0.96485	3.28	0
2366	16:49:57.80	0.0395	20.53142	22.09	37.24	1.0	0.999246	19.8108	1.24724	773.62	0.96490	3.28	0
2367	16:49:58.10	0.0380	20.53191	22.09	37.27	1.0	0.999276	19.8105	1.24724	773.60	0.96486	3.28	0
2368	16:49:58.40	0.0375	20.53226	22.09	37.27	1.0	0.999288	19.8111	1.24724	773.62	0.96488	3.28	0
2369	16:49:58.70	0.0370	20.53247	22.09	37.27	1.0	0.999300	19.8100	1.24720	773.60	0.96482	3.28	0
2370	16:49:59.00	0.0360	20.53268	22.09	37.27	1.0	0.999312	19.8102	1.24720	773.58	0.96481	3.28	0
2371	16:49:59.30	0.0375	20.53226	22.09	37.27	1.0	0.999288	19.8106	1.24720	773.60	0.96485	3.28	0
2372	16:49:59.60	0.0375	20.53212	22.09	37.27	1.0	0.999282	19.8103	1.24720	773.62	0.96485	3.28	0
2373	16:49:59.90	0.0360	20.53282	22.09	37.27	1.0	0.999318	19.8099	1.24720	773.58	0.96479	3.28	0
2374	16:50:00.20	0.0395	20.53142	22.09	37.27	1.0	0.999252	19.8096	1.24720	773.60	0.96484	3.28	0
2375	16:50:00.50	0.0385	20.53184	22.09	37.27	1.0	0.999270	19.8102	1.24720	773.60	0.96485	3.28	0
2376	16:50:00.80	0.0370	20.53247	22.09	37.27	1.0	0.999300	19.8103	1.24720	773.60	0.96483	3.28	0
2377	16:50:01.10	0.0385	20.53177	22.09	37.27	1.0	0.999264	19.8092	1.24720	773.58	0.96481	3.28	0
2378	16:50:01.40	0.0375	20.53219	22.09	37.27	1.0	0.999288	19.8098	1.24720	773.58	0.96482	3.28	0
2379	16:50:01.70	0.0370	20.53233	22.09	37.27	1.0	0.999294	19.8099	1.24720	773.58	0.96482	3.28	0
2380	16:50:02.00	0.0370	20.53233	22.09	37.27	1.0	0.999294	19.8102	1.24720	773.60	0.96483	3.28	0
2381	16:50:02.30	0.0370	20.53240	22.09	37.30	1.0	0.999300	19.8103	1.24720	773.60	0.96483	3.28	0
2382	16:50:02.60	0.0370	20.53240	22.09	37.30	1.0	0.999300	19.8107	1.24720	773.60	0.96485	3.28	0
2383	16:50:02.90	0.0370	20.53226	22.09	37.30	1.0	0.999294	19.8101	1.24720	773.58	0.96482	3.28	0
2384	16:50:03.20	0.0360	20.53289	22.08	37.30	1.0	0.999318	19.8107	1.24720	773.60	0.96483	3.28	0
2385	16:50:03.50	0.0380	20.53205	22.08	37.30	1.0	0.999276	19.8105	1.24720	773.62	0.96485	3.28	0
2386	16:50:03.80	0.0380	20.53205	22.08	37.30	1.0	0.999276	19.8104	1.24724	773.60	0.96485	3.28	0
2387	16:50:04.10	0.0370	20.53247	22.08	37.33	1.0	0.999300	19.8104	1.24720	773.60	0.96484	3.28	0
2388	16:50:04.40	0.0375	20.53219	22.08	37.33	1.0	0.999288	19.8108	1.24724	773.62	0.96487	3.28	0
2389	16:50:04.70	0.0405	20.53100	22.08	37.33	1.0	0.999228	19.8106	1.24724	773.62	0.96491	3.28	0
2390	16:50:05.00	0.0395	20.53128	22.09	37.33	1.0	0.999246	19.8111	1.24724	773.64	0.96492	3.28	0
2391	16:50:05.30	0.0390	20.53142	22.09	37.33	1.0	0.999252	19.8106	1.24724	773.62	0.96489	3.28	0
2392	16:50:05.60	0.0385	20.53163	22.09	37.33	1.0	0.999264	19.8107	1.24724	773.60	0.96488	3.28	0
2393	16:50:05.90	0.0385	20.53170	22.09	37.37	1.0	0.999270	19.8102	1.24724	773.60	0.96486	3.28	0
2394	16:50:06.20	0.0380	20.53184	22.09	37.37	1.0	0.999276	19.8101	1.24724	773.60	0.96485	3.28	0
2395	16:50:06.50	0.0365	20.53254	22.09	37.37	1.0	0.999306	19.8103	1.24720	773.60	0.96483	3.28	0
2396	16:50:06.80	0.0400	20.53107	22.09	37.37	1.0	0.999240	19.8098	1.24724	773.60	0.96487	3.28	0
2397	16:50:07.10	0.0375	20.53205	22.09	37.40	1.0	0.999288	19.8099	1.24720	773.60	0.96483	3.28	0
2398	16:50:07.40	0.0380	20.53191	22.08	37.40	1.0	0.999276	19.8096	1.24720	773.60	0.96482	3.28	0
2399	16:50:07.70	0.0375	20.53212	22.08	37.40	1.0	0.999288	19.8097	1.24720	773.58	0.96482	3.28	0
2400	16:50:08.00	0.0365	20.53240	22.08	37.40	1.0	0.999300	19.8102	1.24720	773.60	0.96482	3.28	0
2401	16:50:08.30	0.0365	20.53254	22.08	37.40	1.0	0.999306	19.8104	1.24720	773.60	0.96483	3.28	0
2402	16:50:08.60	0.0370	20.53219	22.09	37.40	1.0	0.999294	19.8096	1.24720	773.58	0.96481	3.28	0
2403	16:50:08.90	0.0375	20.53212	22.09	37.40	1.0	0.999294	19.8097	1.24720	773.58	0.96482	3.28	0
2404	16:50:09.20	0.0370	20.53219	22.09	37.40	1.0	0.999294	19.8098	1.24720	773.58	0.96482	3.28	0
2405	16:50:09.50	0.0365	20.53247	22.09	37.40	1.0	0.999306	19.8104	1.24720	773.58	0.96484	3.28	0
2406	16:50:09.80	0.0370	20.53226	22.08	37.40	1.0	0.999294	19.8100	1.24720	773.58	0.96482	3.28	0
2407	16:50:10.10	0.0365	20.53247	22.08	37.40	1.0	0.999306	19.8095	1.24716	773.58	0.96479	3.28	0
2408	16:50:10.40	0.0360	20.53275	22.08	37.40	1.0	0.999318	19.8097	1.24716	773.58	0.96479	3.28	0
2409	16:50:10.70	0.0400	20.53107	22.08	37.40	1.0	0.999234	19.8096	1.24724	773.60	0.96485	3.28	0
2410	16:50:11.00	0.0380	20.53191	22.08	37.40	1.0	0.999276	19.8099	1.24720	773.60	0.96484	3.28	0
2411	16:50:11.30	0.0380	20.53184	22.08	37.37	1.0	0.999270	19.8100	1.24720	773.60	0.96484	3.28	0
2412	16:50:11.60	0.0385	20.53184	22.08	37.37	1.0	0.999270	19.8097	1.24720	773.60	0.96483	3.28	0
2413	16:50:11.90	0.0390	20.53156	22.08	37.37	1.0	0.999258	19.8103	1.24724	773.60	0.96487	3.28	0
2414	16:50:12.20	0.0375	20.53212	22.09	37.37	1.0	0.999288	19.8104	1.24720	773.60	0.96485	3.28	0
2415	16:50:12.50	0.0390	20.53135	22.09	37.37	1.0	0.999252	19.8093	1.24720	773.60	0.96483	3.28	0
2416	16:50:12.80	0.0375	20.53219	22.09	37.37	1.0	0.999294	19.8099	1.24720	773.58	0.96482	3.28	0
2417	16:50:13.10	0.0375	20.53198	22.09	37.37	1.0	0.999282	19.8096	1.24720	773.58	0.96482	3.28	0
2418	16:50:13.40	0.0370	20.53240	22.08	37.37	1.0	0.999300	19.8094	1.24720	773.58	0.96479	3.28	0
2419	16:50:13.70	0.0380	20.53191	22.08	37.37	1.0	0.999276	19.8095	1.24720	773.58	0.96482	3.28	0
2420	16:50:14.00	0.0365	20.53247	22.08	37.37	1.0	0.999300	19.8095	1.24720	773.58	0.96479	3.28	0
2421	16:50:14.30	0.0375	20.53212	22.08	37.37	1.0	0.999282	19.8091	1.24720	773.58	0.96479	3.28	0
2422	16:50:14.60	0.0375	20.53205	22.08	37.37	1.0	0.999282	19.8094	1.24720	773.58	0.96481	3.28	0
2423	16:50:14.90	0.0370	20.53247	22.08	37.37	1.0	0.999300	19.8099	1.24720	773.58	0.96481	3.28	0
2424	16:50:15.20	0.0390	20.53163	22.08	37.37	1.0	0.999264	19.8111	1.24724	773.64	0.96491	3.28	0
2425	16:50:15.50	0.0395	20.53142	22.08	37.37	1.0	0.999252	19.8101	1.24724	773.60	0.96487	3.28	0
2426	16:50:15.80	0.0370	20.53240	22.08	37.37	1.0	0.999300	19.8106	1.24720	773.60	0.96485	3.28	0
2427	16:50:16.10	0.0385	20.53184	22.08	37.37	1.0	0.999270	19.8102	1.24724	773.60	0.96485	3.28	0
2428	16:50:16.40	0.0380	20.53191	22.08	37.37	1.0	0.999276	19.8103	1.24724	773.60	0.96485	3.28	0
2429	16:50:16.70	0.0385	20.53177	22.08	37.40	1.0	0.999270	19.8108	1.24724	773.62	0.96488	3.28	0
2430	16:50:17.00	0.0390	20.53163	22.08	37.40	1.0	0.999264	19.8104	1.24724	773.60	0.96488	3.28	0
2431	16:50:17.30	0.0380	20.53184	22.08	37.40	1.0	0.999276	19.8101	1.24724	773.60	0.96484	3.28	0
2432	16:50:17.60	0.0375	20.53212	22.08	37.40	1.0	0.999288	19.8108	1.24724	773.62	0.96487	3.28	0
2433	16:50:17.90	0.0365	20.53247	22.08	37.40	1.0	0.999306	19.8106	1.24720	773.60	0.96485	3.28	0
2434	16:50:18.20	0.0365	20.53254	22.08	37.40	1.0	0.999306	19.8108	1.24724	773.60	0.96485	3.28	0
2435	16:50:18.50	0.0380	20.53184	22.08	37.40	1.0	0.999276	19.8099	1.24720	773.60	0.96484	3.28	0
2436	16:50:18.80	0.0365	20.53240	22.08	37.40	1.0	0.999300	19.8103	1.24720	773.60	0.96484	3.28	0
2437	16:50:19.10	0.0385	20.53163	22.08	37.40	1.0	0.999264	19.8099	1.24720	773.60	0.96485	3.28	0
2438	16:50:19.40	0.0375	20.53219	22.08	37.40	1.0	0.999288	19.8099	1.24720	773.60	0.96482	3.28	0
2439	16:50:19.70	0.0375	20.53219	22.08	37.40	1.0	0.999288	19.8094	1.24720	773.58	0.96480	3.28	0
2440	16:50:20.00	0.0370	20.53233	22.08	37.40	1.0	0.999294	19.8096	1.24720	773.58	0.96480	3.28	0
2441	16:50:20.30	0.0395	20.53135	22.08	37.40	1.0	0.999252	19.8100	1.24724	773.60	0.96487	3.28	0
2442	16:50:20.60	0.0385	20.53177	22.08	37.40	1.0	0.999270	19.8096	1.24720	773.58	0.96483	3.28	0
2443	16:50:20.90	0.0385	20.53170	22.08	37.40	1.0	0.999264	19.8104	1.24724	773.60	0.96487	3.28	0
2444	16:50:21.20	0.0380	20.53198	22.08	37.40	1.0	0.999282	19.8099	1.24720	773.60	0.96483	3.28	0
2445	16:50:21.50	0.0400	20.53114	22.08	37.43	1.0	0.999240	19.8100	1.24724	773.60	0.96487	3.28	0
2446	16:50:21.80	0.0365	20.53240	22.08	37.43	1.0	0.999300	19.8108	1.24720	773.60	0.96485	3.28	0
2447	16:50:22.10	0.0360	20.53275	22.08	37.43	1.0	0.999318	19.8099	1.24720	773.58	0.96480	3.28	0
2448	16:50:22.40	0.0390	20.53142	22.08	37.43	1.0	0.999258	19.8095	1.24724	773.58	0.96484	3.28	0
2449	16:50:22.70	0.0370	20.53240	22.08	37.40	1.0	0.999300	19.8100	1.24720	773.58	0.96482	3.28	0
2450	16:50:23.00	0.0395	20.53128	22.08	37.40	1.0	0.999246	19.8102	1.24724	773.62	0.96488	3.28	0
2451	16:50:23.30	0.0360	20.53261	22.08	37.43	1.0	0.999312	19.8101	1.24720	773.58	0.96481	3.28	0
2452	16:50:23.59	0.0380	20.53184	22.08	37.43	1.0	0.999276	19.8099	1.24720	773.60	0.96484	3.28	0
2453	16:50:23.90	0.0390	20.53149	22.08	37.43	1.0	0.999258	19.8096	1.24720	773.60	0.96484	3.28	0
2454	16:50:24.20	0.0375	20.53205	22.08	37.43	1.0	0.999282	19.8095	1.24720	773.58	0.96481	3.28	0
2455	16:50:24.50	0.0370	20.53226	22.08	37.43	1.0	0.999294	19.8099	1.24720	773.58	0.96482	3.28	0
2456	16:50:24.80	0.0380	20.53184	22.08	37.43	1.0	0.999276	19.8101	1.24724	773.60	0.96485	3.28	0
2457	16:50:25.10	0.0400	20.53107	22.08	37.43	1.0	0.999234	19.8100	1.24724	773.62	0.96488	3.28	0
2458	16:50:25.40	0.0350	20.53303	22.08	37.43	1.0	0.999336	19.8104	1.24720	773.58	0.96481	3.28	0
2459	16:50:25.70	0.0375	20.53205	22.08	37.43	1.0	0.999288	19.8103	1.24720	773.60	0.96485	3.28	0
2460	16:50:26.00	0.0350	20.53296	22.08	37.43	1.0	0.999330	19.8101	1.24720	773.58	0.96479	3.28	0
2461	16:50:26.30	0.0365	20.53240	22.08	37.43	1.0	0.999306	19.8099	1.24720	773.58	0.96481	3.28	0
2462	16:50:26.60	0.0370	20.53226	22.08	37.43	1.0	0.999294	19.8095	1.24720	773.58	0.96480	3.28	0
2463	16:50:26.90	0.0385	20.53177	22.08	37.43	1.0	0.999270	19.8092	1.24720	773.58	0.96481	3.28	0
2464	16:50:27.20	0.0400	20.53107	22.08	37.43	1.0	0.999240	19.8092	1.24720	773.60	0.96484	3.28	0
2465	16:50:27.50	0.0385	20.53163	22.08	37.43	1.0	0.999264	19.8093	1.24720	773.58	0.96482	3.28	0
2466	16:50:27.80	0.0375	20.53205	22.08	37.43	1.0	0.999288	19.8101	1.24720	773.60	0.96484	3.28	0
2467	16:50:28.10	0.0370	20.53233	22.08	37.43	1.0	0.999300	19.8099	1.24720	773.58	0.96481	3.28	0
2468	16:50:28.40	0.0365	20.53254	22.08	37.43	1.0	0.999312	19.8103	1.24720	773.60	0.96482	3.28	0
2469	16:50:28.70	0.0375	20.53212	22.08	37.43	1.0	0.999288	19.8100	1.24720	773.58	0.96483	3.28	0
2470	16:50:28.99	0.0355	20.53296	22.08	37.43	1.0	0.999330	19.8102	1.24720	773.58	0.96480	3.28	0
2471	16:50:29.30	0.0375	20.53198	22.08	37.43	1.0	0.999282	19.8097	1.24720	773.58	0.96482	3.28	0
2472	16:50:29.60	0.0385	20.53170	22.08	37.43	1.0	0.999270	19.8094	1.24720	773.58	0.96482	3.28	0
2473	16:50:29.90	0.0375	20.53205	22.08	37.43	1.0	0.999288	19.8099	1.24720	773.60	0.96483	3.28	0
2474	16:50:30.20	0.0365	20.53240	22.08	37.43	1.0	0.999300	19.8108	1.24724	773.60	0.96486	3.28	0
2475	16:50:30.50	0.0380	20.53184	22.08	37.43	1.0	0.999276	19.8101	1.24720	773.60	0.96485	3.28	0
2476	16:50:30.80	0.0375	20.53205	22.08	37.43	1.0	0.999282	19.8096	1.24720	773.58	0.96482	3.28	0
2477	16:50:31.10	0.0370	20.53233	22.08	37.43	1.0	0.999300	19.8097	1.24720	773.58	0.96481	3.28	0
2478	16:50:31.40	0.0365	20.53254	22.08	37.43	1.0	0.999306	19.8102	1.24720	773.58	0.96482	3.28	0
2479	16:50:31.70	0.0375	20.53212	22.08	37.43	1.0	0.999288	19.8100	1.24720	773.60	0.96483	3.28	0
2480	16:50:32.00	0.0390	20.53149	22.08	37.43	1.0	0.999258	19.8094	1.24720	773.58	0.96483	3.28	0
2481	16:50:32.29	0.0380	20.53184	22.08	37.43	1.0	0.999276	19.8098	1.24720	773.58	0.96484	3.28	0
2482	16:50:32.60	0.0395	20.53121	22.08	37.43	1.0	0.999246	19.8096	1.24720	773.60	0.96485	3.28	0
2483	16:50:32.90	0.0385	20.53163	22.08	37.43	1.0	0.999264	19.8090	1.24720	773.58	0.96480	3.28	0
2484	16:50:33.20	0.0385	20.53170	22.08	37.43	1.0	0.999270	19.8099	1.24720	773.60	0.96485	3.28	0
2485	16:50:33.50	0.0385	20.53170	22.08	37.43	1.0	0.999270	19.8094	1.24720	773.60	0.96482	3.28	0
2486	16:50:33.80	0.0365	20.53254	22.08	37.43	1.0	0.999306	19.8096	1.24720	773.58	0.96479	3.28	0
2487	16:50:34.10	0.0380	20.53191	22.08	37.43	1.0	0.999276	19.8096	1.24720	773.60	0.96482	3.28	0
2488	16:50:34.40	0.0375	20.53212	22.08	37.43	1.0	0.999288	19.8091	1.24716	773.58	0.96478	3.28	0
2489	16:50:34.70	0.0385	20.53170	22.08	37.43	1.0	0.999270	19.8094	1.24720	773.60	0.96482	3.28	0
2490	16:50:34.99	0.0380	20.53198	22.08	37.43	1.0	0.999282	19.8091	1.24720	773.58	0.96479	3.28	0
2491	16:50:35.30	0.0380	20.53191	22.08	37.43	1.0	0.999276	19.8090	1.24716	773.58	0.96479	3.28	0
2492	16:50:35.60	0.0375	20.53219	22.08	37.43	1.0	0.999288	19.8093	1.24720	773.58	0.96479	3.28	0
2493	16:50:35.89	0.0365	20.53254	22.08	37.43	1.0	0.999306	19.8098	1.24720	773.58	0.96480	3.28	0
2494	16:50:36.20	0.0370	20.53233	22.08	37.43	1.0	0.999300	19.8094	1.24720	773.58	0.96479	3.28	0
2495	16:50:36.49	0.0390	20.53149	22.08	37.43	1.0	0.999258	19.8087	1.24720	773.58	0.96480	3.28	0
2496	16:50:36.79	0.0365	20.53240	22.08	37.43	1.0	0.999300	19.8093	1.24716	773.58	0.96478	3.28	0
2497	16:50:37.10	0.0385	20.53156	22.08	37.50	1.0	0.999264	19.8093	1.24720	773.58	0.96482	3.28	0
2498	16:50:37.40	0.0395	20.53114	22.08	37.50	1.0	0.999246	19.8089	1.24720	773.58	0.96482	3.28	0
2499	16:50:37.70	0.0380	20.53184	22.08	37.50	1.0	0.999276	19.8094	1.24720	773.58	0.96481	3.28	0
2500	16:50:37.99	0.0365	20.53240	22.08	37.50	1.0	0.999306	19.8092	1.24716	773.58	0.96478	3.28	0
2501	16:50:38.30	0.0380	20.53177	22.08	37.50	1.0	0.999276	19.8089	1.24716	773.58	0.96479	3.28	0
2502	16:50:38.59	0.0385	20.53156	22.08	37.50	1.0	0.999264	19.8094	1.24720	773.60	0.96482	3.28	0
2503	16:50:38.89	0.0390	20.53149	22.08	37.50	1.0	0.999264	19.8092	1.24720	773.58	0.96482	3.28	0
2504	16:50:39.19	0.0380	20.53184	22.08	37.50	1.0	0.999282	19.8094	1.24720	773.58	0.96481	3.28	0
2505	16:50:39.49	0.0380	20.53177	22.08	37.50	1.0	0.999276	19.8093	1.24720	773.58	0.96481	3.28	0
2506	16:50:39.79	0.0365	20.53233	22.08	37.50	1.0	0.999306	19.8097	1.24720	773.58	0.96481	3.28	0
2507	16:50:40.09	0.0380	20.53184	22.08	37.50	1.0	0.999282	19.8098	1.24720	773.60	0.96483	3.28	0
2508	16:50:40.40	0.0380	20.53170	22.08	37.50	1.0	0.999276	19.8093	1.24720	773.58	0.96482	3.28	0
2509	16:50:40.69	0.0390	20.53142	22.08	37.50	1.0	0.999258	19.8094	1.24720	773.60	0.96484	3.28	0
2510	16:50:40.99	0.0385	20.53163	22.08	37.50	1.0	0.999270	19.8094	1.24720	773.58	0.96482	3.28	0
2511	16:50:41.29	0.0400	20.53100	22.08	37.50	1.0	0.999240	19.8090	1.24720	773.60	0.96484	3.28	0
2512	16:50:41.59	0.0380	20.53184	22.08	37.50	1.0	0.999282	19.8098	1.24720	773.60	0.96484	3.28	0
2513	16:50:41.90	0.0380	20.53177	22.08	37.53	1.0	0.999276	19.8093	1.24720	773.58	0.96481	3.28	0
2514	16:50:42.20	0.0355	20.53261	22.08	37.53	1.0	0.999318	19.8101	1.24720	773.58	0.96481	3.28	0
2515	16:50:42.49	0.0375	20.53205	22.08	37.53	1.0	0.999288	19.8100	1.24720	773.58	0.96484	3.28	0
2516	16:50:42.79	0.0375	20.53191	22.08	37.53	1.0	0.999282	19.8098	1.24720	773.60	0.96483	3.28	0
2517	16:50:43.10	0.0365	20.53233	22.08	37.53	1.0	0.999306	19.8096	1.24720	773.58	0.96480	3.28	0
2518	16:50:43.40	0.0375	20.53191	22.08	37.53	1.0	0.999282	19.8097	1.24720	773.60	0.96482	3.28	0
2519	16:50:43.69	0.0390	20.53142	22.08	37.53	1.0	0.999258	19.8090	1.24720	773.58	0.96482	3.28	0
2520	16:50:43.99	0.0370	20.53219	22.08	37.53	1.0	0.999300	19.8100	1.24720	773.60	0.96482	3.28	0
2521	16:50:44.29	0.0370	20.53205	22.08	37.53	1.0	0.999294	19.8097	1.24720	773.60	0.96482	3.28	0
2522	16:50:44.59	0.0385	20.53149	22.08	37.53	1.0	0.999264	19.8094	1.24720	773.60	0.96483	3.28	0
2523	16:50:44.89	0.0385	20.53156	22.08	37.53	1.0	0.999264	19.8094	1.24720	773.58	0.96482	3.28	0
2524	16:50:45.20	0.0380	20.53177	22.08	37.53	1.0	0.999276	19.8091	1.24720	773.58	0.96480	3.28	0
2525	16:50:45.49	0.0380	20.53177	22.08	37.53	1.0	0.999282	19.8098	1.24720	773.60	0.96484	3.28	0
2526	16:50:45.80	0.0390	20.53142	22.08	37.53	1.0	0.999258	19.8098	1.24720	773.60	0.96485	3.28	0
2527	16:50:46.09	0.0385	20.53156	22.08	37.57	1.0	0.999270	19.8100	1.24724	773.60	0.96486	3.28	0
2528	16:50:46.40	0.0385	20.53156	22.08	37.57	1.0	0.999270	19.8099	1.24720	773.60	0.96485	3.28	0
2529	16:50:46.69	0.0375	20.53184	22.08	37.57	1.0	0.999282	19.8100	1.24720	773.60	0.96484	3.28	0
2530	16:50:46.99	0.0380	20.53177	22.08	37.57	1.0	0.999282	19.8101	1.24724	773.60	0.96485	3.28	0
2531	16:50:47.30	0.0365	20.53226	22.08	37.57	1.0	0.999300	19.8096	1.24720	773.58	0.96480	3.28	0
2532	16:50:47.60	0.0375	20.53184	22.08	37.57	1.0	0.999282	19.8096	1.24720	773.58	0.96482	3.28	0
2533	16:50:47.90	0.0375	20.53198	22.08	37.57	1.0	0.999288	19.8096	1.24720	773.58	0.96482	3.28	0
2534	16:50:48.19	0.0400	20.53100	22.08	37.57	1.0	0.999246	19.8097	1.24724	773.60	0.96487	3.28	0
2535	16:50:48.49	0.0375	20.53198	22.08	37.57	1.0	0.999288	19.8106	1.24724	773.60	0.96486	3.28	0
2536	16:50:48.79	0.0400	20.53086	22.08	37.57	1.0	0.999234	19.8101	1.24724	773.62	0.96490	3.28	0
2537	16:50:49.09	0.0360	20.53247	22.08	37.60	1.0	0.999318	19.8108	1.24720	773.60	0.96485	3.28	0
2538	16:50:49.39	0.0390	20.53121	22.08	37.60	1.0	0.999258	19.8102	1.24724	773.60	0.96488	3.28	0
2539	16:50:49.69	0.0365	20.53226	22.08	37.60	1.0	0.999306	19.8096	1.24720	773.58	0.96481	3.28	0
2540	16:50:49.99	0.0385	20.53156	22.08	37.60	1.0	0.999270	19.8099	1.24724	773.60	0.96485	3.28	0
2541	16:50:50.29	0.0370	20.53212	22.08	37.60	1.0	0.999300	19.8097	1.24720	773.58	0.96482	3.28	0
2542	16:50:50.59	0.0360	20.53247	22.08	37.60	1.0	0.999318	19.8101	1.24720	773.58	0.96482	3.28	0
2543	16:50:50.90	0.0390	20.53121	22.08	37.60	1.0	0.999258	19.8095	1.24724	773.60	0.96485	3.28	0
2544	16:50:51.19	0.0375	20.53177	22.08	37.60	1.0	0.999282	19.8096	1.24720	773.60	0.96483	3.28	0
2545	16:50:51.49	0.0400	20.53093	22.08	37.60	1.0	0.999240	19.8090	1.24724	773.60	0.96484	3.28	0
2546	16:50:51.79	0.0380	20.53177	22.08	37.60	1.0	0.999282	19.8096	1.24720	773.60	0.96483	3.28	0
2547	16:50:52.09	0.0400	20.53086	22.08	37.60	1.0	0.999234	19.8100	1.24724	773.62	0.96489	3.28	0
2548	16:50:52.39	0.0370	20.53198	22.08	37.60	1.0	0.999294	19.8097	1.24720	773.58	0.96482	3.28	0
2549	16:50:52.69	0.0385	20.53142	22.08	37.60	1.0	0.999264	19.8094	1.24720	773.60	0.96483	3.28	0
2550	16:50:52.99	0.0395	20.53114	22.08	37.60	1.0	0.999252	19.8099	1.24724	773.60	0.96487	3.28	0
2551	16:50:53.29	0.0355	20.53268	22.08	37.60	1.0	0.999330	19.8101	1.24720	773.58	0.96481	3.28	0
2552	16:50:53.60	0.0390	20.53135	22.08	37.60	1.0	0.999264	19.8096	1.24720	773.60	0.96485	3.28	0
2553	16:50:53.90	0.0360	20.53233	22.08	37.60	1.0	0.999312	19.8106	1.24720	773.60	0.96485	3.28	0
2554	16:50:54.19	0.0365	20.53233	22.08	37.60	1.0	0.999306	19.8100	1.24720	773.58	0.96482	3.28	0
2555	16:50:54.49	0.0375	20.53177	22.08	37.60	1.0	0.999282	19.8101	1.24724	773.60	0.96485	3.28	0
2556	16:50:54.79	0.0380	20.53156	22.08	37.60	1.0	0.999276	19.8099	1.24724	773.60	0.96485	3.28	0
2557	16:50:55.10	0.0380	20.53156	22.08	37.60	1.0	0.999270	19.8096	1.24720	773.60	0.96484	3.28	0
2558	16:50:55.39	0.0395	20.53114	22.08	37.60	1.0	0.999252	19.8094	1.24724	773.60	0.96485	3.28	0
2559	16:50:55.69	0.0365	20.53233	22.08	37.60	1.0	0.999306	19.8097	1.24720	773.58	0.96481	3.28	0
2560	16:50:55.99	0.0370	20.53212	22.08	37.60	1.0	0.999300	19.8101	1.24720	773.60	0.96484	3.28	0
2561	16:50:56.29	0.0370	20.53198	22.08	37.60	1.0	0.999294	19.8110	1.24724	773.62	0.96489	3.28	0
2562	16:50:56.59	0.0375	20.53177	22.08	37.60	1.0	0.999282	19.8105	1.24724	773.60	0.96487	3.28	0
2563	16:50:56.90	0.0355	20.53268	22.08	37.57	1.0	0.999324	19.8103	1.24720	773.58	0.96482	3.28	0
2564	16:50:57.19	0.0370	20.53205	22.08	37.57	1.0	0.999294	19.8107	1.24724	773.62	0.96487	3.28	0
2565	16:50:57.49	0.0375	20.53184	22.08	37.57	1.0	0.999288	19.8105	1.24724	773.60	0.96487	3.28	0
2566	16:50:57.79	0.0365	20.53226	22.08	37.57	1.0	0.999306	19.8108	1.24724	773.60	0.96486	3.28	0
2567	16:50:58.10	0.0375	20.53191	22.08	37.57	1.0	0.999288	19.8103	1.24724	773.60	0.96485	3.28	0
2568	16:50:58.39	0.0375	20.53191	22.08	37.57	1.0	0.999288	19.8107	1.24724	773.62	0.96488	3.28	0
2569	16:50:58.69	0.0370	20.53205	22.08	37.53	1.0	0.999294	19.8096	1.24720	773.58	0.96482	3.28	0
2570	16:50:58.99	0.0370	20.53212	22.08	37.53	1.0	0.999294	19.8103	1.24720	773.60	0.96485	3.28	0
2571	16:50:59.29	0.0390	20.53142	22.08	37.53	1.0	0.999258	19.8103	1.24724	773.60	0.96488	3.28	0
2572	16:50:59.59	0.0395	20.53107	22.08	37.53	1.0	0.999246	19.8099	1.24724	773.60	0.96487	3.28	0
2573	16:50:59.89	0.0375	20.53198	22.08	37.53	1.0	0.999288	19.8106	1.24724	773.60	0.96487	3.28	0
2574	16:51:00.19	0.0390	20.53135	22.08	37.53	1.0	0.999258	19.8099	1.24720	773.60	0.96486	3.28	0
2575	16:51:00.49	0.0370	20.53219	22.08	37.50	1.0	0.999294	19.8106	1.24720	773.60	0.96485	3.28	0
2576	16:51:00.79	0.0365	20.53247	22.08	37.50	1.0	0.999312	19.8110	1.24724	773.60	0.96487	3.28	0
2577	16:51:01.10	0.0380	20.53184	22.08	37.50	1.0	0.999282	19.8104	1.24724	773.60	0.96486	3.28	0
2578	16:51:01.39	0.0365	20.53247	22.08	37.50	1.0	0.999312	19.8092	1.24716	773.56	0.96478	3.28	0
2579	16:51:01.69	0.0370	20.53219	22.08	37.50	1.0	0.999294	19.8103	1.24720	773.60	0.96484	3.28	0
2580	16:51:01.99	0.0375	20.53205	22.08	37.50	1.0	0.999288	19.8102	1.24720	773.60	0.96484	3.28	0
2581	16:51:02.30	0.0375	20.53205	22.08	37.50	1.0	0.999288	19.8099	1.24720	773.60	0.96483	3.28	0
2582	16:51:02.59	0.0365	20.53226	22.08	37.50	1.0	0.999300	19.8099	1.24720	773.58	0.96482	3.28	0
2583	16:51:02.90	0.0365	20.53233	22.08	37.50	1.0	0.999300	19.8099	1.24720	773.58	0.96481	3.28	0
2584	16:51:03.20	0.0365	20.53233	22.08	37.50	1.0	0.999306	19.8106	1.24720	773.60	0.96485	3.28	0
2585	16:51:03.49	0.0395	20.53121	22.08	37.50	1.0	0.999246	19.8097	1.24720	773.62	0.96486	3.28	0
2586	16:51:03.79	0.0370	20.53212	22.08	37.50	1.0	0.999294	19.8096	1.24720	773.58	0.96481	3.28	0
2587	16:51:04.09	0.0370	20.53226	22.08	37.50	1.0	0.999300	19.8101	1.24720	773.60	0.96483	3.28	0
2588	16:51:04.39	0.0365	20.53240	22.08	37.50	1.0	0.999306	19.8108	1.24724	773.60	0.96485	3.28	0
2589	16:51:04.69	0.0375	20.53191	22.08	37.50	1.0	0.999282	19.8102	1.24720	773.60	0.96485	3.28	0
2590	16:51:04.99	0.0380	20.53177	22.08	37.50	1.0	0.999276	19.8101	1.24720	773.60	0.96485	3.28	0
2591	16:51:05.29	0.0385	20.53163	22.08	37.43	1.0	0.999264	19.8110	1.24724	773.62	0.96490	3.28	0
2592	16:51:05.59	0.0360	20.53261	22.09	37.43	1.0	0.999318	19.8106	1.24720	773.60	0.96484	3.28	0
2593	16:51:05.90	0.0385	20.53156	22.09	37.43	1.0	0.999264	19.8105	1.24724	773.62	0.96488	3.28	0
2594	16:51:06.20	0.0360	20.53261	22.09	37.43	1.0	0.999318	19.8103	1.24720	773.58	0.96482	3.28	0
2595	16:51:06.49	0.0385	20.53163	22.09	37.43	1.0	0.999270	19.8104	1.24724	773.62	0.96487	3.28	0
2596	16:51:06.79	0.0415	20.53044	22.09	37.43	1.0	0.999210	19.8108	1.24728	773.64	0.96495	3.28	0
2597	16:51:07.09	0.0375	20.53191	22.09	37.43	1.0	0.999282	19.8106	1.24724	773.60	0.96487	3.28	0
2598	16:51:07.39	0.0380	20.53184	22.08	37.43	1.0	0.999276	19.8109	1.24724	773.62	0.96489	3.28	0
2599	16:51:07.69	0.0360	20.53268	22.08	37.43	1.0	0.999318	19.8116	1.24724	773.60	0.96488	3.28	0
2600	16:51:07.99	0.0355	20.53282	22.09	37.43	1.0	0.999330	19.8113	1.24720	773.60	0.96486	3.28	0
2601	16:51:08.29	0.0375	20.53191	22.09	37.43	1.0	0.999282	19.8105	1.24724	773.60	0.96487	3.28	0
2602	16:51:08.59	0.0365	20.53240	22.08	37.43	1.0	0.999306	19.8108	1.24724	773.60	0.96486	3.28	0
2603	16:51:08.89	0.0375	20.53212	22.08	37.43	1.0	0.999288	19.8108	1.24724	773.60	0.96487	3.28	0
2604	16:51:09.19	0.0385	20.53170	22.08	37.43	1.0	0.999270	19.8100	1.24720	773.60	0.96485	3.28	0
2605	16:51:09.49	0.0370	20.53226	22.08	37.43	1.0	0.999294	19.8103	1.24720	773.60	0.96484	3.28	0
2606	16:51:09.79	0.0390	20.53142	22.09	37.43	1.0	0.999258	19.8095	1.24724	773.58	0.96484	3.28	0
2607	16:51:10.09	0.0380	20.53177	22.09	37.43	1.0	0.999276	19.8101	1.24724	773.60	0.96485	3.28	0
2608	16:51:10.40	0.0395	20.53114	22.09	37.43	1.0	0.999246	19.8101	1.24724	773.60	0.96488	3.28	0
2609	16:51:10.69	0.0395	20.53121	22.09	37.43	1.0	0.999246	19.8104	1.24724	773.62	0.96489	3.28	0
2610	16:51:10.99	0.0390	20.53142	22.08	37.43	1.0	0.999258	19.8104	1.24724	773.62	0.96488	3.28	0
2611	16:51:11.29	0.0370	20.53226	22.08	37.43	1.0	0.999294	19.8106	1.24720	773.60	0.96485	3.28	0
2612	16:51:11.60	0.0375	20.53205	22.09	37.43	1.0	0.999288	19.8102	1.24720	773.60	0.96484	3.28	0
2613	16:51:11.89	0.0385	20.53149	22.09	37.43	1.0	0.999264	19.8106	1.24724	773.62	0.96489	3.28	0
2614	16:51:12.19	0.0370	20.53226	22.08	37.43	1.0	0.999294	19.8101	1.24720	773.60	0.96483	3.28	0
2615	16:51:12.49	0.0385	20.53163	22.08	37.50	1.0	0.999270	19.8096	1.24720	773.60	0.96484	3.28	0
2616	16:51:12.79	0.0365	20.53226	22.08	37.50	1.0	0.999300	19.8100	1.24720	773.60	0.96482	3.28	0
2617	16:51:13.09	0.0370	20.53219	22.08	37.50	1.0	0.999294	19.8096	1.24720	773.58	0.96481	3.28	0
2618	16:51:13.39	0.0375	20.53191	22.08	37.50	1.0	0.999282	19.8099	1.24720	773.60	0.96484	3.28	0
2619	16:51:13.69	0.0355	20.53275	22.08	37.50	1.0	0.999324	19.8104	1.24720	773.58	0.96482	3.28	0
2620	16:51:13.99	0.0380	20.53170	22.08	37.50	1.0	0.999276	19.8105	1.24724	773.60	0.96487	3.28	0
2621	16:51:14.29	0.0380	20.53184	22.08	37.50	1.0	0.999282	19.8107	1.24724	773.62	0.96488	3.28	0
2622	16:51:14.59	0.0360	20.53247	22.09	37.50	1.0	0.999312	19.8103	1.24720	773.60	0.96483	3.28	0
2623	16:51:14.89	0.0375	20.53184	22.09	37.50	1.0	0.999282	19.8102	1.24724	773.60	0.96485	3.28	0
2624	16:51:15.19	0.0365	20.53233	22.08	37.50	1.0	0.999300	19.8099	1.24720	773.58	0.96482	3.28	0
2625	16:51:15.49	0.0390	20.53135	22.08	37.50	1.0	0.999258	19.8099	1.24724	773.60	0.96486	3.28	0
2626	16:51:15.79	0.0385	20.53163	22.08	37.50	1.0	0.999270	19.8103	1.24724	773.62	0.96487	3.28	0
2627	16:51:16.09	0.0385	20.53163	22.08	37.50	1.0	0.999270	19.8101	1.24720	773.60	0.96485	3.28	0
2628	16:51:16.39	0.0375	20.53198	22.09	37.50	1.0	0.999288	19.8107	1.24724	773.62	0.96487	3.28	0
2629	16:51:16.69	0.0380	20.53177	22.09	37.43	1.0	0.999276	19.8108	1.24724	773.62	0.96488	3.28	0
2630	16:51:16.99	0.0390	20.53149	22.08	37.43	1.0	0.999258	19.8104	1.24724	773.62	0.96488	3.28	0
2631	16:51:17.29	0.0390	20.53142	22.08	37.43	1.0	0.999258	19.8107	1.24724	773.62	0.96490	3.28	0
2632	16:51:17.59	0.0375	20.53191	22.09	37.43	1.0	0.999282	19.8107	1.24724	773.62	0.96487	3.28	0
2633	16:51:17.89	0.0360	20.53261	22.09	37.43	1.0	0.999318	19.8106	1.24720	773.60	0.96484	3.28	0
2634	16:51:18.19	0.0375	20.53198	22.09	37.43	1.0	0.999288	19.8101	1.24720	773.60	0.96484	3.28	0
2635	16:51:18.49	0.0385	20.53156	22.09	37.43	1.0	0.999264	19.8101	1.24724	773.60	0.96486	3.28	0
2636	16:51:18.79	0.0385	20.53163	22.09	37.43	1.0	0.999270	19.8110	1.24724	773.62	0.96490	3.28	0
2637	16:51:19.09	0.0375	20.53205	22.09	37.43	1.0	0.999288	19.8102	1.24720	773.60	0.96485	3.28	0
2638	16:51:19.39	0.0370	20.53226	22.08	37.43	1.0	0.999294	19.8108	1.24724	773.60	0.96486	3.28	0
2639	16:51:19.69	0.0390	20.53149	22.08	37.43	1.0	0.999258	19.8102	1.24724	773.62	0.96487	3.28	0
2640	16:51:20.00	0.0395	20.53128	22.09	37.43	1.0	0.999252	19.8103	1.24724	773.62	0.96488	3.28	0
2641	16:51:20.29	0.0390	20.53149	22.09	37.43	1.0	0.999264	19.8106	1.24728	773.60	0.96489	3.28	0
2642	16:51:20.59	0.0375	20.53198	22.08	37.43	1.0	0.999282	19.8107	1.24724	773.62	0.96487	3.28	0
2643	16:51:20.89	0.0380	20.53198	22.08	37.43	1.0	0.999282	19.8109	1.24724	773.60	0.96488	3.28	0
2644	16:51:21.19	0.0375	20.53205	22.08	37.43	1.0	0.999288	19.8109	1.24724	773.62	0.96488	3.28	0
2645	16:51:21.49	0.0385	20.53170	22.08	37.43	1.0	0.999270	19.8103	1.24724	773.62	0.96486	3.28	0
2646	16:51:21.79	0.0370	20.53219	22.09	37.43	1.0	0.999294	19.8111	1.24724	773.62	0.96488	3.28	0
2647	16:51:22.09	0.0385	20.53156	22.09	37.43	1.0	0.999264	19.8113	1.24728	773.62	0.96492	3.28	0
2648	16:51:22.39	0.0385	20.53170	22.08	37.43	1.0	0.999270	19.8107	1.24724	773.62	0.96488	3.28	0
2649	16:51:22.69	0.0395	20.53128	22.08	37.50	1.0	0.999252	19.8113	1.24728	773.62	0.96493	3.28	0
2650	16:51:22.99	0.0380	20.53177	22.09	37.50	1.0	0.999276	19.8109	1.24724	773.62	0.96489	3.28	0
2651	16:51:23.29	0.0370	20.53219	22.09	37.50	1.0	0.999300	19.8113	1.24724	773.62	0.96489	3.28	0
2652	16:51:23.59	0.0370	20.53212	22.09	37.50	1.0	0.999294	19.8108	1.24724	773.62	0.96487	3.28	0
2653	16:51:23.89	0.0340	20.53331	22.09	37.50	1.0	0.999354	19.8115	1.24724	773.60	0.96485	3.28	0
2654	16:51:24.19	0.0370	20.53219	22.09	37.50	1.0	0.999300	19.8108	1.24724	773.60	0.96487	3.28	0
2655	16:51:24.49	0.0355	20.53268	22.09	37.50	1.0	0.999324	19.8108	1.24720	773.60	0.96484	3.28	0
2656	16:51:24.79	0.0385	20.53156	22.08	37.50	1.0	0.999264	19.8105	1.24724	773.62	0.96488	3.28	0
2657	16:51:25.10	0.0415	20.53030	22.08	37.50	1.0	0.999204	19.8103	1.24728	773.64	0.96493	3.28	0
2658	16:51:25.39	0.0380	20.53163	22.09	37.50	1.0	0.999276	19.8113	1.24728	773.62	0.96492	3.28	0
2659	16:51:25.69	0.0375	20.53191	22.09	37.50	1.0	0.999288	19.8105	1.24724	773.60	0.96487	3.28	0
2660	16:51:25.99	0.0370	20.53219	22.09	37.50	1.0	0.999300	19.8108	1.24724	773.60	0.96486	3.28	0
2661	16:51:26.29	0.0345	20.53303	22.09	37.50	1.0	0.999342	19.8113	1.24720	773.60	0.96485	3.28	0
2662	16:51:26.60	0.0370	20.53205	22.09	37.50	1.0	0.999294	19.8105	1.24724	773.60	0.96486	3.28	0
2663	16:51:26.89	0.0370	20.53212	22.09	37.50	1.0	0.999300	19.8107	1.24724	773.60	0.96486	3.28	0
2664	16:51:27.19	0.0380	20.53170	22.09	37.50	1.0	0.999276	19.8103	1.24724	773.60	0.96487	3.28	0
2665	16:51:27.49	0.0380	20.53177	22.09	37.50	1.0	0.999276	19.8107	1.24724	773.62	0.96488	3.28	0
2666	16:51:27.79	0.0380	20.53177	22.09	37.50	1.0	0.999282	19.8106	1.24724	773.62	0.96487	3.28	0
2667	16:51:28.09	0.0390	20.53149	22.09	37.43	1.0	0.999258	19.8102	1.24724	773.60	0.96487	3.28	0
2668	16:51:28.39	0.0370	20.53226	22.09	37.43	1.0	0.999300	19.8101	1.24720	773.60	0.96483	3.28	0
2669	16:51:28.69	0.0355	20.53261	22.09	37.50	1.0	0.999324	19.8099	1.24720	773.58	0.96480	3.28	0
2670	16:51:28.99	0.0375	20.53184	22.09	37.50	1.0	0.999282	19.8103	1.24724	773.60	0.96486	3.28	0
2671	16:51:29.29	0.0370	20.53212	22.09	37.43	1.0	0.999294	19.8098	1.24720	773.58	0.96482	3.28	0
2672	16:51:29.59	0.0375	20.53205	22.09	37.43	1.0	0.999288	19.8108	1.24724	773.62	0.96487	3.28	0
2673	16:51:29.89	0.0370	20.53212	22.09	37.50	1.0	0.999294	19.8105	1.24724	773.60	0.96485	3.28	0
2674	16:51:30.19	0.0350	20.53296	22.08	37.50	1.0	0.999336	19.8104	1.24720	773.58	0.96481	3.28	0
2675	16:51:30.49	0.0385	20.53156	22.08	37.50	1.0	0.999270	19.8104	1.24724	773.62	0.96487	3.28	0
2676	16:51:30.79	0.0360	20.53240	22.09	37.50	1.0	0.999312	19.8108	1.24720	773.60	0.96485	3.28	0
2677	16:51:31.09	0.0370	20.53219	22.09	37.50	1.0	0.999300	19.8110	1.24724	773.62	0.96488	3.28	0
2678	16:51:31.39	0.0375	20.53191	22.09	37.50	1.0	0.999288	19.8104	1.24724	773.60	0.96486	3.28	0
2679	16:51:31.69	0.0365	20.53233	22.09	37.50	1.0	0.999306	19.8103	1.24720	773.60	0.96484	3.28	0
2680	16:51:31.99	0.0365	20.53219	22.09	37.50	1.0	0.999300	19.8105	1.24720	773.60	0.96485	3.28	0
2681	16:51:32.29	0.0370	20.53219	22.09	37.50	1.0	0.999300	19.8110	1.24724	773.60	0.96488	3.28	0
2682	16:51:32.59	0.0380	20.53177	22.09	37.50	1.0	0.999282	19.8108	1.24724	773.62	0.96488	3.28	0
2683	16:51:32.89	0.0370	20.53219	22.09	37.50	1.0	0.999300	19.8109	1.24724	773.60	0.96487	3.28	0
2684	16:51:33.19	0.0375	20.53191	22.09	37.50	1.0	0.999288	19.8108	1.24724	773.62	0.96488	3.28	0
2685	16:51:33.49	0.0365	20.53219	22.09	37.50	1.0	0.999300	19.8103	1.24720	773.60	0.96484	3.28	0
2686	16:51:33.79	0.0380	20.53177	22.09	37.50	1.0	0.999282	19.8102	1.24724	773.60	0.96485	3.28	0
2687	16:51:34.09	0.0380	20.53177	22.09	37.53	1.0	0.999282	19.8101	1.24720	773.60	0.96485	3.28	0
2688	16:51:34.39	0.0375	20.53184	22.09	37.53	1.0	0.999282	19.8104	1.24724	773.60	0.96487	3.28	0
2689	16:51:34.69	0.0385	20.53156	22.09	37.53	1.0	0.999270	19.8107	1.24724	773.62	0.96489	3.28	0
2690	16:51:34.99	0.0380	20.53163	22.09	37.53	1.0	0.999276	19.8108	1.24724	773.62	0.96490	3.28	0
2691	16:51:35.29	0.0385	20.53156	22.09	37.53	1.0	0.999270	19.8107	1.24724	773.62	0.96489	3.28	0
2692	16:51:35.59	0.0390	20.53121	22.09	37.53	1.0	0.999252	19.8102	1.24724	773.62	0.96488	3.28	0
2693	16:51:35.89	0.0380	20.53177	22.09	37.53	1.0	0.999282	19.8105	1.24724	773.60	0.96487	3.28	0
2694	16:51:36.19	0.0375	20.53184	22.09	37.53	1.0	0.999288	19.8103	1.24720	773.60	0.96485	3.28	0
2695	16:51:36.49	0.0380	20.53170	22.09	37.57	1.0	0.999282	19.8105	1.24724	773.62	0.96488	3.28	0
2696	16:51:36.79	0.0380	20.53156	22.09	37.57	1.0	0.999276	19.8105	1.24724	773.62	0.96488	3.28	0
2697	16:51:37.09	0.0370	20.53198	22.09	37.57	1.0	0.999294	19.8108	1.24724	773.60	0.96487	3.28	0
2698	16:51:37.39	0.0380	20.53170	22.09	37.57	1.0	0.999282	19.8108	1.24724	773.62	0.96489	3.28	0
2699	16:51:37.69	0.0390	20.53128	22.09	37.57	1.0	0.999264	19.8098	1.24724	773.60	0.96486	3.28	0
2700	16:51:37.99	0.0380	20.53170	22.08	37.57	1.0	0.999276	19.8101	1.24720	773.60	0.96485	3.28	0
2701	16:51:38.29	0.0385	20.53149	22.08	37.60	1.0	0.999270	19.8103	1.24724	773.62	0.96488	3.28	0
2702	16:51:38.59	0.0375	20.53184	22.09	37.60	1.0	0.999288	19.8103	1.24720	773.62	0.96485	3.28	0
2703	16:51:38.89	0.0375	20.53177	22.09	37.60	1.0	0.999288	19.8099	1.24720	773.60	0.96484	3.28	0
2704	16:51:39.19	0.0375	20.53184	22.08	37.60	1.0	0.999282	19.8097	1.24720	773.60	0.96483	3.28	0
2705	16:51:39.49	0.0385	20.53156	22.08	37.60	1.0	0.999270	19.8110	1.24724	773.62	0.96490	3.28	0
2706	16:51:39.79	0.0385	20.53142	22.08	37.60	1.0	0.999264	19.8105	1.24724	773.60	0.96489	3.28	0
2707	16:51:40.10	0.0390	20.53121	22.08	37.60	1.0	0.999258	19.8106	1.24724	773.62	0.96490	3.28	0
2708	16:51:40.39	0.0365	20.53233	22.08	37.60	1.0	0.999306	19.8108	1.24724	773.60	0.96485	3.28	0
2709	16:51:40.69	0.0370	20.53198	22.08	37.63	1.0	0.999294	19.8103	1.24720	773.60	0.96485	3.28	0
2710	16:51:40.99	0.0390	20.53128	22.08	37.63	1.0	0.999258	19.8106	1.24724	773.62	0.96490	3.28	0
2711	16:51:41.29	0.0370	20.53205	22.08	37.63	1.0	0.999300	19.8103	1.24724	773.60	0.96485	3.28	0
2712	16:51:41.59	0.0360	20.53233	22.08	37.63	1.0	0.999312	19.8108	1.24720	773.62	0.96486	3.28	0
2713	16:51:41.90	0.0380	20.53170	22.08	37.63	1.0	0.999282	19.8101	1.24724	773.60	0.96485	3.28	0
2714	16:51:42.19	0.0375	20.53177	22.08	37.63	1.0	0.999282	19.8106	1.24724	773.62	0.96488	3.28	0
2715	16:51:42.49	0.0390	20.53128	22.08	37.63	1.0	0.999258	19.8100	1.24724	773.60	0.96487	3.28	0
2716	16:51:42.79	0.0390	20.53135	22.08	37.63	1.0	0.999264	19.8105	1.24724	773.60	0.96489	3.28	0
2717	16:51:43.09	0.0380	20.53156	22.08	37.67	1.0	0.999276	19.8103	1.24724	773.60	0.96487	3.28	0
2718	16:51:43.39	0.0390	20.53128	22.08	37.67	1.0	0.999264	19.8103	1.24724	773.62	0.96488	3.28	0
2719	16:51:43.69	0.0360	20.53240	22.08	37.67	1.0	0.999318	19.8101	1.24720	773.60	0.96482	3.28	0
2720	16:51:43.99	0.0390	20.53128	22.08	37.67	1.0	0.999258	19.8096	1.24724	773.60	0.96485	3.28	0
2721	16:51:44.29	0.0375	20.53184	22.08	37.67	1.0	0.999288	19.8106	1.24724	773.60	0.96487	3.28	0
2722	16:51:44.59	0.0380	20.53156	22.08	37.67	1.0	0.999276	19.8106	1.24724	773.62	0.96488	3.28	0
2723	16:51:44.90	0.0370	20.53205	22.08	37.67	1.0	0.999300	19.8102	1.24724	773.60	0.96484	3.28	0
2724	16:51:45.19	0.0375	20.53177	22.08	37.67	1.0	0.999288	19.8097	1.24724	773.58	0.96484	3.28	0
2725	16:51:45.50	0.0380	20.53149	22.08	37.70	1.0	0.999276	19.8103	1.24724	773.60	0.96487	3.28	0
2726	16:51:45.79	0.0360	20.53233	22.08	37.70	1.0	0.999312	19.8102	1.24720	773.58	0.96483	3.28	0
2727	16:51:46.09	0.0380	20.53163	22.08	37.70	1.0	0.999282	19.8105	1.24724	773.60	0.96488	3.28	0
2728	16:51:46.39	0.0375	20.53177	22.08	37.70	1.0	0.999288	19.8103	1.24724	773.60	0.96487	3.28	0
2729	16:51:46.69	0.0395	20.53093	22.08	37.73	1.0	0.999252	19.8106	1.24728	773.62	0.96491	3.28	0
2730	16:51:46.99	0.0365	20.53205	22.08	37.73	1.0	0.999306	19.8099	1.24720	773.58	0.96483	3.28	0
2731	16:51:47.29	0.0370	20.53184	22.08	37.73	1.0	0.999294	19.8110	1.24724	773.60	0.96489	3.28	0
2732	16:51:47.59	0.0350	20.53261	22.08	37.73	1.0	0.999330	19.8103	1.24720	773.58	0.96482	3.28	0
2733	16:51:47.89	0.0390	20.53107	22.08	37.73	1.0	0.999258	19.8103	1.24724	773.62	0.96490	3.28	0
2734	16:51:48.19	0.0375	20.53177	22.08	37.73	1.0	0.999288	19.8106	1.24724	773.60	0.96488	3.28	0
2735	16:51:48.49	0.0360	20.53233	22.08	37.73	1.0	0.999318	19.8106	1.24720	773.60	0.96485	3.28	0
2736	16:51:48.79	0.0375	20.53177	22.08	37.73	1.0	0.999288	19.8105	1.24724	773.60	0.96487	3.28	0
2737	16:51:49.09	0.0375	20.53177	22.08	37.73	1.0	0.999288	19.8096	1.24720	773.60	0.96483	3.28	0
2738	16:51:49.39	0.0365	20.53205	22.08	37.73	1.0	0.999306	19.8098	1.24720	773.60	0.96482	3.28	0
2739	16:51:49.69	0.0380	20.53156	22.08	37.73	1.0	0.999276	19.8096	1.24720	773.58	0.96484	3.28	0
2740	16:51:49.99	0.0370	20.53198	22.08	37.73	1.0	0.999300	19.8099	1.24720	773.60	0.96484	3.28	0
2741	16:51:50.29	0.0365	20.53205	22.08	37.73	1.0	0.999306	19.8098	1.24720	773.58	0.96482	3.28	0
2742	16:51:50.59	0.0390	20.53114	22.08	37.73	1.0	0.999258	19.8092	1.24720	773.60	0.96484	3.28	0
2743	16:51:50.89	0.0365	20.53212	22.08	37.77	1.0	0.999312	19.8103	1.24724	773.60	0.96484	3.28	0
2744	16:51:51.19	0.0390	20.53100	22.08	37.77	1.0	0.999258	19.8098	1.24724	773.60	0.96487	3.28	0
2745	16:51:51.49	0.0355	20.53254	22.08	37.73	1.0	0.999330	19.8098	1.24720	773.58	0.96480	3.28	0
2746	16:51:51.79	0.0380	20.53142	22.08	37.73	1.0	0.999276	19.8099	1.24724	773.60	0.96486	3.28	0
2747	16:51:52.09	0.0375	20.53163	22.08	37.73	1.0	0.999282	19.8094	1.24720	773.58	0.96482	3.28	0
2748	16:51:52.39	0.0385	20.53135	22.08	37.73	1.0	0.999270	19.8099	1.24724	773.60	0.96486	3.28	0
2749	16:51:52.69	0.0380	20.53156	22.08	37.73	1.0	0.999282	19.8099	1.24724	773.60	0.96485	3.28	0
2750	16:51:52.99	0.0350	20.53275	22.08	37.73	1.0	0.999336	19.8096	1.24720	773.58	0.96478	3.28	0
2751	16:51:53.29	0.0350	20.53275	22.08	37.73	1.0	0.999336	19.8101	1.24720	773.58	0.96481	3.28	0
2752	16:51:53.59	0.0370	20.53184	22.08	37.73	1.0	0.999294	19.8100	1.24724	773.60	0.96484	3.28	0
2753	16:51:53.89	0.0385	20.53135	22.08	37.73	1.0	0.999270	19.8095	1.24724	773.60	0.96484	3.28	0
2754	16:51:54.19	0.0370	20.53205	22.07	37.73	1.0	0.999300	19.8100	1.24720	773.60	0.96484	3.28	0
2755	16:51:54.49	0.0365	20.53212	22.07	37.73	1.0	0.999300	19.8099	1.24720	773.60	0.96482	3.28	0
2756	16:51:54.79	0.0380	20.53163	22.07	37.73	1.0	0.999276	19.8096	1.24720	773.60	0.96484	3.28	0
2757	16:51:55.09	0.0380	20.53163	22.07	37.77	1.0	0.999282	19.8101	1.24724	773.60	0.96486	3.28	0
2758	16:51:55.39	0.0355	20.53247	22.08	37.77	1.0	0.999324	19.8100	1.24720	773.58	0.96481	3.28	0
2759	16:51:55.69	0.0370	20.53177	22.08	37.77	1.0	0.999294	19.8099	1.24724	773.60	0.96484	3.28	0
2760	16:51:55.99	0.0390	20.53107	22.07	37.77	1.0	0.999252	19.8092	1.24724	773.60	0.96484	3.28	0
2761	16:51:56.29	0.0390	20.53107	22.07	37.77	1.0	0.999252	19.8097	1.24724	773.60	0.96487	3.28	0
2762	16:51:56.59	0.0380	20.53163	22.07	37.77	1.0	0.999282	19.8107	1.24724	773.62	0.96488	3.28	0
2763	16:51:56.89	0.0380	20.53163	22.07	37.77	1.0	0.999282	19.8102	1.24724	773.60	0.96487	3.28	0
2764	16:51:57.19	0.0350	20.53268	22.08	37.77	1.0	0.999336	19.8096	1.24720	773.58	0.96479	3.28	0
2765	16:51:57.49	0.0380	20.53142	22.08	37.77	1.0	0.999276	19.8103	1.24724	773.60	0.96488	3.28	0
2766	16:51:57.79	0.0355	20.53247	22.07	37.77	1.0	0.999324	19.8102	1.24720	773.58	0.96482	3.28	0
2767	16:51:58.09	0.0370	20.53198	22.07	37.77	1.0	0.999300	19.8099	1.24720	773.60	0.96483	3.28	0
2768	16:51:58.39	0.0365	20.53198	22.08	37.77	1.0	0.999300	19.8097	1.24724	773.58	0.96482	3.28	0
2769	16:51:58.69	0.0360	20.53226	22.08	37.77	1.0	0.999318	19.8102	1.24720	773.58	0.96483	3.28	0
2770	16:51:58.99	0.0345	20.53289	22.07	37.77	1.0	0.999342	19.8101	1.24720	773.58	0.96479	3.28	0
2771	16:51:59.29	0.0385	20.53142	22.07	37.77	1.0	0.999270	19.8093	1.24720	773.58	0.96483	3.28	0
2772	16:51:59.59	0.0385	20.53135	22.07	37.77	1.0	0.999264	19.8094	1.24720	773.60	0.96484	3.28	0
2773	16:51:59.89	0.0370	20.53191	22.07	37.77	1.0	0.999294	19.8094	1.24720	773.58	0.96481	3.28	0
2774	16:52:00.19	0.0375	20.53177	22.07	37.77	1.0	0.999288	19.8095	1.24720	773.58	0.96482	3.28	0
2775	16:52:00.49	0.0380	20.53163	22.07	37.77	1.0	0.999282	19.8096	1.24724	773.58	0.96484	3.28	0
2776	16:52:00.79	0.0395	20.53086	22.07	37.77	1.0	0.999246	19.8098	1.24724	773.60	0.96488	3.28	0
2777	16:52:01.09	0.0370	20.53191	22.07	37.77	1.0	0.999294	19.8097	1.24720	773.58	0.96483	3.28	0
2778	16:52:01.39	0.0375	20.53156	22.08	37.77	1.0	0.999282	19.8095	1.24720	773.60	0.96483	3.28	0
2779	16:52:01.69	0.0370	20.53191	22.08	37.77	1.0	0.999300	19.8096	1.24720	773.58	0.96482	3.28	0
2780	16:52:01.99	0.0375	20.53177	22.07	37.77	1.0	0.999288	19.8096	1.24720	773.58	0.96482	3.28	0
2781	16:52:02.29	0.0375	20.53170	22.07	37.77	1.0	0.999282	19.8096	1.24720	773.58	0.96484	3.28	0
2782	16:52:02.59	0.0365	20.53205	22.07	37.77	1.0	0.999300	19.8097	1.24720	773.58	0.96482	3.28	0
2783	16:52:02.90	0.0355	20.53247	22.07	37.77	1.0	0.999324	19.8094	1.24720	773.56	0.96478	3.28	0
2784	16:52:03.19	0.0370	20.53191	22.07	37.77	1.0	0.999294	19.8099	1.24720	773.60	0.96484	3.28	0
2785	16:52:03.49	0.0370	20.53191	22.07	37.77	1.0	0.999294	19.8102	1.24724	773.58	0.96485	3.28	0
2786	16:52:03.79	0.0390	20.53121	22.07	37.77	1.0	0.999264	19.8095	1.24724	773.60	0.96485	3.28	0
2787	16:52:04.09	0.0400	20.53086	22.07	37.77	1.0	0.999240	19.8094	1.24724	773.60	0.96487	3.28	0
2788	16:52:04.39	0.0390	20.53107	22.07	37.77	1.0	0.999252	19.8100	1.24724	773.60	0.96488	3.28	0
2789	16:52:04.69	0.0375	20.53170	22.07	37.77	1.0	0.999282	19.8092	1.24720	773.58	0.96481	3.28	0
2790	16:52:04.99	0.0375	20.53163	22.07	37.77	1.0	0.999282	19.8096	1.24720	773.58	0.96484	3.28	0
2791	16:52:05.29	0.0375	20.53170	22.07	37.77	1.0	0.999282	19.8094	1.24724	773.58	0.96482	3.28	0
2792	16:52:05.59	0.0385	20.53135	22.07	37.77	1.0	0.999270	19.8096	1.24724	773.60	0.96485	3.28	0
2793	16:52:05.89	0.0375	20.53163	22.07	37.77	1.0	0.999282	19.8099	1.24724	773.58	0.96485	3.28	0
2794	16:52:06.19	0.0375	20.53177	22.06	37.77	1.0	0.999282	19.8095	1.24720	773.58	0.96482	3.28	0
2795	16:52:06.49	0.0380	20.53170	22.06	37.77	1.0	0.999282	19.8099	1.24724	773.60	0.96485	3.28	0
2796	16:52:06.79	0.0385	20.53142	22.06	37.77	1.0	0.999264	19.8095	1.24724	773.58	0.96484	3.28	0
2797	16:52:07.09	0.0360	20.53233	22.06	37.77	1.0	0.999312	19.8097	1.24720	773.58	0.96481	3.28	0
2798	16:52:07.39	0.0385	20.53135	22.07	37.77	1.0	0.999264	19.8099	1.24724	773.60	0.96486	3.28	0
2799	16:52:07.69	0.0380	20.53156	22.07	37.77	1.0	0.999276	19.8097	1.24724	773.58	0.96484	3.28	0
2800	16:52:07.99	0.0360	20.53233	22.07	37.77	1.0	0.999312	19.8096	1.24720	773.56	0.96480	3.28	0
2801	16:52:08.29	0.0365	20.53212	22.07	37.77	1.0	0.999306	19.8094	1.24720	773.58	0.96480	3.28	0
2802	16:52:08.59	0.0380	20.53156	22.06	37.77	1.0	0.999270	19.8092	1.24720	773.58	0.96482	3.28	0
2803	16:52:08.89	0.0385	20.53142	22.06	37.77	1.0	0.999264	19.8097	1.24724	773.60	0.96485	3.28	0
2804	16:52:09.19	0.0360	20.53233	22.07	37.77	1.0	0.999318	19.8098	1.24720	773.58	0.96481	3.28	0
2805	16:52:09.49	0.0370	20.53184	22.07	37.77	1.0	0.999294	19.8094	1.24724	773.56	0.96481	3.28	0
2806	16:52:09.79	0.0380	20.53156	22.07	37.77	1.0	0.999282	19.8099	1.24724	773.58	0.96485	3.28	0
2807	16:52:10.09	0.0375	20.53177	22.07	37.77	1.0	0.999288	19.8099	1.24724	773.58	0.96484	3.28	0
2808	16:52:10.39	0.0355	20.53261	22.06	37.77	1.0	0.999324	19.8104	1.24720	773.58	0.96483	3.28	0
2809	16:52:10.69	0.0365	20.53212	22.06	37.77	1.0	0.999300	19.8096	1.24720	773.58	0.96481	3.28	0
2810	16:52:10.99	0.0360	20.53226	22.07	37.77	1.0	0.999312	19.8103	1.24724	773.58	0.96484	3.28	0
2811	16:52:11.29	0.0395	20.53079	22.07	37.83	1.0	0.999246	19.8092	1.24724	773.60	0.96485	3.28	0
2812	16:52:11.59	0.0375	20.53177	22.06	37.83	1.0	0.999288	19.8100	1.24724	773.60	0.96485	3.28	0
2813	16:52:11.89	0.0365	20.53219	22.06	37.83	1.0	0.999306	19.8101	1.24724	773.58	0.96483	3.28	0
2814	16:52:12.19	0.0380	20.53156	22.06	37.83	1.0	0.999276	19.8096	1.24724	773.58	0.96484	3.28	0
2815	16:52:12.49	0.0380	20.53149	22.06	37.83	1.0	0.999276	19.8099	1.24724	773.60	0.96485	3.28	0
2816	16:52:12.79	0.0375	20.53170	22.06	37.83	1.0	0.999282	19.8099	1.24724	773.60	0.96485	3.28	0
2817	16:52:13.09	0.0370	20.53198	22.06	37.83	1.0	0.999294	19.8096	1.24720	773.58	0.96482	3.28	0
2818	16:52:13.39	0.0380	20.53149	22.06	37.83	1.0	0.999276	19.8093	1.24720	773.58	0.96482	3.28	0
2819	16:52:13.69	0.0375	20.53184	22.06	37.83	1.0	0.999294	19.8099	1.24720	773.60	0.96484	3.28	0
2820	16:52:13.99	0.0345	20.53282	22.06	37.83	1.0	0.999342	19.8094	1.24720	773.56	0.96477	3.28	0
2821	16:52:14.29	0.0390	20.53128	22.06	37.83	1.0	0.999264	19.8094	1.24724	773.58	0.96484	3.28	0
2822	16:52:14.59	0.0385	20.53128	22.06	37.83	1.0	0.999264	19.8094	1.24724	773.58	0.96484	3.28	0
2823	16:52:14.89	0.0365	20.53212	22.06	37.83	1.0	0.999306	19.8098	1.24720	773.58	0.96482	3.28	0
2824	16:52:15.19	0.0370	20.53205	22.06	37.83	1.0	0.999300	19.8102	1.24724	773.58	0.96485	3.28	0
2825	16:52:15.49	0.0385	20.53142	22.06	37.83	1.0	0.999270	19.8099	1.24724	773.60	0.96486	3.28	0
2826	16:52:15.79	0.0375	20.53177	22.06	37.83	1.0	0.999288	19.8097	1.24724	773.58	0.96484	3.28	0
2827	16:52:16.09	0.0330	20.53359	22.06	37.83	1.0	0.999378	19.8104	1.24720	773.56	0.96478	3.28	0
2828	16:52:16.40	0.0370	20.53205	22.06	37.83	1.0	0.999300	19.8092	1.24716	773.58	0.96479	3.28	0
2829	16:52:16.69	0.0365	20.53219	22.06	37.83	1.0	0.999306	19.8096	1.24720	773.58	0.96481	3.28	0
2830	16:52:16.99	0.0380	20.53149	22.06	37.83	1.0	0.999276	19.8092	1.24724	773.58	0.96482	3.28	0
2831	16:52:17.29	0.0360	20.53226	22.06	37.83	1.0	0.999312	19.8091	1.24720	773.56	0.96478	3.28	0
2832	16:52:17.59	0.0350	20.53275	22.06	37.83	1.0	0.999336	19.8095	1.24720	773.56	0.96478	3.28	0
2833	16:52:17.89	0.0385	20.53135	22.06	37.83	1.0	0.999264	19.8096	1.24724	773.58	0.96485	3.28	0
2834	16:52:18.19	0.0375	20.53177	22.06	37.83	1.0	0.999288	19.8087	1.24720	773.56	0.96478	3.28	0
2835	16:52:18.49	0.0365	20.53212	22.06	37.83	1.0	0.999306	19.8089	1.24720	773.56	0.96478	3.28	0
2836	16:52:18.79	0.0390	20.53128	22.06	37.83	1.0	0.999264	19.8089	1.24720	773.58	0.96482	3.28	0
2837	16:52:19.09	0.0365	20.53205	22.06	37.83	1.0	0.999300	19.8096	1.24720	773.58	0.96482	3.28	0
2838	16:52:19.39	0.0380	20.53156	22.06	37.83	1.0	0.999276	19.8094	1.24724	773.58	0.96483	3.28	0
2839	16:52:19.69	0.0375	20.53177	22.06	37.83	1.0	0.999288	19.8096	1.24720	773.58	0.96483	3.28	0
2840	16:52:19.99	0.0380	20.53170	22.05	37.83	1.0	0.999282	19.8094	1.24720	773.58	0.96482	3.28	0
2841	16:52:20.29	0.0395	20.53100	22.05	37.83	1.0	0.999246	19.8093	1.24724	773.60	0.96485	3.28	0
2842	16:52:20.59	0.0375	20.53177	22.06	37.83	1.0	0.999288	19.8095	1.24724	773.58	0.96482	3.28	0
2843	16:52:20.89	0.0360	20.53226	22.06	37.83	1.0	0.999312	19.8091	1.24720	773.56	0.96478	3.28	0
2844	16:52:21.19	0.0355	20.53261	22.06	37.83	1.0	0.999324	19.8093	1.24720	773.56	0.96478	3.28	0
2845	16:52:21.49	0.0360	20.53226	22.06	37.83	1.0	0.999312	19.8091	1.24720	773.56	0.96478	3.28	0
2846	16:52:21.79	0.0360	20.53240	22.06	37.83	1.0	0.999318	19.8098	1.24720	773.58	0.96481	3.28	0
2847	16:52:22.09	0.0350	20.53268	22.06	37.83	1.0	0.999330	19.8103	1.24720	773.58	0.96482	3.28	0
2848	16:52:22.39	0.0370	20.53205	22.05	37.83	1.0	0.999300	19.8099	1.24724	773.58	0.96483	3.28	0
2849	16:52:22.69	0.0380	20.53170	22.05	37.83	1.0	0.999282	19.8100	1.24724	773.58	0.96485	3.28	0
2850	16:52:22.99	0.0160	20.54024	22.06	37.83	1.0	0.999696	19.8175	1.24724	773.58	0.96482	3.28	0
2851	16:52:23.29	0.0420	20.53009	22.06	37.83	1.0	0.999204	19.8081	1.24724	773.58	0.96484	3.28	0
2852	16:52:23.59	0.0365	20.53219	22.06	37.83	1.0	0.999306	19.8109	1.24724	773.60	0.96487	3.28	0
2853	16:52:23.89	0.0370	20.53191	22.06	37.83	1.0	0.999294	19.8092	1.24720	773.58	0.96480	3.28	0
2854	16:52:24.19	0.0380	20.53156	22.05	37.83	1.0	0.999270	19.8098	1.24724	773.58	0.96485	3.28	0
2855	16:52:24.49	0.0370	20.53212	22.05	37.83	1.0	0.999300	19.8094	1.24720	773.56	0.96480	3.28	0
2856	16:52:24.79	0.0365	20.53212	22.05	37.83	1.0	0.999300	19.8099	1.24724	773.58	0.96482	3.28	0
2857	16:52:25.10	0.0360	20.53233	22.05	37.87	1.0	0.999312	19.8100	1.24724	773.58	0.96482	3.28	0
2858	16:52:25.39	0.0380	20.53156	22.05	37.87	1.0	0.999276	19.8096	1.24724	773.58	0.96484	3.28	0
2859	16:52:25.69	0.0380	20.53170	22.05	37.83	1.0	0.999282	19.8099	1.24724	773.58	0.96484	3.28	0
2860	16:52:25.99	0.0385	20.53128	22.06	37.83	1.0	0.999264	19.8096	1.24724	773.60	0.96485	3.28	0
2861	16:52:26.29	0.0375	20.53184	22.06	37.83	1.0	0.999288	19.8099	1.24720	773.60	0.96484	3.28	0
2862	16:52:26.60	0.0380	20.53170	22.05	37.83	1.0	0.999282	19.8099	1.24724	773.58	0.96484	3.28	0
2863	16:52:26.89	0.0375	20.53184	22.05	37.83	1.0	0.999288	19.8099	1.24724	773.58	0.96484	3.28	0
2864	16:52:27.19	0.0380	20.53156	22.05	37.83	1.0	0.999270	19.8096	1.24724	773.58	0.96484	3.28	0
2865	16:52:27.49	0.0375	20.53177	22.05	37.83	1.0	0.999282	19.8092	1.24720	773.58	0.96481	3.28	0
2866	16:52:27.79	0.0390	20.53114	22.06	37.83	1.0	0.999258	19.8098	1.24724	773.60	0.96487	3.28	0
2867	16:52:28.09	0.0370	20.53191	22.06	37.83	1.0	0.999294	19.8096	1.24720	773.58	0.96482	3.28	0
2868	16:52:28.39	0.0375	20.53184	22.05	37.83	1.0	0.999288	19.8099	1.24724	773.58	0.96484	3.28	0
2869	16:52:28.69	0.0380	20.53170	22.05	37.83	1.0	0.999282	19.8086	1.24720	773.56	0.96478	3.28	0
2870	16:52:28.99	0.0390	20.53135	22.05	37.83	1.0	0.999264	19.8092	1.24724	773.58	0.96482	3.28	0
2871	16:52:29.29	0.0375	20.53177	22.05	37.83	1.0	0.999282	19.8096	1.24720	773.58	0.96482	3.28	0
2872	16:52:29.59	0.0375	20.53191	22.05	37.83	1.0	0.999288	19.8095	1.24724	773.58	0.96482	3.28	0
2873	16:52:29.89	0.0375	20.53184	22.05	37.87	1.0	0.999288	19.8095	1.24720	773.58	0.96482	3.28	0
2874	16:52:30.19	0.0400	20.53093	22.05	37.87	1.0	0.999246	19.8085	1.24724	773.58	0.96482	3.28	0
2875	16:52:30.49	0.0370	20.53191	22.05	37.87	1.0	0.999294	19.8090	1.24720	773.56	0.96479	3.28	0
2876	16:52:30.79	0.0405	20.53072	22.05	37.87	1.0	0.999234	19.8086	1.24724	773.56	0.96483	3.28	0
2877	16:52:31.09	0.0370	20.53191	22.05	37.87	1.0	0.999294	19.8090	1.24720	773.56	0.96479	3.28	0
2878	16:52:31.39	0.0380	20.53149	22.05	37.87	1.0	0.999276	19.8093	1.24724	773.58	0.96482	3.28	0
2879	16:52:31.69	0.0375	20.53170	22.05	37.87	1.0	0.999282	19.8089	1.24720	773.56	0.96480	3.28	0
2880	16:52:31.99	0.0365	20.53226	22.05	37.87	1.0	0.999312	19.8092	1.24720	773.56	0.96478	3.28	0
2881	16:52:32.29	0.0385	20.53128	22.05	37.87	1.0	0.999264	19.8092	1.24724	773.58	0.96482	3.28	0
2882	16:52:32.59	0.0375	20.53177	22.05	37.87	1.0	0.999288	19.8089	1.24720	773.56	0.96479	3.28	0
2883	16:52:32.89	0.0370	20.53198	22.05	37.87	1.0	0.999294	19.8085	1.24720	773.56	0.96477	3.28	0
2884	16:52:33.19	0.0370	20.53198	22.05	37.87	1.0	0.999300	19.8085	1.24720	773.54	0.96476	3.28	0
2885	16:52:33.49	0.0360	20.53233	22.05	37.87	1.0	0.999312	19.8090	1.24720	773.56	0.96478	3.28	0
2886	16:52:33.79	0.0380	20.53163	22.05	37.87	1.0	0.999282	19.8083	1.24720	773.54	0.96477	3.28	0
2887	16:52:34.09	0.0375	20.53177	22.05	37.87	1.0	0.999282	19.8089	1.24720	773.58	0.96479	3.28	0
2888	16:52:34.39	0.0375	20.53184	22.05	37.87	1.0	0.999288	19.8087	1.24720	773.56	0.96478	3.28	0
2889	16:52:34.69	0.0370	20.53191	22.05	37.87	1.0	0.999294	19.8088	1.24720	773.56	0.96478	3.28	0
2890	16:52:34.99	0.0355	20.53254	22.05	37.87	1.0	0.999324	19.8089	1.24716	773.56	0.96475	3.28	0
2891	16:52:35.29	0.0370	20.53191	22.05	37.90	1.0	0.999294	19.8086	1.24720	773.56	0.96477	3.28	0
2892	16:52:35.59	0.0370	20.53191	22.05	37.90	1.0	0.999294	19.8086	1.24720	773.56	0.96477	3.28	0
2893	16:52:35.89	0.0370	20.53184	22.05	37.90	1.0	0.999294	19.8085	1.24720	773.56	0.96476	3.28	0
2894	16:52:36.19	0.0375	20.53177	22.05	37.90	1.0	0.999288	19.8078	1.24716	773.54	0.96474	3.28	0
2895	16:52:36.49	0.0380	20.53156	22.05	37.90	1.0	0.999276	19.8087	1.24720	773.56	0.96479	3.28	0
2896	16:52:36.79	0.0370	20.53198	22.05	37.90	1.0	0.999300	19.8085	1.24720	773.56	0.96476	3.28	0
2897	16:52:37.09	0.0360	20.53233	22.05	37.90	1.0	0.999312	19.8091	1.24720	773.56	0.96478	3.28	0
2898	16:52:37.39	0.0405	20.53065	22.05	37.90	1.0	0.999234	19.8082	1.24720	773.58	0.96481	3.28	0
2899	16:52:37.69	0.0385	20.53142	22.05	37.90	1.0	0.999270	19.8087	1.24720	773.56	0.96480	3.28	0
2900	16:52:37.99	0.0380	20.53170	22.04	37.90	1.0	0.999282	19.8089	1.24720	773.56	0.96479	3.28	0
2901	16:52:38.29	0.0365	20.53219	22.04	37.90	1.0	0.999306	19.8093	1.24720	773.56	0.96479	3.28	0
2902	16:52:38.59	0.0345	20.53296	22.05	37.90	1.0	0.999348	19.8087	1.24716	773.54	0.96473	3.28	0
2903	16:52:38.89	0.0400	20.53072	22.05	37.90	1.0	0.999234	19.8087	1.24724	773.58	0.96484	3.28	0
2904	16:52:39.19	0.0375	20.53177	22.05	37.90	1.0	0.999288	19.8084	1.24720	773.56	0.96477	3.28	0
2905	16:52:39.49	0.0375	20.53170	22.05	37.90	1.0	0.999282	19.8094	1.24724	773.58	0.96482	3.28	0
2906	16:52:39.79	0.0370	20.53205	22.04	37.90	1.0	0.999294	19.8089	1.24720	773.54	0.96478	3.28	0
2907	16:52:40.09	0.0390	20.53114	22.04	37.90	1.0	0.999252	19.8092	1.24724	773.58	0.96484	3.28	0
2908	16:52:40.39	0.0370	20.53198	22.04	37.90	1.0	0.999294	19.8092	1.24724	773.56	0.96480	3.28	0
2909	16:52:40.69	0.0385	20.53142	22.04	37.90	1.0	0.999264	19.8089	1.24720	773.58	0.96481	3.28	0
2910	16:52:40.99	0.0385	20.53135	22.05	37.90	1.0	0.999264	19.8092	1.24724	773.58	0.96483	3.28	0
2911	16:52:41.29	0.0375	20.53177	22.05	37.90	1.0	0.999288	19.8095	1.24724	773.58	0.96482	3.28	0
2912	16:52:41.59	0.0375	20.53170	22.05	37.90	1.0	0.999282	19.8087	1.24720	773.56	0.96479	3.28	0
2913	16:52:41.89	0.0370	20.53191	22.05	37.90	1.0	0.999294	19.8092	1.24720	773.56	0.96480	3.28	0
2914	16:52:42.19	0.0385	20.53135	22.04	37.90	1.0	0.999264	19.8095	1.24724	773.58	0.96484	3.28	0
2915	16:52:42.49	0.0390	20.53114	22.04	37.93	1.0	0.999252	19.8087	1.24720	773.58	0.96481	3.28	0
2916	16:52:42.79	0.0370	20.53184	22.05	37.93	1.0	0.999294	19.8089	1.24720	773.56	0.96479	3.28	0
2917	16:52:43.09	0.0375	20.53163	22.05	37.93	1.0	0.999282	19.8094	1.24724	773.58	0.96482	3.28	0
2918	16:52:43.39	0.0370	20.53191	22.04	37.93	1.0	0.999294	19.8098	1.24724	773.58	0.96483	3.28	0
2919	16:52:43.69	0.0375	20.53191	22.04	37.93	1.0	0.999288	19.8102	1.24724	773.58	0.96485	3.28	0
2920	16:52:43.99	0.0385	20.53135	22.05	37.93	1.0	0.999270	19.8090	1.24720	773.58	0.96482	3.28	0
2921	16:52:44.29	0.0385	20.53135	22.05	37.93	1.0	0.999270	19.8087	1.24720	773.56	0.96480	3.28	0
2922	16:52:44.59	0.0365	20.53226	22.04	37.93	1.0	0.999312	19.8095	1.24724	773.56	0.96480	3.28	0
2923	16:52:44.89	0.0375	20.53170	22.04	37.93	1.0	0.999282	19.8094	1.24724	773.56	0.96482	3.28	0
2924	16:52:45.19	0.0395	20.53093	22.04	37.93	1.0	0.999246	19.8092	1.24724	773.58	0.96485	3.28	0
2925	16:52:45.49	0.0370	20.53198	22.04	37.93	1.0	0.999294	19.8096	1.24724	773.58	0.96482	3.28	0
2926	16:52:45.79	0.0385	20.53135	22.05	37.93	1.0	0.999270	19.8092	1.24724	773.58	0.96482	3.28	0
2927	16:52:46.09	0.0365	20.53205	22.05	37.93	1.0	0.999300	19.8099	1.24724	773.58	0.96483	3.28	0
2928	16:52:46.39	0.0390	20.53114	22.05	37.93	1.0	0.999258	19.8089	1.24724	773.58	0.96482	3.28	0
2929	16:52:46.69	0.0360	20.53226	22.05	37.93	1.0	0.999312	19.8097	1.24720	773.58	0.96481	3.28	0
2930	16:52:46.99	0.0385	20.53135	22.04	37.93	1.0	0.999264	19.8085	1.24720	773.56	0.96479	3.28	0
2931	16:52:47.29	0.0360	20.53240	22.04	37.93	1.0	0.999318	19.8089	1.24720	773.54	0.96476	3.28	0
2932	16:52:47.59	0.0365	20.53212	22.04	37.93	1.0	0.999300	19.8088	1.24720	773.54	0.96478	3.28	0
2933	16:52:47.89	0.0395	20.53100	22.04	37.93	1.0	0.999246	19.8096	1.24724	773.60	0.96487	3.28	0
2934	16:52:48.19	0.0370	20.53191	22.04	37.93	1.0	0.999294	19.8091	1.24720	773.56	0.96479	3.28	0
2935	16:52:48.49	0.0385	20.53149	22.04	37.93	1.0	0.999270	19.8082	1.24720	773.56	0.96478	3.28	0
2936	16:52:48.79	0.0375	20.53170	22.05	37.93	1.0	0.999282	19.8088	1.24720	773.56	0.96479	3.28	0
2937	16:52:49.09	0.0365	20.53198	22.05	37.93	1.0	0.999300	19.8093	1.24720	773.56	0.96480	3.28	0
2938	16:52:49.39	0.0370	20.53191	22.04	37.93	1.0	0.999294	19.8090	1.24720	773.56	0.96479	3.28	0
2939	16:52:49.69	0.0390	20.53128	22.04	37.93	1.0	0.999264	19.8085	1.24720	773.56	0.96479	3.28	0
2940	16:52:49.99	0.0375	20.53191	22.04	37.93	1.0	0.999294	19.8090	1.24720	773.56	0.96479	3.28	0
2941	16:52:50.29	0.0395	20.53107	22.04	37.93	1.0	0.999252	19.8087	1.24724	773.56	0.96482	3.28	0
2942	16:52:50.59	0.0390	20.53128	22.04	37.93	1.0	0.999258	19.8088	1.24724	773.56	0.96481	3.28	0
2943	16:52:50.89	0.0380	20.53156	22.04	37.97	1.0	0.999276	19.8089	1.24720	773.56	0.96481	3.28	0
2944	16:52:51.19	0.0385	20.53142	22.04	37.97	1.0	0.999270	19.8087	1.24720	773.56	0.96480	3.28	0
2945	16:52:51.49	0.0380	20.53163	22.04	37.97	1.0	0.999282	19.8092	1.24724	773.56	0.96482	3.28	0
2946	16:52:51.79	0.0355	20.53240	22.05	37.97	1.0	0.999324	19.8098	1.24720	773.58	0.96481	3.28	0
2947	16:52:52.09	0.0355	20.53254	22.05	37.97	1.0	0.999330	19.8087	1.24716	773.54	0.96475	3.28	0
2948	16:52:52.39	0.0370	20.53198	22.04	37.97	1.0	0.999300	19.8091	1.24720	773.56	0.96479	3.28	0
2949	16:52:52.69	0.0370	20.53184	22.04	37.97	1.0	0.999294	19.8090	1.24720	773.56	0.96479	3.28	0
2950	16:52:52.99	0.0360	20.53240	22.04	37.97	1.0	0.999318	19.8098	1.24724	773.56	0.96481	3.28	0
2951	16:52:53.29	0.0365	20.53205	22.04	37.97	1.0	0.999300	19.8092	1.24720	773.56	0.96479	3.28	0
2952	16:52:53.59	0.0375	20.53170	22.04	37.97	1.0	0.999282	19.8085	1.24720	773.56	0.96478	3.28	0
2953	16:52:53.89	0.0375	20.53177	22.04	37.97	1.0	0.999288	19.8089	1.24720	773.56	0.96479	3.28	0
2954	16:52:54.19	0.0375	20.53170	22.04	37.97	1.0	0.999282	19.8088	1.24720	773.56	0.96479	3.28	0
2955	16:52:54.49	0.0365	20.53212	22.04	37.97	1.0	0.999306	19.8097	1.24724	773.58	0.96482	3.28	0
2956	16:52:54.79	0.0365	20.53219	22.04	37.97	1.0	0.999306	19.8095	1.24720	773.56	0.96480	3.28	0
2957	16:52:55.09	0.0375	20.53177	22.04	37.97	1.0	0.999288	19.8089	1.24720	773.56	0.96479	3.28	0
2958	16:52:55.39	0.0385	20.53142	22.04	37.97	1.0	0.999270	19.8094	1.24724	773.58	0.96484	3.28	0
2959	16:52:55.69	0.0370	20.53191	22.04	37.97	1.0	0.999294	19.8093	1.24720	773.56	0.96480	3.28	0
2960	16:52:55.99	0.0380	20.53163	22.04	37.97	1.0	0.999282	19.8099	1.24724	773.58	0.96485	3.28	0
2961	16:52:56.29	0.0375	20.53170	22.04	37.97	1.0	0.999282	19.8101	1.24724	773.60	0.96485	3.28	0
2962	16:52:56.59	0.0365	20.53226	22.04	37.97	1.0	0.999312	19.8090	1.24720	773.56	0.96478	3.28	0
2963	16:52:56.89	0.0360	20.53233	22.04	37.97	1.0	0.999312	19.8092	1.24720	773.56	0.96478	3.28	0
2964	16:52:57.19	0.0385	20.53135	22.04	37.97	1.0	0.999264	19.8088	1.24724	773.56	0.96481	3.28	0
2965	16:52:57.49	0.0370	20.53191	22.04	37.97	1.0	0.999294	19.8089	1.24720	773.56	0.96478	3.28	0
2966	16:52:57.79	0.0370	20.53184	22.04	37.97	1.0	0.999294	19.8089	1.24720	773.56	0.96479	3.28	0
2967	16:52:58.09	0.0370	20.53198	22.04	37.97	1.0	0.999300	19.8086	1.24720	773.56	0.96476	3.28	0
2968	16:52:58.39	0.0370	20.53191	22.04	37.97	1.0	0.999294	19.8085	1.24720	773.54	0.96477	3.28	0
2969	16:52:58.69	0.0375	20.53177	22.04	37.97	1.0	0.999288	19.8089	1.24720	773.56	0.96479	3.28	0
2970	16:52:58.99	0.0380	20.53163	22.04	37.97	1.0	0.999282	19.8089	1.24720	773.56	0.96480	3.28	0
2971	16:52:59.29	0.0380	20.53163	22.04	37.97	1.0	0.999282	19.8088	1.24720	773.56	0.96479	3.28	0
2972	16:52:59.59	0.0360	20.53226	22.04	37.97	1.0	0.999312	19.8092	1.24720	773.56	0.96478	3.28	0
2973	16:52:59.89	0.0345	20.53303	22.04	37.97	1.0	0.999348	19.8087	1.24716	773.54	0.96473	3.28	0
2974	16:53:00.19	0.0395	20.53086	22.04	37.97	1.0	0.999246	19.8084	1.24724	773.56	0.96481	3.28	0
2975	16:53:00.49	0.0365	20.53219	22.04	37.97	1.0	0.999312	19.8092	1.24720	773.56	0.96479	3.28	0
2976	16:53:00.79	0.0370	20.53198	22.04	37.97	1.0	0.999300	19.8091	1.24720	773.56	0.96479	3.28	0
2977	16:53:01.09	0.0365	20.53219	22.04	37.97	1.0	0.999306	19.8095	1.24724	773.56	0.96480	3.28	0
2978	16:53:01.39	0.0375	20.53170	22.04	37.97	1.0	0.999282	19.8089	1.24720	773.56	0.96480	3.28	0
2979	16:53:01.69	0.0390	20.53114	22.04	37.97	1.0	0.999258	19.8089	1.24724	773.56	0.96482	3.28	0
2980	16:53:01.99	0.0385	20.53149	22.03	37.97	1.0	0.999270	19.8089	1.24724	773.56	0.96481	3.28	0
2981	16:53:02.29	0.0375	20.53177	22.03	37.97	1.0	0.999282	19.8086	1.24720	773.56	0.96478	3.28	0
2982	16:53:02.59	0.0375	20.53163	22.04	37.97	1.0	0.999282	19.8088	1.24720	773.56	0.96479	3.28	0
2983	16:53:02.89	0.0365	20.53219	22.04	37.97	1.0	0.999306	19.8091	1.24720	773.56	0.96478	3.28	0
2984	16:53:03.19	0.0360	20.53226	22.04	37.97	1.0	0.999312	19.8089	1.24720	773.54	0.96477	3.28	0
2985	16:53:03.49	0.0395	20.53100	22.04	37.97	1.0	0.999246	19.8089	1.24724	773.56	0.96483	3.28	0
2986	16:53:03.79	0.0365	20.53212	22.04	37.97	1.0	0.999306	19.8088	1.24720	773.56	0.96477	3.28	0
2987	16:53:04.09	0.0375	20.53184	22.04	37.97	1.0	0.999288	19.8091	1.24724	773.56	0.96480	3.28	0
2988	16:53:04.39	0.0385	20.53128	22.04	37.97	1.0	0.999264	19.8088	1.24724	773.56	0.96481	3.28	0
2989	16:53:04.69	0.0360	20.53226	22.04	37.97	1.0	0.999312	19.8092	1.24720	773.56	0.96479	3.28	0
2990	16:53:04.99	0.0385	20.53142	22.04	37.97	1.0	0.999270	19.8089	1.24724	773.56	0.96481	3.28	0
2991	16:53:05.29	0.0360	20.53233	22.04	37.97	1.0	0.999312	19.8094	1.24720	773.56	0.96479	3.28	0
2992	16:53:05.59	0.0365	20.53205	22.04	37.97	1.0	0.999300	19.8091	1.24720	773.56	0.96479	3.28	0
2993	16:53:05.89	0.0360	20.53240	22.04	37.97	1.0	0.999318	19.8087	1.24720	773.54	0.96475	3.28	0
2994	16:53:06.19	0.0375	20.53177	22.04	37.97	1.0	0.999288	19.8094	1.24724	773.58	0.96482	3.28	0
2995	16:53:06.49	0.0375	20.53170	22.04	37.97	1.0	0.999282	19.8092	1.24724	773.56	0.96481	3.28	0
2996	16:53:06.79	0.0375	20.53177	22.04	37.97	1.0	0.999288	19.8088	1.24720	773.56	0.96479	3.28	0
2997	16:53:07.09	0.0375	20.53177	22.04	37.97	1.0	0.999288	19.8090	1.24724	773.56	0.96480	3.28	0
2998	16:53:07.39	0.0375	20.53184	22.04	37.97	1.0	0.999294	19.8092	1.24720	773.56	0.96480	3.28	0
2999	16:53:07.69	0.0375	20.53170	22.04	37.97	1.0	0.999282	19.8092	1.24724	773.56	0.96481	3.28	0
3000	16:53:07.99	0.0380	20.53163	22.04	37.97	1.0	0.999282	19.8090	1.24720	773.56	0.96481	3.28	0
3001	16:53:08.29	0.0360	20.53226	22.04	37.97	1.0	0.999312	19.8085	1.24720	773.54	0.96475	3.28	0
3002	16:53:08.59	0.0375	20.53170	22.04	37.97	1.0	0.999282	19.8089	1.24724	773.56	0.96480	3.28	0
3003	16:53:08.89	0.0375	20.53170	22.04	37.97	1.0	0.999282	19.8092	1.24724	773.56	0.96481	3.28	0
3004	16:53:09.19	0.0350	20.53275	22.04	37.97	1.0	0.999336	19.8092	1.24720	773.54	0.96476	3.28	0
3005	16:53:09.49	0.0385	20.53128	22.04	37.97	1.0	0.999264	19.8086	1.24720	773.56	0.96480	3.28	0
3006	16:53:09.79	0.0390	20.53114	22.04	37.97	1.0	0.999258	19.8082	1.24720	773.56	0.96479	3.28	0
3007	16:53:10.09	0.0385	20.53135	22.04	37.97	1.0	0.999264	19.8086	1.24724	773.56	0.96480	3.28	0
3008	16:53:10.39	0.0370	20.53191	22.04	37.97	1.0	0.999294	19.8092	1.24720	773.56	0.96480	3.28	0
3009	16:53:10.69	0.0370	20.53191	22.04	37.97	1.0	0.999294	19.8089	1.24724	773.54	0.96479	3.28	0
3010	16:53:10.99	0.0385	20.53142	22.04	37.97	1.0	0.999270	19.8084	1.24720	773.56	0.96479	3.28	0
3011	16:53:11.29	0.0370	20.53184	22.04	37.97	1.0	0.999294	19.8087	1.24724	773.54	0.96478	3.28	0
3012	16:53:11.59	0.0355	20.53254	22.04	37.97	1.0	0.999324	19.8087	1.24720	773.54	0.96475	3.28	0
3013	16:53:11.89	0.0360	20.53226	22.04	37.97	1.0	0.999312	19.8093	1.24720	773.56	0.96479	3.28	0
3014	16:53:12.19	0.0370	20.53198	22.04	37.97	1.0	0.999300	19.8090	1.24720	773.56	0.96479	3.28	0
3015	16:53:12.49	0.0360	20.53226	22.04	37.97	1.0	0.999312	19.8085	1.24720	773.54	0.96475	3.28	0
3016	16:53:12.79	0.0365	20.53219	22.04	37.97	1.0	0.999306	19.8088	1.24720	773.56	0.96476	3.28	0
3017	16:53:13.09	0.0370	20.53198	22.04	37.97	1.0	0.999300	19.8089	1.24720	773.56	0.96478	3.28	0
3018	16:53:13.39	0.0355	20.53261	22.04	37.97	1.0	0.999330	19.8089	1.24720	773.54	0.96475	3.28	0
3019	16:53:13.69	0.0375	20.53163	22.04	37.97	1.0	0.999282	19.8089	1.24720	773.56	0.96480	3.28	0
3020	16:53:13.99	0.0355	20.53254	22.04	37.97	1.0	0.999324	19.8089	1.24716	773.56	0.96476	3.28	0
3021	16:53:14.29	0.0385	20.53135	22.04	37.97	1.0	0.999264	19.8085	1.24720	773.56	0.96479	3.28	0
3022	16:53:14.59	0.0370	20.53198	22.04	37.97	1.0	0.999294	19.8088	1.24720	773.56	0.96478	3.28	0
3023	16:53:14.89	0.0380	20.53149	22.04	37.97	1.0	0.999276	19.8092	1.24724	773.56	0.96482	3.28	0
3024	16:53:15.19	0.0360	20.53240	22.04	37.97	1.0	0.999318	19.8091	1.24720	773.54	0.96477	3.28	0
3025	16:53:15.49	0.0385	20.53135	22.04	37.97	1.0	0.999264	19.8085	1.24720	773.56	0.96479	3.28	0
3026	16:53:15.79	0.0380	20.53156	22.04	37.97	1.0	0.999276	19.8089	1.24724	773.56	0.96481	3.28	0
3027	16:53:16.09	0.0380	20.53149	22.04	37.97	1.0	0.999276	19.8094	1.24724	773.58	0.96483	3.28	0
3028	16:53:16.39	0.0375	20.53184	22.04	37.97	1.0	0.999288	19.8093	1.24724	773.56	0.96481	3.28	0
3029	16:53:16.69	0.0345	20.53289	22.04	37.97	1.0	0.999342	19.8094	1.24720	773.54	0.96476	3.28	0
3030	16:53:16.99	0.0370	20.53205	22.03	37.97	1.0	0.999294	19.8098	1.24724	773.56	0.96482	3.28	0
3031	16:53:17.29	0.0370	20.53191	22.03	37.97	1.0	0.999294	19.8092	1.24720	773.56	0.96480	3.28	0
3032	16:53:17.59	0.0390	20.53107	22.04	37.97	1.0	0.999252	19.8093	1.24724	773.58	0.96485	3.28	0
3033	16:53:17.89	0.0375	20.53177	22.04	37.97	1.0	0.999288	19.8095	1.24724	773.58	0.96482	3.28	0
3034	16:53:18.19	0.0385	20.53128	22.04	37.97	1.0	0.999264	19.8094	1.24724	773.58	0.96484	3.28	0
3035	16:53:18.49	0.0365	20.53212	22.04	37.97	1.0	0.999306	19.8094	1.24724	773.56	0.96480	3.28	0
3036	16:53:18.79	0.0380	20.53149	22.04	37.97	1.0	0.999276	19.8098	1.24724	773.58	0.96485	3.28	0
3037	16:53:19.09	0.0380	20.53156	22.04	37.97	1.0	0.999276	19.8092	1.24724	773.58	0.96482	3.28	0
3038	16:53:19.39	0.0380	20.53163	22.04	37.97	1.0	0.999282	19.8090	1.24720	773.56	0.96481	3.28	0
3039	16:53:19.69	0.0370	20.53198	22.04	37.97	1.0	0.999294	19.8090	1.24720	773.56	0.96479	3.28	0
3040	16:53:19.99	0.0375	20.53177	22.04	37.97	1.0	0.999288	19.8095	1.24724	773.58	0.96482	3.28	0
3041	16:53:20.29	0.0370	20.53198	22.04	37.97	1.0	0.999300	19.8090	1.24720	773.56	0.96479	3.28	0
3042	16:53:20.59	0.0385	20.53149	22.03	37.97	1.0	0.999270	19.8087	1.24720	773.56	0.96479	3.28	0
3043	16:53:20.89	0.0365	20.53226	22.03	37.97	1.0	0.999306	19.8093	1.24720	773.56	0.96479	3.28	0
3044	16:53:21.19	0.0365	20.53219	22.04	37.97	1.0	0.999306	19.8097	1.24724	773.56	0.96481	3.28	0
3045	16:53:21.49	0.0375	20.53184	22.04	37.97	1.0	0.999288	19.8096	1.24724	773.58	0.96482	3.28	0
3046	16:53:21.79	0.0490	20.52722	22.04	37.97	1.0	0.999066	19.8043	1.24720	773.56	0.96478	3.28	0
3047	16:53:22.09	0.1715	20.47934	22.04	37.97	1.0	0.996738	19.7572	1.24720	773.52	0.96473	3.28	0
3048	16:53:22.39	0.3850	20.39408	22.04	37.97	1.0	0.992586	19.6738	1.24720	773.48	0.96469	3.28	0
3049	16:53:22.69	0.5950	20.30819	22.04	37.97	1.0	0.988404	19.5901	1.24720	773.44	0.96464	3.28	0
3050	16:53:22.99	0.7635	20.23805	22.04	37.97	1.0	0.984990	19.5214	1.24720	773.40	0.96459	3.28	0
3051	16:53:23.29	0.8695	20.19122	22.04	37.97	1.0	0.982716	19.4762	1.24720	773.40	0.96459	3.28	0
3052	16:53:23.59	0.9140	20.17169	22.03	37.97	1.0	0.981762	19.4583	1.24724	773.42	0.96463	3.28	0
3053	16:53:23.89	0.8960	20.17967	22.03	37.97	1.0	0.982146	19.4651	1.24720	773.40	0.96459	3.28	0
3054	16:53:24.19	0.8430	20.20312	22.03	37.97	1.0	0.983286	19.4879	1.24724	773.40	0.96460	3.28	0
3055	16:53:24.49	0.7850	20.22860	22.03	37.97	1.0	0.984528	19.5135	1.24724	773.42	0.96465	3.28	0
3056	16:53:24.79	0.7255	20.25408	22.03	37.97	1.0	0.985770	19.5378	1.24724	773.42	0.96464	3.28	0
3057	16:53:25.09	0.6665	20.27865	22.03	38.00	1.0	0.986964	19.5613	1.24720	773.44	0.96463	3.28	0
3058	16:53:25.39	0.6195	20.29818	22.03	38.00	1.0	0.987918	19.5812	1.24724	773.46	0.96468	3.28	0
3059	16:53:25.69	0.5710	20.31820	22.03	38.07	1.0	0.988896	19.5997	1.24720	773.46	0.96464	3.28	0
3060	16:53:25.99	0.5310	20.33465	22.04	38.07	1.0	0.989700	19.6167	1.24724	773.48	0.96470	3.28	0
3061	16:53:26.29	0.4915	20.35096	22.04	38.20	1.0	0.990498	19.6328	1.24724	773.48	0.96471	3.28	0
3062	16:53:26.59	0.4565	20.36510	22.04	38.20	1.0	0.991188	19.6462	1.24720	773.48	0.96470	3.28	0
3063	16:53:26.89	0.4245	20.37770	22.04	38.36	1.0	0.991812	19.6592	1.24724	773.50	0.96474	3.28	0
3064	16:53:27.19	0.3925	20.39051	22.04	38.36	1.0	0.992436	19.6710	1.24720	773.50	0.96471	3.28	0
3065	16:53:27.49	0.3670	20.40059	22.04	38.59	1.0	0.992940	19.6825	1.24728	773.54	0.96480	3.28	0
3066	16:53:27.79	0.3395	20.41179	22.04	38.59	1.0	0.993486	19.6923	1.24724	773.52	0.96475	3.28	0
3067	16:53:28.09	0.3160	20.42082	22.04	38.82	1.0	0.993942	19.7008	1.24720	773.52	0.96474	3.28	0
3068	16:53:28.39	0.2935	20.43013	22.03	38.82	1.0	0.994392	19.7102	1.24724	773.52	0.96476	3.28	0
3069	16:53:28.69	0.2735	20.43776	22.03	39.12	1.0	0.994776	19.7179	1.24724	773.54	0.96478	3.28	0
3070	16:53:28.99	0.2545	20.44546	22.04	39.12	1.0	0.995154	19.7247	1.24720	773.52	0.96475	3.28	0
3071	16:53:29.29	0.2380	20.45162	22.04	39.42	1.0	0.995472	19.7310	1.24720	773.54	0.96476	3.28	0
3072	16:53:29.59	0.2225	20.45764	22.04	39.42	1.0	0.995766	19.7366	1.24724	773.52	0.96476	3.28	0
3073	16:53:29.89	0.2100	20.46212	22.04	39.75	1.1	0.996006	19.7420	1.24724	773.54	0.96481	3.28	0
3074	16:53:30.19	0.1940	20.46835	22.04	39.75	1.1	0.996312	19.7470	1.24720	773.54	0.96476	3.28	0
3075	16:53:30.49	0.1830	20.47220	22.04	40.08	1.1	0.996516	19.7518	1.24724	773.56	0.96481	3.28	0
3076	16:53:30.79	0.1730	20.47612	22.03	40.08	1.1	0.996702	19.7553	1.24724	773.54	0.96479	3.28	0
3077	16:53:31.09	0.1635	20.47948	22.03	40.41	1.1	0.996888	19.7590	1.24724	773.56	0.96482	3.28	0
3078	16:53:31.39	0.1540	20.48326	22.04	40.41	1.1	0.997074	19.7618	1.24724	773.54	0.96478	3.28	0
3079	16:53:31.69	0.1455	20.48606	22.04	40.78	1.1	0.997236	19.7653	1.24724	773.56	0.96481	3.28	0
3080	16:53:31.99	0.1405	20.48795	22.04	40.78	1.1	0.997326	19.7674	1.24724	773.56	0.96483	3.28	0
3081	16:53:32.29	0.1300	20.49166	22.04	41.10	1.1	0.997524	19.7702	1.24724	773.54	0.96479	3.28	0
3082	16:53:32.59	0.1250	20.49369	22.04	41.10	1.1	0.997626	19.7724	1.24724	773.56	0.96481	3.28	0
3083	16:53:32.89	0.1165	20.49649	22.04	41.43	1.1	0.997782	19.7747	1.24724	773.54	0.96478	3.28	0
3084	16:53:33.19	0.1120	20.49831	22.04	41.43	1.1	0.997872	19.7768	1.24724	773.56	0.96480	3.28	0
3085	16:53:33.49	0.1035	20.50118	22.04	41.80	1.1	0.998028	19.7792	1.24720	773.54	0.96478	3.28	0
3086	16:53:33.79	0.0975	20.50356	22.04	41.80	1.1	0.998148	19.7823	1.24724	773.56	0.96482	3.28	0
3087	16:53:34.09	0.0895	20.50622	22.04	42.10	1.1	0.998298	19.7841	1.24720	773.56	0.96478	3.28	0
3088	16:53:34.39	0.0845	20.50818	22.04	42.10	1.1	0.998388	19.7867	1.24724	773.56	0.96482	3.28	0
3089	16:53:34.69	0.0830	20.50853	22.04	42.42	1.1	0.998424	19.7873	1.24724	773.58	0.96484	3.28	0
3090	16:53:34.99	0.0835	20.50818	22.04	42.42	1.1	0.998412	19.7863	1.24724	773.56	0.96480	3.28	0
3091	16:53:35.29	0.0855	20.50671	22.04	42.99	1.1	0.998370	19.7848	1.24724	773.56	0.96480	3.28	0
3092	16:53:35.59	0.0895	20.50517	22.04	42.99	1.1	0.998298	19.7828	1.24720	773.54	0.96477	3.28	0
3093	16:53:35.89	0.0905	20.50335	22.04	44.08	1.2	0.998274	19.7814	1.24724	773.56	0.96479	3.28	0
3094	16:53:36.19	0.0930	20.50251	22.04	44.08	1.2	0.998232	19.7806	1.24720	773.56	0.96479	3.28	0
3095	16:53:36.49	0.0925	20.50048	22.04	45.83	1.2	0.998238	19.7795	1.24724	773.56	0.96483	3.28	0
3096	16:53:36.79	0.0925	20.50041	22.04	45.83	1.2	0.998238	19.7788	1.24720	773.56	0.96480	3.28	0
3097	16:53:37.09	0.0880	20.49943	22.04	48.11	1.3	0.998328	19.7778	1.24724	773.56	0.96479	3.28	0
3098	16:53:37.39	0.0905	20.49852	22.04	48.11	1.3	0.998280	19.7774	1.24724	773.56	0.96482	3.28	0
3099	16:53:37.69	0.0850	20.49747	22.04	50.64	1.3	0.998382	19.7765	1.24724	773.58	0.96482	3.28	0
3100	16:53:37.99	0.0885	20.49607	22.04	50.64	1.3	0.998316	19.7748	1.24720	773.56	0.96481	3.28	0
3101	16:53:38.29	0.0820	20.49579	22.04	53.03	1.4	0.998442	19.7735	1.24720	773.54	0.96476	3.28	0
3102	16:53:38.59	0.0860	20.49418	22.04	53.03	1.4	0.998364	19.7728	1.24720	773.56	0.96480	3.28	0
3103	16:53:38.89	0.0800	20.49369	22.04	55.35	1.5	0.998478	19.7724	1.24724	773.56	0.96481	3.28	0
3104	16:53:39.19	0.0825	20.49285	22.04	55.35	1.5	0.998436	19.7716	1.24724	773.56	0.96481	3.28	0
3105	16:53:39.49	0.0745	20.49313	22.04	57.59	1.5	0.998580	19.7711	1.24720	773.54	0.96477	3.28	0
3106	16:53:39.79	0.0765	20.49229	22.05	57.59	1.5	0.998550	19.7708	1.24724	773.56	0.96479	3.28	0
3107	16:53:40.09	0.0715	20.49173	22.05	59.68	1.6	0.998640	19.7702	1.24724	773.56	0.96479	3.28	0
3108	16:53:40.39	0.0730	20.49117	22.04	59.68	1.6	0.998610	19.7704	1.24724	773.56	0.96482	3.28	0
3109	16:53:40.69	0.0645	20.49229	22.04	61.48	1.6	0.998772	19.7705	1.24720	773.54	0.96478	3.28	0
3110	16:53:40.99	0.0655	20.49201	22.04	61.48	1.6	0.998754	19.7707	1.24724	773.56	0.96480	3.28	0
3111	16:53:41.29	0.0615	20.49166	22.04	63.05	1.7	0.998832	19.7705	1.24724	773.56	0.96481	3.28	0
3112	16:53:41.59	0.0610	20.49187	22.04	63.05	1.7	0.998844	19.7706	1.24724	773.56	0.96480	3.28	0
3113	16:53:41.89	0.0570	20.49201	22.04	64.27	1.7	0.998922	19.7709	1.24724	773.56	0.96481	3.28	0
3114	16:53:42.19	0.0595	20.49089	22.04	64.27	1.7	0.998862	19.7703	1.24724	773.56	0.96484	3.28	0
3115	16:53:42.49	0.0555	20.49124	22.04	65.33	1.7	0.998946	19.7702	1.24724	773.56	0.96481	3.28	0
3116	16:53:42.79	0.0570	20.49061	22.04	65.33	1.7	0.998916	19.7697	1.24724	773.58	0.96482	3.28	0
3117	16:53:43.09	0.0545	20.49047	22.04	66.27	1.8	0.998958	19.7693	1.24724	773.56	0.96481	3.28	0
3118	16:53:43.39	0.0555	20.49019	22.04	66.27	1.8	0.998946	19.7685	1.24720	773.56	0.96478	3.28	0
3119	16:53:43.69	0.0545	20.48949	22.04	67.17	1.8	0.998964	19.7681	1.24724	773.56	0.96479	3.28	0
3120	16:53:43.99	0.0545	20.48949	22.04	67.17	1.8	0.998964	19.7679	1.24724	773.54	0.96478	3.28	0
3121	16:53:44.29	0.0530	20.48900	22.04	68.07	1.8	0.998994	19.7683	1.24724	773.56	0.96482	3.28	0
3122	16:53:44.59	0.0530	20.48907	22.04	68.07	1.8	0.998994	19.7674	1.24720	773.56	0.96478	3.28	0
3123	16:53:44.89	0.0485	20.48977	22.04	68.91	1.8	0.999078	19.7672	1.24716	773.54	0.96473	3.28	0
3124	16:53:45.19	0.0495	20.48928	22.04	68.91	1.8	0.999054	19.7676	1.24720	773.54	0.96478	3.28	0
3125	16:53:45.49	0.0490	20.48865	22.04	69.65	1.8	0.999066	19.7670	1.24720	773.54	0.96478	3.28	0
3126	16:53:45.79	0.0505	20.48809	22.04	69.65	1.8	0.999042	19.7678	1.24724	773.58	0.96484	3.28	0
3127	16:53:46.09	0.0480	20.48844	22.04	70.23	1.9	0.999090	19.7678	1.24724	773.56	0.96483	3.28	0
3128	16:53:46.39	0.0450	20.48942	22.04	70.23	1.9	0.999138	19.7679	1.24724	773.54	0.96478	3.28	0
3129	16:53:46.69	0.0455	20.48879	22.04	70.69	1.9	0.999138	19.7680	1.24724	773.56	0.96482	3.28	0
3130	16:53:46.99	0.0445	20.48914	22.04	70.69	1.9	0.999150	19.7690	1.24724	773.58	0.96485	3.28	0
3131	16:53:47.29	0.0425	20.48949	22.04	71.05	1.9	0.999186	19.7678	1.24720	773.54	0.96478	3.28	0
3132	16:53:47.59	0.0420	20.48970	22.04	71.05	1.9	0.999198	19.7681	1.24720	773.54	0.96478	3.28	0
3133	16:53:47.89	0.0400	20.49019	22.04	71.35	1.9	0.999240	19.7681	1.24720	773.54	0.96476	3.28	0
3134	16:53:48.19	0.0410	20.48963	22.04	71.35	1.9	0.999216	19.7690	1.24724	773.56	0.96483	3.28	0
3135	16:53:48.49	0.0380	20.49075	22.04	71.57	1.9	0.999282	19.7697	1.24724	773.56	0.96482	3.28	0
3136	16:53:48.79	0.0360	20.49152	22.04	71.57	1.9	0.999318	19.7702	1.24724	773.56	0.96480	3.28	0
3137	16:53:49.09	0.0310	20.49327	22.04	71.65	1.9	0.999408	19.7716	1.24720	773.54	0.96478	3.28	0
3138	16:53:49.39	0.0305	20.49348	22.04	71.65	1.9	0.999420	19.7718	1.24720	773.56	0.96479	3.28	0
3139	16:53:49.69	0.0285	20.49453	22.04	71.43	1.9	0.999456	19.7725	1.24720	773.54	0.96477	3.28	0
3140	16:53:49.99	0.0305	20.49383	22.04	71.43	1.9	0.999426	19.7732	1.24724	773.58	0.96484	3.28	0
3141	16:53:50.29	0.0280	20.49523	22.04	71.00	1.9	0.999468	19.7735	1.24720	773.56	0.96479	3.28	0
3142	16:53:50.59	0.0310	20.49397	22.04	71.00	1.9	0.999408	19.7729	1.24724	773.56	0.96482	3.28	0
3143	16:53:50.89	0.0295	20.49516	22.04	70.53	1.9	0.999438	19.7737	1.24724	773.56	0.96480	3.28	0
3144	16:53:51.19	0.0305	20.49481	22.04	70.53	1.9	0.999420	19.7742	1.24724	773.58	0.96484	3.28	0
3145	16:53:51.49	0.0305	20.49537	22.04	70.07	1.9	0.999420	19.7736	1.24724	773.54	0.96478	3.28	0
3146	16:53:51.79	0.0295	20.49579	22.04	70.07	1.9	0.999438	19.7741	1.24720	773.56	0.96479	3.28	0
3147	16:53:52.09	0.0315	20.49537	22.04	69.74	1.8	0.999402	19.7741	1.24724	773.56	0.96481	3.28	0
3148	16:53:52.39	0.0310	20.49565	22.04	69.74	1.8	0.999414	19.7737	1.24720	773.54	0.96478	3.28	0
3149	16:53:52.69	0.0330	20.49509	22.04	69.41	1.8	0.999372	19.7737	1.24720	773.56	0.96480	3.28	0
3150	16:53:52.99	0.0350	20.49446	22.04	69.41	1.8	0.999336	19.7734	1.24724	773.56	0.96481	3.28	0
3151	16:53:53.29	0.0380	20.49355	22.04	69.16	1.8	0.999282	19.7729	1.24724	773.56	0.96484	3.28	0
3152	16:53:53.59	0.0360	20.49432	22.04	69.16	1.8	0.999318	19.7730	1.24724	773.56	0.96480	3.28	0
3153	16:53:53.89	0.0360	20.49446	22.04	69.08	1.8	0.999318	19.7735	1.24724	773.56	0.96482	3.28	0
3154	16:53:54.19	0.0390	20.49327	22.04	69.08	1.8	0.999258	19.7732	1.24728	773.58	0.96487	3.28	0
3155	16:53:54.49	0.0335	20.49537	22.04	69.05	1.8	0.999360	19.7744	1.24724	773.56	0.96482	3.28	0
3156	16:53:54.79	0.0310	20.49649	22.04	69.05	1.8	0.999414	19.7738	1.24720	773.54	0.96475	3.28	0
3157	16:53:55.09	0.0340	20.49537	22.04	68.94	1.8	0.999354	19.7740	1.24724	773.56	0.96480	3.28	0
3158	16:53:55.39	0.0345	20.49509	22.04	68.94	1.8	0.999342	19.7746	1.24724	773.58	0.96484	3.28	0
3159	16:53:55.69	0.0330	20.49593	22.04	68.70	1.8	0.999366	19.7743	1.24720	773.56	0.96479	3.28	0
3160	16:53:55.99	0.0335	20.49572	22.04	68.70	1.8	0.999360	19.7741	1.24724	773.56	0.96479	3.28	0
3161	16:53:56.29	0.0350	20.49530	22.04	68.56	1.8	0.999330	19.7739	1.24720	773.56	0.96480	3.28	0
3162	16:53:56.59	0.0375	20.49439	22.04	68.56	1.8	0.999282	19.7730	1.24724	773.56	0.96481	3.28	0
3163	16:53:56.89	0.0405	20.49334	22.04	68.48	1.8	0.999228	19.7721	1.24724	773.56	0.96480	3.28	0
3164	16:53:57.19	0.0435	20.49222	22.04	68.48	1.8	0.999174	19.7716	1.24724	773.58	0.96484	3.28	0
3165	16:53:57.49	0.0430	20.49236	22.04	68.56	1.8	0.999186	19.7711	1.24724	773.56	0.96481	3.28	0
3166	16:53:57.79	0.0445	20.49166	22.04	68.56	1.8	0.999150	19.7711	1.24724	773.58	0.96484	3.28	0
3167	16:53:58.09	0.0430	20.49201	22.04	68.84	1.8	0.999186	19.7710	1.24724	773.56	0.96482	3.28	0
3168	16:53:58.39	0.0400	20.49313	22.04	68.84	1.8	0.999240	19.7716	1.24724	773.56	0.96479	3.28	0
3169	16:53:58.69	0.0350	20.49474	22.04	69.13	1.8	0.999336	19.7731	1.24724	773.54	0.96479	3.28	0
3170	16:53:58.99	0.0305	20.49642	22.04	69.13	1.8	0.999414	19.7749	1.24724	773.56	0.96479	3.28	0
3171	16:53:59.29	0.0270	20.49782	22.04	69.13	1.8	0.999486	19.7767	1.24724	773.56	0.96482	3.28	0
3172	16:53:59.59	0.0235	20.49915	22.04	69.13	1.8	0.999552	19.7770	1.24720	773.54	0.96477	3.28	0
3173	16:53:59.89	0.0225	20.50006	22.04	68.70	1.8	0.999570	19.7784	1.24724	773.56	0.96480	3.28	0
3174	16:54:00.19	0.0210	20.50076	22.03	68.70	1.8	0.999600	19.7802	1.24728	773.58	0.96485	3.28	0
3175	16:54:00.49	0.0230	20.50090	22.03	68.04	1.8	0.999570	19.7801	1.24724	773.56	0.96484	3.28	0
3176	16:54:00.79	0.0210	20.50139	22.04	68.04	1.8	0.999600	19.7800	1.24724	773.56	0.96481	3.28	0
3177	16:54:01.09	0.0250	20.50083	22.04	67.33	1.8	0.999528	19.7797	1.24724	773.56	0.96482	3.28	0
3178	16:54:01.39	0.0295	20.49894	22.04	67.33	1.8	0.999438	19.7788	1.24728	773.58	0.96487	3.28	0
3179	16:54:01.69	0.0315	20.49915	22.04	66.62	1.8	0.999402	19.7782	1.24724	773.58	0.96483	3.28	0
3180	16:54:01.99	0.0340	20.49817	22.04	66.62	1.8	0.999360	19.7766	1.24724	773.56	0.96479	3.28	0
3181	16:54:02.29	0.0365	20.49768	22.04	66.21	1.8	0.999312	19.7758	1.24724	773.54	0.96478	3.28	0
3182	16:54:02.59	0.0360	20.49775	22.04	66.21	1.8	0.999312	19.7760	1.24720	773.56	0.96479	3.28	0
3183	16:54:02.89	0.0370	20.49754	22.04	66.11	1.7	0.999294	19.7763	1.24724	773.56	0.96481	3.28	0
3184	16:54:03.19	0.0340	20.49873	22.04	66.11	1.7	0.999354	19.7765	1.24720	773.54	0.96477	3.28	0
3185	16:54:03.49	0.0335	20.49887	22.04	66.11	1.7	0.999360	19.7774	1.24724	773.56	0.96481	3.28	0
3186	16:54:03.79	0.0325	20.49936	22.04	66.11	1.7	0.999384	19.7777	1.24724	773.56	0.96480	3.28	0
3187	16:54:04.09	0.0335	20.49922	22.04	65.91	1.7	0.999366	19.7773	1.24724	773.54	0.96478	3.28	0
3188	16:54:04.39	0.0330	20.49936	22.04	65.91	1.7	0.999372	19.7781	1.24724	773.56	0.96481	3.28	0
3189	16:54:04.69	0.0335	20.49950	22.04	65.69	1.7	0.999366	19.7782	1.24724	773.56	0.96482	3.28	0
3190	16:54:04.99	0.0310	20.50041	22.03	65.69	1.7	0.999408	19.7786	1.24724	773.56	0.96479	3.28	0
3191	16:54:05.29	0.0295	20.50132	22.03	65.45	1.7	0.999438	19.7789	1.24720	773.54	0.96476	3.28	0
3192	16:54:05.59	0.0295	20.50132	22.04	65.45	1.7	0.999438	19.7796	1.24724	773.54	0.96480	3.28	0
3193	16:54:05.89	0.0305	20.50125	22.04	65.20	1.7	0.999426	19.7792	1.24720	773.54	0.96478	3.28	0
3194	16:54:06.19	0.0300	20.50146	22.03	65.20	1.7	0.999426	19.7789	1.24720	773.54	0.96475	3.28	0
3195	16:54:06.49	0.0350	20.49999	22.03	64.82	1.7	0.999336	19.7785	1.24724	773.56	0.96481	3.28	0
3196	16:54:06.79	0.0340	20.50027	22.04	64.82	1.7	0.999354	19.7782	1.24720	773.54	0.96478	3.28	0
3197	16:54:07.09	0.0355	20.49999	22.04	64.56	1.7	0.999324	19.7784	1.24724	773.56	0.96480	3.28	0
3198	16:54:07.39	0.0360	20.49985	22.04	64.56	1.7	0.999318	19.7777	1.24724	773.54	0.96477	3.28	0
3199	16:54:07.69	0.0395	20.49866	22.04	64.41	1.7	0.999252	19.7777	1.24724	773.56	0.96482	3.28	0
3200	16:54:07.99	0.0425	20.49747	22.03	64.41	1.7	0.999192	19.7765	1.24724	773.56	0.96483	3.28	0
3201	16:54:08.29	0.0415	20.49782	22.03	64.44	1.7	0.999210	19.7763	1.24724	773.56	0.96480	3.28	0
3202	16:54:08.59	0.0440	20.49677	22.04	64.44	1.7	0.999162	19.7747	1.24720	773.54	0.96477	3.28	0
3203	16:54:08.89	0.0455	20.49600	22.04	64.62	1.7	0.999132	19.7746	1.24724	773.56	0.96481	3.28	0
3204	16:54:09.19	0.0445	20.49656	22.03	64.62	1.7	0.999156	19.7744	1.24720	773.54	0.96477	3.28	0
3205	16:54:09.49	0.0415	20.49726	22.03	64.91	1.7	0.999210	19.7748	1.24720	773.54	0.96475	3.28	0
3206	16:54:09.79	0.0435	20.49656	22.03	64.91	1.7	0.999174	19.7740	1.24720	773.54	0.96475	3.28	0
3207	16:54:10.09	0.0410	20.49712	22.03	65.23	1.7	0.999216	19.7746	1.24720	773.54	0.96475	3.28	0
3208	16:54:10.39	0.0430	20.49635	22.03	65.23	1.7	0.999180	19.7743	1.24720	773.54	0.96477	3.28	0
3209	16:54:10.69	0.0410	20.49691	22.03	65.45	1.7	0.999222	19.7743	1.24720	773.54	0.96475	3.28	0
3210	16:54:10.99	0.0425	20.49628	22.04	65.45	1.7	0.999198	19.7740	1.24720	773.54	0.96476	3.28	0
3211	16:54:11.29	0.0425	20.49600	22.04	65.66	1.7	0.999198	19.7745	1.24724	773.56	0.96480	3.28	0
3212	16:54:11.59	0.0430	20.49586	22.03	65.66	1.7	0.999180	19.7741	1.24720	773.56	0.96479	3.28	0
3213	16:54:11.89	0.0410	20.49628	22.03	65.88	1.7	0.999216	19.7737	1.24720	773.54	0.96475	3.28	0
3214	16:54:12.19	0.0415	20.49607	22.03	65.88	1.7	0.999204	19.7739	1.24720	773.54	0.96476	3.28	0
3215	16:54:12.49	0.0415	20.49607	22.03	66.02	1.7	0.999210	19.7737	1.24720	773.54	0.96476	3.28	0
3216	16:54:12.79	0.0415	20.49593	22.04	66.02	1.7	0.999216	19.7741	1.24720	773.54	0.96478	3.28	0
3217	16:54:13.09	0.0420	20.49544	22.04	66.18	1.8	0.999198	19.7731	1.24720	773.54	0.96475	3.28	0
3218	16:54:13.39	0.0420	20.49558	22.03	66.18	1.7	0.999198	19.7730	1.24720	773.52	0.96474	3.28	0
3219	16:54:13.69	0.0430	20.49495	22.03	66.40	1.8	0.999180	19.7732	1.24720	773.56	0.96478	3.28	0
3220	16:54:13.99	0.0410	20.49572	22.03	66.40	1.8	0.999222	19.7737	1.24720	773.54	0.96478	3.28	0
3221	16:54:14.29	0.0390	20.49642	22.03	66.56	1.8	0.999264	19.7744	1.24720	773.54	0.96477	3.28	0
3222	16:54:14.59	0.0400	20.49586	22.03	66.56	1.8	0.999234	19.7744	1.24724	773.54	0.96480	3.28	0
3223	16:54:14.89	0.0350	20.49768	22.03	66.70	1.8	0.999336	19.7751	1.24720	773.54	0.96475	3.28	0
3224	16:54:15.19	0.0325	20.49852	22.04	66.70	1.8	0.999378	19.7758	1.24720	773.54	0.96475	3.28	0
3225	16:54:15.49	0.0310	20.49929	22.04	66.59	1.8	0.999408	19.7769	1.24720	773.54	0.96476	3.28	0
3226	16:54:15.80	0.0325	20.49887	22.03	66.59	1.8	0.999384	19.7777	1.24724	773.56	0.96482	3.28	0
3227	16:54:16.09	0.0300	20.50013	22.03	66.32	1.8	0.999432	19.7777	1.24720	773.54	0.96476	3.28	0
3228	16:54:16.39	0.0285	20.50069	22.03	66.32	1.8	0.999456	19.7784	1.24720	773.54	0.96476	3.28	0
3229	16:54:16.69	0.0270	20.50174	22.03	65.96	1.7	0.999486	19.7796	1.24724	773.54	0.96478	3.28	0
3230	16:54:16.99	0.0260	20.50209	22.03	65.96	1.7	0.999504	19.7809	1.24724	773.56	0.96482	3.28	0
3231	16:54:17.29	0.0230	20.50384	22.03	65.53	1.7	0.999564	19.7824	1.24724	773.56	0.96482	3.28	0
3232	16:54:17.59	0.0185	20.50559	22.03	65.53	1.7	0.999648	19.7840	1.24724	773.56	0.96481	3.28	0
3233	16:54:17.89	0.0195	20.50601	22.03	64.82	1.7	0.999630	19.7843	1.24724	773.56	0.96481	3.28	0
3234	16:54:18.19	0.0160	20.50741	22.03	64.82	1.7	0.999696	19.7845	1.24720	773.54	0.96475	3.28	0
3235	16:54:18.49	0.0195	20.50699	22.03	63.98	1.7	0.999624	19.7852	1.24724	773.56	0.96481	3.28	0
3236	16:54:18.79	0.0185	20.50734	22.03	63.98	1.7	0.999642	19.7857	1.24724	773.56	0.96481	3.28	0
3237	16:54:19.09	0.0185	20.50839	22.03	63.08	1.7	0.999642	19.7860	1.24720	773.54	0.96478	3.28	0
3238	16:54:19.39	0.0215	20.50741	22.03	63.08	1.7	0.999594	19.7855	1.24724	773.56	0.96480	3.28	0
3239	16:54:19.69	0.0255	20.50685	22.03	62.21	1.6	0.999516	19.7849	1.24724	773.56	0.96480	3.28	0
3240	16:54:19.99	0.0270	20.50629	22.03	62.21	1.6	0.999486	19.7838	1.24720	773.54	0.96477	3.28	0
3241	16:54:20.29	0.0310	20.50538	22.03	61.54	1.6	0.999408	19.7823	1.24720	773.54	0.96474	3.28	0
3242	16:54:20.59	0.0330	20.50475	22.03	61.54	1.6	0.999372	19.7816	1.24720	773.52	0.96473	3.28	0
3243	16:54:20.89	0.0395	20.50265	22.03	61.13	1.6	0.999252	19.7814	1.24724	773.56	0.96482	3.28	0
3244	16:54:21.19	0.0385	20.50307	22.03	61.13	1.6	0.999270	19.7806	1.24720	773.54	0.96476	3.28	0
3245	16:54:21.49	0.0405	20.50244	22.03	60.96	1.6	0.999228	19.7806	1.24724	773.56	0.96479	3.28	0
3246	16:54:21.79	0.0420	20.50195	22.03	60.96	1.6	0.999204	19.7803	1.24724	773.56	0.96480	3.28	0
3247	16:54:22.09	0.0395	20.50272	22.03	60.99	1.6	0.999246	19.7803	1.24720	773.54	0.96476	3.28	0
3248	16:54:22.39	0.0395	20.50272	22.03	60.99	1.6	0.999246	19.7811	1.24724	773.56	0.96480	3.28	0
3249	16:54:22.69	0.0370	20.50356	22.03	61.13	1.6	0.999294	19.7816	1.24724	773.54	0.96479	3.28	0
3250	16:54:22.99	0.0335	20.50489	22.03	61.13	1.6	0.999360	19.7828	1.24724	773.54	0.96478	3.28	0
3251	16:54:23.29	0.0310	20.50601	22.03	61.16	1.6	0.999414	19.7833	1.24720	773.54	0.96476	3.28	0
3252	16:54:23.59	0.0310	20.50594	22.03	61.16	1.6	0.999414	19.7833	1.24720	773.54	0.96476	3.28	0
3253	16:54:23.89	0.0310	20.50608	22.03	60.99	1.6	0.999408	19.7836	1.24720	773.54	0.96477	3.28	0
3254	16:54:24.19	0.0315	20.50601	22.02	60.99	1.6	0.999402	19.7835	1.24720	773.54	0.96476	3.28	0
3255	16:54:24.49	0.0330	20.50573	22.02	60.70	1.6	0.999366	19.7832	1.24724	773.54	0.96476	3.28	0
3256	16:54:24.79	0.0355	20.50475	22.02	60.70	1.6	0.999324	19.7830	1.24724	773.56	0.96480	3.28	0
3257	16:54:25.09	0.0385	20.50405	22.02	60.41	1.6	0.999270	19.7826	1.24724	773.56	0.96481	3.28	0
3258	16:54:25.39	0.0355	20.50503	22.03	60.41	1.6	0.999324	19.7824	1.24720	773.54	0.96476	3.28	0
3259	16:54:25.69	0.0385	20.50412	22.03	60.28	1.6	0.999270	19.7816	1.24720	773.54	0.96476	3.28	0
3260	16:54:25.99	0.0355	20.50524	22.02	60.28	1.6	0.999318	19.7825	1.24720	773.54	0.96475	3.28	0
3261	16:54:26.29	0.0365	20.50496	22.02	60.26	1.6	0.999306	19.7821	1.24720	773.54	0.96475	3.28	0
3262	16:54:26.59	0.0335	20.50608	22.02	60.26	1.6	0.999360	19.7833	1.24720	773.52	0.96475	3.28	0
3263	16:54:26.89	0.0340	20.50587	22.02	60.23	1.6	0.999348	19.7835	1.24720	773.54	0.96477	3.28	0
3264	16:54:27.19	0.0335	20.50622	22.02	60.23	1.6	0.999366	19.7843	1.24724	773.54	0.96479	3.28	0
3265	16:54:27.49	0.0345	20.50594	22.02	60.06	1.6	0.999342	19.7836	1.24720	773.54	0.96478	3.28	0
3266	16:54:27.79	0.0335	20.50629	22.03	60.06	1.6	0.999366	19.7840	1.24724	773.54	0.96478	3.28	0
3267	16:54:28.09	0.0350	20.50601	22.03	59.82	1.6	0.999336	19.7837	1.24720	773.54	0.96477	3.28	0
3268	16:54:28.39	0.0365	20.50531	22.03	59.82	1.6	0.999300	19.7826	1.24720	773.54	0.96475	3.28	0
3269	16:54:28.69	0.0405	20.50405	22.03	59.65	1.6	0.999228	19.7818	1.24724	773.54	0.96478	3.28	0
3270	16:54:28.99	0.0430	20.50307	22.03	59.65	1.6	0.999180	19.7809	1.24720	773.54	0.96478	3.28	0
3271	16:54:29.29	0.0440	20.50279	22.03	59.62	1.6	0.999168	19.7802	1.24720	773.54	0.96476	3.28	0
3272	16:54:29.59	0.0470	20.50146	22.03	59.62	1.6	0.999102	19.7802	1.24724	773.56	0.96482	3.28	0
3273	16:54:29.89	0.0450	20.50209	22.03	59.82	1.6	0.999144	19.7790	1.24720	773.52	0.96473	3.28	0
3274	16:54:30.19	0.0455	20.50202	22.02	59.82	1.6	0.999138	19.7796	1.24724	773.54	0.96476	3.28	0
3275	16:54:30.49	0.0460	20.50139	22.02	60.14	1.6	0.999126	19.7787	1.24720	773.54	0.96475	3.28	0
3276	16:54:30.79	0.0460	20.50125	22.03	60.14	1.6	0.999126	19.7786	1.24720	773.52	0.96475	3.28	0
3277	16:54:31.09	0.0440	20.50153	22.03	60.52	1.6	0.999162	19.7789	1.24720	773.54	0.96475	3.28	0
3278	16:54:31.39	0.0440	20.50181	22.02	60.52	1.6	0.999168	19.7794	1.24720	773.54	0.96476	3.28	0
3279	16:54:31.69	0.0440	20.50139	22.02	60.81	1.6	0.999162	19.7793	1.24724	773.54	0.96478	3.28	0
3280	16:54:31.99	0.0420	20.50216	22.02	60.81	1.6	0.999198	19.7794	1.24720	773.54	0.96475	3.28	0
3281	16:54:32.29	0.0420	20.50181	22.02	61.02	1.6	0.999198	19.7788	1.24720	773.52	0.96473	3.28	0
3282	16:54:32.59	0.0420	20.50188	22.02	61.02	1.6	0.999198	19.7794	1.24720	773.54	0.96476	3.28	0
3283	16:54:32.89	0.0415	20.50181	22.02	61.25	1.6	0.999210	19.7800	1.24724	773.54	0.96479	3.28	0
3284	16:54:33.19	0.0410	20.50195	22.02	61.25	1.6	0.999216	19.7798	1.24724	773.54	0.96478	3.28	0
3285	16:54:33.49	0.0385	20.50279	22.02	61.36	1.6	0.999264	19.7800	1.24720	773.54	0.96475	3.28	0
3286	16:54:33.79	0.0375	20.50328	22.02	61.36	1.6	0.999288	19.7802	1.24720	773.52	0.96474	3.28	0
3287	16:54:34.09	0.0345	20.50433	22.02	61.48	1.6	0.999348	19.7814	1.24720	773.52	0.96474	3.28	0
3288	16:54:34.39	0.0310	20.50566	22.02	61.48	1.6	0.999408	19.7829	1.24720	773.54	0.96476	3.28	0
3289	16:54:34.69	0.0300	20.50601	22.02	61.45	1.6	0.999426	19.7836	1.24720	773.54	0.96477	3.28	0
3290	16:54:34.99	0.0285	20.50671	22.02	61.45	1.6	0.999462	19.7848	1.24724	773.54	0.96479	3.28	0
3291	16:54:35.29	0.0270	20.50769	22.02	61.16	1.6	0.999492	19.7847	1.24720	773.52	0.96475	3.28	0
3292	16:54:35.59	0.0270	20.50762	22.02	61.16	1.6	0.999486	19.7852	1.24720	773.54	0.96478	3.28	0
3293	16:54:35.89	0.0290	20.50741	22.02	60.64	1.6	0.999450	19.7859	1.24724	773.56	0.96482	3.28	0
3294	16:54:36.19	0.0260	20.50867	22.02	60.64	1.6	0.999510	19.7865	1.24724	773.54	0.96479	3.28	0
3295	16:54:36.49	0.0270	20.50895	22.02	60.09	1.6	0.999492	19.7863	1.24720	773.54	0.96477	3.28	0
3296	16:54:36.79	0.0270	20.50888	22.02	60.09	1.6	0.999486	19.7870	1.24724	773.54	0.96480	3.28	0
3297	16:54:37.09	0.0295	20.50853	22.02	59.62	1.6	0.999444	19.7869	1.24724	773.56	0.96481	3.28	0
3298	16:54:37.39	0.0290	20.50860	22.02	59.62	1.6	0.999444	19.7859	1.24720	773.54	0.96476	3.28	0
3299	16:54:37.68	0.0320	20.50811	22.02	59.09	1.6	0.999390	19.7862	1.24724	773.56	0.96480	3.28	0
3300	16:54:37.99	0.0300	20.50881	22.02	59.09	1.6	0.999426	19.7867	1.24720	773.56	0.96479	3.28	0
3301	16:54:38.29	0.0295	20.50944	22.02	58.75	1.6	0.999432	19.7874	1.24724	773.54	0.96479	3.28	0
3302	16:54:38.58	0.0265	20.51084	22.01	58.75	1.6	0.999498	19.7888	1.24724	773.54	0.96479	3.28	0
3303	16:54:38.89	0.0255	20.51154	22.01	58.37	1.5	0.999510	19.7886	1.24720	773.54	0.96476	3.28	0
3304	16:54:39.19	0.0250	20.51175	22.02	58.37	1.5	0.999522	19.7886	1.24720	773.54	0.96475	3.28	0
3305	16:54:39.49	0.0285	20.51105	22.02	57.85	1.5	0.999462	19.7877	1.24720	773.52	0.96473	3.28	0
3306	16:54:39.79	0.0285	20.51112	22.01	57.85	1.5	0.999462	19.7872	1.24720	773.50	0.96471	3.28	0
3307	16:54:40.09	0.0355	20.50902	22.01	57.35	1.5	0.999330	19.7868	1.24724	773.54	0.96479	3.28	0
3308	16:54:40.39	0.0365	20.50853	22.01	57.35	1.5	0.999306	19.7864	1.24724	773.54	0.96479	3.28	0
3309	16:54:40.69	0.0395	20.50776	22.01	57.03	1.5	0.999246	19.7849	1.24720	773.54	0.96476	3.28	0
3310	16:54:40.99	0.0385	20.50818	22.01	57.03	1.5	0.999270	19.7848	1.24716	773.52	0.96473	3.28	0
3311	16:54:41.29	0.0410	20.50727	22.01	56.95	1.5	0.999216	19.7842	1.24720	773.52	0.96474	3.28	0
3312	16:54:41.59	0.0435	20.50636	22.01	56.95	1.5	0.999174	19.7837	1.24720	773.54	0.96476	3.28	0
3313	16:54:41.89	0.0455	20.50552	22.01	57.03	1.5	0.999138	19.7833	1.24724	773.54	0.96478	3.28	0
3314	16:54:42.19	0.0450	20.50566	22.01	57.03	1.5	0.999144	19.7832	1.24720	773.54	0.96477	3.28	0
3315	16:54:42.49	0.0425	20.50629	22.01	57.24	1.5	0.999186	19.7826	1.24716	773.52	0.96471	3.28	0
3316	16:54:42.78	0.0435	20.50594	22.02	57.24	1.5	0.999174	19.7833	1.24720	773.54	0.96476	3.28	0
3317	16:54:43.08	0.0430	20.50566	22.02	57.53	1.5	0.999180	19.7828	1.24720	773.52	0.96475	3.28	0
3318	16:54:43.39	0.0420	20.50615	22.01	57.53	1.5	0.999198	19.7839	1.24724	773.54	0.96478	3.28	0
3319	16:54:43.69	0.0425	20.50580	22.01	57.74	1.5	0.999192	19.7828	1.24720	773.54	0.96475	3.28	0
3320	16:54:43.99	0.0415	20.50615	22.01	57.74	1.5	0.999210	19.7830	1.24720	773.52	0.96473	3.28	0
3321	16:54:44.29	0.0390	20.50706	22.01	57.82	1.5	0.999258	19.7830	1.24716	773.50	0.96469	3.28	0
3322	16:54:44.59	0.0410	20.50615	22.01	57.82	1.5	0.999216	19.7835	1.24720	773.54	0.96476	3.28	0
3323	16:54:44.89	0.0360	20.50804	22.01	57.88	1.5	0.999312	19.7830	1.24712	773.48	0.96464	3.28	0
3324	16:54:45.18	0.0390	20.50699	22.01	57.88	1.5	0.999264	19.7840	1.24720	773.54	0.96475	3.28	0
3325	16:54:45.48	0.0390	20.50685	22.01	57.90	1.5	0.999252	19.7839	1.24720	773.52	0.96475	3.28	0
3326	16:54:45.79	0.0345	20.50867	22.01	57.90	1.5	0.999342	19.7851	1.24720	773.52	0.96472	3.28	0
3327	16:54:46.09	0.0325	20.50944	22.01	57.90	1.5	0.999384	19.7862	1.24720	773.52	0.96474	3.28	0
3328	16:54:46.39	0.0320	20.50965	22.01	57.90	1.5	0.999390	19.7867	1.24720	773.52	0.96475	3.28	0
3329	16:54:46.69	0.0300	20.51070	22.01	57.76	1.5	0.999432	19.7875	1.24720	773.52	0.96474	3.28	0
3330	16:54:46.99	0.0310	20.51028	22.01	57.76	1.5	0.999414	19.7868	1.24720	773.52	0.96472	3.28	0
3331	16:54:47.29	0.0310	20.51056	22.01	57.45	1.5	0.999408	19.7863	1.24716	773.50	0.96469	3.28	0
3332	16:54:47.59	0.0330	20.50972	22.01	57.45	1.5	0.999366	19.7856	1.24716	773.50	0.96469	3.28	0
3333	16:54:47.89	0.0390	20.50797	22.01	57.06	1.5	0.999258	19.7846	1.24720	773.52	0.96473	3.28	0
3334	16:54:48.19	0.0415	20.50699	22.01	57.06	1.5	0.999210	19.7830	1.24720	773.50	0.96469	3.28	0
3335	16:54:48.49	0.0465	20.50531	22.01	56.89	1.5	0.999120	19.7812	1.24716	773.50	0.96469	3.28	0
3336	16:54:48.79	0.0490	20.50433	22.01	56.89	1.5	0.999072	19.7817	1.24720	773.54	0.96476	3.28	0
3337	16:54:49.08	0.0485	20.50419	22.01	57.03	1.5	0.999078	19.7809	1.24720	773.52	0.96473	3.28	0
3338	16:54:49.39	0.0430	20.50643	22.01	57.03	1.5	0.999186	19.7825	1.24720	773.50	0.96470	3.28	0
3339	16:54:49.69	0.0400	20.50699	22.01	57.45	1.5	0.999234	19.7835	1.24720	773.52	0.96472	3.28	0
3340	16:54:49.99	0.0375	20.50825	21.99	57.45	1.5	0.999288	19.7849	1.24720	773.52	0.96473	3.28	0
3341	16:54:50.29	0.0340	20.50916	21.99	57.67	1.5	0.999348	19.7860	1.24720	773.52	0.96474	3.28	0
3342	16:54:50.59	0.0310	20.51042	21.99	57.67	1.5	0.999414	19.7870	1.24720	773.52	0.96473	3.28	0
3343	16:54:50.88	0.0325	20.51007	21.99	57.56	1.5	0.999384	19.7868	1.24720	773.52	0.96473	3.28	0
3344	16:54:51.19	0.0340	20.50951	21.99	57.56	1.5	0.999360	19.7864	1.24720	773.52	0.96475	3.28	0
3345	16:54:51.49	0.0330	20.51000	21.99	57.32	1.5	0.999372	19.7868	1.24720	773.52	0.96474	3.28	0
3346	16:54:51.79	0.0325	20.51021	22.01	57.32	1.5	0.999384	19.7870	1.24720	773.52	0.96474	3.28	0
3347	16:54:52.09	0.0340	20.50986	22.01	57.06	1.5	0.999354	19.7857	1.24716	773.50	0.96469	3.28	0
3348	16:54:52.39	0.0360	20.50909	21.99	57.06	1.5	0.999312	19.7854	1.24720	773.52	0.96471	3.28	0
3349	16:54:52.68	0.0375	20.50888	21.99	56.86	1.5	0.999288	19.7856	1.24720	773.52	0.96473	3.28	0
3350	16:54:52.99	0.0380	20.50860	21.99	56.86	1.5	0.999270	19.7850	1.24720	773.52	0.96472	3.28	0
3351	16:54:53.29	0.0390	20.50853	21.99	56.71	1.5	0.999264	19.7850	1.24720	773.52	0.96472	3.28	0
3352	16:54:53.59	0.0410	20.50748	22.01	56.71	1.5	0.999216	19.7838	1.24720	773.52	0.96471	3.28	0
3353	16:54:53.88	0.0425	20.50720	22.01	56.63	1.5	0.999198	19.7839	1.24720	773.52	0.96473	3.28	0
3354	16:54:54.19	0.0445	20.50636	22.01	56.63	1.5	0.999156	19.7835	1.24720	773.52	0.96475	3.28	0
3355	16:54:54.48	0.0430	20.50671	22.01	56.74	1.5	0.999180	19.7832	1.24720	773.50	0.96472	3.28	0
3356	16:54:54.78	0.0415	20.50748	21.99	56.74	1.5	0.999216	19.7841	1.24720	773.52	0.96472	3.28	0
3357	16:54:55.08	0.0420	20.50713	21.99	56.92	1.5	0.999204	19.7837	1.24720	773.52	0.96472	3.28	0
3358	16:54:55.38	0.0455	20.50573	21.99	56.92	1.5	0.999138	19.7830	1.24724	773.52	0.96476	3.28	0
3359	16:54:55.68	0.0420	20.50678	21.99	57.10	1.5	0.999198	19.7831	1.24716	773.52	0.96471	3.28	0
3360	16:54:55.99	0.0435	20.50629	21.99	57.10	1.5	0.999174	19.7834	1.24720	773.52	0.96475	3.28	0
3361	16:54:56.29	0.0410	20.50706	21.99	57.24	1.5	0.999222	19.7835	1.24720	773.52	0.96472	3.28	0
3362	16:54:56.59	0.0440	20.50594	21.99	57.24	1.5	0.999168	19.7828	1.24720	773.52	0.96474	3.28	0
3363	16:54:56.88	0.0430	20.50601	21.99	57.42	1.5	0.999180	19.7829	1.24720	773.52	0.96474	3.28	0
3364	16:54:57.18	0.0425	20.50629	21.99	57.42	1.5	0.999192	19.7837	1.24724	773.52	0.96476	3.28	0
3365	16:54:57.49	0.0400	20.50706	21.99	57.53	1.5	0.999240	19.7840	1.24720	773.52	0.96475	3.28	0
3366	16:54:57.79	0.0385	20.50755	22.01	57.53	1.5	0.999270	19.7842	1.24720	773.50	0.96473	3.28	0
3367	16:54:58.08	0.0355	20.50860	22.01	57.67	1.5	0.999324	19.7847	1.24720	773.50	0.96470	3.28	0
3368	16:54:58.38	0.0375	20.50790	21.99	57.67	1.5	0.999288	19.7847	1.24720	773.52	0.96473	3.28	0
3369	16:54:58.68	0.0380	20.50769	21.99	57.64	1.5	0.999276	19.7849	1.24724	773.52	0.96476	3.28	0
3370	16:54:58.98	0.0365	20.50825	21.99	57.64	1.5	0.999300	19.7850	1.24720	773.52	0.96473	3.28	0
3371	16:54:59.28	0.0355	20.50881	21.99	57.53	1.5	0.999324	19.7856	1.24720	773.52	0.96473	3.28	0
3372	16:54:59.59	0.0325	20.51000	21.99	57.53	1.5	0.999378	19.7863	1.24720	773.52	0.96472	3.28	0
3373	16:54:59.88	0.0350	20.50923	21.99	57.42	1.5	0.999336	19.7863	1.24720	773.52	0.96475	3.28	0
3374	16:55:00.19	0.0355	20.50902	21.99	57.42	1.5	0.999330	19.7859	1.24720	773.52	0.96475	3.28	0
3375	16:55:00.49	0.0350	20.50930	21.99	57.24	1.5	0.999330	19.7857	1.24720	773.50	0.96472	3.28	0
3376	16:55:00.78	0.0360	20.50888	21.99	57.24	1.5	0.999312	19.7856	1.24720	773.52	0.96473	3.28	0
3377	16:55:01.08	0.0375	20.50867	21.99	57.10	1.5	0.999288	19.7851	1.24720	773.52	0.96472	3.28	0
3378	16:55:01.39	0.0370	20.50874	21.99	57.10	1.5	0.999294	19.7850	1.24720	773.50	0.96471	3.28	0
3379	16:55:01.68	0.0405	20.50748	21.99	57.00	1.5	0.999228	19.7847	1.24724	773.52	0.96476	3.28	0
3380	16:55:01.98	0.0400	20.50769	21.99	57.00	1.5	0.999240	19.7836	1.24716	773.52	0.96469	3.28	0
3381	16:55:02.29	0.0410	20.50741	21.99	56.95	1.5	0.999222	19.7835	1.24720	773.50	0.96470	3.28	0
3382	16:55:02.59	0.0445	20.50601	21.99	56.95	1.5	0.999150	19.7835	1.24720	773.54	0.96476	3.28	0
3383	16:55:02.89	0.0435	20.50636	21.99	57.06	1.5	0.999174	19.7826	1.24720	773.50	0.96470	3.28	0
3384	16:55:03.18	0.0425	20.50657	21.99	57.06	1.5	0.999186	19.7828	1.24716	773.50	0.96470	3.28	0
3385	16:55:03.48	0.0410	20.50706	21.99	57.24	1.5	0.999222	19.7824	1.24716	773.50	0.96467	3.28	0
3386	16:55:03.78	0.0425	20.50643	21.99	57.24	1.5	0.999192	19.7833	1.24720	773.52	0.96473	3.28	0
3387	16:55:04.08	0.0395	20.50734	21.99	57.47	1.5	0.999246	19.7831	1.24716	773.50	0.96469	3.28	0
3388	16:55:04.38	0.0385	20.50783	21.99	57.47	1.5	0.999270	19.7832	1.24716	773.48	0.96467	3.28	0
3389	16:55:04.69	0.0390	20.50734	21.99	57.56	1.5	0.999252	19.7833	1.24716	773.50	0.96469	3.28	0
3390	16:55:05.00	0.0405	20.50692	21.99	57.56	1.5	0.999234	19.7833	1.24720	773.52	0.96472	3.28	0
3391	16:55:05.32	0.0385	20.50748	21.99	57.59	1.5	0.999264	19.7842	1.24720	773.52	0.96473	3.28	0
3392	16:55:05.59	0.0340	20.50944	21.99	57.59	1.5	0.999354	19.7856	1.24720	773.50	0.96471	3.28	0
3393	16:55:05.88	0.0320	20.51007	21.99	57.59	1.5	0.999390	19.7856	1.24716	773.50	0.96468	3.28	0
3394	16:55:06.18	0.0320	20.51007	21.99	57.59	1.5	0.999384	19.7869	1.24720	773.52	0.96474	3.28	0
3395	16:55:06.48	0.0350	20.50916	21.99	57.45	1.5	0.999336	19.7852	1.24720	773.50	0.96470	3.28	0
3396	16:55:06.78	0.0380	20.50797	21.99	57.45	1.5	0.999276	19.7837	1.24716	773.50	0.96469	3.28	0
3397	16:55:07.08	0.0390	20.50790	21.99	57.18	1.5	0.999258	19.7835	1.24716	773.50	0.96467	3.28	0
3398	16:55:07.38	0.0425	20.50650	21.99	57.18	1.5	0.999192	19.7832	1.24720	773.52	0.96473	3.28	0
3399	16:55:07.69	0.0435	20.50615	21.99	57.15	1.5	0.999168	19.7825	1.24720	773.50	0.96471	3.28	0
3400	16:55:07.98	0.0435	20.50608	21.99	57.15	1.5	0.999168	19.7828	1.24720	773.50	0.96473	3.28	0
3401	16:55:08.28	0.0455	20.50524	21.99	57.35	1.5	0.999138	19.7820	1.24720	773.52	0.96473	3.28	0
3402	16:55:08.58	0.0445	20.50552	21.99	57.35	1.5	0.999150	19.7826	1.24720	773.52	0.96475	3.28	0
3403	16:55:08.88	0.0455	20.50489	21.99	57.59	1.5	0.999138	19.7818	1.24720	773.52	0.96473	3.28	0
3404	16:55:09.18	0.0445	20.50531	21.99	57.59	1.5	0.999156	19.7820	1.24720	773.52	0.96473	3.28	0
3405	16:55:09.48	0.0440	20.50510	21.99	57.85	1.5	0.999162	19.7814	1.24720	773.50	0.96470	3.28	0
3406	16:55:09.78	0.0425	20.50566	21.99	57.85	1.5	0.999186	19.7825	1.24720	773.52	0.96473	3.28	0
3407	16:55:10.08	0.0410	20.50587	21.99	58.11	1.5	0.999216	19.7826	1.24720	773.52	0.96473	3.28	0
3408	16:55:10.38	0.0380	20.50706	21.99	58.11	1.5	0.999276	19.7843	1.24720	773.52	0.96476	3.28	0
3409	16:55:10.68	0.0335	20.50860	21.99	58.34	1.5	0.999360	19.7845	1.24720	773.50	0.96469	3.28	0
3410	16:55:10.98	0.0305	20.50972	21.99	58.34	1.5	0.999414	19.7863	1.24720	773.52	0.96473	3.28	0
3411	16:55:11.28	0.0265	20.51147	21.99	58.32	1.5	0.999498	19.7880	1.24720	773.52	0.96473	3.28	0
3412	16:55:11.58	0.0250	20.51203	21.99	58.32	1.5	0.999528	19.7886	1.24720	773.52	0.96473	3.28	0
3413	16:55:11.89	0.0210	20.51399	21.99	57.96	1.5	0.999600	19.7905	1.24720	773.52	0.96473	3.28	0
3414	16:55:12.18	0.0210	20.51399	21.99	57.96	1.5	0.999600	19.7908	1.24720	773.52	0.96475	3.28	0
3415	16:55:12.48	0.0245	20.51329	21.99	57.35	1.5	0.999534	19.7900	1.24724	773.52	0.96474	3.28	0
3416	16:55:12.78	0.0240	20.51357	21.99	57.35	1.5	0.999546	19.7904	1.24720	773.52	0.96475	3.28	0
3417	16:55:13.08	0.0300	20.51210	21.99	56.63	1.5	0.999432	19.7899	1.24724	773.54	0.96479	3.28	0
3418	16:55:13.38	0.0285	20.51266	21.99	56.63	1.5	0.999456	19.7895	1.24720	773.52	0.96475	3.28	0
3419	16:55:13.68	0.0290	20.51308	21.99	56.13	1.5	0.999450	19.7896	1.24720	773.52	0.96473	3.28	0
3420	16:55:13.98	0.0265	20.51413	21.99	56.13	1.5	0.999498	19.7903	1.24720	773.52	0.96472	3.28	0
3421	16:55:14.28	0.0250	20.51504	21.99	55.73	1.5	0.999522	19.7917	1.24720	773.52	0.96473	3.28	0
3422	16:55:14.58	0.0250	20.51511	21.99	55.73	1.5	0.999528	19.7914	1.24720	773.52	0.96472	3.28	0
3423	16:55:14.88	0.0250	20.51553	21.99	55.35	1.5	0.999522	19.7917	1.24716	773.52	0.96472	3.28	0
3424	16:55:15.18	0.0220	20.51672	21.99	55.35	1.5	0.999582	19.7927	1.24720	773.50	0.96471	3.28	0
3425	16:55:15.48	0.0265	20.51567	21.99	54.85	1.4	0.999498	19.7920	1.24720	773.50	0.96473	3.28	0
3426	16:55:15.78	0.0265	20.51553	21.99	54.85	1.4	0.999492	19.7912	1.24716	773.50	0.96469	3.28	0
3427	16:55:16.08	0.0285	20.51532	21.99	54.33	1.4	0.999456	19.7912	1.24720	773.50	0.96470	3.28	0
3428	16:55:16.38	0.0305	20.51462	21.99	54.33	1.4	0.999420	19.7907	1.24720	773.50	0.96471	3.28	0
3429	16:55:16.68	0.0340	20.51378	21.99	53.93	1.4	0.999354	19.7895	1.24716	773.50	0.96469	3.28	0
3430	16:55:16.98	0.0330	20.51413	21.99	53.93	1.4	0.999372	19.7898	1.24720	773.50	0.96469	3.28	0
3431	16:55:17.28	0.0355	20.51350	21.99	53.66	1.4	0.999324	19.7891	1.24716	773.50	0.96469	3.28	0
3432	16:55:17.58	0.0360	20.51336	21.99	53.66	1.4	0.999318	19.7893	1.24720	773.50	0.96470	3.28	0
3433	16:55:17.88	0.0375	20.51294	21.99	53.55	1.4	0.999288	19.7895	1.24720	773.52	0.96473	3.28	0
3434	16:55:18.18	0.0385	20.51252	21.99	53.55	1.4	0.999270	19.7895	1.24720	773.52	0.96475	3.28	0
3435	16:55:18.48	0.0390	20.51224	21.99	53.55	1.4	0.999258	19.7882	1.24720	773.50	0.96470	3.28	0
3436	16:55:18.78	0.0370	20.51301	21.99	53.55	1.4	0.999294	19.7893	1.24720	773.52	0.96472	3.28	0
3437	16:55:19.08	0.0365	20.51322	21.99	53.58	1.4	0.999306	19.7898	1.24720	773.52	0.96473	3.28	0
3438	16:55:19.38	0.0360	20.51343	21.99	53.58	1.4	0.999312	19.7898	1.24720	773.52	0.96473	3.28	0
3439	16:55:19.68	0.0370	20.51315	21.99	53.58	1.4	0.999300	19.7894	1.24720	773.50	0.96472	3.28	0
3440	16:55:19.98	0.0360	20.51343	21.99	53.58	1.4	0.999312	19.7900	1.24720	773.52	0.96473	3.28	0
3441	16:55:20.28	0.0345	20.51399	21.99	53.55	1.4	0.999336	19.7906	1.24720	773.52	0.96474	3.28	0
3442	16:55:20.58	0.0340	20.51420	21.99	53.55	1.4	0.999354	19.7903	1.24720	773.50	0.96471	3.28	0
3443	16:55:20.88	0.0335	20.51455	21.99	53.46	1.4	0.999360	19.7905	1.24720	773.50	0.96470	3.28	0
3444	16:55:21.18	0.0340	20.51441	21.99	53.46	1.4	0.999354	19.7900	1.24720	773.50	0.96469	3.28	0
3445	16:55:21.48	0.0320	20.51525	21.99	53.32	1.4	0.999390	19.7912	1.24720	773.50	0.96470	3.28	0
3446	16:55:21.78	0.0335	20.51462	21.99	53.32	1.4	0.999360	19.7908	1.24720	773.52	0.96472	3.28	0
3447	16:55:22.08	0.0375	20.51350	21.99	53.14	1.4	0.999294	19.7902	1.24720	773.52	0.96474	3.28	0
3448	16:55:22.39	0.0390	20.51273	21.99	53.14	1.4	0.999252	19.7881	1.24716	773.50	0.96467	3.28	0
3449	16:55:22.68	0.0405	20.51231	21.99	53.05	1.4	0.999228	19.7884	1.24720	773.50	0.96471	3.28	0
3450	16:55:22.98	0.0425	20.51161	21.99	53.05	1.4	0.999192	19.7882	1.24720	773.52	0.96473	3.28	0
3451	16:55:23.28	0.0405	20.51217	21.99	53.11	1.4	0.999222	19.7889	1.24720	773.52	0.96474	3.28	0
3452	16:55:23.58	0.0410	20.51210	21.99	53.11	1.4	0.999222	19.7889	1.24724	773.52	0.96474	3.28	0
3453	16:55:23.88	0.0410	20.51189	21.99	53.32	1.4	0.999222	19.7881	1.24720	773.50	0.96472	3.28	0
3454	16:55:24.18	0.0405	20.51196	21.99	53.32	1.4	0.999228	19.7882	1.24720	773.50	0.96472	3.28	0
3455	16:55:24.48	0.0415	20.51154	21.99	53.46	1.4	0.999216	19.7882	1.24720	773.52	0.96473	3.28	0
3456	16:55:24.78	0.0415	20.51140	21.99	53.46	1.4	0.999210	19.7888	1.24724	773.52	0.96477	3.28	0
3457	16:55:25.08	0.0400	20.51196	21.99	53.61	1.4	0.999246	19.7887	1.24720	773.52	0.96474	3.28	0
3458	16:55:25.38	0.0355	20.51364	21.99	53.61	1.4	0.999330	19.7900	1.24720	773.50	0.96472	3.28	0
3459	16:55:25.68	0.0335	20.51434	21.99	53.66	1.4	0.999366	19.7898	1.24716	773.50	0.96468	3.28	0
3460	16:55:25.98	0.0320	20.51497	21.99	53.66	1.4	0.999396	19.7918	1.24720	773.52	0.96475	3.28	0
3461	16:55:26.28	0.0290	20.51616	21.99	53.64	1.4	0.999450	19.7926	1.24720	773.52	0.96473	3.28	0
3462	16:55:26.58	0.0280	20.51637	21.99	53.64	1.4	0.999462	19.7923	1.24720	773.50	0.96470	3.28	0
3463	16:55:26.88	0.0300	20.51602	21.99	53.34	1.4	0.999426	19.7922	1.24720	773.50	0.96472	3.28	0
3464	16:55:27.18	0.0295	20.51623	21.99	53.34	1.4	0.999438	19.7931	1.24720	773.52	0.96476	3.28	0
3465	16:55:27.48	0.0310	20.51616	21.99	52.97	1.4	0.999414	19.7927	1.24720	773.52	0.96473	3.28	0
3466	16:55:27.78	0.0310	20.51623	21.99	52.97	1.4	0.999414	19.7921	1.24720	773.50	0.96471	3.28	0
3467	16:55:28.08	0.0345	20.51518	21.99	52.62	1.4	0.999342	19.7921	1.24720	773.52	0.96475	3.28	0
3468	16:55:28.39	0.0360	20.51469	21.99	52.62	1.4	0.999318	19.7918	1.24724	773.54	0.96476	3.28	0
3469	16:55:28.68	0.0365	20.51476	21.99	52.36	1.4	0.999306	19.7910	1.24720	773.50	0.96472	3.28	0
3470	16:55:28.98	0.0335	20.51595	21.99	52.36	1.4	0.999366	19.7920	1.24720	773.50	0.96472	3.28	0
3471	16:55:29.28	0.0310	20.51700	21.99	52.30	1.4	0.999414	19.7930	1.24720	773.50	0.96471	3.28	0
3472	16:55:29.58	0.0295	20.51756	21.99	52.30	1.4	0.999444	19.7939	1.24720	773.52	0.96473	3.28	0
3473	16:55:29.88	0.0285	20.51798	21.99	52.18	1.4	0.999456	19.7952	1.24724	773.52	0.96477	3.28	0
3474	16:55:30.18	0.0275	20.51840	21.99	52.18	1.4	0.999474	19.7952	1.24724	773.52	0.96475	3.28	0
3475	16:55:30.48	0.0290	20.51826	21.99	51.89	1.4	0.999450	19.7950	1.24724	773.52	0.96475	3.28	0
3476	16:55:30.78	0.0280	20.51861	21.99	51.89	1.4	0.999468	19.7955	1.24724	773.52	0.96476	3.28	0
3477	16:55:31.08	0.0295	20.51847	21.99	51.57	1.4	0.999444	19.7949	1.24720	773.52	0.96473	3.28	0
3478	16:55:31.38	0.0290	20.51868	21.99	51.57	1.4	0.999450	19.7949	1.24720	773.52	0.96472	3.28	0
3479	16:55:31.68	0.0305	20.51854	21.99	51.23	1.4	0.999426	19.7947	1.24720	773.52	0.96472	3.28	0
3480	16:55:31.98	0.0340	20.51714	21.99	51.23	1.4	0.999354	19.7938	1.24720	773.52	0.96474	3.28	0
3481	16:55:32.28	0.0335	20.51763	21.99	50.91	1.3	0.999360	19.7939	1.24720	773.50	0.96473	3.28	0
3482	16:55:32.58	0.0310	20.51875	21.99	50.91	1.3	0.999414	19.7951	1.24720	773.52	0.96473	3.28	0
3483	16:55:32.88	0.0340	20.51777	21.99	50.70	1.3	0.999354	19.7939	1.24720	773.50	0.96472	3.28	0
3484	16:55:33.18	0.0360	20.51693	21.99	50.70	1.3	0.999312	19.7936	1.24720	773.52	0.96475	3.28	0
3485	16:55:33.48	0.0385	20.51616	21.99	50.56	1.3	0.999270	19.7930	1.24720	773.52	0.96475	3.28	0
3486	16:55:33.78	0.0390	20.51595	21.99	50.56	1.3	0.999258	19.7925	1.24720	773.52	0.96473	3.28	0
3487	16:55:34.08	0.0395	20.51588	21.99	50.53	1.3	0.999252	19.7931	1.24724	773.52	0.96478	3.28	0
3488	16:55:34.38	0.0400	20.51567	21.99	50.53	1.3	0.999240	19.7919	1.24720	773.50	0.96472	3.28	0
3489	16:55:34.68	0.0415	20.51497	21.99	50.56	1.3	0.999210	19.7918	1.24720	773.52	0.96475	3.28	0
3490	16:55:35.03	0.0395	20.51574	21.99	50.56	1.3	0.999252	19.7917	1.24720	773.50	0.96470	3.28	0
3491	16:55:35.28	0.0440	20.51399	21.99	50.62	1.3	0.999168	19.7905	1.24720	773.52	0.96473	3.28	0
3492	16:55:35.58	0.0430	20.51434	21.99	50.62	1.3	0.999180	19.7905	1.24720	773.50	0.96472	3.28	0
3493	16:55:35.88	0.0435	20.51385	21.99	50.79	1.3	0.999168	19.7903	1.24720	773.52	0.96473	3.28	0
3494	16:55:36.27	0.0440	20.51378	21.99	50.79	1.3	0.999168	19.7903	1.24720	773.52	0.96473	3.28	0
3495	16:55:36.48	0.0435	20.51371	21.99	50.96	1.3	0.999174	19.7907	1.24724	773.52	0.96476	3.28	0
3496	16:55:36.78	0.0440	20.51343	21.99	50.96	1.3	0.999162	19.7900	1.24720	773.52	0.96473	3.28	0
3497	16:55:37.08	0.0440	20.51315	21.99	51.23	1.4	0.999162	19.7898	1.24720	773.52	0.96473	3.28	0
3498	16:55:37.38	0.0450	20.51280	21.99	51.23	1.4	0.999144	19.7892	1.24720	773.50	0.96473	3.28	0
3499	16:55:37.69	0.0430	20.51329	21.99	51.46	1.4	0.999186	19.7899	1.24720	773.52	0.96473	3.28	0
3500	16:55:37.98	0.0475	20.51154	21.99	51.46	1.4	0.999096	19.7885	1.24720	773.52	0.96475	3.28	0
3501	16:55:38.28	0.0465	20.51182	21.99	51.63	1.4	0.999120	19.7883	1.24720	773.52	0.96473	3.28	0
Device address	Device ID	Factory Device ID	Firmware	Measurement mode	Gain	Speed	Y_AH_Cal (-)	TF_Cal (V/W)	Temp_Cal (°C)																																				
FF47	D3	12J691	 C3.8	H2   	1.000	Norm 	 0.995544	20.464394	29.717340																																				
Iteration	Time	Output (%)	Transfer (V/W)	Tsens (°C)	RH (%)	AH (kPa)	Corr transfer (-)	Utp (mV)	Ih (mA)	Uh (mV)	Ph (mW)	Usyst (V)	Alarm																																
0	17:24:20.73	0.1090	20.50251	21.99	39.29	1.0	0.997926	19.7775	1.24716	773.48	0.96464	3.28	0
1	17:24:21.17	0.1110	20.50174	21.99	39.29	1.0	0.997890	19.7774	1.24716	773.48	0.96467	3.28	0
2	17:24:21.47	0.1105	20.50188	21.99	39.29	1.0	0.997896	19.7777	1.24716	773.48	0.96468	3.28	0
3	17:24:21.78	0.1075	20.50300	21.99	39.29	1.0	0.997950	19.7780	1.24716	773.48	0.96464	3.28	0
4	17:24:22.07	0.1120	20.50139	21.99	39.29	1.0	0.997872	19.7773	1.24716	773.50	0.96468	3.28	0
5	17:24:22.42	0.1100	20.50209	21.99	39.29	1.0	0.997908	19.7779	1.24716	773.48	0.96467	3.28	0
6	17:24:22.72	0.1105	20.50188	21.99	39.29	1.0	0.997896	19.7774	1.24716	773.48	0.96466	3.28	0
7	17:24:22.97	0.1115	20.50146	21.99	39.29	1.0	0.997872	19.7776	1.24720	773.50	0.96469	3.28	0
8	17:24:23.27	0.1100	20.50209	21.99	39.29	1.0	0.997908	19.7777	1.24716	773.48	0.96467	3.28	0
9	17:24:23.57	0.1110	20.50160	21.99	39.29	1.0	0.997884	19.7779	1.24720	773.50	0.96470	3.28	0
10	17:24:23.87	0.1100	20.50209	21.99	39.29	1.0	0.997908	19.7772	1.24716	773.48	0.96464	3.28	0
11	17:24:24.17	0.1120	20.50125	21.99	39.29	1.0	0.997866	19.7774	1.24720	773.50	0.96469	3.28	0
12	17:24:24.47	0.1100	20.50209	21.99	39.29	1.0	0.997908	19.7774	1.24716	773.48	0.96465	3.28	0
13	17:24:24.77	0.1120	20.50139	21.99	39.29	1.0	0.997872	19.7772	1.24716	773.48	0.96467	3.28	0
14	17:24:25.07	0.1090	20.50237	21.99	39.29	1.0	0.997920	19.7779	1.24716	773.48	0.96466	3.28	0
15	17:24:25.37	0.1105	20.50188	21.99	39.29	1.0	0.997896	19.7767	1.24716	773.46	0.96463	3.28	0
16	17:24:25.67	0.1120	20.50139	21.99	39.29	1.0	0.997872	19.7772	1.24720	773.48	0.96467	3.28	0
17	17:24:25.97	0.1105	20.50195	21.99	39.29	1.0	0.997902	19.7769	1.24716	773.48	0.96463	3.28	0
18	17:24:26.27	0.1115	20.50153	21.99	39.29	1.0	0.997878	19.7770	1.24716	773.48	0.96466	3.28	0
19	17:24:26.57	0.1110	20.50167	21.99	39.29	1.0	0.997884	19.7774	1.24716	773.48	0.96467	3.28	0
20	17:24:26.87	0.1100	20.50216	21.99	39.29	1.0	0.997908	19.7769	1.24716	773.46	0.96463	3.28	0
21	17:24:27.17	0.1115	20.50153	21.99	39.29	1.0	0.997878	19.7759	1.24712	773.46	0.96461	3.28	0
22	17:24:27.47	0.1095	20.50223	21.99	39.29	1.0	0.997914	19.7766	1.24716	773.46	0.96461	3.28	0
23	17:24:27.77	0.1090	20.50251	21.99	39.29	1.0	0.997926	19.7774	1.24716	773.46	0.96463	3.28	0
24	17:24:28.07	0.1100	20.50202	21.99	39.29	1.0	0.997902	19.7776	1.24716	773.48	0.96466	3.28	0
25	17:24:28.37	0.1115	20.50160	21.99	39.29	1.0	0.997884	19.7774	1.24720	773.48	0.96467	3.28	0
26	17:24:28.67	0.1095	20.50230	21.99	39.29	1.0	0.997920	19.7768	1.24712	773.46	0.96461	3.28	0
27	17:24:28.97	0.1105	20.50188	21.99	39.29	1.0	0.997896	19.7770	1.24716	773.48	0.96464	3.28	0
28	17:24:29.27	0.1120	20.50132	21.99	39.29	1.0	0.997872	19.7767	1.24720	773.48	0.96466	3.28	0
29	17:24:29.57	0.1095	20.50223	21.99	39.29	1.0	0.997914	19.7772	1.24716	773.46	0.96463	3.28	0
30	17:24:29.87	0.1115	20.50153	21.99	39.32	1.0	0.997878	19.7775	1.24720	773.48	0.96469	3.28	0
31	17:24:30.17	0.1105	20.50181	21.99	39.32	1.0	0.997896	19.7774	1.24716	773.48	0.96467	3.28	0
32	17:24:30.47	0.1095	20.50230	21.99	39.29	1.0	0.997920	19.7774	1.24716	773.48	0.96464	3.28	0
33	17:24:30.77	0.1085	20.50265	21.99	39.29	1.0	0.997932	19.7777	1.24716	773.46	0.96464	3.28	0
34	17:24:31.07	0.1110	20.50167	21.99	39.29	1.0	0.997884	19.7776	1.24716	773.50	0.96469	3.28	0
35	17:24:31.37	0.1095	20.50237	21.99	39.29	1.0	0.997920	19.7779	1.24716	773.48	0.96466	3.28	0
36	17:24:31.67	0.1100	20.50202	21.99	39.29	1.0	0.997902	19.7778	1.24716	773.48	0.96467	3.28	0
37	17:24:31.97	0.1090	20.50251	21.99	39.29	1.0	0.997926	19.7781	1.24716	773.50	0.96467	3.28	0
38	17:24:32.27	0.1095	20.50230	21.99	39.29	1.0	0.997914	19.7781	1.24716	773.50	0.96467	3.28	0
39	17:24:32.57	0.1080	20.50279	21.99	39.29	1.0	0.997938	19.7779	1.24716	773.48	0.96464	3.28	0
40	17:24:32.87	0.1110	20.50167	21.99	39.29	1.0	0.997884	19.7774	1.24716	773.48	0.96467	3.28	0
41	17:24:33.17	0.1085	20.50272	21.99	39.29	1.0	0.997938	19.7774	1.24716	773.46	0.96462	3.28	0
42	17:24:33.47	0.1105	20.50188	21.99	39.32	1.0	0.997896	19.7777	1.24716	773.50	0.96468	3.28	0
43	17:24:33.77	0.1100	20.50202	21.99	39.32	1.0	0.997902	19.7775	1.24720	773.48	0.96466	3.28	0
44	17:24:34.07	0.1080	20.50293	21.99	39.29	1.0	0.997944	19.7776	1.24716	773.46	0.96462	3.28	0
45	17:24:34.37	0.1110	20.50167	21.99	39.29	1.0	0.997884	19.7777	1.24720	773.50	0.96469	3.28	0
46	17:24:34.67	0.1100	20.50216	21.99	39.32	1.0	0.997908	19.7774	1.24716	773.48	0.96465	3.28	0
47	17:24:34.97	0.1115	20.50139	21.99	39.32	1.0	0.997878	19.7774	1.24720	773.48	0.96468	3.28	0
48	17:24:35.27	0.1115	20.50153	21.99	39.32	1.0	0.997878	19.7767	1.24716	773.48	0.96465	3.28	0
49	17:24:35.57	0.1075	20.50300	21.99	39.32	1.0	0.997950	19.7778	1.24716	773.46	0.96463	3.28	0
50	17:24:35.87	0.1105	20.50188	21.99	39.29	1.0	0.997896	19.7770	1.24716	773.48	0.96464	3.28	0
51	17:24:36.17	0.1110	20.50174	21.99	39.29	1.0	0.997890	19.7770	1.24716	773.46	0.96465	3.28	0
52	17:24:36.47	0.1085	20.50265	21.99	39.32	1.0	0.997932	19.7773	1.24716	773.46	0.96463	3.28	0
53	17:24:36.77	0.1095	20.50223	21.99	39.32	1.0	0.997914	19.7774	1.24716	773.48	0.96464	3.28	0
54	17:24:37.07	0.1105	20.50195	21.99	39.32	1.0	0.997902	19.7767	1.24716	773.48	0.96463	3.28	0
55	17:24:37.37	0.1095	20.50223	21.99	39.32	1.0	0.997914	19.7775	1.24716	773.48	0.96465	3.28	0
56	17:24:37.67	0.1110	20.50174	21.99	39.32	1.0	0.997890	19.7770	1.24716	773.48	0.96465	3.28	0
57	17:24:37.97	0.1100	20.50209	21.99	39.32	1.0	0.997908	19.7768	1.24716	773.46	0.96463	3.28	0
58	17:24:38.27	0.1100	20.50202	21.99	39.32	1.0	0.997902	19.7770	1.24716	773.48	0.96464	3.28	0
59	17:24:38.57	0.1095	20.50230	21.99	39.32	1.0	0.997920	19.7770	1.24716	773.46	0.96462	3.28	0
60	17:24:38.87	0.1090	20.50244	21.99	39.32	1.0	0.997926	19.7771	1.24716	773.46	0.96462	3.28	0
61	17:24:39.17	0.1090	20.50251	21.99	39.32	1.0	0.997926	19.7767	1.24712	773.46	0.96460	3.28	0
62	17:24:39.47	0.1115	20.50153	21.99	39.32	1.0	0.997884	19.7765	1.24716	773.46	0.96463	3.28	0
63	17:24:39.77	0.1110	20.50167	21.99	39.32	1.0	0.997884	19.7772	1.24716	773.48	0.96466	3.28	0
64	17:24:40.07	0.1105	20.50188	21.99	39.32	1.0	0.997902	19.7770	1.24716	773.48	0.96464	3.28	0
65	17:24:40.37	0.1100	20.50209	21.99	39.32	1.0	0.997908	19.7770	1.24716	773.46	0.96464	3.28	0
66	17:24:40.67	0.1090	20.50244	21.99	39.32	1.0	0.997926	19.7770	1.24716	773.46	0.96461	3.28	0
67	17:24:40.97	0.1095	20.50230	21.99	39.32	1.0	0.997920	19.7779	1.24716	773.48	0.96467	3.28	0
68	17:24:41.27	0.1090	20.50244	21.99	39.32	1.0	0.997926	19.7777	1.24716	773.48	0.96465	3.28	0
69	17:24:41.57	0.1095	20.50223	21.99	39.32	1.0	0.997914	19.7774	1.24716	773.46	0.96464	3.28	0
70	17:24:41.87	0.1085	20.50258	21.99	39.32	1.0	0.997932	19.7780	1.24716	773.48	0.96466	3.28	0
71	17:24:42.17	0.1085	20.50258	21.99	39.32	1.0	0.997932	19.7778	1.24716	773.48	0.96465	3.28	0
72	17:24:42.47	0.1100	20.50202	21.99	39.32	1.0	0.997908	19.7774	1.24716	773.48	0.96466	3.28	0
73	17:24:42.77	0.1125	20.50111	21.99	39.32	1.0	0.997860	19.7776	1.24720	773.50	0.96470	3.28	0
74	17:24:43.07	0.1100	20.50216	21.99	39.32	1.0	0.997914	19.7772	1.24716	773.48	0.96464	3.28	0
75	17:24:43.37	0.1075	20.50307	21.99	39.32	1.0	0.997956	19.7770	1.24712	773.44	0.96459	3.28	0
76	17:24:43.67	0.1095	20.50230	21.99	39.32	1.0	0.997920	19.7773	1.24716	773.46	0.96464	3.28	0
77	17:24:43.97	0.1095	20.50230	21.99	39.32	1.0	0.997920	19.7779	1.24720	773.48	0.96467	3.28	0
78	17:24:44.27	0.1105	20.50195	21.99	39.32	1.0	0.997902	19.7777	1.24716	773.48	0.96467	3.28	0
79	17:24:44.57	0.1110	20.50174	21.99	39.32	1.0	0.997890	19.7772	1.24716	773.48	0.96466	3.28	0
80	17:24:44.87	0.1095	20.50223	21.99	39.32	1.0	0.997914	19.7770	1.24716	773.46	0.96463	3.28	0
81	17:24:45.17	0.1090	20.50237	21.99	39.32	1.0	0.997920	19.7777	1.24716	773.48	0.96465	3.28	0
82	17:24:45.47	0.1095	20.50223	21.99	39.32	1.0	0.997914	19.7770	1.24716	773.46	0.96463	3.28	0
83	17:24:45.77	0.1115	20.50139	21.99	39.32	1.0	0.997878	19.7773	1.24720	773.48	0.96468	3.28	0
84	17:24:46.07	0.1100	20.50195	21.99	39.32	1.0	0.997902	19.7771	1.24716	773.46	0.96464	3.28	0
85	17:24:46.37	0.1090	20.50251	21.99	39.32	1.0	0.997926	19.7777	1.24716	773.48	0.96464	3.28	0
86	17:24:46.67	0.1100	20.50209	21.99	39.32	1.0	0.997908	19.7770	1.24716	773.46	0.96464	3.28	0
87	17:24:46.97	0.1120	20.50146	21.98	39.32	1.0	0.997872	19.7769	1.24716	773.48	0.96466	3.28	0
88	17:24:47.27	0.1110	20.50181	21.98	39.32	1.0	0.997890	19.7775	1.24720	773.48	0.96467	3.28	0
89	17:24:47.57	0.1080	20.50272	21.99	39.32	1.0	0.997938	19.7772	1.24716	773.46	0.96461	3.28	0
90	17:24:47.87	0.1105	20.50181	21.99	39.32	1.0	0.997896	19.7772	1.24716	773.48	0.96466	3.28	0
91	17:24:48.17	0.1085	20.50272	21.99	39.32	1.0	0.997938	19.7774	1.24716	773.46	0.96463	3.28	0
92	17:24:48.47	0.1110	20.50167	21.99	39.32	1.0	0.997884	19.7771	1.24716	773.48	0.96466	3.28	0
93	17:24:48.77	0.1095	20.50223	21.98	39.32	1.0	0.997914	19.7767	1.24716	773.46	0.96461	3.28	0
94	17:24:49.07	0.1090	20.50251	21.98	39.32	1.0	0.997926	19.7773	1.24716	773.46	0.96463	3.28	0
95	17:24:49.37	0.1110	20.50174	21.99	39.32	1.0	0.997890	19.7771	1.24716	773.46	0.96466	3.28	0
96	17:24:49.67	0.1110	20.50167	21.99	39.32	1.0	0.997890	19.7770	1.24716	773.48	0.96465	3.28	0
97	17:24:49.97	0.1110	20.50174	21.99	39.32	1.0	0.997890	19.7771	1.24716	773.48	0.96465	3.28	0
98	17:24:50.27	0.1095	20.50223	21.99	39.32	1.0	0.997914	19.7765	1.24716	773.46	0.96460	3.28	0
99	17:24:50.57	0.1105	20.50181	21.99	39.32	1.0	0.997896	19.7770	1.24716	773.48	0.96464	3.28	0
100	17:24:50.87	0.1110	20.50174	21.99	39.32	1.0	0.997890	19.7767	1.24716	773.46	0.96463	3.28	0
101	17:24:51.17	0.1105	20.50181	21.99	39.32	1.0	0.997896	19.7773	1.24716	773.48	0.96466	3.28	0
102	17:24:51.47	0.1085	20.50265	21.99	39.32	1.0	0.997932	19.7772	1.24716	773.46	0.96461	3.28	0
103	17:24:51.77	0.1085	20.50279	21.98	39.32	1.0	0.997938	19.7767	1.24712	773.44	0.96458	3.28	0
104	17:24:52.07	0.1105	20.50202	21.98	39.32	1.0	0.997902	19.7770	1.24716	773.46	0.96464	3.28	0
105	17:24:52.37	0.1115	20.50153	21.99	39.32	1.0	0.997884	19.7774	1.24720	773.48	0.96468	3.28	0
106	17:24:52.67	0.1080	20.50279	21.99	39.32	1.0	0.997944	19.7774	1.24716	773.46	0.96462	3.28	0
107	17:24:52.97	0.1100	20.50202	21.99	39.32	1.0	0.997902	19.7761	1.24712	773.44	0.96460	3.28	0
108	17:24:53.27	0.1105	20.50195	21.99	39.32	1.0	0.997902	19.7772	1.24720	773.46	0.96465	3.28	0
109	17:24:53.57	0.1095	20.50216	21.99	39.32	1.0	0.997914	19.7781	1.24720	773.48	0.96468	3.28	0
110	17:24:53.87	0.1085	20.50265	21.99	39.32	1.0	0.997938	19.7772	1.24716	773.46	0.96462	3.28	0
111	17:24:54.17	0.1080	20.50272	21.99	39.32	1.0	0.997938	19.7766	1.24712	773.44	0.96458	3.28	0
112	17:24:54.47	0.1090	20.50244	21.99	39.32	1.0	0.997926	19.7765	1.24712	773.44	0.96459	3.28	0
113	17:24:54.77	0.1095	20.50237	21.99	39.32	1.0	0.997920	19.7772	1.24712	773.48	0.96463	3.28	0
114	17:24:55.07	0.1090	20.50237	21.99	39.32	1.0	0.997926	19.7770	1.24716	773.46	0.96462	3.28	0
115	17:24:55.37	0.1085	20.50265	21.98	39.32	1.0	0.997932	19.7777	1.24716	773.48	0.96464	3.28	0
116	17:24:55.67	0.1105	20.50188	21.98	39.32	1.0	0.997896	19.7772	1.24716	773.48	0.96466	3.28	0
117	17:24:55.97	0.1085	20.50272	21.98	39.32	1.0	0.997932	19.7772	1.24716	773.46	0.96461	3.28	0
118	17:24:56.27	0.1110	20.50174	21.98	39.32	1.0	0.997884	19.7772	1.24716	773.48	0.96466	3.28	0
119	17:24:56.57	0.1105	20.50195	21.99	39.32	1.0	0.997902	19.7776	1.24720	773.48	0.96467	3.28	0
120	17:24:56.87	0.1100	20.50216	21.99	39.32	1.0	0.997914	19.7777	1.24716	773.48	0.96466	3.28	0
121	17:24:57.17	0.1100	20.50209	21.99	39.32	1.0	0.997908	19.7771	1.24716	773.48	0.96464	3.28	0
122	17:24:57.47	0.1085	20.50265	21.99	39.32	1.0	0.997938	19.7772	1.24712	773.46	0.96461	3.28	0
123	17:24:57.77	0.1075	20.50314	21.99	39.32	1.0	0.997956	19.7772	1.24712	773.46	0.96460	3.28	0
124	17:24:58.07	0.1095	20.50216	21.99	39.32	1.0	0.997914	19.7765	1.24716	773.44	0.96461	3.28	0
125	17:24:58.37	0.1105	20.50188	21.99	39.32	1.0	0.997902	19.7773	1.24716	773.48	0.96466	3.28	0
126	17:24:58.67	0.1095	20.50223	21.99	39.32	1.0	0.997914	19.7770	1.24716	773.46	0.96463	3.28	0
127	17:24:58.97	0.1095	20.50244	21.98	39.32	1.0	0.997920	19.7770	1.24716	773.46	0.96461	3.28	0
128	17:24:59.27	0.1105	20.50202	21.98	39.32	1.0	0.997902	19.7770	1.24716	773.46	0.96464	3.28	0
129	17:24:59.57	0.1115	20.50153	21.99	39.32	1.0	0.997884	19.7772	1.24720	773.48	0.96467	3.28	0
130	17:24:59.87	0.1090	20.50251	21.99	39.32	1.0	0.997926	19.7775	1.24720	773.46	0.96464	3.28	0
131	17:25:00.17	0.1105	20.50202	21.98	39.32	1.0	0.997902	19.7774	1.24716	773.48	0.96466	3.28	0
132	17:25:00.47	0.1105	20.50195	21.98	39.32	1.0	0.997896	19.7768	1.24716	773.46	0.96463	3.28	0
133	17:25:00.77	0.1085	20.50272	21.99	39.32	1.0	0.997938	19.7772	1.24716	773.46	0.96461	3.28	0
134	17:25:01.07	0.1095	20.50237	21.99	39.32	1.0	0.997920	19.7770	1.24716	773.46	0.96462	3.28	0
135	17:25:01.37	0.1095	20.50230	21.99	39.32	1.0	0.997920	19.7775	1.24716	773.48	0.96465	3.28	0
136	17:25:01.67	0.1090	20.50251	21.99	39.32	1.0	0.997932	19.7772	1.24716	773.46	0.96463	3.28	0
137	17:25:01.97	0.1095	20.50223	21.99	39.32	1.0	0.997914	19.7772	1.24716	773.46	0.96464	3.28	0
138	17:25:02.27	0.1110	20.50174	21.99	39.32	1.0	0.997890	19.7771	1.24716	773.48	0.96466	3.28	0
139	17:25:02.57	0.1095	20.50237	21.99	39.32	1.0	0.997920	19.7768	1.24716	773.46	0.96461	3.28	0
140	17:25:02.87	0.1075	20.50314	21.99	39.32	1.0	0.997956	19.7772	1.24712	773.46	0.96460	3.28	0
141	17:25:03.17	0.1070	20.50328	21.99	39.32	1.0	0.997968	19.7776	1.24716	773.46	0.96460	3.28	0
142	17:25:03.47	0.1085	20.50272	21.99	39.32	1.0	0.997938	19.7774	1.24716	773.46	0.96462	3.28	0
143	17:25:03.77	0.1105	20.50195	21.98	39.32	1.0	0.997896	19.7767	1.24716	773.46	0.96463	3.28	0
144	17:25:04.07	0.1115	20.50160	21.98	39.32	1.0	0.997878	19.7771	1.24720	773.48	0.96466	3.28	0
145	17:25:04.37	0.1120	20.50132	21.99	39.32	1.0	0.997866	19.7770	1.24720	773.48	0.96467	3.28	0
146	17:25:04.67	0.1090	20.50251	21.99	39.32	1.0	0.997932	19.7770	1.24716	773.46	0.96461	3.28	0
147	17:25:04.97	0.1115	20.50153	21.98	39.32	1.0	0.997878	19.7761	1.24716	773.46	0.96461	3.28	0
148	17:25:05.27	0.1110	20.50181	21.98	39.32	1.0	0.997890	19.7762	1.24716	773.44	0.96461	3.28	0
149	17:25:05.57	0.1095	20.50230	21.99	39.32	1.0	0.997920	19.7768	1.24716	773.46	0.96461	3.28	0
150	17:25:05.87	0.1100	20.50202	21.99	39.32	1.0	0.997908	19.7765	1.24716	773.46	0.96461	3.28	0
151	17:25:06.17	0.1085	20.50272	21.99	39.32	1.0	0.997938	19.7769	1.24712	773.46	0.96460	3.28	0
152	17:25:06.47	0.1085	20.50265	21.99	39.32	1.0	0.997932	19.7774	1.24716	773.46	0.96463	3.28	0
153	17:25:06.77	0.1105	20.50181	21.99	39.32	1.0	0.997896	19.7774	1.24720	773.48	0.96467	3.28	0
154	17:25:07.07	0.1100	20.50202	21.99	39.32	1.0	0.997908	19.7763	1.24712	773.46	0.96460	3.28	0
155	17:25:07.37	0.1100	20.50216	21.98	39.32	1.0	0.997908	19.7768	1.24716	773.46	0.96462	3.28	0
156	17:25:07.67	0.1085	20.50265	21.98	39.32	1.0	0.997932	19.7769	1.24712	773.46	0.96460	3.28	0
157	17:25:07.97	0.1080	20.50286	21.98	39.32	1.0	0.997944	19.7767	1.24712	773.44	0.96458	3.28	0
158	17:25:08.27	0.1120	20.50132	21.98	39.32	1.0	0.997866	19.7767	1.24720	773.46	0.96466	3.28	0
159	17:25:08.57	0.1085	20.50286	21.98	39.32	1.0	0.997938	19.7774	1.24716	773.46	0.96462	3.28	0
160	17:25:08.87	0.1100	20.50209	21.98	39.32	1.0	0.997902	19.7774	1.24716	773.48	0.96465	3.28	0
161	17:25:09.17	0.1080	20.50293	21.98	39.32	1.0	0.997944	19.7766	1.24712	773.44	0.96457	3.28	0
162	17:25:09.47	0.1095	20.50230	21.98	39.32	1.0	0.997914	19.7767	1.24716	773.46	0.96461	3.28	0
163	17:25:09.77	0.1115	20.50160	21.98	39.32	1.0	0.997878	19.7761	1.24716	773.44	0.96461	3.28	0
164	17:25:10.07	0.1100	20.50216	21.98	39.32	1.0	0.997908	19.7772	1.24716	773.48	0.96464	3.28	0
165	17:25:10.37	0.1095	20.50244	21.98	39.32	1.0	0.997920	19.7770	1.24716	773.46	0.96462	3.28	0
166	17:25:10.67	0.1090	20.50244	21.98	39.32	1.0	0.997920	19.7778	1.24716	773.48	0.96466	3.28	0
167	17:25:10.97	0.1100	20.50209	21.98	39.32	1.0	0.997902	19.7778	1.24720	773.48	0.96467	3.28	0
168	17:25:11.27	0.1090	20.50244	21.98	39.35	1.0	0.997920	19.7772	1.24716	773.46	0.96463	3.28	0
169	17:25:11.57	0.1080	20.50279	21.98	39.35	1.0	0.997938	19.7767	1.24712	773.44	0.96458	3.28	0
170	17:25:11.87	0.1075	20.50314	21.98	39.35	1.0	0.997956	19.7767	1.24712	773.44	0.96457	3.28	0
171	17:25:12.17	0.1085	20.50265	21.98	39.35	1.0	0.997932	19.7776	1.24716	773.46	0.96464	3.28	0
172	17:25:12.47	0.1090	20.50251	21.98	39.35	1.0	0.997926	19.7770	1.24716	773.46	0.96461	3.28	0
173	17:25:12.77	0.1080	20.50279	21.98	39.35	1.0	0.997938	19.7770	1.24716	773.46	0.96460	3.28	0
174	17:25:13.07	0.1095	20.50230	21.98	39.35	1.0	0.997914	19.7771	1.24716	773.46	0.96463	3.28	0
175	17:25:13.37	0.1095	20.50237	21.98	39.35	1.0	0.997920	19.7776	1.24716	773.48	0.96465	3.28	0
176	17:25:13.67	0.1085	20.50265	21.98	39.35	1.0	0.997932	19.7775	1.24716	773.46	0.96463	3.28	0
177	17:25:13.97	0.1090	20.50244	21.98	39.35	1.0	0.997926	19.7766	1.24712	773.44	0.96460	3.28	0
178	17:25:14.27	0.1100	20.50216	21.98	39.35	1.0	0.997908	19.7768	1.24716	773.46	0.96462	3.28	0
179	17:25:14.57	0.1085	20.50265	21.98	39.35	1.0	0.997932	19.7761	1.24712	773.42	0.96457	3.28	0
180	17:25:14.87	0.1095	20.50223	21.98	39.35	1.0	0.997914	19.7767	1.24716	773.44	0.96461	3.28	0
181	17:25:15.17	0.1085	20.50265	21.98	39.35	1.0	0.997932	19.7763	1.24712	773.44	0.96458	3.28	0
182	17:25:15.47	0.1090	20.50258	21.98	39.35	1.0	0.997926	19.7767	1.24712	773.44	0.96460	3.28	0
183	17:25:15.77	0.1085	20.50279	21.98	39.35	1.0	0.997938	19.7770	1.24716	773.44	0.96460	3.28	0
184	17:25:16.07	0.1110	20.50167	21.98	39.35	1.0	0.997884	19.7763	1.24716	773.44	0.96461	3.28	0
185	17:25:16.37	0.1090	20.50251	21.98	39.35	1.0	0.997926	19.7768	1.24716	773.44	0.96460	3.28	0
186	17:25:16.67	0.1100	20.50209	21.98	39.35	1.0	0.997908	19.7772	1.24716	773.46	0.96464	3.28	0
187	17:25:16.97	0.1095	20.50237	21.97	39.35	1.0	0.997914	19.7768	1.24716	773.46	0.96461	3.28	0
188	17:25:17.27	0.1095	20.50230	21.97	39.35	1.0	0.997914	19.7768	1.24716	773.46	0.96461	3.28	0
189	17:25:17.57	0.1110	20.50188	21.97	39.35	1.0	0.997890	19.7768	1.24716	773.46	0.96463	3.28	0
190	17:25:17.87	0.1080	20.50293	21.97	39.35	1.0	0.997944	19.7770	1.24716	773.44	0.96460	3.28	0
191	17:25:18.17	0.1080	20.50293	21.98	39.35	1.0	0.997944	19.7767	1.24712	773.44	0.96458	3.28	0
192	17:25:18.47	0.1100	20.50216	21.98	39.35	1.0	0.997908	19.7765	1.24716	773.46	0.96461	3.28	0
193	17:25:18.77	0.1110	20.50181	21.98	39.35	1.0	0.997890	19.7763	1.24716	773.46	0.96461	3.28	0
194	17:25:19.07	0.1105	20.50195	21.98	39.35	1.0	0.997896	19.7765	1.24716	773.46	0.96462	3.28	0
195	17:25:19.37	0.1105	20.50195	21.97	39.35	1.0	0.997896	19.7765	1.24716	773.44	0.96461	3.28	0
196	17:25:19.67	0.1100	20.50216	21.97	39.35	1.0	0.997902	19.7766	1.24716	773.46	0.96461	3.28	0
197	17:25:19.97	0.1105	20.50202	21.97	39.35	1.0	0.997896	19.7768	1.24716	773.46	0.96463	3.28	0
198	17:25:20.27	0.1090	20.50251	21.97	39.35	1.0	0.997920	19.7761	1.24712	773.44	0.96457	3.28	0
199	17:25:20.57	0.1090	20.50258	21.97	39.35	1.0	0.997926	19.7761	1.24712	773.44	0.96457	3.28	0
200	17:25:20.87	0.1105	20.50195	21.97	39.35	1.0	0.997896	19.7760	1.24712	773.44	0.96459	3.28	0
201	17:25:21.17	0.1100	20.50209	21.98	39.35	1.0	0.997908	19.7763	1.24716	773.44	0.96460	3.28	0
202	17:25:21.47	0.1085	20.50272	21.98	39.35	1.0	0.997938	19.7766	1.24716	773.44	0.96458	3.28	0
203	17:25:21.77	0.1095	20.50223	21.98	39.35	1.0	0.997914	19.7763	1.24712	773.44	0.96459	3.28	0
204	17:25:22.07	0.1085	20.50272	21.98	39.35	1.0	0.997938	19.7769	1.24712	773.46	0.96460	3.28	0
205	17:25:22.37	0.1105	20.50209	21.97	39.35	1.0	0.997902	19.7761	1.24716	773.44	0.96459	3.28	0
206	17:25:22.67	0.1100	20.50216	21.97	39.35	1.0	0.997902	19.7763	1.24716	773.44	0.96460	3.28	0
207	17:25:22.97	0.1095	20.50237	21.97	39.35	1.0	0.997914	19.7763	1.24712	773.44	0.96458	3.28	0
208	17:25:23.27	0.1105	20.50202	21.97	39.35	1.0	0.997896	19.7761	1.24716	773.44	0.96460	3.28	0
209	17:25:23.57	0.1080	20.50300	21.97	39.35	1.0	0.997944	19.7772	1.24716	773.46	0.96460	3.28	0
210	17:25:23.87	0.1105	20.50195	21.97	39.35	1.0	0.997896	19.7763	1.24716	773.44	0.96460	3.28	0
211	17:25:24.17	0.1090	20.50265	21.97	39.35	1.0	0.997926	19.7766	1.24712	773.44	0.96458	3.28	0
212	17:25:24.47	0.1090	20.50258	21.97	39.35	1.0	0.997926	19.7768	1.24716	773.44	0.96460	3.28	0
213	17:25:24.77	0.1105	20.50202	21.97	39.35	1.0	0.997896	19.7764	1.24716	773.44	0.96461	3.28	0
214	17:25:25.07	0.1100	20.50230	21.97	39.35	1.0	0.997908	19.7770	1.24716	773.46	0.96463	3.28	0
215	17:25:25.37	0.1105	20.50195	21.97	39.35	1.0	0.997896	19.7765	1.24716	773.46	0.96461	3.28	0
216	17:25:25.67	0.1100	20.50216	21.97	39.35	1.0	0.997902	19.7765	1.24716	773.44	0.96460	3.28	0
217	17:25:25.97	0.1100	20.50216	21.98	39.35	1.0	0.997908	19.7768	1.24716	773.46	0.96462	3.28	0
218	17:25:26.27	0.1105	20.50188	21.98	39.35	1.0	0.997896	19.7771	1.24720	773.46	0.96465	3.28	0
219	17:25:26.57	0.1100	20.50216	21.97	39.35	1.0	0.997902	19.7770	1.24716	773.46	0.96463	3.28	0
220	17:25:26.87	0.1070	20.50328	21.97	39.35	1.0	0.997962	19.7769	1.24712	773.44	0.96457	3.28	0
221	17:25:27.17	0.1100	20.50209	21.97	39.35	1.0	0.997902	19.7766	1.24716	773.44	0.96461	3.28	0
222	17:25:27.47	0.1085	20.50279	21.97	39.35	1.0	0.997938	19.7770	1.24716	773.44	0.96460	3.28	0
223	17:25:27.77	0.1100	20.50230	21.97	39.35	1.0	0.997914	19.7777	1.24720	773.46	0.96466	3.28	0
224	17:25:28.07	0.1095	20.50244	21.97	39.35	1.0	0.997920	19.7772	1.24716	773.46	0.96463	3.28	0
225	17:25:28.37	0.1080	20.50293	21.97	39.35	1.0	0.997944	19.7775	1.24716	773.46	0.96462	3.28	0
226	17:25:28.67	0.1115	20.50160	21.97	39.35	1.0	0.997878	19.7766	1.24716	773.46	0.96464	3.28	0
227	17:25:28.97	0.1090	20.50251	21.97	39.35	1.0	0.997920	19.7773	1.24716	773.46	0.96463	3.28	0
228	17:25:29.27	0.1095	20.50237	21.97	39.35	1.0	0.997914	19.7771	1.24716	773.46	0.96463	3.28	0
229	17:25:29.57	0.1085	20.50300	21.96	39.35	1.0	0.997938	19.7765	1.24712	773.44	0.96457	3.28	0
230	17:25:29.87	0.1090	20.50265	21.96	39.35	1.0	0.997926	19.7773	1.24716	773.44	0.96462	3.28	0
231	17:25:30.17	0.1090	20.50258	21.97	39.35	1.0	0.997926	19.7772	1.24716	773.46	0.96462	3.28	0
232	17:25:30.47	0.1085	20.50286	21.97	39.35	1.0	0.997938	19.7773	1.24716	773.44	0.96461	3.28	0
233	17:25:30.77	0.1090	20.50258	21.97	39.35	1.0	0.997926	19.7765	1.24712	773.44	0.96458	3.28	0
234	17:25:31.07	0.1100	20.50223	21.97	39.35	1.0	0.997908	19.7765	1.24716	773.44	0.96461	3.28	0
235	17:25:31.37	0.1090	20.50258	21.96	39.35	1.0	0.997920	19.7765	1.24716	773.44	0.96458	3.28	0
236	17:25:31.67	0.1105	20.50202	21.96	39.35	1.0	0.997896	19.7763	1.24716	773.44	0.96460	3.28	0
237	17:25:31.97	0.1100	20.50223	21.96	39.35	1.0	0.997902	19.7762	1.24716	773.44	0.96459	3.28	0
238	17:25:32.27	0.1085	20.50279	21.96	39.35	1.0	0.997932	19.7760	1.24712	773.42	0.96455	3.28	0
239	17:25:32.57	0.1105	20.50209	21.96	39.35	1.0	0.997896	19.7756	1.24712	773.44	0.96457	3.28	0
240	17:25:32.87	0.1100	20.50230	21.96	39.35	1.0	0.997908	19.7763	1.24716	773.44	0.96459	3.28	0
241	17:25:33.17	0.1095	20.50251	21.96	39.35	1.0	0.997914	19.7766	1.24712	773.44	0.96460	3.28	0
242	17:25:33.47	0.1100	20.50230	21.96	39.35	1.0	0.997908	19.7765	1.24716	773.44	0.96460	3.28	0
243	17:25:33.77	0.1095	20.50237	21.97	39.35	1.0	0.997914	19.7770	1.24716	773.44	0.96462	3.28	0
244	17:25:34.07	0.1105	20.50188	21.97	39.35	1.0	0.997890	19.7764	1.24716	773.44	0.96461	3.28	0
245	17:25:34.37	0.1085	20.50293	21.96	39.35	1.0	0.997938	19.7761	1.24712	773.42	0.96455	3.28	0
246	17:25:34.67	0.1090	20.50265	21.96	39.35	1.0	0.997926	19.7762	1.24712	773.42	0.96457	3.28	0
247	17:25:34.97	0.1105	20.50209	21.96	39.35	1.0	0.997896	19.7758	1.24712	773.44	0.96457	3.28	0
248	17:25:35.27	0.1100	20.50237	21.96	39.35	1.0	0.997908	19.7767	1.24716	773.44	0.96461	3.28	0
249	17:25:35.57	0.1095	20.50237	21.96	39.35	1.0	0.997914	19.7764	1.24716	773.44	0.96459	3.28	0
250	17:25:35.87	0.1095	20.50244	21.96	39.35	1.0	0.997914	19.7768	1.24716	773.44	0.96461	3.28	0
251	17:25:36.17	0.1100	20.50237	21.96	39.35	1.0	0.997908	19.7759	1.24712	773.44	0.96457	3.28	0
252	17:25:36.47	0.1085	20.50286	21.96	39.39	1.0	0.997938	19.7765	1.24712	773.44	0.96458	3.28	0
253	17:25:36.77	0.1090	20.50258	21.96	39.39	1.0	0.997926	19.7768	1.24716	773.44	0.96460	3.28	0
254	17:25:37.07	0.1095	20.50237	21.96	39.39	1.0	0.997914	19.7765	1.24716	773.44	0.96460	3.28	0
255	17:25:37.37	0.1095	20.50251	21.96	39.39	1.0	0.997920	19.7762	1.24712	773.44	0.96457	3.28	0
256	17:25:37.67	0.1095	20.50244	21.96	39.39	1.0	0.997914	19.7767	1.24716	773.44	0.96461	3.28	0
257	17:25:37.97	0.1105	20.50216	21.96	39.39	1.0	0.997902	19.7766	1.24716	773.44	0.96461	3.28	0
258	17:25:38.27	0.1095	20.50244	21.96	39.39	1.0	0.997920	19.7764	1.24716	773.44	0.96459	3.28	0
259	17:25:38.57	0.1105	20.50202	21.96	39.39	1.0	0.997896	19.7765	1.24716	773.44	0.96461	3.28	0
260	17:25:38.87	0.1090	20.50265	21.96	39.39	1.0	0.997926	19.7764	1.24712	773.44	0.96458	3.28	0
261	17:25:39.17	0.1095	20.50237	21.96	39.39	1.0	0.997914	19.7770	1.24716	773.44	0.96462	3.28	0
262	17:25:39.47	0.1095	20.50251	21.96	39.39	1.0	0.997920	19.7765	1.24716	773.44	0.96459	3.28	0
263	17:25:39.77	0.1110	20.50202	21.95	39.39	1.0	0.997890	19.7765	1.24716	773.44	0.96461	3.28	0
264	17:25:40.07	0.1095	20.50244	21.95	39.39	1.0	0.997914	19.7761	1.24712	773.42	0.96457	3.28	0
265	17:25:40.37	0.1095	20.50244	21.95	39.39	1.0	0.997914	19.7768	1.24716	773.44	0.96461	3.28	0
266	17:25:40.67	0.1100	20.50237	21.95	39.39	1.0	0.997908	19.7765	1.24716	773.44	0.96460	3.28	0
267	17:25:40.97	0.1075	20.50321	21.95	39.39	1.0	0.997950	19.7765	1.24712	773.42	0.96455	3.28	0
268	17:25:41.27	0.1105	20.50209	21.95	39.39	1.0	0.997896	19.7760	1.24716	773.44	0.96459	3.28	0
269	17:25:41.57	0.1090	20.50272	21.95	39.39	1.0	0.997926	19.7765	1.24716	773.42	0.96458	3.28	0
270	17:25:41.87	0.1095	20.50251	21.95	39.39	1.0	0.997914	19.7762	1.24716	773.42	0.96458	3.28	0
271	17:25:42.17	0.1105	20.50202	21.95	39.39	1.0	0.997890	19.7766	1.24716	773.44	0.96461	3.28	0
272	17:25:42.47	0.1095	20.50258	21.95	39.39	1.0	0.997920	19.7759	1.24712	773.42	0.96455	3.28	0
273	17:25:42.77	0.1080	20.50314	21.95	39.39	1.0	0.997944	19.7765	1.24712	773.42	0.96456	3.28	0
274	17:25:43.07	0.1105	20.50216	21.95	39.39	1.0	0.997896	19.7752	1.24712	773.42	0.96454	3.28	0
275	17:25:43.37	0.1105	20.50223	21.95	39.39	1.0	0.997902	19.7760	1.24716	773.42	0.96458	3.28	0
276	17:25:43.67	0.1085	20.50300	21.95	39.39	1.0	0.997938	19.7756	1.24712	773.40	0.96452	3.28	0
277	17:25:43.97	0.1105	20.50202	21.95	39.39	1.0	0.997896	19.7758	1.24712	773.44	0.96457	3.28	0
278	17:25:44.27	0.1105	20.50209	21.95	39.39	1.0	0.997896	19.7761	1.24716	773.44	0.96459	3.28	0
279	17:25:44.57	0.1115	20.50174	21.95	39.39	1.0	0.997878	19.7757	1.24716	773.42	0.96458	3.28	0
280	17:25:44.87	0.1095	20.50244	21.95	39.39	1.0	0.997914	19.7765	1.24716	773.44	0.96460	3.28	0
281	17:25:45.17	0.1110	20.50202	21.95	39.39	1.0	0.997890	19.7763	1.24716	773.44	0.96461	3.28	0
282	17:25:45.47	0.1090	20.50265	21.95	39.39	1.0	0.997926	19.7764	1.24712	773.44	0.96458	3.28	0
283	17:25:45.77	0.1095	20.50251	21.95	39.39	1.0	0.997914	19.7760	1.24716	773.42	0.96457	3.28	0
284	17:25:46.07	0.1090	20.50272	21.95	39.39	1.0	0.997926	19.7763	1.24712	773.44	0.96457	3.28	0
285	17:25:46.37	0.1090	20.50265	21.95	39.39	1.0	0.997926	19.7762	1.24716	773.42	0.96457	3.28	0
286	17:25:46.67	0.1095	20.50244	21.95	39.39	1.0	0.997914	19.7767	1.24716	773.44	0.96461	3.28	0
287	17:25:46.97	0.1090	20.50272	21.95	39.39	1.0	0.997926	19.7759	1.24712	773.42	0.96455	3.28	0
288	17:25:47.27	0.1100	20.50237	21.95	39.39	1.0	0.997908	19.7758	1.24712	773.42	0.96457	3.28	0
289	17:25:47.57	0.1095	20.50244	21.95	39.39	1.0	0.997914	19.7760	1.24712	773.44	0.96457	3.28	0
290	17:25:47.87	0.1095	20.50258	21.95	39.39	1.0	0.997920	19.7758	1.24712	773.42	0.96455	3.28	0
291	17:25:48.17	0.1095	20.50258	21.95	39.39	1.0	0.997920	19.7760	1.24712	773.42	0.96456	3.28	0
292	17:25:48.47	0.1110	20.50188	21.95	39.39	1.0	0.997884	19.7760	1.24716	773.44	0.96460	3.28	0
293	17:25:48.77	0.1085	20.50293	21.95	39.39	1.0	0.997938	19.7765	1.24712	773.44	0.96457	3.28	0
294	17:25:49.07	0.1075	20.50321	21.95	39.39	1.0	0.997950	19.7763	1.24712	773.42	0.96454	3.28	0
295	17:25:49.37	0.1095	20.50251	21.95	39.39	1.0	0.997914	19.7762	1.24716	773.42	0.96458	3.28	0
296	17:25:49.67	0.1095	20.50251	21.95	39.39	1.0	0.997914	19.7762	1.24716	773.42	0.96457	3.28	0
297	17:25:49.97	0.1100	20.50244	21.94	39.39	1.0	0.997908	19.7763	1.24716	773.44	0.96458	3.28	0
298	17:25:50.27	0.1095	20.50272	21.94	39.39	1.0	0.997920	19.7758	1.24712	773.42	0.96455	3.28	0
299	17:25:50.57	0.1095	20.50251	21.95	39.39	1.0	0.997914	19.7764	1.24716	773.44	0.96459	3.28	0
300	17:25:50.87	0.1080	20.50300	21.95	39.39	1.0	0.997938	19.7753	1.24708	773.40	0.96451	3.28	0
301	17:25:51.17	0.1110	20.50188	21.95	39.39	1.0	0.997884	19.7756	1.24716	773.42	0.96457	3.28	0
302	17:25:51.47	0.1115	20.50181	21.95	39.39	1.0	0.997884	19.7764	1.24716	773.44	0.96462	3.28	0
303	17:25:51.77	0.1095	20.50251	21.94	39.39	1.0	0.997914	19.7760	1.24716	773.42	0.96457	3.28	0
304	17:25:52.07	0.1090	20.50272	21.94	39.39	1.0	0.997920	19.7757	1.24712	773.42	0.96454	3.28	0
305	17:25:52.37	0.1090	20.50279	21.94	39.39	1.0	0.997926	19.7760	1.24712	773.42	0.96455	3.28	0
306	17:25:52.67	0.1095	20.50272	21.94	39.39	1.0	0.997920	19.7761	1.24712	773.42	0.96456	3.28	0
307	17:25:52.97	0.1100	20.50251	21.94	39.39	1.0	0.997914	19.7760	1.24716	773.42	0.96457	3.28	0
308	17:25:53.27	0.1095	20.50258	21.94	39.39	1.0	0.997914	19.7758	1.24712	773.42	0.96455	3.28	0
309	17:25:53.57	0.1090	20.50265	21.95	39.39	1.0	0.997926	19.7758	1.24712	773.42	0.96455	3.28	0
310	17:25:53.87	0.1100	20.50237	21.95	39.39	1.0	0.997908	19.7770	1.24720	773.44	0.96462	3.28	0
311	17:25:54.17	0.1085	20.50300	21.94	39.39	1.0	0.997938	19.7756	1.24712	773.40	0.96452	3.28	0
312	17:25:54.47	0.1105	20.50223	21.94	39.39	1.0	0.997896	19.7754	1.24716	773.40	0.96455	3.28	0
313	17:25:54.77	0.1080	20.50321	21.94	39.39	1.0	0.997944	19.7758	1.24712	773.40	0.96452	3.28	0
314	17:25:55.07	0.1095	20.50265	21.94	39.39	1.0	0.997920	19.7759	1.24712	773.42	0.96455	3.28	0
315	17:25:55.37	0.1090	20.50279	21.94	39.39	1.0	0.997926	19.7763	1.24716	773.42	0.96457	3.28	0
316	17:25:55.67	0.1090	20.50279	21.94	39.39	1.0	0.997926	19.7763	1.24712	773.42	0.96457	3.28	0
317	17:25:55.97	0.1100	20.50237	21.94	39.39	1.0	0.997908	19.7758	1.24712	773.42	0.96456	3.28	0
318	17:25:56.27	0.1095	20.50265	21.94	39.39	1.0	0.997920	19.7752	1.24712	773.40	0.96452	3.28	0
319	17:25:56.57	0.1090	20.50272	21.94	39.39	1.0	0.997920	19.7756	1.24712	773.40	0.96454	3.28	0
320	17:25:56.87	0.1090	20.50272	21.94	39.36	1.0	0.997920	19.7751	1.24712	773.40	0.96451	3.28	0
321	17:25:57.17	0.1080	20.50314	21.94	39.36	1.0	0.997938	19.7755	1.24712	773.40	0.96451	3.28	0
322	17:25:57.47	0.1090	20.50279	21.94	39.39	1.0	0.997926	19.7752	1.24712	773.40	0.96451	3.28	0
323	17:25:57.77	0.1110	20.50209	21.94	39.39	1.0	0.997890	19.7756	1.24712	773.42	0.96456	3.28	0
324	17:25:58.07	0.1105	20.50230	21.94	39.36	1.0	0.997902	19.7758	1.24716	773.42	0.96457	3.28	0
325	17:25:58.37	0.1095	20.50258	21.94	39.36	1.0	0.997914	19.7756	1.24712	773.42	0.96454	3.28	0
326	17:25:58.67	0.1095	20.50265	21.94	39.39	1.0	0.997920	19.7761	1.24716	773.42	0.96457	3.28	0
327	17:25:58.97	0.1090	20.50272	21.94	39.39	1.0	0.997926	19.7766	1.24716	773.42	0.96458	3.28	0
328	17:25:59.27	0.1085	20.50307	21.94	39.39	1.0	0.997938	19.7756	1.24712	773.40	0.96452	3.28	0
329	17:25:59.57	0.1095	20.50265	21.93	39.39	1.0	0.997914	19.7756	1.24712	773.40	0.96454	3.28	0
330	17:25:59.87	0.1110	20.50209	21.93	39.36	1.0	0.997884	19.7758	1.24716	773.42	0.96458	3.28	0
331	17:26:00.17	0.1090	20.50272	21.94	39.36	1.0	0.997920	19.7756	1.24712	773.42	0.96454	3.28	0
332	17:26:00.47	0.1090	20.50279	21.94	39.36	1.0	0.997926	19.7760	1.24716	773.40	0.96455	3.28	0
333	17:26:00.77	0.1105	20.50230	21.94	39.36	1.0	0.997896	19.7761	1.24716	773.42	0.96458	3.28	0
334	17:26:01.07	0.1080	20.50321	21.94	39.36	1.0	0.997944	19.7758	1.24712	773.40	0.96452	3.28	0
335	17:26:01.37	0.1080	20.50328	21.94	39.36	1.0	0.997950	19.7758	1.24712	773.40	0.96452	3.28	0
336	17:26:01.67	0.1090	20.50286	21.94	39.36	1.0	0.997926	19.7757	1.24712	773.42	0.96454	3.28	0
337	17:26:01.97	0.1090	20.50279	21.94	39.36	1.0	0.997926	19.7758	1.24712	773.42	0.96454	3.28	0
338	17:26:02.27	0.1105	20.50223	21.94	39.39	1.0	0.997896	19.7756	1.24716	773.42	0.96456	3.28	0
339	17:26:02.57	0.1095	20.50251	21.94	39.39	1.0	0.997914	19.7757	1.24716	773.40	0.96455	3.28	0
340	17:26:02.87	0.1090	20.50286	21.94	39.39	1.0	0.997926	19.7758	1.24712	773.40	0.96454	3.28	0
341	17:26:03.17	0.1070	20.50363	21.93	39.39	1.0	0.997962	19.7758	1.24712	773.40	0.96451	3.28	0
342	17:26:03.47	0.1105	20.50223	21.93	39.42	1.0	0.997896	19.7758	1.24716	773.42	0.96457	3.28	0
343	17:26:03.77	0.1075	20.50342	21.93	39.42	1.0	0.997956	19.7756	1.24712	773.40	0.96450	3.28	0
344	17:26:04.07	0.1095	20.50265	21.93	39.42	1.0	0.997914	19.7761	1.24716	773.42	0.96457	3.28	0
345	17:26:04.37	0.1075	20.50335	21.94	39.42	1.0	0.997956	19.7766	1.24712	773.42	0.96455	3.28	0
346	17:26:04.67	0.1085	20.50300	21.94	39.36	1.0	0.997932	19.7765	1.24716	773.42	0.96457	3.28	0
347	17:26:04.97	0.1080	20.50321	21.94	39.36	1.0	0.997944	19.7763	1.24712	773.42	0.96455	3.28	0
348	17:26:05.27	0.1085	20.50300	21.94	39.40	1.0	0.997938	19.7763	1.24716	773.42	0.96455	3.28	0
349	17:26:05.57	0.1110	20.50202	21.93	39.40	1.0	0.997884	19.7759	1.24716	773.42	0.96458	3.28	0
350	17:26:05.87	0.1085	20.50300	21.93	39.40	1.0	0.997932	19.7758	1.24712	773.40	0.96453	3.28	0
351	17:26:06.17	0.1080	20.50321	21.93	39.40	1.0	0.997944	19.7756	1.24712	773.40	0.96451	3.28	0
352	17:26:06.47	0.1095	20.50258	21.93	39.40	1.0	0.997914	19.7760	1.24716	773.42	0.96457	3.28	0
353	17:26:06.77	0.1105	20.50230	21.93	39.40	1.0	0.997896	19.7760	1.24716	773.42	0.96458	3.28	0
354	17:26:07.07	0.1085	20.50307	21.93	39.40	1.0	0.997932	19.7754	1.24712	773.40	0.96451	3.28	0
355	17:26:07.37	0.1095	20.50265	21.94	39.40	1.0	0.997920	19.7759	1.24712	773.42	0.96455	3.28	0
356	17:26:07.67	0.1065	20.50370	21.94	39.40	1.0	0.997968	19.7758	1.24708	773.40	0.96450	3.28	0
357	17:26:07.97	0.1090	20.50293	21.93	39.40	1.0	0.997926	19.7760	1.24712	773.42	0.96455	3.28	0
358	17:26:08.27	0.1070	20.50363	21.93	39.40	1.0	0.997962	19.7761	1.24712	773.40	0.96452	3.28	0
359	17:26:08.57	0.1085	20.50307	21.93	39.40	1.0	0.997938	19.7763	1.24712	773.42	0.96455	3.28	0
360	17:26:08.87	0.1090	20.50286	21.93	39.40	1.0	0.997926	19.7752	1.24712	773.40	0.96451	3.28	0
361	17:26:09.17	0.1100	20.50237	21.93	39.40	1.0	0.997902	19.7759	1.24716	773.42	0.96457	3.28	0
362	17:26:09.47	0.1085	20.50300	21.93	39.40	1.0	0.997932	19.7757	1.24712	773.40	0.96453	3.28	0
363	17:26:09.77	0.1075	20.50349	21.93	39.40	1.0	0.997956	19.7762	1.24712	773.40	0.96453	3.28	0
364	17:26:10.07	0.1070	20.50370	21.93	39.42	1.0	0.997968	19.7758	1.24712	773.40	0.96450	3.28	0
365	17:26:10.37	0.1105	20.50230	21.93	39.42	1.0	0.997896	19.7756	1.24716	773.40	0.96455	3.28	0
366	17:26:10.67	0.1085	20.50300	21.93	39.40	1.0	0.997932	19.7753	1.24712	773.40	0.96451	3.28	0
367	17:26:10.97	0.1070	20.50356	21.93	39.40	1.0	0.997962	19.7759	1.24712	773.40	0.96451	3.28	0
368	17:26:11.27	0.1105	20.50230	21.93	39.42	1.0	0.997896	19.7757	1.24716	773.42	0.96456	3.28	0
369	17:26:11.57	0.1095	20.50272	21.93	39.42	1.0	0.997920	19.7760	1.24716	773.40	0.96455	3.28	0
370	17:26:11.87	0.1080	20.50321	21.93	39.40	1.0	0.997944	19.7753	1.24712	773.38	0.96450	3.28	0
371	17:26:12.17	0.1080	20.50328	21.93	39.40	1.0	0.997944	19.7760	1.24712	773.40	0.96453	3.28	0
372	17:26:12.47	0.1110	20.50216	21.93	39.40	1.0	0.997890	19.7755	1.24716	773.42	0.96456	3.28	0
373	17:26:12.77	0.1095	20.50272	21.93	39.40	1.0	0.997920	19.7755	1.24712	773.40	0.96453	3.28	0
374	17:26:13.07	0.1090	20.50286	21.93	39.40	1.0	0.997926	19.7756	1.24712	773.40	0.96453	3.28	0
375	17:26:13.37	0.1085	20.50314	21.93	39.40	1.0	0.997938	19.7750	1.24712	773.38	0.96449	3.28	0
376	17:26:13.67	0.1095	20.50265	21.93	39.40	1.0	0.997914	19.7754	1.24712	773.40	0.96453	3.28	0
377	17:26:13.97	0.1090	20.50286	21.93	39.40	1.0	0.997926	19.7758	1.24712	773.40	0.96454	3.28	0
378	17:26:14.27	0.1090	20.50279	21.93	39.40	1.0	0.997926	19.7756	1.24712	773.40	0.96453	3.28	0
379	17:26:14.57	0.1080	20.50321	21.93	39.40	1.0	0.997944	19.7756	1.24712	773.40	0.96452	3.28	0
380	17:26:14.87	0.1075	20.50356	21.93	39.40	1.0	0.997956	19.7755	1.24708	773.40	0.96449	3.28	0
381	17:26:15.17	0.1100	20.50244	21.93	39.40	1.0	0.997902	19.7755	1.24712	773.40	0.96454	3.28	0
382	17:26:15.47	0.1095	20.50258	21.93	39.40	1.0	0.997914	19.7757	1.24712	773.42	0.96455	3.28	0
383	17:26:15.77	0.1065	20.50384	21.93	39.40	1.0	0.997974	19.7753	1.24708	773.38	0.96447	3.28	0
384	17:26:16.07	0.1060	20.50398	21.93	39.40	1.0	0.997980	19.7749	1.24708	773.36	0.96445	3.28	0
385	17:26:16.37	0.1090	20.50279	21.93	39.40	1.0	0.997920	19.7751	1.24712	773.40	0.96451	3.28	0
386	17:26:16.67	0.1075	20.50349	21.93	39.40	1.0	0.997956	19.7756	1.24712	773.38	0.96450	3.28	0
387	17:26:16.97	0.1080	20.50314	21.93	39.40	1.0	0.997938	19.7754	1.24712	773.38	0.96451	3.28	0
388	17:26:17.27	0.1100	20.50244	21.93	39.40	1.0	0.997902	19.7748	1.24712	773.40	0.96451	3.28	0
389	17:26:17.57	0.1085	20.50300	21.93	39.40	1.0	0.997932	19.7757	1.24712	773.40	0.96452	3.28	0
390	17:26:17.87	0.1095	20.50272	21.93	39.42	1.0	0.997920	19.7760	1.24712	773.42	0.96456	3.28	0
391	17:26:18.17	0.1110	20.50216	21.93	39.42	1.0	0.997890	19.7758	1.24716	773.42	0.96458	3.28	0
392	17:26:18.47	0.1080	20.50335	21.93	39.40	1.0	0.997950	19.7761	1.24712	773.40	0.96453	3.28	0
393	17:26:18.77	0.1085	20.50307	21.93	39.40	1.0	0.997938	19.7763	1.24716	773.40	0.96455	3.28	0
394	17:26:19.07	0.1070	20.50363	21.93	39.40	1.0	0.997962	19.7762	1.24712	773.40	0.96452	3.28	0
395	17:26:19.37	0.1100	20.50251	21.93	39.40	1.0	0.997908	19.7758	1.24712	773.42	0.96456	3.28	0
396	17:26:19.67	0.1100	20.50258	21.93	39.40	1.0	0.997908	19.7758	1.24716	773.40	0.96455	3.28	0
397	17:26:19.97	0.1110	20.50209	21.93	39.40	1.0	0.997890	19.7755	1.24716	773.42	0.96456	3.28	0
398	17:26:20.27	0.1095	20.50258	21.93	39.42	1.0	0.997914	19.7760	1.24716	773.42	0.96456	3.28	0
399	17:26:20.57	0.1070	20.50363	21.92	39.42	1.0	0.997962	19.7756	1.24712	773.38	0.96449	3.28	0
400	17:26:20.87	0.1095	20.50286	21.92	39.40	1.0	0.997920	19.7754	1.24712	773.40	0.96452	3.28	0
401	17:26:21.17	0.1090	20.50279	21.93	39.40	1.0	0.997926	19.7751	1.24712	773.40	0.96451	3.28	0
402	17:26:21.47	0.1100	20.50237	21.93	39.42	1.0	0.997902	19.7758	1.24716	773.42	0.96456	3.28	0
403	17:26:21.77	0.1095	20.50265	21.93	39.42	1.0	0.997914	19.7753	1.24712	773.40	0.96452	3.28	0
404	17:26:22.07	0.1070	20.50363	21.93	39.40	1.0	0.997962	19.7757	1.24712	773.40	0.96450	3.28	0
405	17:26:22.37	0.1075	20.50356	21.93	39.40	1.0	0.997962	19.7753	1.24708	773.38	0.96448	3.28	0
406	17:26:22.67	0.1065	20.50391	21.93	39.40	1.0	0.997974	19.7761	1.24712	773.40	0.96451	3.28	0
407	17:26:22.97	0.1065	20.50377	21.93	39.40	1.0	0.997968	19.7762	1.24712	773.40	0.96451	3.28	0
408	17:26:23.27	0.1075	20.50342	21.93	39.40	1.0	0.997956	19.7758	1.24712	773.40	0.96451	3.28	0
409	17:26:23.57	0.1080	20.50328	21.93	39.40	1.0	0.997944	19.7761	1.24712	773.40	0.96454	3.28	0
410	17:26:23.86	0.1075	20.50356	21.93	39.40	1.0	0.997956	19.7763	1.24712	773.40	0.96453	3.28	0
411	17:26:24.17	0.1080	20.50335	21.93	39.40	1.0	0.997950	19.7760	1.24712	773.40	0.96452	3.28	0
412	17:26:24.47	0.1110	20.50202	21.93	39.40	1.0	0.997884	19.7759	1.24716	773.42	0.96458	3.28	0
413	17:26:24.77	0.1085	20.50321	21.92	39.40	1.0	0.997938	19.7760	1.24712	773.40	0.96454	3.28	0
414	17:26:25.07	0.1110	20.50223	21.92	39.40	1.0	0.997890	19.7763	1.24716	773.44	0.96460	3.28	0
415	17:26:25.37	0.1085	20.50314	21.93	39.40	1.0	0.997938	19.7763	1.24712	773.42	0.96455	3.28	0
416	17:26:25.67	0.1095	20.50272	21.93	39.40	1.0	0.997920	19.7756	1.24712	773.40	0.96454	3.28	0
417	17:26:25.97	0.1065	20.50377	21.93	39.40	1.0	0.997968	19.7763	1.24712	773.40	0.96452	3.28	0
418	17:26:26.27	0.1085	20.50314	21.93	39.40	1.0	0.997938	19.7755	1.24712	773.40	0.96451	3.28	0
419	17:26:26.57	0.1095	20.50272	21.92	39.40	1.0	0.997914	19.7761	1.24716	773.42	0.96456	3.28	0
420	17:26:26.87	0.1100	20.50251	21.92	39.40	1.0	0.997902	19.7758	1.24712	773.42	0.96455	3.28	0
421	17:26:27.16	0.1075	20.50349	21.92	39.40	1.0	0.997950	19.7759	1.24712	773.40	0.96452	3.28	0
422	17:26:27.47	0.1090	20.50293	21.92	39.40	1.0	0.997926	19.7757	1.24712	773.40	0.96453	3.28	0
423	17:26:27.76	0.1100	20.50251	21.92	39.40	1.0	0.997902	19.7762	1.24716	773.42	0.96457	3.28	0
424	17:26:28.07	0.1095	20.50272	21.92	39.40	1.0	0.997914	19.7759	1.24712	773.40	0.96455	3.28	0
425	17:26:28.36	0.1090	20.50293	21.92	39.40	1.0	0.997926	19.7761	1.24716	773.40	0.96455	3.28	0
426	17:26:28.67	0.1075	20.50342	21.92	39.40	1.0	0.997950	19.7764	1.24712	773.40	0.96454	3.28	0
427	17:26:28.96	0.1075	20.50342	21.93	39.40	1.0	0.997950	19.7771	1.24716	773.42	0.96457	3.28	0
428	17:26:29.27	0.1070	20.50370	21.93	39.43	1.0	0.997968	19.7767	1.24712	773.40	0.96454	3.28	0
429	17:26:29.57	0.1095	20.50279	21.92	39.43	1.0	0.997920	19.7764	1.24716	773.42	0.96457	3.28	0
430	17:26:29.87	0.1095	20.50279	21.92	39.40	1.0	0.997920	19.7760	1.24716	773.42	0.96455	3.28	0
431	17:26:30.16	0.1070	20.50370	21.93	39.40	1.0	0.997968	19.7755	1.24708	773.38	0.96448	3.28	0
432	17:26:30.46	0.1075	20.50356	21.93	39.40	1.0	0.997956	19.7760	1.24712	773.40	0.96452	3.28	0
433	17:26:30.77	0.1075	20.50349	21.92	39.40	1.0	0.997950	19.7767	1.24712	773.42	0.96455	3.28	0
434	17:26:31.07	0.1090	20.50286	21.92	39.43	1.0	0.997926	19.7764	1.24716	773.42	0.96457	3.28	0
435	17:26:31.36	0.1115	20.50188	21.92	39.43	1.0	0.997878	19.7757	1.24716	773.42	0.96458	3.28	0
436	17:26:31.67	0.1080	20.50328	21.92	39.40	1.0	0.997944	19.7759	1.24712	773.40	0.96452	3.28	0
437	17:26:31.96	0.1090	20.50286	21.93	39.40	1.0	0.997926	19.7765	1.24716	773.42	0.96457	3.28	0
438	17:26:32.27	0.1085	20.50307	21.93	39.43	1.0	0.997938	19.7760	1.24712	773.40	0.96454	3.28	0
439	17:26:32.57	0.1085	20.50293	21.93	39.43	1.0	0.997932	19.7757	1.24712	773.40	0.96453	3.28	0
440	17:26:32.86	0.1080	20.50314	21.93	39.43	1.0	0.997944	19.7761	1.24712	773.40	0.96454	3.28	0
441	17:26:33.17	0.1085	20.50321	21.92	39.43	1.0	0.997938	19.7756	1.24712	773.40	0.96451	3.28	0
442	17:26:33.47	0.1085	20.50307	21.92	39.43	1.0	0.997932	19.7756	1.24712	773.40	0.96452	3.28	0
443	17:26:33.77	0.1080	20.50342	21.92	39.43	1.0	0.997950	19.7760	1.24712	773.40	0.96452	3.28	0
444	17:26:34.07	0.1070	20.50370	21.92	39.43	1.0	0.997962	19.7756	1.24712	773.38	0.96449	3.28	0
445	17:26:34.37	0.1085	20.50321	21.92	39.43	1.0	0.997938	19.7755	1.24712	773.38	0.96451	3.28	0
446	17:26:34.67	0.1100	20.50258	21.92	39.43	1.0	0.997908	19.7758	1.24716	773.40	0.96455	3.28	0
447	17:26:34.97	0.1060	20.50419	21.92	39.43	1.0	0.997986	19.7760	1.24708	773.38	0.96449	3.28	0
448	17:26:35.26	0.1105	20.50237	21.92	39.43	1.0	0.997902	19.7756	1.24716	773.40	0.96455	3.28	0
449	17:26:35.57	0.1060	20.50405	21.92	39.43	1.0	0.997980	19.7761	1.24712	773.38	0.96449	3.28	0
450	17:26:35.86	0.1085	20.50314	21.92	39.43	1.0	0.997938	19.7760	1.24712	773.40	0.96454	3.28	0
451	17:26:36.17	0.1070	20.50363	21.92	39.43	1.0	0.997962	19.7767	1.24716	773.40	0.96455	3.28	0
452	17:26:36.46	0.1085	20.50307	21.92	39.43	1.0	0.997932	19.7759	1.24712	773.40	0.96453	3.28	0
453	17:26:36.76	0.1070	20.50363	21.92	39.43	1.0	0.997962	19.7764	1.24712	773.40	0.96453	3.28	0
454	17:26:37.06	0.1080	20.50335	21.92	39.43	1.0	0.997944	19.7763	1.24716	773.40	0.96454	3.28	0
455	17:26:37.36	0.1080	20.50335	21.92	39.43	1.0	0.997944	19.7759	1.24712	773.40	0.96452	3.28	0
456	17:26:37.66	0.1080	20.50328	21.92	39.43	1.0	0.997944	19.7751	1.24708	773.38	0.96449	3.28	0
457	17:26:37.97	0.1085	20.50307	21.93	39.43	1.0	0.997938	19.7760	1.24712	773.40	0.96454	3.28	0
458	17:26:38.27	0.1060	20.50391	21.93	39.43	1.0	0.997980	19.7758	1.24708	773.38	0.96449	3.28	0
459	17:26:38.56	0.1085	20.50321	21.92	39.43	1.0	0.997938	19.7760	1.24712	773.40	0.96454	3.28	0
460	17:26:38.86	0.1085	20.50321	21.92	39.43	1.0	0.997938	19.7762	1.24712	773.40	0.96454	3.28	0
461	17:26:39.17	0.1085	20.50314	21.92	39.43	1.0	0.997938	19.7759	1.24712	773.40	0.96453	3.28	0
462	17:26:39.46	0.1075	20.50356	21.92	39.43	1.0	0.997956	19.7758	1.24712	773.40	0.96451	3.28	0
463	17:26:39.76	0.1095	20.50279	21.92	39.43	1.0	0.997920	19.7766	1.24716	773.42	0.96458	3.28	0
464	17:26:40.06	0.1095	20.50265	21.92	39.43	1.0	0.997914	19.7764	1.24716	773.42	0.96458	3.28	0
465	17:26:40.37	0.1090	20.50286	21.92	39.43	1.0	0.997920	19.7769	1.24716	773.42	0.96459	3.28	0
466	17:26:40.67	0.1085	20.50314	21.92	39.43	1.0	0.997938	19.7765	1.24716	773.40	0.96455	3.28	0
467	17:26:40.97	0.1070	20.50370	21.92	39.43	1.0	0.997968	19.7760	1.24712	773.40	0.96451	3.28	0
468	17:26:41.27	0.1085	20.50307	21.92	39.43	1.0	0.997932	19.7758	1.24712	773.40	0.96453	3.28	0
469	17:26:41.57	0.1070	20.50363	21.92	39.43	1.0	0.997962	19.7765	1.24712	773.40	0.96454	3.28	0
470	17:26:41.87	0.1095	20.50279	21.92	39.43	1.0	0.997920	19.7759	1.24716	773.40	0.96455	3.28	0
471	17:26:42.16	0.1080	20.50328	21.92	39.43	1.0	0.997944	19.7760	1.24712	773.40	0.96453	3.28	0
472	17:26:42.47	0.1090	20.50293	21.92	39.43	1.0	0.997926	19.7759	1.24716	773.40	0.96454	3.28	0
473	17:26:42.77	0.1075	20.50342	21.92	39.43	1.0	0.997950	19.7767	1.24716	773.40	0.96455	3.28	0
474	17:26:43.06	0.1085	20.50321	21.92	39.43	1.0	0.997938	19.7763	1.24712	773.40	0.96455	3.28	0
475	17:26:43.36	0.1090	20.50286	21.92	39.43	1.0	0.997926	19.7763	1.24716	773.40	0.96456	3.28	0
476	17:26:43.66	0.1085	20.50321	21.92	39.43	1.0	0.997938	19.7773	1.24716	773.44	0.96460	3.28	0
477	17:26:43.97	0.1075	20.50349	21.92	39.43	1.0	0.997950	19.7769	1.24716	773.42	0.96456	3.28	0
478	17:26:44.27	0.1070	20.50363	21.92	39.43	1.0	0.997962	19.7771	1.24716	773.42	0.96457	3.28	0
479	17:26:44.56	0.1085	20.50321	21.92	39.43	1.0	0.997938	19.7766	1.24716	773.42	0.96457	3.28	0
480	17:26:44.86	0.1085	20.50314	21.92	39.43	1.0	0.997932	19.7772	1.24716	773.42	0.96459	3.28	0
481	17:26:45.16	0.1100	20.50265	21.92	39.43	1.0	0.997914	19.7768	1.24716	773.42	0.96460	3.28	0
482	17:26:45.47	0.1085	20.50314	21.92	39.43	1.0	0.997938	19.7769	1.24716	773.42	0.96458	3.28	0
483	17:26:45.76	0.1075	20.50342	21.92	39.43	1.0	0.997950	19.7768	1.24712	773.42	0.96456	3.28	0
484	17:26:46.06	0.1095	20.50279	21.92	39.43	1.0	0.997920	19.7767	1.24716	773.42	0.96458	3.28	0
485	17:26:46.36	0.1085	20.50307	21.92	39.43	1.0	0.997932	19.7765	1.24716	773.42	0.96457	3.28	0
486	17:26:46.66	0.1080	20.50328	21.92	39.43	1.0	0.997944	19.7772	1.24716	773.42	0.96458	3.28	0
487	17:26:46.96	0.1095	20.50272	21.92	39.43	1.0	0.997914	19.7766	1.24716	773.42	0.96458	3.28	0
488	17:26:47.26	0.1075	20.50363	21.92	39.43	1.0	0.997962	19.7771	1.24716	773.42	0.96457	3.28	0
489	17:26:47.56	0.1075	20.50349	21.92	39.43	1.0	0.997956	19.7769	1.24716	773.42	0.96456	3.28	0
490	17:26:47.86	0.1085	20.50314	21.92	39.43	1.0	0.997938	19.7761	1.24712	773.40	0.96454	3.28	0
491	17:26:48.16	0.1105	20.50230	21.92	39.43	1.0	0.997896	19.7764	1.24716	773.44	0.96460	3.28	0
492	17:26:48.46	0.1080	20.50342	21.92	39.43	1.0	0.997950	19.7768	1.24716	773.42	0.96457	3.28	0
493	17:26:48.76	0.1080	20.50328	21.92	39.43	1.0	0.997944	19.7768	1.24716	773.42	0.96457	3.28	0
494	17:26:49.06	0.1085	20.50321	21.92	39.43	1.0	0.997938	19.7762	1.24716	773.40	0.96454	3.28	0
495	17:26:49.37	0.1065	20.50377	21.93	39.43	1.0	0.997974	19.7766	1.24712	773.40	0.96453	3.28	0
496	17:26:49.66	0.1080	20.50314	21.93	39.43	1.0	0.997944	19.7766	1.24716	773.42	0.96457	3.28	0
497	17:26:49.96	0.1085	20.50314	21.92	39.43	1.0	0.997938	19.7760	1.24712	773.40	0.96454	3.28	0
498	17:26:50.26	0.1100	20.50258	21.92	39.43	1.0	0.997908	19.7762	1.24716	773.42	0.96457	3.28	0
499	17:26:50.56	0.1110	20.50223	21.92	39.43	1.0	0.997890	19.7761	1.24716	773.42	0.96458	3.28	0
500	17:26:50.86	0.1075	20.50363	21.92	39.43	1.0	0.997962	19.7766	1.24712	773.42	0.96454	3.28	0
501	17:26:51.17	0.1070	20.50370	21.92	39.43	1.0	0.997962	19.7765	1.24712	773.40	0.96453	3.28	0
502	17:26:51.46	0.1080	20.50335	21.92	39.43	1.0	0.997944	19.7765	1.24716	773.42	0.96455	3.28	0
503	17:26:51.76	0.1065	20.50391	21.92	39.43	1.0	0.997974	19.7772	1.24716	773.42	0.96456	3.28	0
504	17:26:52.06	0.1075	20.50342	21.92	39.43	1.0	0.997950	19.7765	1.24716	773.40	0.96455	3.28	0
505	17:26:52.36	0.1080	20.50328	21.92	39.43	1.0	0.997944	19.7764	1.24712	773.42	0.96455	3.28	0
506	17:26:52.66	0.1075	20.50342	21.92	39.45	1.0	0.997950	19.7765	1.24712	773.40	0.96455	3.28	0
507	17:26:52.96	0.1080	20.50328	21.92	39.45	1.0	0.997944	19.7765	1.24716	773.42	0.96455	3.28	0
508	17:26:53.27	0.1080	20.50342	21.92	39.43	1.0	0.997950	19.7765	1.24712	773.42	0.96455	3.28	0
509	17:26:53.56	0.1080	20.50342	21.92	39.43	1.0	0.997950	19.7760	1.24712	773.40	0.96452	3.28	0
510	17:26:53.86	0.1085	20.50314	21.92	39.43	1.0	0.997938	19.7763	1.24716	773.40	0.96455	3.28	0
511	17:26:54.17	0.1080	20.50321	21.92	39.43	1.0	0.997938	19.7765	1.24716	773.42	0.96455	3.28	0
512	17:26:54.46	0.1075	20.50349	21.92	39.43	1.0	0.997950	19.7761	1.24712	773.40	0.96452	3.28	0
513	17:26:54.77	0.1070	20.50363	21.92	39.43	1.0	0.997962	19.7759	1.24708	773.40	0.96451	3.28	0
514	17:26:55.06	0.1070	20.50370	21.92	39.43	1.0	0.997962	19.7765	1.24712	773.40	0.96453	3.28	0
515	17:26:55.36	0.1090	20.50293	21.92	39.43	1.0	0.997926	19.7766	1.24716	773.42	0.96457	3.28	0
516	17:26:55.66	0.1075	20.50342	21.92	39.43	1.0	0.997950	19.7763	1.24716	773.40	0.96454	3.28	0
517	17:26:55.96	0.1100	20.50244	21.92	39.43	1.0	0.997902	19.7763	1.24716	773.42	0.96458	3.28	0
518	17:26:56.26	0.1085	20.50321	21.92	39.43	1.0	0.997938	19.7770	1.24716	773.42	0.96458	3.28	0
519	17:26:56.56	0.1085	20.50300	21.92	39.43	1.0	0.997932	19.7770	1.24716	773.42	0.96459	3.28	0
520	17:26:56.86	0.1085	20.50307	21.92	39.43	1.0	0.997932	19.7771	1.24716	773.42	0.96459	3.28	0
521	17:26:57.16	0.1095	20.50272	21.92	39.43	1.0	0.997914	19.7770	1.24716	773.44	0.96461	3.28	0
522	17:26:57.46	0.1080	20.50335	21.92	39.43	1.0	0.997944	19.7763	1.24712	773.40	0.96454	3.28	0
523	17:26:57.76	0.1105	20.50237	21.92	39.43	1.0	0.997902	19.7758	1.24716	773.42	0.96456	3.28	0
524	17:26:58.06	0.1090	20.50293	21.92	39.43	1.0	0.997926	19.7765	1.24716	773.42	0.96457	3.28	0
525	17:26:58.36	0.1095	20.50272	21.92	39.43	1.0	0.997914	19.7768	1.24716	773.42	0.96460	3.28	0
526	17:26:58.66	0.1070	20.50363	21.92	39.43	1.0	0.997962	19.7772	1.24716	773.42	0.96457	3.28	0
527	17:26:58.96	0.1085	20.50307	21.92	39.43	1.0	0.997932	19.7760	1.24712	773.42	0.96454	3.28	0
528	17:26:59.26	0.1065	20.50377	21.92	39.43	1.0	0.997968	19.7765	1.24712	773.40	0.96453	3.28	0
529	17:26:59.56	0.1065	20.50377	21.93	39.43	1.0	0.997968	19.7763	1.24712	773.40	0.96452	3.28	0
530	17:26:59.86	0.1080	20.50314	21.93	39.43	1.0	0.997944	19.7761	1.24712	773.40	0.96454	3.28	0
531	17:27:00.16	0.1090	20.50293	21.92	39.43	1.0	0.997926	19.7764	1.24716	773.42	0.96457	3.28	0
532	17:27:00.46	0.1060	20.50398	21.92	39.43	1.0	0.997980	19.7762	1.24708	773.40	0.96451	3.28	0
533	17:27:00.77	0.1090	20.50293	21.93	39.43	1.0	0.997932	19.7758	1.24712	773.40	0.96454	3.28	0
534	17:27:01.06	0.1085	20.50307	21.93	39.43	1.0	0.997938	19.7761	1.24716	773.40	0.96454	3.28	0
535	17:27:01.36	0.1075	20.50335	21.93	39.43	1.0	0.997950	19.7758	1.24712	773.40	0.96451	3.28	0
536	17:27:01.66	0.1070	20.50356	21.93	39.43	1.0	0.997962	19.7759	1.24712	773.40	0.96451	3.28	0
537	17:27:01.96	0.1085	20.50307	21.92	39.43	1.0	0.997932	19.7760	1.24712	773.40	0.96454	3.28	0
538	17:27:02.26	0.1070	20.50370	21.92	39.43	1.0	0.997962	19.7766	1.24712	773.40	0.96454	3.28	0
539	17:27:02.56	0.1065	20.50391	21.92	39.43	1.0	0.997974	19.7761	1.24712	773.40	0.96451	3.28	0
540	17:27:02.86	0.1075	20.50349	21.92	39.43	1.0	0.997956	19.7759	1.24712	773.40	0.96452	3.28	0
541	17:27:03.16	0.1075	20.50342	21.92	39.43	1.0	0.997950	19.7761	1.24712	773.40	0.96453	3.28	0
542	17:27:03.46	0.1080	20.50335	21.92	39.43	1.0	0.997944	19.7760	1.24712	773.40	0.96453	3.28	0
543	17:27:03.76	0.1085	20.50314	21.92	39.43	1.0	0.997938	19.7768	1.24716	773.42	0.96457	3.28	0
544	17:27:04.06	0.1090	20.50293	21.92	39.43	1.0	0.997926	19.7760	1.24716	773.40	0.96455	3.28	0
545	17:27:04.36	0.1075	20.50349	21.92	39.43	1.0	0.997956	19.7766	1.24712	773.42	0.96455	3.28	0
546	17:27:04.66	0.1070	20.50370	21.92	39.43	1.0	0.997962	19.7763	1.24712	773.40	0.96452	3.28	0
547	17:27:04.96	0.1090	20.50293	21.92	39.43	1.0	0.997926	19.7771	1.24716	773.42	0.96460	3.28	0
548	17:27:05.26	0.1085	20.50307	21.92	39.43	1.0	0.997932	19.7767	1.24716	773.42	0.96457	3.28	0
549	17:27:05.56	0.1070	20.50363	21.92	39.43	1.0	0.997962	19.7757	1.24712	773.40	0.96450	3.28	0
550	17:27:05.86	0.1075	20.50349	21.92	39.43	1.0	0.997950	19.7763	1.24712	773.40	0.96453	3.28	0
551	17:27:06.16	0.1070	20.50363	21.92	39.43	1.0	0.997962	19.7765	1.24712	773.40	0.96454	3.28	0
552	17:27:06.46	0.1070	20.50377	21.92	39.43	1.0	0.997968	19.7766	1.24712	773.40	0.96454	3.28	0
553	17:27:06.76	0.1075	20.50349	21.93	39.43	1.0	0.997956	19.7762	1.24712	773.40	0.96453	3.28	0
554	17:27:07.06	0.1085	20.50307	21.93	39.43	1.0	0.997938	19.7758	1.24712	773.40	0.96452	3.28	0
555	17:27:07.36	0.1090	20.50300	21.92	39.43	1.0	0.997932	19.7760	1.24712	773.40	0.96454	3.28	0
556	17:27:07.66	0.1085	20.50321	21.92	39.43	1.0	0.997938	19.7764	1.24712	773.42	0.96455	3.28	0
557	17:27:07.96	0.1090	20.50293	21.92	39.43	1.0	0.997926	19.7760	1.24712	773.42	0.96455	3.28	0
558	17:27:08.26	0.1085	20.50314	21.92	39.43	1.0	0.997932	19.7763	1.24712	773.40	0.96455	3.28	0
559	17:27:08.56	0.1085	20.50314	21.93	39.43	1.0	0.997938	19.7760	1.24712	773.40	0.96454	3.28	0
560	17:27:08.86	0.1075	20.50342	21.93	39.43	1.0	0.997956	19.7765	1.24712	773.42	0.96454	3.28	0
561	17:27:09.17	0.1075	20.50349	21.92	39.43	1.0	0.997950	19.7762	1.24712	773.40	0.96453	3.28	0
562	17:27:09.46	0.1090	20.50300	21.92	39.43	1.0	0.997932	19.7770	1.24716	773.44	0.96460	3.28	0
563	17:27:09.76	0.1070	20.50363	21.92	39.43	1.0	0.997962	19.7764	1.24712	773.40	0.96453	3.28	0
564	17:27:10.06	0.1080	20.50335	21.92	39.43	1.0	0.997944	19.7761	1.24712	773.40	0.96454	3.28	0
565	17:27:10.36	0.1090	20.50300	21.92	39.43	1.0	0.997932	19.7763	1.24716	773.40	0.96455	3.28	0
566	17:27:10.66	0.1085	20.50307	21.92	39.43	1.0	0.997932	19.7757	1.24712	773.40	0.96452	3.28	0
567	17:27:10.96	0.1080	20.50335	21.92	39.43	1.0	0.997944	19.7769	1.24716	773.42	0.96457	3.28	0
568	17:27:11.26	0.1065	20.50384	21.92	39.43	1.0	0.997974	19.7764	1.24712	773.40	0.96452	3.28	0
569	17:27:11.56	0.1090	20.50293	21.92	39.43	1.0	0.997926	19.7763	1.24716	773.42	0.96456	3.28	0
570	17:27:11.86	0.1075	20.50356	21.92	39.43	1.0	0.997956	19.7767	1.24716	773.40	0.96455	3.28	0
571	17:27:12.16	0.1070	20.50370	21.92	39.43	1.0	0.997962	19.7765	1.24712	773.40	0.96453	3.28	0
572	17:27:12.46	0.1075	20.50342	21.92	39.43	1.0	0.997950	19.7765	1.24712	773.42	0.96455	3.28	0
573	17:27:12.77	0.1100	20.50244	21.93	39.43	1.0	0.997908	19.7766	1.24716	773.42	0.96460	3.28	0
574	17:27:13.06	0.1085	20.50300	21.93	39.43	1.0	0.997932	19.7758	1.24716	773.40	0.96454	3.28	0
575	17:27:13.36	0.1070	20.50377	21.92	39.43	1.0	0.997968	19.7763	1.24712	773.40	0.96452	3.28	0
576	17:27:13.66	0.1090	20.50300	21.92	39.43	1.0	0.997932	19.7765	1.24716	773.42	0.96457	3.28	0
577	17:27:13.96	0.1085	20.50300	21.93	39.43	1.0	0.997932	19.7764	1.24716	773.40	0.96456	3.28	0
578	17:27:14.26	0.1075	20.50342	21.93	39.43	1.0	0.997956	19.7767	1.24716	773.42	0.96456	3.28	0
579	17:27:14.56	0.1075	20.50342	21.93	39.43	1.0	0.997956	19.7764	1.24712	773.40	0.96454	3.28	0
580	17:27:14.86	0.1070	20.50356	21.93	39.43	1.0	0.997962	19.7767	1.24716	773.40	0.96455	3.28	0
581	17:27:15.16	0.1070	20.50363	21.92	39.43	1.0	0.997962	19.7766	1.24712	773.42	0.96454	3.28	0
582	17:27:15.46	0.1080	20.50342	21.92	39.43	1.0	0.997950	19.7765	1.24712	773.40	0.96455	3.28	0
583	17:27:15.76	0.1075	20.50342	21.93	39.43	1.0	0.997956	19.7767	1.24716	773.42	0.96456	3.28	0
584	17:27:16.06	0.1065	20.50377	21.93	39.43	1.0	0.997974	19.7770	1.24716	773.40	0.96455	3.28	0
585	17:27:16.36	0.1065	20.50391	21.92	39.43	1.0	0.997974	19.7764	1.24712	773.40	0.96452	3.28	0
586	17:27:16.66	0.1080	20.50328	21.92	39.43	1.0	0.997944	19.7772	1.24716	773.42	0.96458	3.28	0
587	17:27:16.96	0.1080	20.50328	21.93	39.43	1.0	0.997944	19.7772	1.24716	773.42	0.96459	3.28	0
588	17:27:17.26	0.1070	20.50363	21.93	39.43	1.0	0.997962	19.7767	1.24712	773.42	0.96454	3.28	0
589	17:27:17.56	0.1085	20.50314	21.92	39.43	1.0	0.997938	19.7760	1.24712	773.40	0.96454	3.28	0
590	17:27:17.86	0.1075	20.50356	21.92	39.43	1.0	0.997956	19.7766	1.24712	773.40	0.96454	3.28	0
591	17:27:18.16	0.1080	20.50335	21.92	39.43	1.0	0.997944	19.7767	1.24712	773.42	0.96456	3.28	0
592	17:27:18.46	0.1075	20.50349	21.92	39.43	1.0	0.997956	19.7765	1.24712	773.40	0.96454	3.28	0
593	17:27:18.76	0.1080	20.50335	21.93	39.43	1.0	0.997950	19.7767	1.24716	773.40	0.96456	3.28	0
594	17:27:19.06	0.1095	20.50272	21.93	39.43	1.0	0.997920	19.7762	1.24716	773.42	0.96457	3.28	0
595	17:27:19.36	0.1080	20.50328	21.92	39.43	1.0	0.997944	19.7760	1.24712	773.40	0.96452	3.28	0
596	17:27:19.66	0.1075	20.50356	21.92	39.43	1.0	0.997956	19.7764	1.24712	773.40	0.96454	3.28	0
597	17:27:19.96	0.1075	20.50349	21.93	39.43	1.0	0.997956	19.7763	1.24712	773.40	0.96453	3.28	0
598	17:27:20.26	0.1060	20.50405	21.93	39.43	1.0	0.997986	19.7762	1.24712	773.40	0.96450	3.28	0
599	17:27:20.56	0.1070	20.50363	21.92	39.43	1.0	0.997962	19.7766	1.24716	773.40	0.96454	3.28	0
600	17:27:20.86	0.1070	20.50363	21.92	39.43	1.0	0.997962	19.7763	1.24712	773.40	0.96452	3.28	0
601	17:27:21.16	0.1090	20.50286	21.93	39.43	1.0	0.997926	19.7763	1.24716	773.42	0.96457	3.28	0
602	17:27:21.46	0.1085	20.50307	21.93	39.43	1.0	0.997938	19.7765	1.24716	773.42	0.96456	3.28	0
603	17:27:21.76	0.1085	20.50314	21.92	39.43	1.0	0.997938	19.7765	1.24716	773.40	0.96456	3.28	0
604	17:27:22.06	0.1075	20.50349	21.92	39.43	1.0	0.997956	19.7764	1.24712	773.40	0.96454	3.28	0
605	17:27:22.36	0.1080	20.50335	21.92	39.43	1.0	0.997950	19.7760	1.24712	773.40	0.96452	3.28	0
606	17:27:22.66	0.1090	20.50286	21.92	39.43	1.0	0.997926	19.7758	1.24712	773.40	0.96454	3.28	0
607	17:27:22.96	0.1055	20.50433	21.92	39.43	1.0	0.997992	19.7761	1.24712	773.38	0.96449	3.28	0
608	17:27:23.26	0.1065	20.50391	21.92	39.43	1.0	0.997974	19.7770	1.24716	773.40	0.96454	3.28	0
609	17:27:23.56	0.1075	20.50342	21.92	39.43	1.0	0.997950	19.7764	1.24712	773.42	0.96454	3.28	0
610	17:27:23.86	0.1085	20.50307	21.92	39.43	1.0	0.997932	19.7761	1.24712	773.40	0.96454	3.28	0
611	17:27:24.16	0.1065	20.50384	21.92	39.43	1.0	0.997968	19.7765	1.24712	773.40	0.96453	3.28	0
612	17:27:24.46	0.1055	20.50426	21.92	39.43	1.0	0.997992	19.7767	1.24712	773.40	0.96452	3.28	0
613	17:27:24.76	0.1065	20.50391	21.92	39.43	1.0	0.997974	19.7763	1.24712	773.40	0.96451	3.28	0
614	17:27:25.06	0.1080	20.50335	21.92	39.43	1.0	0.997944	19.7765	1.24716	773.42	0.96455	3.28	0
615	17:27:25.36	0.1085	20.50321	21.92	39.43	1.0	0.997938	19.7759	1.24712	773.40	0.96453	3.28	0
616	17:27:25.66	0.1060	20.50405	21.92	39.43	1.0	0.997980	19.7765	1.24712	773.40	0.96452	3.28	0
617	17:27:25.96	0.1070	20.50377	21.92	39.43	1.0	0.997968	19.7765	1.24712	773.40	0.96453	3.28	0
618	17:27:26.26	0.1055	20.50419	21.92	39.43	1.0	0.997986	19.7769	1.24712	773.40	0.96453	3.28	0
619	17:27:26.56	0.1080	20.50342	21.92	39.43	1.0	0.997950	19.7767	1.24716	773.40	0.96455	3.28	0
620	17:27:26.86	0.1080	20.50335	21.92	39.43	1.0	0.997944	19.7768	1.24716	773.42	0.96457	3.28	0
621	17:27:27.16	0.1080	20.50335	21.92	39.43	1.0	0.997950	19.7767	1.24716	773.42	0.96456	3.28	0
622	17:27:27.46	0.1075	20.50349	21.92	39.43	1.0	0.997956	19.7766	1.24716	773.40	0.96455	3.28	0
623	17:27:27.76	0.1060	20.50412	21.92	39.43	1.0	0.997980	19.7764	1.24712	773.38	0.96451	3.28	0
624	17:27:28.06	0.1085	20.50321	21.92	39.43	1.0	0.997938	19.7763	1.24716	773.40	0.96455	3.28	0
625	17:27:28.36	0.1070	20.50370	21.92	39.43	1.0	0.997968	19.7763	1.24712	773.40	0.96452	3.28	0
626	17:27:28.66	0.1055	20.50419	21.92	39.43	1.0	0.997986	19.7766	1.24712	773.40	0.96452	3.28	0
627	17:27:28.96	0.1070	20.50370	21.92	39.43	1.0	0.997962	19.7769	1.24712	773.42	0.96455	3.28	0
628	17:27:29.26	0.1085	20.50321	21.92	39.43	1.0	0.997938	19.7759	1.24712	773.40	0.96453	3.28	0
629	17:27:29.56	0.1075	20.50349	21.93	39.43	1.0	0.997956	19.7763	1.24712	773.40	0.96453	3.28	0
630	17:27:29.86	0.1055	20.50419	21.93	39.43	1.0	0.997992	19.7765	1.24712	773.40	0.96451	3.28	0
631	17:27:30.16	0.1095	20.50258	21.93	39.43	1.0	0.997914	19.7763	1.24716	773.42	0.96458	3.28	0
632	17:27:30.46	0.1080	20.50321	21.93	39.43	1.0	0.997944	19.7763	1.24716	773.40	0.96455	3.28	0
633	17:27:30.76	0.1075	20.50342	21.93	39.43	1.0	0.997956	19.7765	1.24712	773.40	0.96454	3.28	0
634	17:27:31.06	0.1075	20.50335	21.93	39.43	1.0	0.997950	19.7760	1.24712	773.40	0.96453	3.28	0
635	17:27:31.36	0.1065	20.50398	21.92	39.43	1.0	0.997974	19.7767	1.24712	773.40	0.96453	3.28	0
636	17:27:31.66	0.1065	20.50384	21.92	39.43	1.0	0.997974	19.7770	1.24716	773.40	0.96455	3.28	0
637	17:27:31.96	0.1085	20.50307	21.92	39.43	1.0	0.997932	19.7760	1.24716	773.40	0.96454	3.28	0
638	17:27:32.26	0.1075	20.50349	21.92	39.43	1.0	0.997956	19.7763	1.24712	773.40	0.96453	3.28	0
639	17:27:32.56	0.1070	20.50377	21.92	39.43	1.0	0.997968	19.7766	1.24712	773.40	0.96454	3.28	0
640	17:27:32.86	0.1085	20.50314	21.92	39.43	1.0	0.997938	19.7765	1.24716	773.42	0.96456	3.28	0
641	17:27:33.16	0.1100	20.50258	21.92	39.43	1.0	0.997908	19.7764	1.24716	773.42	0.96458	3.28	0
642	17:27:33.46	0.1075	20.50342	21.92	39.43	1.0	0.997950	19.7764	1.24712	773.42	0.96454	3.28	0
643	17:27:33.76	0.1070	20.50363	21.92	39.43	1.0	0.997962	19.7763	1.24712	773.40	0.96453	3.28	0
644	17:27:34.06	0.1050	20.50447	21.92	39.43	1.0	0.998004	19.7767	1.24712	773.40	0.96451	3.28	0
645	17:27:34.36	0.1075	20.50356	21.92	39.43	1.0	0.997956	19.7758	1.24712	773.40	0.96451	3.28	0
646	17:27:34.66	0.1065	20.50384	21.92	39.43	1.0	0.997974	19.7767	1.24716	773.40	0.96454	3.28	0
647	17:27:34.96	0.1060	20.50398	21.92	39.43	1.0	0.997980	19.7770	1.24712	773.40	0.96454	3.28	0
648	17:27:35.26	0.1070	20.50363	21.92	39.43	1.0	0.997962	19.7770	1.24716	773.40	0.96455	3.28	0
649	17:27:35.56	0.1090	20.50293	21.92	39.43	1.0	0.997926	19.7760	1.24712	773.40	0.96455	3.28	0
650	17:27:35.86	0.1065	20.50398	21.92	39.43	1.0	0.997974	19.7771	1.24712	773.42	0.96455	3.28	0
651	17:27:36.16	0.1050	20.50440	21.92	39.43	1.0	0.997998	19.7765	1.24712	773.40	0.96450	3.28	0
652	17:27:36.46	0.1085	20.50307	21.92	39.43	1.0	0.997932	19.7763	1.24712	773.42	0.96455	3.28	0
653	17:27:36.76	0.1070	20.50363	21.92	39.43	1.0	0.997962	19.7764	1.24712	773.40	0.96453	3.28	0
654	17:27:37.06	0.1085	20.50307	21.92	39.43	1.0	0.997932	19.7765	1.24716	773.42	0.96456	3.28	0
655	17:27:37.36	0.1100	20.50258	21.92	39.43	1.0	0.997908	19.7764	1.24716	773.42	0.96458	3.28	0
656	17:27:37.66	0.1065	20.50391	21.92	39.43	1.0	0.997974	19.7765	1.24712	773.40	0.96452	3.28	0
657	17:27:37.96	0.1075	20.50356	21.92	39.43	1.0	0.997956	19.7761	1.24712	773.40	0.96452	3.28	0
658	17:27:38.26	0.1070	20.50363	21.92	39.43	1.0	0.997962	19.7768	1.24716	773.40	0.96455	3.28	0
659	17:27:38.56	0.1075	20.50349	21.92	39.43	1.0	0.997956	19.7770	1.24716	773.42	0.96457	3.28	0
660	17:27:38.86	0.1075	20.50342	21.92	39.46	1.0	0.997950	19.7770	1.24716	773.42	0.96457	3.28	0
661	17:27:39.16	0.1080	20.50321	21.92	39.46	1.0	0.997944	19.7769	1.24716	773.42	0.96457	3.28	0
662	17:27:39.46	0.1060	20.50405	21.92	39.43	1.0	0.997980	19.7770	1.24712	773.40	0.96454	3.28	0
663	17:27:39.76	0.1090	20.50286	21.92	39.43	1.0	0.997920	19.7770	1.24716	773.42	0.96460	3.28	0
664	17:27:40.06	0.1070	20.50363	21.92	39.43	1.0	0.997962	19.7770	1.24716	773.40	0.96456	3.28	0
665	17:27:40.36	0.1080	20.50328	21.92	39.43	1.0	0.997944	19.7772	1.24716	773.42	0.96459	3.28	0
666	17:27:40.66	0.1065	20.50384	21.92	39.46	1.0	0.997974	19.7774	1.24716	773.42	0.96457	3.28	0
667	17:27:40.96	0.1085	20.50314	21.92	39.46	1.0	0.997938	19.7772	1.24716	773.42	0.96459	3.28	0
668	17:27:41.26	0.1075	20.50356	21.92	39.43	1.0	0.997956	19.7770	1.24716	773.42	0.96457	3.28	0
669	17:27:41.56	0.1075	20.50356	21.92	39.43	1.0	0.997956	19.7766	1.24716	773.40	0.96455	3.28	0
670	17:27:41.86	0.1085	20.50307	21.92	39.46	1.0	0.997932	19.7767	1.24716	773.42	0.96457	3.28	0
671	17:27:42.16	0.1085	20.50300	21.92	39.46	1.0	0.997932	19.7765	1.24716	773.42	0.96457	3.28	0
672	17:27:42.46	0.1070	20.50370	21.92	39.43	1.0	0.997962	19.7772	1.24716	773.42	0.96457	3.28	0
673	17:27:42.76	0.1065	20.50391	21.92	39.43	1.0	0.997974	19.7772	1.24716	773.40	0.96456	3.28	0
674	17:27:43.06	0.1065	20.50391	21.92	39.43	1.0	0.997974	19.7774	1.24716	773.42	0.96457	3.28	0
675	17:27:43.36	0.1090	20.50300	21.92	39.43	1.0	0.997932	19.7762	1.24716	773.40	0.96455	3.28	0
676	17:27:43.66	0.1065	20.50377	21.92	39.46	1.0	0.997968	19.7771	1.24716	773.42	0.96456	3.28	0
677	17:27:43.96	0.1070	20.50363	21.92	39.46	1.0	0.997962	19.7772	1.24716	773.42	0.96457	3.28	0
678	17:27:44.26	0.1050	20.50440	21.92	39.46	1.0	0.997998	19.7774	1.24712	773.40	0.96454	3.28	0
679	17:27:44.56	0.1075	20.50349	21.92	39.46	1.0	0.997956	19.7766	1.24716	773.40	0.96455	3.28	0
680	17:27:44.86	0.1075	20.50349	21.92	39.46	1.0	0.997956	19.7763	1.24712	773.40	0.96453	3.28	0
681	17:27:45.16	0.1065	20.50377	21.92	39.46	1.0	0.997968	19.7770	1.24712	773.42	0.96455	3.28	0
682	17:27:45.46	0.1075	20.50342	21.92	39.46	1.0	0.997950	19.7770	1.24716	773.42	0.96457	3.28	0
683	17:27:45.76	0.1075	20.50349	21.92	39.46	1.0	0.997956	19.7770	1.24716	773.42	0.96457	3.28	0
684	17:27:46.06	0.1065	20.50384	21.92	39.43	1.0	0.997968	19.7768	1.24712	773.42	0.96454	3.28	0
685	17:27:46.36	0.1080	20.50342	21.92	39.43	1.0	0.997950	19.7773	1.24716	773.42	0.96458	3.28	0
686	17:27:46.66	0.1060	20.50405	21.92	39.46	1.0	0.997980	19.7768	1.24712	773.40	0.96453	3.28	0
687	17:27:46.96	0.1065	20.50377	21.92	39.46	1.0	0.997968	19.7770	1.24712	773.42	0.96455	3.28	0
688	17:27:47.26	0.1075	20.50342	21.92	39.46	1.0	0.997950	19.7769	1.24716	773.42	0.96457	3.28	0
689	17:27:47.56	0.1070	20.50370	21.92	39.46	1.0	0.997968	19.7776	1.24716	773.42	0.96458	3.28	0
690	17:27:47.86	0.1060	20.50405	21.92	39.46	1.0	0.997980	19.7772	1.24716	773.40	0.96455	3.28	0
691	17:27:48.16	0.1070	20.50370	21.92	39.46	1.0	0.997968	19.7776	1.24716	773.42	0.96458	3.28	0
692	17:27:48.46	0.1085	20.50307	21.92	39.46	1.0	0.997932	19.7768	1.24716	773.42	0.96458	3.28	0
693	17:27:48.76	0.1065	20.50391	21.92	39.46	1.0	0.997974	19.7770	1.24712	773.40	0.96455	3.28	0
694	17:27:49.06	0.1050	20.50440	21.92	39.46	1.0	0.997998	19.7774	1.24712	773.40	0.96455	3.28	0
695	17:27:49.36	0.1095	20.50272	21.92	39.46	1.0	0.997914	19.7775	1.24720	773.44	0.96463	3.28	0
696	17:27:49.66	0.1070	20.50363	21.92	39.46	1.0	0.997962	19.7779	1.24720	773.44	0.96461	3.28	0
697	17:27:49.96	0.1080	20.50321	21.92	39.46	1.0	0.997944	19.7776	1.24716	773.44	0.96461	3.28	0
698	17:27:50.26	0.1085	20.50314	21.92	39.46	1.0	0.997938	19.7770	1.24716	773.42	0.96458	3.28	0
699	17:27:50.56	0.1075	20.50349	21.92	39.46	1.0	0.997956	19.7766	1.24716	773.40	0.96455	3.28	0
700	17:27:50.86	0.1070	20.50377	21.92	39.46	1.0	0.997968	19.7765	1.24712	773.40	0.96453	3.28	0
701	17:27:51.16	0.1075	20.50342	21.92	39.46	1.0	0.997950	19.7772	1.24716	773.42	0.96458	3.28	0
702	17:27:51.46	0.1060	20.50398	21.92	39.46	1.0	0.997980	19.7772	1.24716	773.40	0.96455	3.28	0
703	17:27:51.76	0.1070	20.50356	21.92	39.46	1.0	0.997962	19.7773	1.24716	773.42	0.96458	3.28	0
704	17:27:52.06	0.1095	20.50279	21.92	39.46	1.0	0.997920	19.7766	1.24716	773.42	0.96458	3.28	0
705	17:27:52.36	0.1115	20.50195	21.92	39.46	1.0	0.997878	19.7760	1.24716	773.42	0.96459	3.28	0
706	17:27:52.66	0.3915	20.39058	21.92	39.46	1.0	0.992460	19.6668	1.24716	773.36	0.96451	3.28	0
707	17:27:52.96	1.8560	19.78522	21.92	39.46	1.0	0.962994	19.0744	1.24716	773.02	0.96407	3.28	0
708	17:27:53.26	4.6720	18.71513	21.92	39.46	1.0	0.910908	18.0316	1.24720	772.52	0.96348	3.28	0
709	17:27:53.56	8.0840	17.54165	21.92	39.46	1.0	0.853794	16.8883	1.24716	771.96	0.96275	3.28	0
710	17:27:53.86	11.4660	16.46421	21.92	39.43	1.0	0.801354	15.8410	1.24720	771.46	0.96215	3.28	0
711	17:27:54.16	14.6565	15.52929	21.92	39.43	1.0	0.755850	14.9313	1.24716	770.96	0.96149	3.28	0
712	17:27:54.46	17.6420	14.72667	21.92	39.36	1.0	0.716778	14.1524	1.24716	770.56	0.96101	3.28	0
713	17:27:54.76	20.3645	14.04298	21.92	39.36	1.0	0.683502	13.4895	1.24716	770.20	0.96058	3.28	0
714	17:27:55.06	22.8465	13.45624	21.92	39.14	1.0	0.654936	12.9209	1.24720	769.90	0.96022	3.28	0
715	17:27:55.36	25.1040	12.94979	21.92	39.14	1.0	0.630288	12.4298	1.24716	769.62	0.95984	3.28	0
716	17:27:55.66	27.1625	12.50900	21.92	38.81	1.0	0.608820	12.0029	1.24720	769.38	0.95954	3.28	0
717	17:27:55.96	29.0135	12.12806	21.92	38.81	1.0	0.590280	11.6343	1.24716	769.18	0.95930	3.28	0
718	17:27:56.26	30.6710	11.79899	21.92	38.41	1.0	0.574248	11.3163	1.24720	769.00	0.95909	3.28	0
719	17:27:56.56	32.1590	11.51129	21.92	38.41	1.0	0.560250	11.0379	1.24720	768.84	0.95888	3.28	0
720	17:27:56.86	33.5220	11.25810	21.92	38.01	1.0	0.547908	10.7932	1.24720	768.70	0.95870	3.28	0
721	17:27:57.16	34.7395	11.03627	21.92	38.01	1.0	0.537114	10.5792	1.24724	768.58	0.95858	3.28	0
722	17:27:57.46	35.8280	10.84111	21.92	37.62	1.0	0.527604	10.3903	1.24720	768.46	0.95842	3.28	0
723	17:27:57.76	36.8260	10.66828	21.91	37.62	1.0	0.519192	10.2234	1.24720	768.36	0.95830	3.28	0
724	17:27:58.06	37.7160	10.51561	21.91	37.22	1.0	0.511746	10.0753	1.24716	768.24	0.95813	3.28	0
725	17:27:58.36	38.5220	10.37995	21.91	37.22	1.0	0.505146	9.9445	1.24720	768.18	0.95806	3.28	0
726	17:27:58.66	39.2485	10.25913	21.91	36.85	1.0	0.499260	9.8281	1.24720	768.12	0.95798	3.28	0
727	17:27:58.96	39.8900	10.15245	21.91	36.85	1.0	0.494064	9.7251	1.24720	768.04	0.95791	3.28	0
728	17:27:59.26	40.4750	10.05816	21.91	36.56	1.0	0.489468	9.6337	1.24720	767.98	0.95780	3.28	0
729	17:27:59.56	40.9980	9.97430	21.92	36.56	1.0	0.485388	9.5531	1.24720	767.94	0.95778	3.28	0
730	17:27:59.86	41.4635	9.89989	21.92	36.26	1.0	0.481758	9.4816	1.24720	767.90	0.95774	3.28	0
731	17:28:00.16	41.8685	9.83507	21.91	36.26	1.0	0.478602	9.4191	1.24724	767.88	0.95771	3.28	0
732	17:28:00.46	42.2255	9.77928	21.91	36.03	0.9	0.475878	9.3649	1.24720	767.82	0.95763	3.28	0
733	17:28:00.76	42.5330	9.73168	21.92	36.03	0.9	0.473568	9.3192	1.24724	767.80	0.95761	3.28	0
734	17:28:01.06	42.7900	9.69213	21.92	35.76	0.9	0.471636	9.2805	1.24720	767.76	0.95753	3.28	0
735	17:28:01.36	42.9935	9.66070	21.92	35.76	0.9	0.470106	9.2504	1.24720	767.74	0.95752	3.28	0
736	17:28:01.66	43.1640	9.63445	21.92	35.57	0.9	0.468822	9.2249	1.24716	767.74	0.95750	3.28	0
737	17:28:01.96	43.2995	9.61352	21.92	35.57	0.9	0.467802	9.2051	1.24720	767.72	0.95752	3.28	0
738	17:28:02.26	43.4170	9.59546	21.92	35.40	0.9	0.466920	9.1879	1.24724	767.72	0.95753	3.28	0
739	17:28:02.56	43.5215	9.57929	21.92	35.40	0.9	0.466134	9.1717	1.24720	767.70	0.95746	3.28	0
740	17:28:02.86	43.6120	9.56536	21.92	35.24	0.9	0.465450	9.1587	1.24720	767.70	0.95749	3.28	0
741	17:28:03.16	43.6890	9.55353	21.92	35.24	0.9	0.464874	9.1468	1.24716	767.68	0.95742	3.28	0
742	17:28:03.46	43.7575	9.54303	21.92	35.14	0.9	0.464358	9.1371	1.24720	767.68	0.95746	3.28	0
743	17:28:03.76	43.8140	9.53428	21.92	35.14	0.9	0.463932	9.1288	1.24720	767.70	0.95747	3.28	0
744	17:28:04.06	43.8605	9.52714	21.92	35.04	0.9	0.463584	9.1216	1.24720	767.66	0.95744	3.28	0
745	17:28:04.36	43.9115	9.51923	21.92	35.04	0.9	0.463200	9.1141	1.24720	767.68	0.95745	3.28	0
746	17:28:04.66	44.0960	9.49130	21.92	34.91	0.9	0.461838	9.0876	1.24724	767.68	0.95747	3.28	0
747	17:28:04.96	44.8145	9.38385	21.91	34.91	0.9	0.456606	8.9831	1.24716	767.56	0.95729	3.28	0
748	17:28:05.26	45.6695	9.25603	21.91	34.84	0.9	0.450384	8.8603	1.24720	767.50	0.95725	3.28	0
749	17:28:05.56	46.4915	9.13570	21.91	34.84	0.9	0.444528	8.7440	1.24720	767.42	0.95713	3.28	0
750	17:28:05.86	47.1670	9.03826	21.91	34.78	0.9	0.439788	8.6502	1.24720	767.36	0.95707	3.28	0
751	17:28:06.16	47.6160	8.97351	21.91	34.78	0.9	0.436638	8.5878	1.24720	767.32	0.95702	3.28	0
752	17:28:06.46	47.8710	8.93676	21.91	34.61	0.9	0.434844	8.5520	1.24716	767.28	0.95695	3.28	0
753	17:28:06.76	47.9695	8.92248	21.92	34.61	0.9	0.434154	8.5387	1.24720	767.30	0.95698	3.28	0
754	17:28:07.06	47.8485	8.94019	21.92	34.25	0.9	0.435000	8.5553	1.24720	767.30	0.95695	3.28	0
755	17:28:07.36	47.6240	8.97260	21.92	34.25	0.9	0.436578	8.5870	1.24720	767.34	0.95704	3.28	0
756	17:28:07.66	47.3885	9.00683	21.92	33.69	0.9	0.438228	8.6200	1.24720	767.36	0.95705	3.28	0
757	17:28:07.96	47.2440	9.02769	21.91	33.69	0.9	0.439242	8.6399	1.24720	767.36	0.95704	3.28	0
758	17:28:08.26	47.2885	9.02167	21.91	33.02	0.9	0.438936	8.6344	1.24720	767.36	0.95707	3.28	0
759	17:28:08.56	47.3610	9.01124	21.91	33.02	0.9	0.438426	8.6243	1.24724	767.34	0.95706	3.28	0
760	17:28:08.86	47.3380	9.01488	21.91	32.40	0.9	0.438588	8.6277	1.24720	767.36	0.95705	3.28	0
761	17:28:09.16	47.4470	8.99913	21.91	32.40	0.9	0.437820	8.6127	1.24724	767.36	0.95707	3.28	0
762	17:28:09.46	47.3730	9.01019	21.91	31.69	0.8	0.438342	8.6237	1.24724	767.38	0.95710	3.28	0
763	17:28:09.76	47.1705	9.03945	21.91	31.69	0.8	0.439764	8.6514	1.24720	767.38	0.95707	3.28	0
764	17:28:10.06	46.8460	9.08656	21.91	31.09	0.8	0.442038	8.6971	1.24724	767.42	0.95714	3.28	0
765	17:28:10.36	46.3740	9.15467	21.92	31.09	0.8	0.445356	8.7629	1.24724	767.46	0.95720	3.28	0
766	17:28:10.66	46.0360	9.20381	21.92	30.50	0.8	0.447726	8.8098	1.24720	767.48	0.95719	3.28	0
767	17:28:10.96	45.6045	9.26814	21.92	30.50	0.8	0.450858	8.8724	1.24724	767.54	0.95729	3.28	0
768	17:28:11.26	45.4110	9.29733	21.92	30.03	0.8	0.452262	8.9003	1.24720	767.54	0.95729	3.28	0
769	17:28:11.56	44.9900	9.36040	21.91	30.03	0.8	0.455328	8.9610	1.24724	767.58	0.95734	3.28	0
770	17:28:11.86	44.8985	9.37433	21.91	29.64	0.8	0.455994	8.9743	1.24720	767.58	0.95732	3.28	0
771	17:28:12.16	44.7900	9.39050	21.92	29.64	0.8	0.456786	8.9901	1.24720	767.60	0.95736	3.28	0
772	17:28:12.46	44.4475	9.44195	21.92	29.28	0.8	0.459276	9.0399	1.24724	767.64	0.95743	3.28	0
773	17:28:12.76	43.9965	9.50950	21.91	29.28	0.8	0.462564	9.1047	1.24720	767.68	0.95743	3.28	0
774	17:28:13.06	43.4570	9.59308	21.91	28.97	0.8	0.466620	9.1853	1.24720	767.72	0.95749	3.28	0
775	17:28:13.36	42.7320	9.70515	21.92	28.97	0.8	0.472068	9.2939	1.24724	767.80	0.95762	3.28	0
776	17:28:13.66	41.9915	9.81981	21.92	28.73	0.8	0.477642	9.4042	1.24720	767.86	0.95768	3.28	0
777	17:28:13.96	41.5615	9.88876	21.92	28.73	0.8	0.480996	9.4706	1.24720	767.90	0.95772	3.28	0
778	17:28:14.27	40.6460	10.03562	21.92	28.53	0.7	0.488136	9.6123	1.24720	767.98	0.95782	3.28	0
779	17:28:14.56	39.1965	10.27299	21.92	28.53	0.7	0.499680	9.8419	1.24720	768.16	0.95804	3.28	0
780	17:28:14.86	37.0530	10.63524	21.92	28.41	0.7	0.517296	10.1918	1.24720	768.38	0.95830	3.28	0
781	17:28:15.16	34.2160	11.13686	21.92	28.41	0.7	0.541692	10.6764	1.24720	768.66	0.95866	3.28	0
782	17:28:15.46	31.9975	11.54853	21.92	28.33	0.7	0.561714	11.0741	1.24716	768.88	0.95893	3.28	0
783	17:28:15.76	31.3735	11.66977	21.92	28.33	0.7	0.567612	11.1914	1.24720	768.92	0.95900	3.28	0
784	17:28:16.06	32.3125	11.48980	21.92	28.41	0.7	0.558864	11.0173	1.24720	768.82	0.95887	3.28	0
785	17:28:16.36	32.6100	11.43443	21.92	28.41	0.7	0.556164	10.9641	1.24720	768.82	0.95887	3.28	0
786	17:28:16.66	31.7480	11.59676	21.92	28.57	0.8	0.564072	11.1216	1.24724	768.92	0.95903	3.28	0
787	17:28:16.96	32.0285	11.54258	21.92	28.57	0.8	0.561432	11.0686	1.24720	768.88	0.95894	3.28	0
788	17:28:17.26	32.5505	11.44528	21.92	28.77	0.8	0.556704	10.9744	1.24720	768.82	0.95885	3.28	0
789	17:28:17.56	32.7380	11.41035	21.92	28.77	0.8	0.555006	10.9402	1.24716	768.78	0.95879	3.28	0
790	17:28:17.86	32.4005	11.47300	21.92	28.97	0.8	0.558066	11.0013	1.24720	768.82	0.95888	3.28	0
791	17:28:18.16	31.9855	11.55042	21.92	28.97	0.8	0.561828	11.0763	1.24720	768.88	0.95896	3.28	0
792	17:28:18.46	30.6815	11.80354	21.92	29.12	0.8	0.574146	11.3212	1.24720	769.04	0.95913	3.28	0
793	17:28:18.76	29.2670	12.08403	21.92	29.12	0.8	0.587790	11.5926	1.24720	769.18	0.95933	3.28	0
794	17:28:19.06	28.0085	12.33799	21.92	29.32	0.8	0.600150	11.8382	1.24720	769.32	0.95949	3.28	0
795	17:28:19.36	27.2135	12.50550	21.92	29.32	0.8	0.608298	12.0000	1.24716	769.40	0.95959	3.28	0
796	17:28:19.66	26.5180	12.65194	21.92	29.48	0.8	0.615426	12.1423	1.24720	769.50	0.95971	3.28	0
797	17:28:19.96	26.0440	12.75176	21.92	29.48	0.8	0.620286	12.2382	1.24716	769.52	0.95973	3.28	0
798	17:28:20.26	25.9675	12.76807	21.92	29.71	0.8	0.621084	12.2545	1.24720	769.54	0.95977	3.28	0
799	17:28:20.56	26.1755	12.72397	21.92	29.71	0.8	0.618942	12.2114	1.24716	769.52	0.95972	3.28	0
800	17:28:20.86	26.6750	12.61841	21.92	29.95	0.8	0.613812	12.1095	1.24720	769.46	0.95967	3.28	0
801	17:28:21.16	26.6355	12.62681	21.92	29.95	0.8	0.614226	12.1182	1.24720	769.50	0.95971	3.28	0
802	17:28:21.46	25.8715	12.78865	21.92	30.22	0.8	0.622104	12.2739	1.24716	769.56	0.95975	3.28	0
803	17:28:21.76	24.9390	12.99298	21.92	30.22	0.8	0.632046	12.4721	1.24716	769.68	0.95991	3.28	0
804	17:28:22.06	24.6735	13.05101	21.92	30.42	0.8	0.634878	12.5279	1.24716	769.68	0.95992	3.28	0
805	17:28:22.36	25.2665	12.92109	21.92	30.42	0.8	0.628554	12.4023	1.24720	769.62	0.95985	3.28	0
806	17:28:22.66	26.1140	12.73615	21.92	30.70	0.8	0.619572	12.2235	1.24720	769.54	0.95975	3.28	0
807	17:28:22.96	26.0265	12.75456	21.92	30.70	0.8	0.620466	12.2415	1.24716	769.56	0.95978	3.28	0
808	17:28:23.26	25.3710	12.89778	21.92	30.90	0.8	0.627438	12.3802	1.24720	769.62	0.95987	3.28	0
809	17:28:23.56	24.9825	12.98297	21.92	30.90	0.8	0.631584	12.4626	1.24720	769.68	0.95992	3.28	0
810	17:28:23.86	24.6295	13.06011	21.92	31.09	0.8	0.635346	12.5373	1.24716	769.72	0.95997	3.28	0
811	17:28:24.17	24.3680	13.11737	21.92	31.09	0.8	0.638130	12.5926	1.24716	769.74	0.96000	3.28	0
812	17:28:24.46	24.1485	13.16539	21.92	31.22	0.8	0.640470	12.6394	1.24720	769.78	0.96005	3.28	0
813	17:28:24.77	24.3225	13.12724	21.92	31.22	0.8	0.638616	12.6024	1.24716	769.74	0.96002	3.28	0
814	17:28:25.06	24.3870	13.11303	21.92	31.41	0.8	0.637932	12.5884	1.24716	769.74	0.95999	3.28	0
815	17:28:25.37	24.1165	13.17225	21.92	31.41	0.8	0.640812	12.6455	1.24716	769.76	0.96001	3.28	0
816	17:28:25.66	23.6780	13.27151	21.92	31.57	0.8	0.645648	12.7420	1.24716	769.82	0.96010	3.28	0
817	17:28:25.96	23.3655	13.34326	21.92	31.57	0.8	0.649134	12.8116	1.24716	769.88	0.96016	3.28	0
818	17:28:26.26	23.2145	13.37784	21.92	31.69	0.8	0.650826	12.8453	1.24720	769.90	0.96019	3.28	0
819	17:28:26.56	23.3815	13.33955	21.92	31.69	0.8	0.648960	12.8082	1.24720	769.86	0.96017	3.28	0
820	17:28:26.86	23.4680	13.31953	21.92	31.84	0.8	0.647994	12.7882	1.24716	769.84	0.96011	3.28	0
821	17:28:27.16	23.4500	13.32366	21.92	31.84	0.8	0.648198	12.7928	1.24720	769.86	0.96016	3.28	0
822	17:28:27.46	23.7920	13.24498	21.92	32.00	0.8	0.644370	12.7158	1.24716	769.78	0.96005	3.28	0
823	17:28:27.76	24.1670	13.16070	21.92	32.00	0.8	0.640272	12.6351	1.24720	769.78	0.96007	3.28	0
824	17:28:28.06	24.4535	13.09784	21.92	32.08	0.8	0.637218	12.5737	1.24716	769.74	0.95998	3.28	0
825	17:28:28.36	24.2610	13.14005	21.92	32.08	0.8	0.639270	12.6144	1.24716	769.74	0.96000	3.28	0
826	17:28:28.66	23.6835	13.26983	21.92	32.16	0.8	0.645588	12.7399	1.24716	769.80	0.96007	3.28	0
827	17:28:28.96	23.1615	13.38960	21.92	32.16	0.8	0.651414	12.8568	1.24716	769.90	0.96020	3.28	0
828	17:28:29.26	22.9185	13.44532	21.92	32.28	0.8	0.654132	12.9105	1.24716	769.92	0.96023	3.28	0
829	17:28:29.56	23.1355	13.39548	21.92	32.28	0.8	0.651708	12.8624	1.24720	769.90	0.96021	3.28	0
830	17:28:29.86	23.5235	13.30630	21.92	32.35	0.8	0.647370	12.7757	1.24716	769.84	0.96013	3.28	0
831	17:28:30.16	23.6580	13.27550	21.92	32.35	0.8	0.645870	12.7459	1.24716	769.82	0.96011	3.28	0
832	17:28:30.46	23.6340	13.28096	21.92	32.44	0.9	0.646140	12.7513	1.24716	769.84	0.96013	3.28	0
833	17:28:30.76	23.4105	13.33220	21.92	32.44	0.9	0.648636	12.8009	1.24716	769.86	0.96015	3.28	0
834	17:28:31.06	23.0605	13.41249	21.92	32.48	0.9	0.652542	12.8782	1.24716	769.88	0.96017	3.28	0
835	17:28:31.36	22.8140	13.46912	21.92	32.48	0.9	0.655296	12.9332	1.24716	769.92	0.96022	3.28	0
836	17:28:31.66	22.7440	13.48515	21.92	32.51	0.9	0.656076	12.9489	1.24716	769.94	0.96024	3.28	0
837	17:28:31.96	22.6695	13.50223	21.92	32.51	0.9	0.656910	12.9659	1.24720	769.96	0.96028	3.28	0
838	17:28:32.26	22.6655	13.50307	21.92	32.60	0.9	0.656958	12.9671	1.24720	769.98	0.96031	3.28	0
839	17:28:32.56	22.7730	13.47843	21.92	32.60	0.9	0.655758	12.9417	1.24716	769.90	0.96018	3.28	0
840	17:28:32.86	22.8995	13.44938	21.92	32.64	0.9	0.654342	12.9142	1.24716	769.92	0.96021	3.28	0
841	17:28:33.16	22.9320	13.44189	21.92	32.64	0.9	0.653976	12.9068	1.24716	769.90	0.96019	3.28	0
842	17:28:33.46	22.8855	13.45246	21.92	32.71	0.9	0.654498	12.9172	1.24716	769.92	0.96021	3.28	0
843	17:28:33.76	22.6365	13.50965	21.92	32.71	0.9	0.657276	12.9729	1.24716	769.96	0.96026	3.28	0
844	17:28:34.06	22.4315	13.55676	21.92	32.75	0.9	0.659568	13.0180	1.24716	769.96	0.96026	3.28	0
845	17:28:34.36	22.3450	13.57657	21.92	32.75	0.9	0.660534	13.0376	1.24716	769.98	0.96031	3.28	0
846	17:28:34.66	22.3350	13.57881	21.92	32.80	0.9	0.660648	13.0393	1.24716	769.98	0.96027	3.28	0
847	17:28:34.96	22.4240	13.55830	21.92	32.80	0.9	0.659652	13.0197	1.24716	769.96	0.96028	3.28	0
848	17:28:35.26	22.5075	13.53912	21.92	32.87	0.9	0.658722	13.0015	1.24716	769.98	0.96029	3.28	0
849	17:28:35.56	22.5110	13.53835	21.92	32.87	0.9	0.658680	13.0000	1.24716	769.94	0.96024	3.28	0
850	17:28:35.86	22.3960	13.56467	21.92	32.91	0.9	0.659964	13.0262	1.24716	769.98	0.96031	3.28	0
851	17:28:36.16	22.2575	13.59638	21.93	32.91	0.9	0.661512	13.0565	1.24716	770.00	0.96029	3.28	0
852	17:28:36.46	22.1510	13.62088	21.93	32.95	0.9	0.662700	13.0809	1.24720	770.02	0.96036	3.28	0
853	17:28:36.76	21.9795	13.66043	21.93	32.95	0.9	0.664626	13.1187	1.24716	770.04	0.96034	3.28	0
854	17:28:37.06	21.8810	13.68409	21.93	32.99	0.9	0.665778	13.1420	1.24716	770.04	0.96038	3.28	0
855	17:28:37.36	21.8975	13.68010	21.92	32.99	0.9	0.665586	13.1377	1.24716	770.02	0.96035	3.28	0
856	17:28:37.66	21.9360	13.67093	21.92	33.02	0.9	0.665136	13.1295	1.24720	770.04	0.96040	3.28	0
857	17:28:37.96	21.9400	13.66995	21.92	33.02	0.9	0.665088	13.1281	1.24716	770.04	0.96037	3.28	0
858	17:28:38.26	22.0125	13.65259	21.92	33.02	0.9	0.664248	13.1109	1.24716	770.02	0.96032	3.28	0
859	17:28:38.56	22.0570	13.64237	21.92	33.02	0.9	0.663750	13.1011	1.24716	770.00	0.96032	3.28	0
860	17:28:38.86	22.0120	13.65273	21.92	33.02	0.9	0.664254	13.1111	1.24712	770.02	0.96033	3.28	0
861	17:28:39.16	21.9515	13.66701	21.93	33.02	0.9	0.664950	13.1251	1.24716	770.02	0.96034	3.28	0
862	17:28:39.46	22.0110	13.65294	21.93	33.02	0.9	0.664266	13.1115	1.24716	770.02	0.96034	3.28	0
863	17:28:39.76	22.0190	13.65112	21.92	33.02	0.9	0.664176	13.1102	1.24720	770.04	0.96038	3.28	0
864	17:28:40.06	21.9350	13.67107	21.92	33.02	0.9	0.665148	13.1294	1.24720	770.04	0.96038	3.28	0
865	17:28:40.36	21.9045	13.67842	21.93	33.02	0.9	0.665502	13.1356	1.24716	770.02	0.96032	3.28	0
866	17:28:40.66	21.8730	13.68591	21.93	33.11	0.9	0.665874	13.1439	1.24720	770.04	0.96039	3.28	0
867	17:28:40.96	21.7940	13.70495	21.92	33.11	0.9	0.666798	13.1622	1.24716	770.06	0.96040	3.28	0
868	17:28:41.26	21.7285	13.72063	21.92	33.11	0.9	0.667560	13.1774	1.24716	770.06	0.96041	3.28	0
869	17:28:41.56	21.5865	13.75465	21.93	33.11	0.9	0.669216	13.2103	1.24716	770.08	0.96043	3.28	0
870	17:28:41.86	21.5175	13.77117	21.93	33.15	0.9	0.670026	13.2266	1.24720	770.10	0.96046	3.28	0
871	17:28:42.16	21.5935	13.75304	21.93	33.15	0.9	0.669138	13.2092	1.24720	770.08	0.96046	3.28	0
872	17:28:42.46	21.6675	13.73519	21.93	33.18	0.9	0.668274	13.1913	1.24716	770.06	0.96040	3.28	0
873	17:28:42.76	21.8270	13.69683	21.93	33.18	0.9	0.666408	13.1547	1.24720	770.06	0.96042	3.28	0
874	17:28:43.06	21.9170	13.67527	21.93	33.22	0.9	0.665358	13.1337	1.24720	770.06	0.96040	3.28	0
875	17:28:43.36	21.8545	13.69025	21.92	33.22	0.9	0.666084	13.1484	1.24720	770.06	0.96042	3.28	0
876	17:28:43.66	21.7970	13.70404	21.92	33.28	0.9	0.666762	13.1616	1.24716	770.08	0.96042	3.28	0
877	17:28:43.96	21.7710	13.71020	21.93	33.28	0.9	0.667062	13.1669	1.24716	770.04	0.96037	3.28	0
878	17:28:44.26	21.7480	13.71580	21.93	33.27	0.9	0.667332	13.1722	1.24716	770.06	0.96037	3.28	0
879	17:28:44.56	21.7090	13.72518	21.93	33.27	0.9	0.667788	13.1812	1.24716	770.06	0.96037	3.28	0
880	17:28:44.86	21.5715	13.75815	21.93	33.31	0.9	0.669396	13.2136	1.24716	770.08	0.96042	3.28	0
881	17:28:45.16	21.3950	13.80057	21.93	33.31	0.9	0.671460	13.2544	1.24716	770.10	0.96043	3.28	0
882	17:28:45.46	21.2130	13.84432	21.93	33.31	0.9	0.673590	13.2968	1.24716	770.12	0.96046	3.28	0
883	17:28:45.76	21.0640	13.88009	21.92	33.31	0.9	0.675324	13.3318	1.24716	770.16	0.96050	3.28	0
884	17:28:46.06	20.9510	13.90732	21.92	33.31	0.9	0.676650	13.3583	1.24716	770.16	0.96052	3.28	0
885	17:28:46.36	20.9140	13.91614	21.92	33.31	0.9	0.677082	13.3671	1.24716	770.18	0.96054	3.28	0
886	17:28:46.66	20.9005	13.91943	21.92	33.34	0.9	0.677238	13.3701	1.24716	770.18	0.96053	3.28	0
887	17:28:46.96	20.9535	13.90662	21.92	33.34	0.9	0.676620	13.3570	1.24716	770.14	0.96047	3.28	0
888	17:28:47.26	21.0815	13.87589	21.92	33.38	0.9	0.675126	13.3275	1.24716	770.14	0.96048	3.28	0
889	17:28:47.56	21.2170	13.84334	21.92	33.38	0.9	0.673542	13.2959	1.24716	770.12	0.96046	3.28	0
890	17:28:47.86	21.3605	13.80883	21.92	33.42	0.9	0.671862	13.2629	1.24716	770.12	0.96046	3.28	0
891	17:28:48.16	21.3475	13.81191	21.92	33.42	0.9	0.672012	13.2658	1.24716	770.12	0.96046	3.28	0
892	17:28:48.46	21.2255	13.84117	21.92	33.42	0.9	0.673440	13.2937	1.24712	770.12	0.96044	3.28	0
893	17:28:48.76	20.9815	13.89976	21.93	33.42	0.9	0.676290	13.3507	1.24716	770.16	0.96050	3.28	0
894	17:28:49.06	20.8715	13.92622	21.93	33.46	0.9	0.677580	13.3763	1.24716	770.16	0.96051	3.28	0
895	17:28:49.36	20.8045	13.94225	21.93	33.46	0.9	0.678360	13.3918	1.24716	770.16	0.96052	3.28	0
896	17:28:49.66	20.8570	13.92965	21.93	33.46	0.9	0.677748	13.3800	1.24716	770.18	0.96054	3.28	0
897	17:28:49.96	20.7055	13.96612	21.92	33.46	0.9	0.679518	13.4154	1.24716	770.20	0.96056	3.28	0
898	17:28:50.26	20.6415	13.98145	21.92	33.52	0.9	0.680268	13.4302	1.24716	770.20	0.96057	3.28	0
899	17:28:50.56	20.6730	13.97382	21.92	33.52	0.9	0.679896	13.4227	1.24716	770.20	0.96056	3.28	0
900	17:28:50.86	20.7205	13.96241	21.92	33.52	0.9	0.679338	13.4124	1.24720	770.22	0.96061	3.28	0
901	17:28:51.16	20.7480	13.95583	21.93	33.52	0.9	0.679020	13.4049	1.24716	770.18	0.96052	3.28	0
902	17:28:51.46	20.8060	13.94176	21.93	33.56	0.9	0.678342	13.3916	1.24716	770.18	0.96053	3.28	0
903	17:28:51.76	20.7965	13.94414	21.93	33.56	0.9	0.678456	13.3946	1.24720	770.20	0.96059	3.28	0
904	17:28:52.06	20.8105	13.94071	21.93	33.56	0.9	0.678288	13.3909	1.24716	770.20	0.96056	3.28	0
905	17:28:52.36	20.6875	13.97025	21.93	33.56	0.9	0.679728	13.4194	1.24716	770.20	0.96057	3.28	0
906	17:28:52.66	20.5870	13.99440	21.93	33.59	0.9	0.680898	13.4431	1.24720	770.22	0.96061	3.28	0
907	17:28:52.96	20.6325	13.98341	21.93	33.59	0.9	0.680370	13.4322	1.24716	770.20	0.96058	3.28	0
908	17:28:53.26	20.6910	13.96948	21.93	33.59	0.9	0.679686	13.4182	1.24712	770.20	0.96054	3.28	0
909	17:28:53.56	20.7155	13.96360	21.93	33.59	0.9	0.679404	13.4127	1.24716	770.18	0.96055	3.28	0
910	17:28:53.86	20.6860	13.97067	21.93	33.62	0.9	0.679746	13.4200	1.24720	770.20	0.96059	3.28	0
911	17:28:54.16	20.5080	14.01337	21.93	33.62	0.9	0.681828	13.4611	1.24716	770.22	0.96059	3.28	0
912	17:28:54.46	20.3925	14.04109	21.93	33.62	0.9	0.683178	13.4884	1.24720	770.24	0.96064	3.28	0
913	17:28:54.76	20.4630	14.02415	21.93	33.62	0.9	0.682350	13.4709	1.24716	770.20	0.96055	3.28	0
914	17:28:55.06	20.5790	13.99622	21.93	33.65	0.9	0.680994	13.4439	1.24716	770.20	0.96054	3.28	0
915	17:28:55.36	20.6610	13.97655	21.93	33.65	0.9	0.680034	13.4254	1.24716	770.20	0.96057	3.28	0
916	17:28:55.66	20.6570	13.97753	21.93	33.67	0.9	0.680088	13.4258	1.24712	770.20	0.96053	3.28	0
917	17:28:55.96	20.6175	13.98698	21.93	33.67	0.9	0.680544	13.4354	1.24716	770.20	0.96056	3.28	0
918	17:28:56.26	20.5160	14.01141	21.93	33.65	0.9	0.681732	13.4588	1.24716	770.22	0.96056	3.28	0
919	17:28:56.56	20.4990	14.01554	21.93	33.65	0.9	0.681930	13.4634	1.24716	770.22	0.96061	3.28	0
920	17:28:56.86	20.6430	13.98082	21.93	33.69	0.9	0.680244	13.4295	1.24716	770.20	0.96056	3.28	0
921	17:28:57.16	20.6190	13.98663	21.93	33.69	0.9	0.680526	13.4352	1.24716	770.22	0.96058	3.28	0
922	17:28:57.46	20.6200	13.98642	21.93	33.69	0.9	0.680520	13.4350	1.24716	770.20	0.96058	3.28	0
923	17:28:57.76	20.6865	13.97039	21.93	33.69	0.9	0.679740	13.4192	1.24716	770.18	0.96055	3.28	0
924	17:28:58.06	20.7340	13.95905	21.93	33.69	0.9	0.679188	13.4085	1.24716	770.20	0.96056	3.28	0
925	17:28:58.36	20.7435	13.95674	21.93	33.69	0.9	0.679074	13.4062	1.24716	770.18	0.96055	3.28	0
926	17:28:58.66	20.7305	13.95989	21.93	33.69	0.9	0.679224	13.4094	1.24716	770.20	0.96057	3.28	0
927	17:28:58.96	20.6770	13.97270	21.93	33.69	0.9	0.679848	13.4219	1.24716	770.20	0.96058	3.28	0
928	17:28:59.26	20.5465	14.00406	21.93	33.69	0.9	0.681378	13.4520	1.24716	770.22	0.96058	3.28	0
929	17:28:59.56	20.4800	14.02009	21.93	33.69	0.9	0.682158	13.4674	1.24716	770.22	0.96058	3.28	0
930	17:28:59.86	20.5425	14.00497	21.93	33.69	0.9	0.681420	13.4535	1.24720	770.24	0.96062	3.28	0
931	17:29:00.16	20.5515	14.00287	21.93	33.69	0.9	0.681318	13.4511	1.24716	770.22	0.96059	3.28	0
932	17:29:00.46	20.5225	14.00987	21.93	33.69	0.9	0.681660	13.4586	1.24720	770.24	0.96065	3.28	0
933	17:29:00.76	20.4580	14.02527	21.93	33.69	0.9	0.682410	13.4725	1.24716	770.22	0.96059	3.28	0
934	17:29:01.06	20.3995	14.03934	21.93	33.69	0.9	0.683088	13.4870	1.24720	770.24	0.96066	3.28	0
935	17:29:01.36	20.3445	14.05264	21.93	33.69	0.9	0.683736	13.4989	1.24716	770.22	0.96059	3.28	0
936	17:29:01.66	20.3440	14.05271	21.93	33.69	0.9	0.683742	13.4996	1.24716	770.26	0.96064	3.28	0
937	17:29:01.96	20.3675	14.04697	21.93	33.69	0.9	0.683466	13.4946	1.24720	770.26	0.96067	3.28	0
938	17:29:02.26	20.4365	14.03038	21.93	33.72	0.9	0.682656	13.4780	1.24716	770.24	0.96063	3.28	0
939	17:29:02.56	20.4210	14.03416	21.93	33.72	0.9	0.682842	13.4819	1.24720	770.26	0.96065	3.28	0
940	17:29:02.86	20.3765	14.04480	21.93	33.73	0.9	0.683358	13.4921	1.24720	770.24	0.96065	3.28	0
941	17:29:03.16	20.3975	14.03976	21.93	33.73	0.9	0.683118	13.4870	1.24720	770.24	0.96062	3.28	0
942	17:29:03.46	20.3875	14.04228	21.93	33.72	0.9	0.683238	13.4896	1.24720	770.26	0.96064	3.28	0
943	17:29:03.76	20.3630	14.04802	21.93	33.72	0.9	0.683520	13.4949	1.24716	770.24	0.96063	3.28	0
944	17:29:04.06	20.3285	14.05642	21.93	33.72	0.9	0.683928	13.5034	1.24720	770.26	0.96065	3.28	0
945	17:29:04.36	20.2510	14.07497	21.93	33.72	0.9	0.684828	13.5205	1.24712	770.24	0.96061	3.28	0
946	17:29:04.66	20.1875	14.09030	21.93	33.72	0.9	0.685572	13.5358	1.24716	770.28	0.96065	3.28	0
947	17:29:04.96	20.1685	14.09485	21.93	33.72	0.9	0.685794	13.5402	1.24716	770.26	0.96065	3.28	0
948	17:29:05.26	20.1425	14.10115	21.93	33.72	0.9	0.686100	13.5463	1.24716	770.28	0.96065	3.28	0
949	17:29:05.56	20.1125	14.10829	21.93	33.72	0.9	0.686448	13.5538	1.24720	770.28	0.96070	3.28	0
950	17:29:05.86	20.1095	14.10892	21.93	33.75	0.9	0.686484	13.5549	1.24724	770.30	0.96073	3.28	0
951	17:29:06.16	20.1460	14.10024	21.93	33.75	0.9	0.686058	13.5462	1.24720	770.30	0.96071	3.28	0
952	17:29:06.46	20.1720	14.09394	21.93	33.77	0.9	0.685752	13.5402	1.24720	770.30	0.96071	3.28	0
953	17:29:06.76	20.1760	14.09296	21.93	33.77	0.9	0.685704	13.5390	1.24720	770.28	0.96070	3.28	0
954	17:29:07.06	20.1490	14.09947	21.93	33.75	0.9	0.686022	13.5446	1.24716	770.28	0.96065	3.28	0
955	17:29:07.36	20.1225	14.10584	21.93	33.75	0.9	0.686328	13.5512	1.24720	770.28	0.96068	3.28	0
956	17:29:07.66	20.1065	14.10976	21.93	33.75	0.9	0.686520	13.5551	1.24720	770.30	0.96069	3.28	0
957	17:29:07.96	20.0860	14.11452	21.94	33.75	0.9	0.686754	13.5593	1.24716	770.28	0.96066	3.28	0
958	17:29:08.26	20.0810	14.11578	21.94	33.79	0.9	0.686820	13.5605	1.24716	770.28	0.96067	3.28	0
959	17:29:08.56	20.0815	14.11564	21.93	33.79	0.9	0.686808	13.5605	1.24716	770.28	0.96067	3.28	0
960	17:29:08.86	20.0870	14.11438	21.93	33.79	0.9	0.686748	13.5595	1.24716	770.30	0.96068	3.28	0
961	17:29:09.16	20.1010	14.11102	21.93	33.79	0.9	0.686586	13.5566	1.24720	770.30	0.96071	3.28	0
962	17:29:09.46	20.1080	14.10927	21.93	33.82	0.9	0.686502	13.5544	1.24716	770.28	0.96068	3.28	0
963	17:29:09.76	20.1165	14.10724	21.93	33.82	0.9	0.686400	13.5526	1.24720	770.28	0.96069	3.28	0
964	17:29:10.06	20.1180	14.10689	21.93	33.83	0.9	0.686382	13.5522	1.24720	770.28	0.96068	3.28	0
965	17:29:10.36	20.1070	14.10955	21.93	33.83	0.9	0.686514	13.5550	1.24720	770.28	0.96070	3.28	0
966	17:29:10.66	20.0920	14.11312	21.93	33.82	0.9	0.686688	13.5581	1.24716	770.28	0.96067	3.28	0
967	17:29:10.96	20.0850	14.11487	21.93	33.82	0.9	0.686772	13.5603	1.24720	770.30	0.96071	3.28	0
968	17:29:11.26	20.0800	14.11599	21.93	33.82	0.9	0.686826	13.5606	1.24716	770.28	0.96065	3.28	0
969	17:29:11.56	20.0765	14.11690	21.93	33.82	0.9	0.686874	13.5621	1.24720	770.28	0.96070	3.28	0
970	17:29:11.86	20.0705	14.11830	21.93	33.83	0.9	0.686940	13.5635	1.24720	770.30	0.96070	3.28	0
971	17:29:12.16	20.0705	14.11830	21.93	33.83	0.9	0.686940	13.5636	1.24720	770.30	0.96071	3.28	0
972	17:29:12.46	20.0810	14.11578	21.93	33.82	0.9	0.686814	13.5610	1.24716	770.30	0.96070	3.28	0
973	17:29:12.76	20.0900	14.11368	21.93	33.82	0.9	0.686712	13.5588	1.24716	770.28	0.96068	3.28	0
974	17:29:13.06	20.0990	14.11144	21.93	33.82	0.9	0.686604	13.5564	1.24716	770.28	0.96067	3.28	0
975	17:29:13.36	20.1080	14.10934	21.93	33.82	0.9	0.686502	13.5545	1.24716	770.28	0.96068	3.28	0
976	17:29:13.66	20.1085	14.10906	21.93	33.89	0.9	0.686496	13.5544	1.24720	770.28	0.96068	3.28	0
977	17:29:13.96	20.1055	14.10983	21.93	33.89	0.9	0.686532	13.5552	1.24720	770.28	0.96069	3.28	0
978	17:29:14.26	20.1010	14.11095	21.93	33.90	0.9	0.686586	13.5565	1.24720	770.30	0.96071	3.28	0
979	17:29:14.56	20.0985	14.11151	21.93	33.90	0.9	0.686616	13.5565	1.24716	770.28	0.96067	3.28	0
980	17:29:14.86	20.0985	14.11151	21.93	33.89	0.9	0.686610	13.5569	1.24720	770.28	0.96070	3.28	0
981	17:29:15.16	20.0895	14.11368	21.93	33.89	0.9	0.686718	13.5589	1.24720	770.28	0.96069	3.28	0
982	17:29:15.46	20.0785	14.11634	21.93	33.90	0.9	0.686850	13.5615	1.24720	770.30	0.96070	3.28	0
983	17:29:15.76	20.0760	14.11683	21.93	33.90	0.9	0.686874	13.5622	1.24720	770.30	0.96071	3.28	0
984	17:29:16.06	20.0760	14.11697	21.93	33.89	0.9	0.686880	13.5624	1.24720	770.30	0.96072	3.28	0
985	17:29:16.36	20.0800	14.11592	21.94	33.89	0.9	0.686826	13.5614	1.24720	770.30	0.96072	3.28	0
986	17:29:16.66	20.0805	14.11578	21.94	33.90	0.9	0.686820	13.5615	1.24720	770.32	0.96074	3.28	0
987	17:29:16.96	20.0760	14.11683	21.94	33.90	0.9	0.686874	13.5623	1.24720	770.30	0.96072	3.28	0
988	17:29:17.26	20.0800	14.11585	21.94	33.89	0.9	0.686826	13.5616	1.24720	770.32	0.96073	3.28	0
989	17:29:17.56	20.0795	14.11599	21.94	33.89	0.9	0.686832	13.5614	1.24720	770.30	0.96071	3.28	0
990	17:29:17.86	20.0800	14.11585	21.94	33.90	0.9	0.686826	13.5614	1.24720	770.30	0.96072	3.28	0
991	17:29:18.16	20.0790	14.11620	21.93	33.90	0.9	0.686844	13.5614	1.24716	770.30	0.96070	3.28	0
992	17:29:18.46	20.0785	14.11634	21.93	33.90	0.9	0.686850	13.5618	1.24720	770.30	0.96071	3.28	0
993	17:29:18.76	20.0725	14.11774	21.94	33.90	0.9	0.686916	13.5628	1.24716	770.30	0.96069	3.28	0
994	17:29:19.06	20.0735	14.11739	21.94	33.89	0.9	0.686904	13.5630	1.24720	770.30	0.96073	3.28	0
995	17:29:19.36	20.0710	14.11809	21.94	33.89	0.9	0.686934	13.5638	1.24720	770.30	0.96073	3.28	0
996	17:29:19.66	20.0715	14.11788	21.94	33.92	0.9	0.686928	13.5638	1.24724	770.32	0.96076	3.28	0
997	17:29:19.96	20.0725	14.11767	21.94	33.92	0.9	0.686916	13.5632	1.24720	770.30	0.96073	3.28	0
998	17:29:20.26	20.0715	14.11788	21.94	33.93	0.9	0.686928	13.5635	1.24720	770.32	0.96073	3.28	0
999	17:29:20.56	20.0740	14.11739	21.93	33.93	0.9	0.686898	13.5633	1.24720	770.32	0.96075	3.28	0
1000	17:29:20.86	20.0705	14.11823	21.93	33.93	0.9	0.686940	13.5634	1.24720	770.30	0.96070	3.28	0
1001	17:29:21.16	20.0750	14.11711	21.94	33.93	0.9	0.686886	13.5626	1.24720	770.30	0.96072	3.28	0
1002	17:29:21.46	20.0760	14.11676	21.94	33.93	0.9	0.686874	13.5622	1.24720	770.30	0.96072	3.28	0
1003	17:29:21.76	20.0765	14.11669	21.94	33.93	0.9	0.686868	13.5624	1.24720	770.32	0.96074	3.28	0
1004	17:29:22.06	20.0790	14.11613	21.94	33.92	0.9	0.686844	13.5623	1.24724	770.32	0.96076	3.28	0
1005	17:29:22.36	20.0765	14.11676	21.94	33.92	0.9	0.686874	13.5628	1.24720	770.32	0.96076	3.28	0
1006	17:29:22.66	20.0770	14.11655	21.94	33.93	0.9	0.686862	13.5631	1.24724	770.34	0.96080	3.28	0
1007	17:29:22.96	20.0745	14.11718	21.94	33.93	0.9	0.686892	13.5628	1.24720	770.30	0.96073	3.28	0
1008	17:29:23.26	20.0715	14.11781	21.94	33.93	0.9	0.686922	13.5631	1.24720	770.30	0.96070	3.28	0
1009	17:29:23.56	20.0730	14.11746	21.94	33.93	0.9	0.686910	13.5632	1.24720	770.32	0.96074	3.28	0
1010	17:29:23.86	20.0755	14.11690	21.94	33.92	0.9	0.686880	13.5626	1.24720	770.30	0.96073	3.28	0
1011	17:29:24.16	20.0750	14.11711	21.94	33.92	0.9	0.686886	13.5626	1.24720	770.30	0.96073	3.28	0
1012	17:29:24.46	20.0760	14.11676	21.94	33.93	0.9	0.686874	13.5621	1.24720	770.30	0.96071	3.28	0
1013	17:29:24.76	20.0730	14.11760	21.94	33.93	0.9	0.686910	13.5628	1.24716	770.30	0.96070	3.28	0
1014	17:29:25.06	20.0715	14.11795	21.94	33.93	0.9	0.686928	13.5634	1.24720	770.32	0.96072	3.28	0
1015	17:29:25.36	20.0705	14.11809	21.94	33.93	0.9	0.686940	13.5635	1.24720	770.30	0.96071	3.28	0
1016	17:29:25.66	20.0705	14.11816	21.94	33.92	0.9	0.686940	13.5634	1.24716	770.30	0.96071	3.28	0
1017	17:29:25.96	20.0670	14.11893	21.94	33.92	0.9	0.686976	13.5638	1.24716	770.30	0.96068	3.28	0
1018	17:29:26.26	20.0655	14.11928	21.94	33.93	0.9	0.686994	13.5646	1.24720	770.30	0.96071	3.28	0
1019	17:29:26.56	20.0695	14.11830	21.94	33.93	0.9	0.686946	13.5646	1.24724	770.32	0.96078	3.28	0
1020	17:29:26.86	20.0650	14.11942	21.94	33.93	0.9	0.687000	13.5645	1.24716	770.30	0.96070	3.28	0
1021	17:29:27.16	20.0670	14.11893	21.94	33.93	0.9	0.686982	13.5640	1.24716	770.30	0.96070	3.28	0
1022	17:29:27.46	20.0680	14.11872	21.94	33.93	0.9	0.686970	13.5644	1.24720	770.32	0.96074	3.28	0
1023	17:29:27.76	20.0655	14.11928	21.94	33.93	0.9	0.686994	13.5647	1.24720	770.30	0.96072	3.28	0
1024	17:29:28.06	20.0685	14.11865	21.94	33.93	0.9	0.686964	13.5644	1.24720	770.32	0.96074	3.28	0
1025	17:29:28.36	20.0705	14.11802	21.95	33.93	0.9	0.686934	13.5640	1.24720	770.32	0.96076	3.28	0
1026	17:29:28.66	20.0680	14.11872	21.95	33.93	0.9	0.686970	13.5647	1.24724	770.32	0.96076	3.28	0
1027	17:29:28.96	20.0660	14.11921	21.94	33.93	0.9	0.686994	13.5647	1.24720	770.30	0.96073	3.28	0
1028	17:29:29.26	20.0645	14.11956	21.94	33.93	0.9	0.687012	13.5649	1.24720	770.30	0.96072	3.28	0
1029	17:29:29.56	20.0665	14.11907	21.94	33.93	0.9	0.686988	13.5648	1.24720	770.32	0.96074	3.28	0
1030	17:29:29.86	20.0650	14.11942	21.94	33.93	0.9	0.687000	13.5651	1.24720	770.30	0.96074	3.28	0
1031	17:29:30.16	20.0650	14.11942	21.95	33.93	0.9	0.687006	13.5651	1.24720	770.32	0.96074	3.28	0
1032	17:29:30.46	20.0655	14.11921	21.95	33.93	0.9	0.686994	13.5649	1.24720	770.32	0.96074	3.28	0
1033	17:29:30.76	20.0665	14.11900	21.95	33.93	0.9	0.686982	13.5649	1.24720	770.32	0.96075	3.28	0
1034	17:29:31.06	20.0670	14.11893	21.95	33.93	0.9	0.686982	13.5649	1.24720	770.32	0.96076	3.28	0
1035	17:29:31.36	20.0690	14.11851	21.94	33.93	0.9	0.686958	13.5640	1.24720	770.32	0.96073	3.28	0
1036	17:29:31.66	20.0685	14.11858	21.94	33.93	0.9	0.686964	13.5639	1.24720	770.30	0.96071	3.28	0
1037	17:29:31.96	20.0635	14.11970	21.95	33.93	0.9	0.687018	13.5641	1.24712	770.28	0.96065	3.28	0
1038	17:29:32.26	20.0615	14.12019	21.95	33.93	0.9	0.687042	13.5646	1.24716	770.28	0.96065	3.28	0
1039	17:29:32.56	20.0630	14.11991	21.94	33.93	0.9	0.687024	13.5651	1.24716	770.30	0.96071	3.28	0
1040	17:29:32.86	20.0610	14.12040	21.94	33.93	0.9	0.687048	13.5658	1.24720	770.30	0.96072	3.28	0
1041	17:29:33.16	20.0615	14.12026	21.94	33.93	0.9	0.687042	13.5656	1.24720	770.30	0.96071	3.28	0
1042	17:29:33.46	20.0620	14.12012	21.94	33.93	0.9	0.687036	13.5652	1.24716	770.30	0.96070	3.28	0
1043	17:29:33.76	20.0630	14.11991	21.95	33.93	0.9	0.687030	13.5654	1.24720	770.30	0.96073	3.28	0
1044	17:29:34.06	20.0605	14.12054	21.95	33.93	0.9	0.687060	13.5655	1.24716	770.30	0.96070	3.28	0
1045	17:29:34.36	20.0610	14.12047	21.94	33.93	0.9	0.687054	13.5656	1.24716	770.30	0.96071	3.28	0
1046	17:29:34.66	20.0620	14.12019	21.94	33.93	0.9	0.687036	13.5655	1.24720	770.30	0.96072	3.28	0
1047	17:29:34.96	20.0600	14.12054	21.95	33.93	0.9	0.687060	13.5660	1.24720	770.30	0.96073	3.28	0
1048	17:29:35.26	20.0630	14.11984	21.95	33.93	0.9	0.687024	13.5652	1.24720	770.30	0.96071	3.28	0
1049	17:29:35.56	20.0595	14.12068	21.95	33.93	0.9	0.687066	13.5656	1.24716	770.30	0.96069	3.28	0
1050	17:29:35.86	20.0620	14.12005	21.95	33.93	0.9	0.687036	13.5654	1.24716	770.32	0.96072	3.28	0
1051	17:29:36.16	20.0615	14.12026	21.95	33.93	0.9	0.687048	13.5652	1.24716	770.30	0.96069	3.28	0
1052	17:29:36.46	20.0600	14.12054	21.95	33.93	0.9	0.687060	13.5654	1.24716	770.30	0.96068	3.28	0
1053	17:29:36.76	20.0595	14.12075	21.95	33.93	0.9	0.687066	13.5656	1.24716	770.30	0.96069	3.28	0
1054	17:29:37.06	20.0585	14.12096	21.95	33.93	0.9	0.687084	13.5661	1.24716	770.30	0.96070	3.28	0
1055	17:29:37.36	20.0590	14.12082	21.95	33.93	0.9	0.687072	13.5656	1.24716	770.30	0.96068	3.28	0
1056	17:29:37.66	20.0585	14.12096	21.95	33.93	0.9	0.687078	13.5664	1.24720	770.30	0.96073	3.28	0
1057	17:29:37.96	20.0570	14.12138	21.95	33.93	0.9	0.687096	13.5659	1.24716	770.28	0.96067	3.28	0
1058	17:29:38.26	20.0605	14.12054	21.95	33.93	0.9	0.687060	13.5660	1.24720	770.30	0.96073	3.28	0
1059	17:29:38.56	20.0595	14.12075	21.95	33.93	0.9	0.687066	13.5656	1.24716	770.30	0.96069	3.28	0
1060	17:29:38.86	20.0595	14.12068	21.95	33.93	0.9	0.687066	13.5657	1.24720	770.30	0.96070	3.28	0
1061	17:29:39.16	20.0600	14.12054	21.95	33.93	0.9	0.687060	13.5651	1.24716	770.28	0.96067	3.28	0
1062	17:29:39.46	20.0600	14.12061	21.95	33.93	0.9	0.687060	13.5658	1.24720	770.30	0.96071	3.28	0
1063	17:29:39.76	20.0595	14.12068	21.95	33.93	0.9	0.687066	13.5659	1.24720	770.30	0.96071	3.28	0
1064	17:29:40.06	20.0585	14.12096	21.95	33.93	0.9	0.687078	13.5662	1.24720	770.30	0.96071	3.28	0
1065	17:29:40.36	20.0575	14.12117	21.95	33.93	0.9	0.687090	13.5665	1.24720	770.30	0.96072	3.28	0
1066	17:29:40.66	20.0560	14.12152	21.95	33.93	0.9	0.687108	13.5667	1.24716	770.32	0.96071	3.28	0
1067	17:29:40.96	20.0560	14.12159	21.95	33.93	0.9	0.687108	13.5668	1.24720	770.30	0.96071	3.28	0
1068	17:29:41.26	20.0520	14.12250	21.95	33.93	0.9	0.687156	13.5675	1.24716	770.30	0.96071	3.28	0
1069	17:29:41.56	20.0570	14.12131	21.95	33.93	0.9	0.687096	13.5668	1.24720	770.32	0.96073	3.28	0
1070	17:29:41.86	20.0550	14.12180	21.95	33.93	0.9	0.687120	13.5672	1.24720	770.32	0.96073	3.28	0
1071	17:29:42.16	20.0525	14.12236	21.95	33.93	0.9	0.687144	13.5675	1.24716	770.30	0.96071	3.28	0
1072	17:29:42.46	20.0545	14.12194	21.95	33.93	0.9	0.687126	13.5670	1.24716	770.30	0.96070	3.28	0
1073	17:29:42.76	20.0520	14.12243	21.96	33.93	0.9	0.687156	13.5674	1.24716	770.30	0.96070	3.28	0
1074	17:29:43.06	20.0545	14.12180	21.96	33.93	0.9	0.687126	13.5667	1.24716	770.30	0.96069	3.28	0
1075	17:29:43.36	20.0540	14.12208	21.95	33.93	0.9	0.687132	13.5669	1.24716	770.30	0.96068	3.28	0
1076	17:29:43.66	20.0550	14.12173	21.95	33.93	0.9	0.687120	13.5669	1.24716	770.30	0.96071	3.28	0
1077	17:29:43.96	20.0505	14.12278	21.96	33.93	0.9	0.687168	13.5669	1.24712	770.28	0.96064	3.28	0
1078	17:29:44.26	20.0520	14.12243	21.96	33.93	0.9	0.687156	13.5677	1.24720	770.32	0.96072	3.28	0
1079	17:29:44.56	20.0510	14.12278	21.95	33.93	0.9	0.687168	13.5677	1.24716	770.30	0.96070	3.28	0
1080	17:29:44.86	20.0510	14.12271	21.95	33.93	0.9	0.687162	13.5678	1.24716	770.30	0.96071	3.28	0
1081	17:29:45.16	20.0515	14.12264	21.95	33.93	0.9	0.687162	13.5678	1.24720	770.30	0.96071	3.28	0
1082	17:29:45.46	20.0490	14.12320	21.95	33.93	0.9	0.687192	13.5681	1.24716	770.30	0.96069	3.28	0
1083	17:29:45.76	20.0500	14.12306	21.95	33.93	0.9	0.687180	13.5677	1.24716	770.30	0.96068	3.28	0
1084	17:29:46.06	20.0520	14.12243	21.95	33.93	0.9	0.687150	13.5682	1.24720	770.32	0.96076	3.28	0
1085	17:29:46.36	20.0515	14.12271	21.95	33.93	0.9	0.687162	13.5677	1.24716	770.30	0.96070	3.28	0
1086	17:29:46.66	20.0525	14.12243	21.95	33.93	0.9	0.687150	13.5678	1.24720	770.32	0.96073	3.28	0
1087	17:29:46.96	20.0500	14.12292	21.95	33.93	0.9	0.687174	13.5677	1.24716	770.30	0.96068	3.28	0
1088	17:29:47.26	20.0495	14.12306	21.95	33.93	0.9	0.687180	13.5678	1.24716	770.30	0.96068	3.28	0
1089	17:29:47.56	20.0495	14.12306	21.95	33.93	0.9	0.687180	13.5687	1.24720	770.32	0.96075	3.28	0
1090	17:29:47.86	20.0480	14.12348	21.95	33.97	0.9	0.687204	13.5683	1.24716	770.30	0.96070	3.28	0
1091	17:29:48.16	20.0475	14.12355	21.95	33.97	0.9	0.687204	13.5686	1.24716	770.30	0.96071	3.28	0
1092	17:29:48.46	20.0480	14.12348	21.95	33.97	0.9	0.687204	13.5682	1.24716	770.30	0.96068	3.28	0
1093	17:29:48.76	20.0465	14.12376	21.95	33.97	0.9	0.687216	13.5691	1.24720	770.32	0.96073	3.28	0
1094	17:29:49.06	20.0495	14.12313	21.95	33.93	0.9	0.687186	13.5688	1.24720	770.32	0.96075	3.28	0
1095	17:29:49.36	20.0470	14.12376	21.95	33.93	0.9	0.687216	13.5690	1.24720	770.32	0.96072	3.28	0
1096	17:29:49.66	20.0475	14.12355	21.95	33.97	0.9	0.687204	13.5692	1.24720	770.32	0.96076	3.28	0
1097	17:29:49.96	20.0480	14.12341	21.95	33.97	0.9	0.687204	13.5692	1.24720	770.32	0.96076	3.28	0
1098	17:29:50.26	20.0475	14.12355	21.95	33.93	0.9	0.687204	13.5694	1.24720	770.34	0.96077	3.28	0
1099	17:29:50.56	20.0465	14.12383	21.95	33.93	0.9	0.687222	13.5696	1.24720	770.32	0.96076	3.28	0
1100	17:29:50.86	20.0445	14.12425	21.95	33.93	0.9	0.687240	13.5698	1.24720	770.32	0.96075	3.28	0
1101	17:29:51.16	20.0420	14.12495	21.95	33.93	0.9	0.687270	13.5701	1.24716	770.32	0.96072	3.28	0
1102	17:29:51.46	20.0435	14.12460	21.95	33.97	0.9	0.687258	13.5696	1.24716	770.32	0.96071	3.28	0
1103	17:29:51.76	20.0465	14.12383	21.95	33.97	0.9	0.687222	13.5696	1.24720	770.32	0.96076	3.28	0
1104	17:29:52.06	20.0410	14.12509	21.95	33.97	0.9	0.687282	13.5700	1.24716	770.30	0.96070	3.28	0
1105	17:29:52.36	20.0440	14.12439	21.95	33.97	0.9	0.687246	13.5698	1.24720	770.32	0.96074	3.28	0
1106	17:29:52.66	20.0450	14.12411	21.95	33.97	0.9	0.687234	13.5699	1.24720	770.32	0.96076	3.28	0
1107	17:29:52.96	20.0455	14.12411	21.95	33.97	0.9	0.687234	13.5700	1.24724	770.32	0.96077	3.28	0
1108	17:29:53.26	20.0465	14.12376	21.95	33.97	0.9	0.687216	13.5693	1.24720	770.32	0.96074	3.28	0
1109	17:29:53.56	20.0450	14.12418	21.95	33.97	0.9	0.687234	13.5699	1.24720	770.34	0.96076	3.28	0
1110	17:29:53.86	20.0445	14.12432	21.95	33.97	0.9	0.687246	13.5696	1.24720	770.32	0.96073	3.28	0
1111	17:29:54.16	20.0460	14.12390	21.95	33.97	0.9	0.687228	13.5691	1.24720	770.30	0.96072	3.28	0
1112	17:29:54.46	20.0425	14.12474	21.95	33.97	0.9	0.687264	13.5700	1.24720	770.32	0.96073	3.28	0
1113	17:29:54.76	20.0430	14.12467	21.95	33.97	0.9	0.687264	13.5698	1.24720	770.30	0.96072	3.28	0
1114	17:29:55.06	20.0410	14.12516	21.95	33.97	0.9	0.687288	13.5703	1.24720	770.30	0.96072	3.28	0
1115	17:29:55.36	20.0420	14.12481	21.96	33.97	0.9	0.687270	13.5705	1.24720	770.32	0.96075	3.28	0
1116	17:29:55.66	20.0415	14.12495	21.96	33.97	0.9	0.687276	13.5703	1.24720	770.32	0.96073	3.28	0
1117	17:29:55.96	20.0415	14.12509	21.95	33.97	0.9	0.687282	13.5705	1.24720	770.32	0.96074	3.28	0
1118	17:29:56.26	20.0390	14.12565	21.95	33.97	0.9	0.687306	13.5705	1.24716	770.30	0.96070	3.28	0
1119	17:29:56.56	20.0390	14.12551	21.96	33.97	0.9	0.687306	13.5703	1.24716	770.30	0.96070	3.28	0
1120	17:29:56.86	20.0375	14.12593	21.96	33.97	0.9	0.687324	13.5710	1.24720	770.32	0.96072	3.28	0
1121	17:29:57.16	20.0375	14.12593	21.95	33.97	0.9	0.687324	13.5710	1.24716	770.32	0.96071	3.28	0
1122	17:29:57.46	20.0375	14.12600	21.95	33.97	0.9	0.687324	13.5713	1.24720	770.32	0.96073	3.28	0
1123	17:29:57.76	20.0370	14.12607	21.95	33.97	0.9	0.687330	13.5711	1.24716	770.32	0.96071	3.28	0
1124	17:29:58.06	20.0395	14.12551	21.95	33.97	0.9	0.687300	13.5705	1.24720	770.30	0.96071	3.28	0
1125	17:29:58.36	20.0365	14.12614	21.95	33.97	0.9	0.687336	13.5712	1.24716	770.32	0.96072	3.28	0
1126	17:29:58.66	20.0350	14.12656	21.95	33.97	0.9	0.687354	13.5715	1.24716	770.30	0.96071	3.28	0
1127	17:29:58.96	20.0350	14.12656	21.96	33.97	0.9	0.687354	13.5715	1.24716	770.32	0.96071	3.28	0
1128	17:29:59.26	20.0360	14.12621	21.96	33.97	0.9	0.687342	13.5717	1.24720	770.34	0.96075	3.28	0
1129	17:29:59.56	20.0380	14.12579	21.96	33.97	0.9	0.687318	13.5713	1.24720	770.32	0.96074	3.28	0
1130	17:29:59.86	20.0370	14.12600	21.96	33.97	0.9	0.687330	13.5712	1.24720	770.32	0.96072	3.28	0
1131	17:30:00.16	20.0350	14.12656	21.95	33.97	0.9	0.687354	13.5717	1.24720	770.32	0.96072	3.28	0
1132	17:30:00.46	20.0360	14.12628	21.95	33.97	0.9	0.687342	13.5717	1.24720	770.32	0.96074	3.28	0
1133	17:30:00.76	20.0325	14.12712	21.95	33.97	0.9	0.687384	13.5724	1.24720	770.32	0.96074	3.28	0
1134	17:30:01.06	20.0385	14.12572	21.95	33.97	0.9	0.687312	13.5713	1.24720	770.32	0.96076	3.28	0
1135	17:30:01.36	20.0360	14.12621	21.96	33.97	0.9	0.687342	13.5715	1.24720	770.32	0.96073	3.28	0
1136	17:30:01.66	20.0365	14.12614	21.96	33.97	0.9	0.687336	13.5715	1.24720	770.32	0.96074	3.28	0
1137	17:30:01.96	20.0330	14.12698	21.96	33.97	0.9	0.687378	13.5720	1.24720	770.30	0.96071	3.28	0
1138	17:30:02.26	20.0325	14.12705	21.96	33.97	0.9	0.687384	13.5718	1.24716	770.30	0.96070	3.28	0
1139	17:30:02.56	20.0365	14.12614	21.96	33.97	0.9	0.687336	13.5718	1.24720	770.32	0.96076	3.28	0
1140	17:30:02.86	20.0345	14.12670	21.96	33.97	0.9	0.687360	13.5724	1.24720	770.34	0.96076	3.28	0
1141	17:30:03.16	20.0335	14.12684	21.96	33.97	0.9	0.687372	13.5720	1.24720	770.32	0.96073	3.28	0
1142	17:30:03.46	20.0325	14.12712	21.96	33.97	0.9	0.687384	13.5719	1.24716	770.30	0.96070	3.28	0
1143	17:30:03.76	20.0315	14.12733	21.96	33.97	0.9	0.687396	13.5722	1.24716	770.30	0.96070	3.28	0
1144	17:30:04.06	20.0360	14.12628	21.96	33.97	0.9	0.687342	13.5717	1.24720	770.32	0.96074	3.28	0
1145	17:30:04.36	20.0330	14.12698	21.96	33.97	0.9	0.687378	13.5724	1.24720	770.32	0.96074	3.28	0
1146	17:30:04.66	20.0295	14.12789	21.96	33.97	0.9	0.687420	13.5729	1.24716	770.32	0.96072	3.28	0
1147	17:30:04.96	20.0325	14.12712	21.96	33.97	0.9	0.687384	13.5726	1.24720	770.32	0.96075	3.28	0
1148	17:30:05.26	20.0320	14.12726	21.96	33.97	0.9	0.687390	13.5725	1.24720	770.32	0.96073	3.28	0
1149	17:30:05.56	20.0285	14.12810	21.95	33.97	0.9	0.687432	13.5727	1.24716	770.30	0.96069	3.28	0
1150	17:30:05.86	20.0320	14.12726	21.95	33.97	0.9	0.687390	13.5726	1.24720	770.32	0.96074	3.28	0
1151	17:30:06.16	20.0285	14.12810	21.95	33.97	0.9	0.687426	13.5727	1.24716	770.30	0.96069	3.28	0
1152	17:30:06.46	20.0280	14.12824	21.95	33.97	0.9	0.687438	13.5731	1.24716	770.30	0.96070	3.28	0
1153	17:30:06.76	20.0295	14.12789	21.95	33.97	0.9	0.687414	13.5732	1.24720	770.32	0.96074	3.28	0
1154	17:30:07.06	20.0280	14.12817	21.95	33.97	0.9	0.687432	13.5734	1.24716	770.32	0.96073	3.28	0
1155	17:30:07.36	20.0295	14.12775	21.96	33.97	0.9	0.687414	13.5730	1.24720	770.32	0.96073	3.28	0
1156	17:30:07.66	20.0295	14.12789	21.96	33.97	0.9	0.687420	13.5731	1.24720	770.32	0.96073	3.28	0
1157	17:30:07.96	20.0260	14.12873	21.96	33.97	0.9	0.687462	13.5739	1.24720	770.32	0.96073	3.28	0
1158	17:30:08.26	20.0290	14.12796	21.96	33.97	0.9	0.687426	13.5738	1.24720	770.34	0.96078	3.28	0
1159	17:30:08.56	20.0275	14.12831	21.96	33.97	0.9	0.687438	13.5738	1.24720	770.34	0.96076	3.28	0
1160	17:30:08.86	20.0280	14.12824	21.96	33.97	0.9	0.687438	13.5736	1.24720	770.32	0.96074	3.28	0
1161	17:30:09.16	20.0265	14.12852	21.96	33.97	0.9	0.687450	13.5737	1.24720	770.32	0.96073	3.28	0
1162	17:30:09.46	20.0290	14.12796	21.96	33.97	0.9	0.687426	13.5733	1.24720	770.32	0.96074	3.28	0
1163	17:30:09.76	20.0265	14.12859	21.96	33.97	0.9	0.687456	13.5738	1.24720	770.32	0.96074	3.28	0
1164	17:30:10.06	20.0285	14.12810	21.96	33.97	0.9	0.687432	13.5735	1.24720	770.32	0.96074	3.28	0
1165	17:30:10.36	20.0255	14.12880	21.96	33.97	0.9	0.687468	13.5739	1.24716	770.32	0.96073	3.28	0
1166	17:30:10.66	20.0290	14.12796	21.96	33.97	0.9	0.687426	13.5733	1.24720	770.32	0.96074	3.28	0
1167	17:30:10.96	20.0250	14.12887	21.96	33.97	0.9	0.687468	13.5738	1.24716	770.32	0.96071	3.28	0
1168	17:30:11.26	20.0255	14.12880	21.96	33.97	0.9	0.687468	13.5739	1.24720	770.32	0.96073	3.28	0
1169	17:30:11.56	20.0250	14.12894	21.95	33.97	0.9	0.687468	13.5738	1.24716	770.30	0.96070	3.28	0
1170	17:30:11.86	20.0270	14.12845	21.95	33.97	0.9	0.687444	13.5733	1.24716	770.30	0.96071	3.28	0
1171	17:30:12.16	20.0255	14.12887	21.95	33.97	0.9	0.687468	13.5742	1.24720	770.32	0.96074	3.28	0
1172	17:30:12.46	20.0255	14.12887	21.95	33.97	0.9	0.687468	13.5749	1.24724	770.34	0.96079	3.28	0
1173	17:30:12.76	20.0230	14.12943	21.96	33.97	0.9	0.687492	13.5748	1.24720	770.32	0.96075	3.28	0
1174	17:30:13.06	20.0260	14.12859	21.96	33.97	0.9	0.687456	13.5750	1.24724	770.34	0.96081	3.28	0
1175	17:30:13.36	20.0245	14.12901	21.96	33.97	0.9	0.687474	13.5750	1.24724	770.34	0.96079	3.28	0
1176	17:30:13.66	20.0225	14.12943	21.96	34.00	0.9	0.687498	13.5751	1.24720	770.32	0.96077	3.28	0
1177	17:30:13.96	20.0205	14.12999	21.96	34.00	0.9	0.687522	13.5752	1.24720	770.32	0.96073	3.28	0
1178	17:30:14.26	20.0225	14.12950	21.96	34.00	0.9	0.687498	13.5749	1.24720	770.32	0.96075	3.28	0
1179	17:30:14.56	20.0205	14.12999	21.96	34.00	0.9	0.687522	13.5749	1.24716	770.32	0.96072	3.28	0
1180	17:30:14.86	20.0205	14.12999	21.96	33.97	0.9	0.687522	13.5752	1.24720	770.32	0.96074	3.28	0
1181	17:30:15.16	20.0195	14.13027	21.95	33.97	0.9	0.687534	13.5754	1.24720	770.32	0.96073	3.28	0
1182	17:30:15.46	20.0230	14.12943	21.95	34.00	0.9	0.687498	13.5747	1.24720	770.32	0.96074	3.28	0
1183	17:30:15.76	20.0210	14.12992	21.95	34.00	0.9	0.687522	13.5753	1.24720	770.32	0.96075	3.28	0
1184	17:30:16.06	20.0225	14.12957	21.95	34.00	0.9	0.687504	13.5750	1.24720	770.32	0.96075	3.28	0
1185	17:30:16.36	20.0190	14.13034	21.95	34.00	0.9	0.687540	13.5750	1.24716	770.30	0.96070	3.28	0
1186	17:30:16.66	20.0200	14.13013	21.95	34.00	0.9	0.687528	13.5754	1.24720	770.32	0.96074	3.28	0
1187	17:30:16.96	20.0170	14.13090	21.95	34.00	0.9	0.687564	13.5758	1.24720	770.32	0.96072	3.28	0
1188	17:30:17.26	20.0185	14.13055	21.95	34.00	0.9	0.687546	13.5754	1.24716	770.32	0.96072	3.28	0
1189	17:30:17.56	20.0180	14.13055	21.96	34.00	0.9	0.687552	13.5756	1.24720	770.32	0.96073	3.28	0
1190	17:30:17.86	20.0200	14.13013	21.96	34.00	0.9	0.687534	13.5754	1.24720	770.32	0.96074	3.28	0
1191	17:30:18.16	20.0165	14.13097	21.96	34.00	0.9	0.687570	13.5755	1.24716	770.30	0.96070	3.28	0
1192	17:30:18.46	20.0180	14.13062	21.96	34.00	0.9	0.687552	13.5757	1.24720	770.32	0.96073	3.28	0
1193	17:30:18.76	20.0165	14.13097	21.96	34.00	0.9	0.687570	13.5761	1.24720	770.32	0.96073	3.28	0
1194	17:30:19.06	20.0210	14.12985	21.96	34.00	0.9	0.687516	13.5752	1.24720	770.32	0.96074	3.28	0
1195	17:30:19.36	20.0180	14.13062	21.96	34.00	0.9	0.687558	13.5758	1.24720	770.32	0.96074	3.28	0
1196	17:30:19.66	20.0135	14.13167	21.96	34.00	0.9	0.687606	13.5765	1.24716	770.30	0.96071	3.28	0
1197	17:30:19.96	20.0145	14.13139	21.96	34.00	0.9	0.687594	13.5761	1.24716	770.30	0.96070	3.28	0
1198	17:30:20.26	20.0150	14.13125	21.96	34.00	0.9	0.687588	13.5764	1.24720	770.32	0.96074	3.28	0
1199	17:30:20.56	20.0175	14.13069	21.95	34.00	0.9	0.687558	13.5762	1.24720	770.34	0.96076	3.28	0
1200	17:30:20.86	20.0150	14.13132	21.95	34.00	0.9	0.687588	13.5765	1.24720	770.32	0.96073	3.28	0
1201	17:30:21.16	20.0160	14.13104	21.96	34.00	0.9	0.687576	13.5763	1.24720	770.32	0.96074	3.28	0
1202	17:30:21.46	20.0140	14.13153	21.96	34.00	0.9	0.687600	13.5764	1.24716	770.32	0.96072	3.28	0
1203	17:30:21.76	20.0130	14.13181	21.96	34.00	0.9	0.687612	13.5769	1.24720	770.32	0.96074	3.28	0
1204	17:30:22.06	20.0115	14.13209	21.96	34.00	0.9	0.687624	13.5769	1.24716	770.32	0.96071	3.28	0
1205	17:30:22.36	20.0130	14.13181	21.96	34.00	0.9	0.687612	13.5771	1.24720	770.32	0.96074	3.28	0
1206	17:30:22.66	20.0125	14.13188	21.96	34.00	0.9	0.687618	13.5773	1.24720	770.32	0.96075	3.28	0
1207	17:30:22.96	20.0120	14.13195	21.96	34.00	0.9	0.687618	13.5771	1.24720	770.32	0.96073	3.28	0
1208	17:30:23.26	20.0105	14.13237	21.96	34.00	0.9	0.687642	13.5776	1.24720	770.32	0.96074	3.28	0
1209	17:30:23.56	20.0125	14.13195	21.96	34.00	0.9	0.687618	13.5768	1.24720	770.30	0.96072	3.28	0
1210	17:30:23.86	20.0115	14.13216	21.96	34.00	0.9	0.687630	13.5775	1.24720	770.32	0.96075	3.28	0
1211	17:30:24.16	20.0130	14.13181	21.96	34.00	0.9	0.687612	13.5769	1.24720	770.32	0.96073	3.28	0
1212	17:30:24.46	20.0135	14.13160	21.96	34.00	0.9	0.687600	13.5770	1.24720	770.32	0.96076	3.28	0
1213	17:30:24.76	20.0100	14.13251	21.96	34.00	0.9	0.687648	13.5777	1.24720	770.32	0.96074	3.28	0
1214	17:30:25.06	20.0110	14.13223	21.96	34.00	0.9	0.687630	13.5775	1.24720	770.32	0.96075	3.28	0
1215	17:30:25.36	20.0105	14.13244	21.96	34.00	0.9	0.687642	13.5778	1.24720	770.34	0.96075	3.28	0
1216	17:30:25.66	20.0125	14.13188	21.96	34.00	0.9	0.687618	13.5777	1.24720	770.34	0.96078	3.28	0
1217	17:30:25.96	20.0105	14.13230	21.96	34.00	0.9	0.687636	13.5774	1.24720	770.32	0.96073	3.28	0
1218	17:30:26.26	20.0110	14.13230	21.96	34.00	0.9	0.687636	13.5779	1.24720	770.34	0.96077	3.28	0
1219	17:30:26.56	20.0105	14.13237	21.96	34.00	0.9	0.687642	13.5778	1.24720	770.32	0.96076	3.28	0
1220	17:30:26.86	20.0100	14.13251	21.96	34.00	0.9	0.687648	13.5778	1.24720	770.32	0.96075	3.28	0
1221	17:30:27.16	20.0075	14.13307	21.96	34.00	0.9	0.687672	13.5782	1.24720	770.32	0.96074	3.28	0
1222	17:30:27.46	20.0085	14.13279	21.96	34.00	0.9	0.687660	13.5778	1.24720	770.32	0.96072	3.28	0
1223	17:30:27.76	20.0080	14.13293	21.96	34.00	0.9	0.687666	13.5779	1.24720	770.32	0.96073	3.28	0
1224	17:30:28.06	20.0075	14.13314	21.96	34.00	0.9	0.687678	13.5782	1.24720	770.32	0.96073	3.28	0
1225	17:30:28.36	20.0055	14.13363	21.96	34.00	0.9	0.687702	13.5782	1.24716	770.30	0.96070	3.28	0
1226	17:30:28.66	20.0095	14.13258	21.96	34.00	0.9	0.687654	13.5782	1.24720	770.34	0.96077	3.28	0
1227	17:30:28.96	20.0065	14.13335	21.96	34.00	0.9	0.687690	13.5779	1.24716	770.30	0.96070	3.28	0
1228	17:30:29.26	20.0055	14.13356	21.96	34.00	0.9	0.687696	13.5780	1.24716	770.30	0.96069	3.28	0
1229	17:30:29.56	20.0065	14.13342	21.95	34.00	0.9	0.687690	13.5781	1.24716	770.32	0.96071	3.28	0
1230	17:30:29.86	20.0030	14.13426	21.95	34.00	0.9	0.687726	13.5789	1.24716	770.32	0.96071	3.28	0
1231	17:30:30.16	20.0055	14.13363	21.96	34.00	0.9	0.687702	13.5785	1.24720	770.32	0.96073	3.28	0
1232	17:30:30.46	20.0055	14.13356	21.96	34.00	0.9	0.687702	13.5781	1.24716	770.30	0.96070	3.28	0
1233	17:30:30.76	20.0040	14.13398	21.96	34.00	0.9	0.687720	13.5785	1.24716	770.30	0.96070	3.28	0
1234	17:30:31.06	20.0010	14.13461	21.96	34.00	0.9	0.687750	13.5792	1.24716	770.32	0.96070	3.28	0
1235	17:30:31.36	20.0000	14.13482	21.96	34.00	0.9	0.687762	13.5798	1.24720	770.32	0.96073	3.28	0
1236	17:30:31.66	20.0000	14.13496	21.96	34.00	0.9	0.687768	13.5797	1.24720	770.32	0.96072	3.28	0
1237	17:30:31.96	20.0010	14.13475	21.95	34.00	0.9	0.687756	13.5791	1.24716	770.30	0.96068	3.28	0
1238	17:30:32.26	20.0025	14.13433	21.95	34.00	0.9	0.687732	13.5789	1.24716	770.32	0.96070	3.28	0
1239	17:30:32.56	19.9985	14.13531	21.95	34.00	0.9	0.687780	13.5796	1.24716	770.30	0.96068	3.28	0
1240	17:30:32.86	20.0015	14.13461	21.95	34.00	0.9	0.687750	13.5796	1.24720	770.32	0.96073	3.28	0
1241	17:30:33.16	20.0005	14.13482	21.95	34.00	0.9	0.687756	13.5796	1.24716	770.32	0.96072	3.28	0
1242	17:30:33.46	20.0000	14.13496	21.95	34.00	0.9	0.687768	13.5793	1.24716	770.30	0.96068	3.28	0
1243	17:30:33.76	20.0020	14.13447	21.95	34.00	0.9	0.687738	13.5789	1.24716	770.30	0.96069	3.28	0
1244	17:30:34.06	20.0015	14.13454	21.95	34.00	0.9	0.687744	13.5792	1.24716	770.30	0.96071	3.28	0
1245	17:30:34.36	20.0005	14.13482	21.95	34.00	0.9	0.687756	13.5796	1.24720	770.32	0.96072	3.28	0
1246	17:30:34.66	20.0010	14.13461	21.95	34.03	0.9	0.687750	13.5796	1.24720	770.32	0.96073	3.28	0
1247	17:30:34.96	20.0000	14.13489	21.96	34.03	0.9	0.687762	13.5799	1.24720	770.32	0.96074	3.28	0
1248	17:30:35.26	19.9960	14.13587	21.96	34.03	0.9	0.687810	13.5800	1.24716	770.30	0.96067	3.28	0
1249	17:30:35.56	19.9990	14.13517	21.95	34.03	0.9	0.687774	13.5801	1.24720	770.32	0.96073	3.28	0
1250	17:30:35.86	19.9990	14.13517	21.95	34.03	0.9	0.687774	13.5802	1.24720	770.32	0.96074	3.28	0
1251	17:30:36.16	19.9975	14.13552	21.96	34.03	0.9	0.687798	13.5806	1.24720	770.32	0.96074	3.28	0
1252	17:30:36.46	20.0005	14.13482	21.96	34.03	0.9	0.687762	13.5802	1.24720	770.34	0.96077	3.28	0
1253	17:30:36.76	19.9975	14.13552	21.96	34.03	0.9	0.687792	13.5802	1.24716	770.32	0.96071	3.28	0
1254	17:30:37.06	20.0015	14.13454	21.96	34.03	0.9	0.687750	13.5799	1.24720	770.34	0.96076	3.28	0
1255	17:30:37.36	19.9970	14.13573	21.95	34.03	0.9	0.687804	13.5806	1.24720	770.32	0.96073	3.28	0
1256	17:30:37.66	19.9970	14.13566	21.95	34.03	0.9	0.687798	13.5803	1.24716	770.30	0.96071	3.28	0
1257	17:30:37.96	19.9965	14.13573	21.96	34.03	0.9	0.687804	13.5806	1.24720	770.32	0.96073	3.28	0
1258	17:30:38.26	19.9970	14.13559	21.96	34.03	0.9	0.687798	13.5803	1.24720	770.32	0.96073	3.28	0
1259	17:30:38.56	19.9945	14.13629	21.95	34.03	0.9	0.687828	13.5808	1.24716	770.30	0.96071	3.28	0
1260	17:30:38.86	19.9985	14.13531	21.95	34.03	0.9	0.687780	13.5805	1.24720	770.32	0.96075	3.28	0
1261	17:30:39.16	19.9955	14.13594	21.96	34.03	0.9	0.687816	13.5809	1.24716	770.32	0.96073	3.28	0
1262	17:30:39.46	19.9965	14.13580	21.96	34.03	0.9	0.687810	13.5806	1.24716	770.32	0.96073	3.28	0
1263	17:30:39.76	19.9955	14.13594	21.96	34.03	0.9	0.687816	13.5810	1.24720	770.32	0.96074	3.28	0
1264	17:30:40.06	19.9965	14.13580	21.96	34.03	0.9	0.687810	13.5812	1.24720	770.32	0.96076	3.28	0
1265	17:30:40.36	19.9955	14.13608	21.95	34.03	0.9	0.687822	13.5808	1.24716	770.32	0.96072	3.28	0
1266	17:30:40.66	19.9945	14.13622	21.95	34.03	0.9	0.687828	13.5812	1.24720	770.32	0.96073	3.28	0
1267	17:30:40.96	19.9950	14.13615	21.95	34.03	0.9	0.687822	13.5812	1.24720	770.32	0.96074	3.28	0
1268	17:30:41.26	19.9915	14.13706	21.95	34.03	0.9	0.687864	13.5814	1.24716	770.30	0.96070	3.28	0
1269	17:30:41.56	19.9940	14.13643	21.95	34.03	0.9	0.687840	13.5816	1.24720	770.32	0.96075	3.28	0
1270	17:30:41.86	19.9940	14.13650	21.95	34.03	0.9	0.687840	13.5814	1.24716	770.32	0.96073	3.28	0
1271	17:30:42.16	19.9950	14.13615	21.96	34.03	0.9	0.687828	13.5817	1.24720	770.34	0.96077	3.28	0
1272	17:30:42.46	19.9935	14.13643	21.96	34.03	0.9	0.687840	13.5817	1.24720	770.32	0.96076	3.28	0
1273	17:30:42.76	19.9930	14.13664	21.95	34.03	0.9	0.687846	13.5810	1.24716	770.30	0.96070	3.28	0
1274	17:30:43.06	19.9935	14.13650	21.95	34.03	0.9	0.687840	13.5815	1.24720	770.32	0.96074	3.28	0
1275	17:30:43.36	19.9905	14.13727	21.95	34.03	0.9	0.687876	13.5817	1.24720	770.30	0.96071	3.28	0
1276	17:30:43.66	19.9945	14.13629	21.95	34.03	0.9	0.687828	13.5816	1.24720	770.32	0.96076	3.28	0
1277	17:30:43.96	19.9925	14.13685	21.95	34.03	0.9	0.687858	13.5816	1.24720	770.32	0.96073	3.28	0
1278	17:30:44.26	19.9910	14.13713	21.95	34.03	0.9	0.687870	13.5822	1.24720	770.32	0.96074	3.28	0
1279	17:30:44.56	19.9905	14.13734	21.95	34.03	0.9	0.687882	13.5820	1.24720	770.32	0.96073	3.28	0
1280	17:30:44.86	19.9905	14.13727	21.95	34.03	0.9	0.687876	13.5823	1.24720	770.34	0.96075	3.28	0
1281	17:30:45.16	19.9885	14.13776	21.95	34.03	0.9	0.687900	13.5828	1.24720	770.32	0.96074	3.28	0
1282	17:30:45.46	19.9890	14.13769	21.95	34.03	0.9	0.687900	13.5827	1.24720	770.34	0.96074	3.28	0
1283	17:30:45.76	19.9890	14.13762	21.96	34.03	0.9	0.687900	13.5827	1.24720	770.34	0.96075	3.28	0
1284	17:30:46.06	19.9875	14.13797	21.96	34.03	0.9	0.687912	13.5829	1.24720	770.32	0.96074	3.28	0
1285	17:30:46.36	19.9880	14.13783	21.96	34.03	0.9	0.687906	13.5829	1.24720	770.34	0.96075	3.28	0
1286	17:30:46.66	19.9865	14.13825	21.96	34.03	0.9	0.687930	13.5833	1.24720	770.34	0.96075	3.28	0
1287	17:30:46.96	19.9860	14.13839	21.96	34.03	0.9	0.687936	13.5830	1.24716	770.32	0.96072	3.28	0
1288	17:30:47.26	19.9880	14.13783	21.96	34.03	0.9	0.687906	13.5829	1.24720	770.32	0.96074	3.28	0
1289	17:30:47.55	19.9865	14.13825	21.96	34.03	0.9	0.687930	13.5831	1.24720	770.32	0.96074	3.28	0
1290	17:30:47.86	19.9835	14.13902	21.96	34.03	0.9	0.687966	13.5836	1.24716	770.32	0.96072	3.28	0
1291	17:30:48.16	19.9845	14.13881	21.95	34.03	0.9	0.687954	13.5834	1.24716	770.32	0.96071	3.28	0
1292	17:30:48.46	19.9860	14.13839	21.95	34.03	0.9	0.687930	13.5834	1.24720	770.32	0.96075	3.28	0
1293	17:30:48.76	19.9850	14.13867	21.95	34.03	0.9	0.687942	13.5841	1.24720	770.34	0.96078	3.28	0
1294	17:30:49.06	19.9830	14.13916	21.95	34.03	0.9	0.687972	13.5840	1.24720	770.32	0.96074	3.28	0
1295	17:30:49.36	19.9835	14.13909	21.95	34.03	0.9	0.687966	13.5837	1.24720	770.30	0.96072	3.28	0
1296	17:30:49.66	19.9860	14.13839	21.95	34.03	0.9	0.687930	13.5838	1.24720	770.34	0.96077	3.28	0
1297	17:30:49.96	19.9845	14.13874	21.96	34.03	0.9	0.687954	13.5839	1.24720	770.34	0.96076	3.28	0
1298	17:30:50.26	19.9845	14.13874	21.96	34.03	0.9	0.687954	13.5838	1.24720	770.32	0.96074	3.28	0
1299	17:30:50.56	19.9820	14.13937	21.95	34.03	0.9	0.687978	13.5838	1.24716	770.32	0.96071	3.28	0
1300	17:30:50.85	19.9820	14.13944	21.95	34.03	0.9	0.687984	13.5839	1.24716	770.32	0.96071	3.28	0
1301	17:30:51.15	19.9830	14.13916	21.96	34.03	0.9	0.687972	13.5843	1.24720	770.34	0.96076	3.28	0
1302	17:30:51.46	19.9830	14.13916	21.96	34.03	0.9	0.687972	13.5841	1.24720	770.32	0.96074	3.28	0
1303	17:30:51.76	19.9825	14.13923	21.95	34.03	0.9	0.687972	13.5836	1.24716	770.32	0.96071	3.28	0
1304	17:30:52.06	19.9810	14.13965	21.95	34.07	0.9	0.687996	13.5842	1.24716	770.32	0.96071	3.28	0
1305	17:30:52.36	19.9815	14.13944	21.96	34.07	0.9	0.687984	13.5840	1.24716	770.32	0.96072	3.28	0
1306	17:30:52.66	19.9835	14.13902	21.96	34.03	0.9	0.687966	13.5841	1.24720	770.34	0.96076	3.28	0
1307	17:30:52.95	19.9825	14.13923	21.96	34.03	0.9	0.687978	13.5847	1.24720	770.34	0.96078	3.28	0
1308	17:30:53.26	19.9780	14.14028	21.96	34.07	0.9	0.688032	13.5850	1.24720	770.32	0.96073	3.28	0
1309	17:30:53.56	19.9805	14.13972	21.96	34.07	0.9	0.688002	13.5845	1.24720	770.32	0.96073	3.28	0
1310	17:30:53.86	19.9810	14.13958	21.96	34.07	0.9	0.687996	13.5848	1.24720	770.32	0.96077	3.28	0
1311	17:30:54.16	19.9795	14.14007	21.95	34.07	0.9	0.688014	13.5846	1.24716	770.32	0.96072	3.28	0
1312	17:30:54.46	19.9790	14.14021	21.95	34.07	0.9	0.688020	13.5851	1.24720	770.32	0.96074	3.28	0
1313	17:30:54.76	19.9775	14.14049	21.95	34.07	0.9	0.688038	13.5853	1.24720	770.32	0.96074	3.28	0
1314	17:30:55.06	19.9755	14.14105	21.95	34.07	0.9	0.688062	13.5856	1.24720	770.30	0.96072	3.28	0
1315	17:30:55.36	19.9790	14.14014	21.95	34.07	0.9	0.688020	13.5854	1.24720	770.32	0.96076	3.28	0
1316	17:30:55.65	19.9780	14.14035	21.95	34.07	0.9	0.688032	13.5860	1.24724	770.34	0.96080	3.28	0
1317	17:30:55.95	19.9790	14.14007	21.96	34.07	0.9	0.688020	13.5852	1.24720	770.34	0.96076	3.28	0
1318	17:30:56.26	19.9770	14.14063	21.96	34.07	0.9	0.688044	13.5852	1.24720	770.32	0.96073	3.28	0
1319	17:30:56.56	19.9785	14.14021	21.96	34.07	0.9	0.688026	13.5851	1.24720	770.34	0.96074	3.28	0
1320	17:30:56.86	19.9765	14.14070	21.96	34.07	0.9	0.688050	13.5857	1.24720	770.34	0.96075	3.28	0
1321	17:30:57.15	19.9760	14.14098	21.95	34.07	0.9	0.688056	13.5854	1.24716	770.30	0.96071	3.28	0
1322	17:30:57.46	19.9740	14.14133	21.95	34.07	0.9	0.688080	13.5862	1.24716	770.32	0.96074	3.28	0
1323	17:30:57.76	19.9750	14.14112	21.95	34.07	0.9	0.688068	13.5862	1.24720	770.34	0.96076	3.28	0
1324	17:30:58.06	19.9740	14.14147	21.95	34.07	0.9	0.688080	13.5862	1.24720	770.32	0.96073	3.28	0
1325	17:30:58.36	19.9735	14.14154	21.95	34.07	0.9	0.688086	13.5862	1.24716	770.32	0.96073	3.28	0
1326	17:30:58.65	19.9750	14.14119	21.95	34.07	0.9	0.688068	13.5864	1.24720	770.34	0.96076	3.28	0
1327	17:30:58.95	19.9755	14.14105	21.95	34.07	0.9	0.688062	13.5857	1.24720	770.32	0.96073	3.28	0
1328	17:30:59.26	19.9740	14.14140	21.95	34.07	0.9	0.688080	13.5865	1.24720	770.34	0.96076	3.28	0
1329	17:30:59.56	19.9715	14.14203	21.95	34.07	0.9	0.688110	13.5867	1.24720	770.32	0.96073	3.28	0
1330	17:30:59.86	19.9740	14.14147	21.95	34.07	0.9	0.688080	13.5859	1.24720	770.30	0.96072	3.28	0
1331	17:31:00.16	19.9715	14.14203	21.95	34.07	0.9	0.688110	13.5864	1.24716	770.32	0.96071	3.28	0
1332	17:31:00.45	19.9745	14.14126	21.95	34.07	0.9	0.688074	13.5859	1.24720	770.32	0.96073	3.28	0
1333	17:31:00.76	19.9730	14.14168	21.96	34.07	0.9	0.688092	13.5859	1.24716	770.30	0.96070	3.28	0
1334	17:31:01.06	19.9725	14.14175	21.96	34.07	0.9	0.688098	13.5869	1.24720	770.34	0.96077	3.28	0
1335	17:31:01.35	19.9735	14.14154	21.95	34.07	0.9	0.688086	13.5864	1.24720	770.32	0.96074	3.28	0
1336	17:31:01.65	19.9755	14.14105	21.95	34.07	0.9	0.688062	13.5861	1.24720	770.34	0.96076	3.28	0
1337	17:31:01.95	19.9740	14.14140	21.95	34.07	0.9	0.688080	13.5863	1.24720	770.32	0.96074	3.28	0
1338	17:31:02.26	19.9720	14.14189	21.95	34.07	0.9	0.688104	13.5866	1.24720	770.32	0.96074	3.28	0
1339	17:31:02.56	19.9720	14.14189	21.95	34.07	0.9	0.688104	13.5866	1.24720	770.32	0.96074	3.28	0
1340	17:31:02.85	19.9710	14.14210	21.95	34.07	0.9	0.688116	13.5869	1.24720	770.32	0.96074	3.28	0
1341	17:31:03.15	19.9730	14.14175	21.95	34.07	0.9	0.688098	13.5867	1.24720	770.34	0.96075	3.28	0
1342	17:31:03.45	19.9695	14.14259	21.95	34.07	0.9	0.688134	13.5868	1.24716	770.32	0.96070	3.28	0
1343	17:31:03.75	19.9700	14.14238	21.95	34.07	0.9	0.688128	13.5871	1.24720	770.32	0.96074	3.28	0
1344	17:31:04.05	19.9720	14.14196	21.95	34.07	0.9	0.688104	13.5873	1.24720	770.34	0.96079	3.28	0
1345	17:31:04.35	19.9700	14.14245	21.95	34.07	0.9	0.688134	13.5878	1.24720	770.34	0.96078	3.28	0
1346	17:31:04.65	19.9710	14.14217	21.95	34.07	0.9	0.688116	13.5873	1.24720	770.34	0.96077	3.28	0
1347	17:31:04.95	19.9685	14.14280	21.95	34.07	0.9	0.688152	13.5878	1.24720	770.34	0.96075	3.28	0
1348	17:31:05.26	19.9710	14.14217	21.95	34.07	0.9	0.688116	13.5871	1.24720	770.34	0.96076	3.28	0
1349	17:31:05.55	19.9710	14.14217	21.95	34.07	0.9	0.688116	13.5873	1.24720	770.34	0.96077	3.28	0
1350	17:31:05.86	19.9715	14.14210	21.95	34.07	0.9	0.688116	13.5876	1.24720	770.34	0.96079	3.28	0
1351	17:31:06.15	19.9680	14.14294	21.95	34.07	0.9	0.688152	13.5875	1.24720	770.32	0.96073	3.28	0
1352	17:31:06.45	19.9660	14.14336	21.95	34.07	0.9	0.688176	13.5880	1.24720	770.32	0.96074	3.28	0
1353	17:31:06.75	19.9685	14.14287	21.95	34.07	0.9	0.688152	13.5878	1.24720	770.34	0.96076	3.28	0
1354	17:31:07.05	19.9660	14.14350	21.95	34.07	0.9	0.688182	13.5878	1.24716	770.32	0.96072	3.28	0
1355	17:31:07.35	19.9675	14.14308	21.95	34.07	0.9	0.688164	13.5876	1.24716	770.32	0.96072	3.28	0
1356	17:31:07.65	19.9675	14.14308	21.95	34.07	0.9	0.688164	13.5873	1.24716	770.32	0.96070	3.28	0
1357	17:31:07.95	19.9685	14.14287	21.95	34.07	0.9	0.688152	13.5876	1.24720	770.32	0.96074	3.28	0
1358	17:31:08.25	19.9650	14.14371	21.95	34.07	0.9	0.688194	13.5880	1.24716	770.32	0.96071	3.28	0
1359	17:31:08.56	19.9675	14.14308	21.95	34.07	0.9	0.688164	13.5876	1.24716	770.32	0.96072	3.28	0
1360	17:31:08.85	19.9655	14.14357	21.95	34.07	0.9	0.688188	13.5877	1.24716	770.30	0.96070	3.28	0
1361	17:31:09.15	19.9665	14.14329	21.95	34.07	0.9	0.688170	13.5878	1.24716	770.32	0.96073	3.28	0
1362	17:31:09.46	19.9635	14.14399	21.95	34.07	0.9	0.688206	13.5883	1.24716	770.32	0.96071	3.28	0
1363	17:31:09.75	19.9615	14.14462	21.95	34.07	0.9	0.688236	13.5882	1.24712	770.30	0.96066	3.28	0
1364	17:31:10.06	19.9655	14.14357	21.95	34.07	0.9	0.688188	13.5881	1.24716	770.32	0.96073	3.28	0
1365	17:31:10.35	19.9635	14.14406	21.95	34.07	0.9	0.688212	13.5887	1.24720	770.32	0.96073	3.28	0
1366	17:31:10.65	19.9625	14.14427	21.95	34.07	0.9	0.688218	13.5888	1.24716	770.32	0.96073	3.28	0
1367	17:31:10.95	19.9635	14.14406	21.95	34.07	0.9	0.688212	13.5890	1.24720	770.34	0.96075	3.28	0
1368	17:31:11.25	19.9650	14.14371	21.95	34.07	0.9	0.688194	13.5887	1.24720	770.34	0.96076	3.28	0
1369	17:31:11.55	19.9640	14.14392	21.95	34.07	0.9	0.688206	13.5885	1.24716	770.32	0.96073	3.28	0
1370	17:31:11.86	19.9615	14.14455	21.95	34.07	0.9	0.688236	13.5883	1.24716	770.30	0.96068	3.28	0
1371	17:31:12.15	19.9610	14.14469	21.94	34.07	0.9	0.688236	13.5890	1.24716	770.30	0.96071	3.28	0
1372	17:31:12.45	19.9600	14.14490	21.94	34.07	0.9	0.688248	13.5896	1.24720	770.32	0.96074	3.28	0
1373	17:31:12.75	19.9620	14.14441	21.94	34.07	0.9	0.688224	13.5892	1.24720	770.32	0.96075	3.28	0
1374	17:31:13.05	19.9595	14.14504	21.94	34.07	0.9	0.688254	13.5897	1.24716	770.32	0.96074	3.28	0
1375	17:31:13.36	19.9600	14.14490	21.95	34.07	0.9	0.688254	13.5894	1.24720	770.32	0.96073	3.28	0
1376	17:31:13.66	19.9620	14.14448	21.95	34.07	0.9	0.688230	13.5892	1.24720	770.32	0.96074	3.28	0
1377	17:31:13.96	19.9610	14.14462	21.95	34.07	0.9	0.688236	13.5896	1.24720	770.32	0.96076	3.28	0
1378	17:31:14.26	19.9600	14.14490	21.95	34.07	0.9	0.688248	13.5890	1.24716	770.30	0.96070	3.28	0
1379	17:31:14.55	19.9590	14.14518	21.95	34.07	0.9	0.688266	13.5896	1.24720	770.32	0.96073	3.28	0
1380	17:31:14.85	19.9620	14.14448	21.95	34.07	0.9	0.688230	13.5892	1.24720	770.32	0.96074	3.28	0
1381	17:31:15.15	19.9570	14.14574	21.94	34.07	0.9	0.688290	13.5898	1.24716	770.30	0.96070	3.28	0
1382	17:31:15.45	19.9595	14.14511	21.94	34.07	0.9	0.688254	13.5893	1.24716	770.32	0.96071	3.28	0
1383	17:31:15.76	19.9585	14.14532	21.95	34.07	0.9	0.688272	13.5898	1.24720	770.32	0.96073	3.28	0
1384	17:31:16.05	19.9585	14.14539	21.95	34.07	0.9	0.688272	13.5902	1.24720	770.34	0.96075	3.28	0
1385	17:31:16.35	19.9580	14.14539	21.95	34.07	0.9	0.688272	13.5902	1.24720	770.32	0.96075	3.28	0
1386	17:31:16.65	19.9590	14.14518	21.95	34.07	0.9	0.688260	13.5892	1.24716	770.30	0.96070	3.28	0
1387	17:31:16.95	19.9585	14.14532	21.95	34.07	0.9	0.688272	13.5894	1.24716	770.32	0.96070	3.28	0
1388	17:31:17.26	19.9570	14.14574	21.95	34.07	0.9	0.688290	13.5897	1.24716	770.30	0.96069	3.28	0
1389	17:31:17.55	19.9595	14.14511	21.94	34.07	0.9	0.688260	13.5899	1.24720	770.32	0.96074	3.28	0
1390	17:31:17.85	19.9590	14.14525	21.94	34.07	0.9	0.688266	13.5894	1.24716	770.30	0.96071	3.28	0
1391	17:31:18.15	19.9490	14.14770	21.95	34.07	0.9	0.688386	13.5920	1.24720	770.32	0.96073	3.28	0
1392	17:31:18.45	19.9000	14.15995	21.95	34.07	0.9	0.688986	13.6039	1.24716	770.32	0.96073	3.28	0
1393	17:31:18.75	13.7200	15.79725	21.95	34.07	0.9	0.768648	15.1957	1.24716	771.28	0.96192	3.28	0
1394	17:31:19.06	6.8885	17.94415	21.95	34.07	0.9	0.873108	17.2833	1.24716	772.30	0.96317	3.28	0
1395	17:31:19.35	4.0070	18.96503	21.95	34.07	0.9	0.922782	18.2775	1.24712	772.78	0.96374	3.28	0
1396	17:31:19.65	2.1115	19.69030	21.95	34.13	0.9	0.958074	18.9841	1.24712	773.08	0.96413	3.28	0
1397	17:31:19.95	1.0885	20.10225	21.95	34.13	0.9	0.978120	19.3853	1.24712	773.24	0.96433	3.28	0
1398	17:31:20.25	0.6380	20.29559	21.95	34.37	0.9	0.987540	19.5736	1.24712	773.32	0.96443	3.28	0
1399	17:31:20.55	0.3520	20.41256	21.95	34.37	0.9	0.993234	19.6883	1.24712	773.38	0.96452	3.28	0
1400	17:31:20.85	0.2165	20.46653	21.95	34.70	0.9	0.995880	19.7411	1.24712	773.42	0.96455	3.28	0
1401	17:31:21.15	0.1505	20.49236	21.95	34.70	0.9	0.997140	19.7664	1.24716	773.42	0.96457	3.28	0
1402	17:31:21.45	0.1010	20.51119	21.95	35.06	0.9	0.998076	19.7844	1.24712	773.42	0.96457	3.28	0
1403	17:31:21.75	0.0765	20.52071	21.95	35.06	0.9	0.998538	19.7936	1.24712	773.44	0.96457	3.28	0
1404	17:31:22.06	0.0620	20.52617	21.95	35.39	0.9	0.998826	19.7982	1.24712	773.42	0.96454	3.28	0
1405	17:31:22.35	0.0545	20.52897	21.95	35.39	0.9	0.998964	19.8016	1.24712	773.44	0.96457	3.28	0
1406	17:31:22.65	0.0505	20.53023	21.95	35.72	0.9	0.999042	19.8032	1.24712	773.44	0.96459	3.28	0
1407	17:31:22.95	0.0485	20.53100	21.95	35.72	0.9	0.999078	19.8040	1.24712	773.44	0.96459	3.28	0
1408	17:31:23.25	0.0475	20.53107	21.95	35.95	0.9	0.999096	19.8038	1.24712	773.44	0.96458	3.28	0
1409	17:31:23.55	0.0510	20.52974	21.95	35.95	0.9	0.999030	19.8028	1.24716	773.44	0.96459	3.28	0
1410	17:31:23.85	0.0460	20.53135	21.95	36.21	1.0	0.999126	19.8038	1.24712	773.44	0.96457	3.28	0
1411	17:31:24.15	0.0480	20.53058	21.95	36.21	1.0	0.999090	19.8043	1.24716	773.46	0.96462	3.28	0
1412	17:31:24.45	0.0470	20.53072	21.95	36.41	1.0	0.999108	19.8029	1.24712	773.42	0.96455	3.28	0
1413	17:31:24.75	0.0445	20.53163	21.95	36.41	1.0	0.999150	19.8032	1.24708	773.42	0.96452	3.28	0
1414	17:31:25.05	0.0445	20.53149	21.95	36.58	1.0	0.999156	19.8040	1.24712	773.44	0.96457	3.28	0
1415	17:31:25.35	0.0410	20.53275	21.95	36.58	1.0	0.999216	19.8038	1.24708	773.40	0.96450	3.28	0
1416	17:31:25.65	0.0430	20.53177	21.95	36.71	1.0	0.999180	19.8042	1.24712	773.42	0.96456	3.28	0
1417	17:31:25.95	0.0420	20.53226	21.95	36.71	1.0	0.999204	19.8044	1.24712	773.42	0.96455	3.28	0
1418	17:31:26.25	0.0425	20.53177	21.95	36.88	1.0	0.999186	19.8050	1.24716	773.44	0.96460	3.28	0
1419	17:31:26.55	0.0425	20.53191	21.95	36.88	1.0	0.999198	19.8047	1.24716	773.44	0.96458	3.28	0
1420	17:31:26.85	0.0430	20.53156	21.95	36.97	1.0	0.999180	19.8048	1.24712	773.46	0.96460	3.28	0
1421	17:31:27.15	0.0420	20.53198	21.95	36.97	1.0	0.999204	19.8045	1.24712	773.44	0.96457	3.28	0
1422	17:31:27.45	0.0415	20.53205	21.95	37.08	1.0	0.999210	19.8050	1.24712	773.44	0.96459	3.28	0
1423	17:31:27.75	0.0415	20.53205	21.95	37.08	1.0	0.999210	19.8050	1.24712	773.44	0.96459	3.28	0
1424	17:31:28.05	0.0425	20.53149	21.95	37.21	1.0	0.999192	19.8046	1.24712	773.44	0.96460	3.28	0
1425	17:31:28.35	0.0420	20.53163	21.95	37.21	1.0	0.999198	19.8046	1.24712	773.44	0.96459	3.28	0
1426	17:31:28.65	0.0440	20.53079	21.95	37.30	1.0	0.999168	19.8040	1.24716	773.44	0.96460	3.28	0
1427	17:31:28.95	0.0415	20.53163	21.95	37.30	1.0	0.999204	19.8047	1.24716	773.44	0.96460	3.28	0
1428	17:31:29.25	0.0415	20.53163	21.95	37.40	1.0	0.999216	19.8050	1.24716	773.44	0.96460	3.28	0
1429	17:31:29.55	0.0405	20.53198	21.95	37.40	1.0	0.999234	19.8044	1.24712	773.44	0.96457	3.28	0
1430	17:31:29.86	0.0400	20.53198	21.95	37.50	1.0	0.999234	19.8047	1.24712	773.44	0.96458	3.28	0
1431	17:31:30.15	0.0400	20.53198	21.95	37.50	1.0	0.999234	19.8045	1.24712	773.44	0.96457	3.28	0
1432	17:31:30.45	0.0425	20.53093	21.95	37.57	1.0	0.999192	19.8043	1.24716	773.44	0.96460	3.28	0
1433	17:31:30.76	0.0385	20.53254	21.95	37.57	1.0	0.999270	19.8049	1.24712	773.44	0.96456	3.28	0
