546	18:49:32.59	0.0415	20.53394	21.19	40.46	1.0	0.999210	19.7788	1.24672	772.60	0.96323	3.28	0
547	18:49:32.89	0.0420	20.53380	21.19	40.46	1.0	0.999204	19.7788	1.24672	772.62	0.96323	3.28	0
548	18:49:33.20	0.0420	20.53387	21.19	40.46	1.0	0.999204	19.7791	1.24672	772.62	0.96324	3.28	0
549	18:49:33.76	0.0410	20.53415	21.19	40.46	1.0	0.999216	19.7791	1.24672	772.62	0.96323	3.28	0
550	18:49:33.93	0.0420	20.53380	21.19	40.50	1.0	0.999204	19.7791	1.24672	772.62	0.96324	3.28	0
551	18:49:34.09	0.0425	20.53352	21.20	40.50	1.0	0.999192	19.7797	1.24676	772.64	0.96329	3.28	0
552	18:49:34.39	0.0405	20.53422	21.20	40.50	1.0	0.999228	19.7792	1.24672	772.62	0.96323	3.28	0
553	18:49:34.69	0.0400	20.53443	21.19	40.50	1.0	0.999234	19.7808	1.24676	772.64	0.96330	3.28	0
554	18:49:34.99	0.0415	20.53401	21.19	40.50	1.0	0.999216	19.7798	1.24676	772.64	0.96328	3.28	0
555	18:49:35.28	0.0410	20.53415	21.19	40.50	1.0	0.999222	19.7804	1.24676	772.64	0.96329	3.28	0
556	18:49:35.59	0.0410	20.53401	21.19	40.53	1.0	0.999216	19.7803	1.24676	772.64	0.96329	3.28	0
557	18:49:35.89	0.0395	20.53450	21.20	40.53	1.0	0.999246	19.7806	1.24676	772.64	0.96328	3.28	0
558	18:49:36.18	0.0400	20.53450	21.20	40.53	1.0	0.999246	19.7800	1.24672	772.62	0.96326	3.28	0
559	18:49:36.49	0.0385	20.53506	21.19	40.53	1.0	0.999270	19.7801	1.24672	772.62	0.96323	3.28	0
560	18:49:36.79	0.0415	20.53373	21.19	40.60	1.0	0.999210	19.7800	1.24676	772.64	0.96329	3.28	0
561	18:49:37.09	0.0395	20.53450	21.20	40.60	1.0	0.999252	19.7804	1.24676	772.64	0.96328	3.28	0
562	18:49:37.39	0.0385	20.53485	21.20	40.60	1.0	0.999264	19.7801	1.24672	772.62	0.96325	3.28	0
563	18:49:37.69	0.0390	20.53478	21.19	40.60	1.0	0.999258	19.7798	1.24672	772.62	0.96323	3.28	0
564	18:49:37.99	0.0395	20.53450	21.19	40.60	1.0	0.999246	19.7802	1.24672	772.64	0.96327	3.28	0
565	18:49:38.28	0.0410	20.53401	21.19	40.60	1.0	0.999222	19.7802	1.24676	772.64	0.96329	3.28	0
566	18:49:38.58	0.0415	20.53387	21.19	40.60	1.0	0.999216	19.7801	1.24676	772.64	0.96329	3.28	0
567	18:49:38.88	0.0410	20.53394	21.19	40.60	1.0	0.999216	19.7807	1.24676	772.66	0.96332	3.28	0
568	18:49:39.18	0.0395	20.53464	21.19	40.60	1.0	0.999252	19.7800	1.24672	772.62	0.96325	3.28	0
569	18:49:39.48	0.0405	20.53415	21.19	40.60	1.0	0.999228	19.7800	1.24676	772.64	0.96328	3.28	0
570	18:49:39.78	0.0395	20.53457	21.19	40.60	1.0	0.999246	19.7798	1.24672	772.62	0.96325	3.28	0
571	18:49:40.08	0.0395	20.53457	21.19	40.60	1.0	0.999246	19.7805	1.24676	772.64	0.96328	3.28	0
572	18:49:40.38	0.0390	20.53478	21.19	40.60	1.0	0.999258	19.7807	1.24672	772.64	0.96328	3.28	0
573	18:49:40.68	0.0420	20.53366	21.19	40.60	1.0	0.999204	19.7807	1.24680	772.66	0.96333	3.28	0
574	18:49:40.98	0.0405	20.53422	21.19	40.60	1.0	0.999228	19.7804	1.24672	772.66	0.96329	3.28	0
575	18:49:41.28	0.0395	20.53464	21.19	40.60	1.0	0.999252	19.7809	1.24676	772.64	0.96329	3.28	0
576	18:49:41.58	0.0400	20.53443	21.19	40.60	1.0	0.999240	19.7806	1.24676	772.64	0.96329	3.28	0
577	18:49:41.88	0.0400	20.53436	21.19	40.60	1.0	0.999240	19.7800	1.24672	772.64	0.96326	3.28	0
578	18:49:42.18	0.0400	20.53450	21.19	40.60	1.0	0.999240	19.7807	1.24676	772.64	0.96329	3.28	0
579	18:49:42.48	0.0400	20.53443	21.19	40.60	1.0	0.999240	19.7806	1.24676	772.64	0.96329	3.28	0
580	18:49:42.78	0.0425	20.53338	21.19	40.63	1.0	0.999192	19.7811	1.24680	772.66	0.96337	3.28	0
581	18:49:43.09	0.0410	20.53401	21.19	40.63	1.0	0.999222	19.7805	1.24676	772.64	0.96331	3.28	0
582	18:49:43.38	0.0405	20.53422	21.19	40.63	1.0	0.999234	19.7812	1.24676	772.66	0.96333	3.28	0
583	18:49:43.68	0.0380	20.53520	21.19	40.63	1.0	0.999282	19.7804	1.24672	772.62	0.96325	3.28	0
584	18:49:43.99	0.0405	20.53422	21.19	40.63	1.0	0.999234	19.7807	1.24676	772.64	0.96331	3.28	0
585	18:49:44.28	0.0395	20.53450	21.19	40.63	1.0	0.999246	19.7809	1.24676	772.64	0.96330	3.28	0
586	18:49:44.58	0.0385	20.53492	21.19	40.63	1.0	0.999264	19.7814	1.24676	772.64	0.96331	3.28	0
587	18:49:44.88	0.0395	20.53457	21.19	40.63	1.0	0.999246	19.7807	1.24676	772.64	0.96329	3.28	0
588	18:49:45.18	0.0395	20.53457	21.19	40.63	1.0	0.999246	19.7806	1.24676	772.64	0.96329	3.28	0
589	18:49:45.48	0.0400	20.53436	21.20	40.63	1.0	0.999240	19.7802	1.24676	772.62	0.96328	3.28	0
590	18:49:45.79	0.0390	20.53464	21.20	40.63	1.0	0.999258	19.7799	1.24672	772.62	0.96325	3.28	0
591	18:49:46.08	0.0415	20.53373	21.20	40.63	1.0	0.999210	19.7796	1.24672	772.64	0.96328	3.28	0
592	18:49:46.38	0.0415	20.53380	21.20	40.63	1.0	0.999216	19.7796	1.24672	772.64	0.96328	3.28	0
593	18:49:46.69	0.0390	20.53464	21.19	40.63	1.0	0.999252	19.7799	1.24672	772.62	0.96325	3.28	0
594	18:49:46.98	0.0395	20.53450	21.19	40.63	1.0	0.999246	19.7800	1.24676	772.62	0.96326	3.28	0
595	18:49:47.28	0.0410	20.53401	21.19	40.63	1.0	0.999222	19.7791	1.24672	772.62	0.96323	3.28	0
596	18:49:47.58	0.0370	20.53548	21.19	40.63	1.0	0.999294	19.7798	1.24668	772.60	0.96320	3.28	0
597	18:49:47.88	0.0375	20.53534	21.19	40.63	1.0	0.999288	19.7804	1.24672	772.62	0.96324	3.28	0
598	18:49:48.18	0.0410	20.53401	21.19	40.60	1.0	0.999222	19.7796	1.24672	772.62	0.96326	3.28	0
599	18:49:48.48	0.0400	20.53450	21.19	40.60	1.0	0.999246	19.7798	1.24672	772.62	0.96325	3.28	0
600	18:49:48.78	0.0395	20.53457	21.19	40.60	1.0	0.999246	19.7796	1.24672	772.62	0.96323	3.28	0
601	18:49:49.08	0.0410	20.53394	21.19	40.60	1.0	0.999216	19.7799	1.24672	772.64	0.96328	3.28	0
602	18:49:49.38	0.0375	20.53541	21.19	40.60	1.0	0.999288	19.7798	1.24668	772.62	0.96321	3.28	0
603	18:49:49.68	0.0415	20.53380	21.19	40.60	1.0	0.999210	19.7793	1.24672	772.64	0.96326	3.28	0
604	18:49:49.98	0.0395	20.53464	21.19	40.60	1.0	0.999252	19.7802	1.24672	772.64	0.96326	3.28	0
605	18:49:50.28	0.0400	20.53436	21.19	40.60	1.0	0.999240	19.7800	1.24672	772.62	0.96326	3.28	0
606	18:49:50.58	0.0410	20.53401	21.19	40.60	1.0	0.999222	19.7796	1.24672	772.62	0.96326	3.28	0
607	18:49:50.88	0.0400	20.53429	21.20	40.60	1.0	0.999240	19.7798	1.24676	772.62	0.96326	3.28	0
608	18:49:51.18	0.0395	20.53450	21.20	40.60	1.0	0.999246	19.7796	1.24672	772.62	0.96324	3.28	0
609	18:49:51.48	0.0395	20.53450	21.20	40.60	1.0	0.999252	19.7796	1.24672	772.62	0.96324	3.28	0
610	18:49:51.78	0.0390	20.53464	21.20	40.60	1.0	0.999258	19.7791	1.24672	772.60	0.96320	3.28	0
611	18:49:52.08	0.0400	20.53429	21.19	40.60	1.0	0.999234	19.7802	1.24676	772.64	0.96328	3.28	0
612	18:49:52.38	0.0390	20.53471	21.19	40.60	1.0	0.999258	19.7798	1.24672	772.62	0.96323	3.28	0
613	18:49:52.68	0.0410	20.53408	21.19	40.60	1.0	0.999222	19.7793	1.24672	772.62	0.96325	3.28	0
614	18:49:52.98	0.0395	20.53450	21.19	40.60	1.0	0.999246	19.7802	1.24676	772.62	0.96326	3.28	0
615	18:49:53.28	0.0400	20.53436	21.19	40.60	1.0	0.999234	19.7810	1.24676	772.64	0.96331	3.28	0
616	18:49:53.58	0.0410	20.53394	21.19	40.60	1.0	0.999216	19.7798	1.24672	772.64	0.96328	3.28	0
617	18:49:53.88	0.0395	20.53450	21.20	40.60	1.0	0.999252	19.7797	1.24672	772.62	0.96324	3.28	0
618	18:49:54.18	0.0395	20.53450	21.20	40.60	1.0	0.999246	19.7802	1.24672	772.64	0.96326	3.28	0
619	18:49:54.48	0.0385	20.53492	21.19	40.60	1.0	0.999264	19.7800	1.24672	772.62	0.96323	3.28	0
620	18:49:54.78	0.0380	20.53506	21.19	40.60	1.0	0.999270	19.7803	1.24672	772.62	0.96325	3.28	0
621	18:49:55.08	0.0415	20.53387	21.19	40.60	1.0	0.999210	19.7795	1.24672	772.64	0.96326	3.28	0
622	18:49:55.38	0.0410	20.53394	21.19	40.60	1.0	0.999216	19.7796	1.24672	772.62	0.96326	3.28	0
623	18:49:55.68	0.0395	20.53457	21.19	40.60	1.0	0.999246	19.7798	1.24672	772.62	0.96325	3.28	0
624	18:49:55.98	0.0405	20.53422	21.19	40.60	1.0	0.999228	19.7796	1.24672	772.62	0.96325	3.28	0
625	18:49:56.28	0.0395	20.53450	21.20	40.60	1.0	0.999246	19.7800	1.24672	772.62	0.96326	3.28	0
626	18:49:56.58	0.0400	20.53429	21.20	40.60	1.0	0.999240	19.7792	1.24672	772.62	0.96323	3.28	0
627	18:49:56.88	0.0405	20.53415	21.20	40.60	1.0	0.999234	19.7794	1.24672	772.62	0.96325	3.28	0
628	18:49:57.18	0.0410	20.53394	21.20	40.60	1.0	0.999222	19.7791	1.24672	772.62	0.96324	3.28	0
629	18:49:57.48	0.0405	20.53422	21.19	40.60	1.0	0.999228	19.7795	1.24672	772.62	0.96325	3.28	0
630	18:49:57.78	0.0390	20.53478	21.19	40.60	1.0	0.999258	19.7800	1.24672	772.62	0.96325	3.28	0
631	18:49:58.08	0.0410	20.53408	21.19	40.60	1.0	0.999222	19.7799	1.24672	772.64	0.96328	3.28	0
632	18:49:58.38	0.0385	20.53506	21.19	40.60	1.0	0.999270	19.7791	1.24668	772.60	0.96319	3.28	0
633	18:49:58.68	0.0405	20.53408	21.20	40.60	1.0	0.999228	19.7800	1.24672	772.64	0.96328	3.28	0
634	18:49:58.98	0.0390	20.53478	21.20	40.60	1.0	0.999258	19.7797	1.24672	772.62	0.96323	3.28	0
635	18:49:59.28	0.0410	20.53394	21.20	40.60	1.0	0.999222	19.7805	1.24676	772.64	0.96331	3.28	0
636	18:49:59.58	0.0400	20.53436	21.20	40.63	1.0	0.999246	19.7802	1.24672	772.64	0.96327	3.28	0
637	18:49:59.88	0.0390	20.53471	21.19	40.63	1.0	0.999258	19.7799	1.24672	772.62	0.96324	3.28	0
638	18:50:00.18	0.0395	20.53464	21.19	40.63	1.0	0.999252	19.7795	1.24672	772.62	0.96323	3.28	0
639	18:50:00.48	0.0410	20.53394	21.20	40.63	1.0	0.999222	19.7800	1.24676	772.64	0.96328	3.28	0
640	18:50:00.78	0.0395	20.53450	21.20	40.63	1.0	0.999246	19.7798	1.24672	772.62	0.96325	3.28	0
641	18:50:01.08	0.0405	20.53422	21.18	40.63	1.0	0.999228	19.7804	1.24676	772.64	0.96329	3.28	0
642	18:50:01.38	0.0410	20.53415	21.18	40.63	1.0	0.999222	19.7806	1.24676	772.64	0.96330	3.28	0
643	18:50:01.68	0.0400	20.53429	21.19	40.63	1.0	0.999234	19.7803	1.24676	772.64	0.96328	3.28	0
644	18:50:01.98	0.0415	20.53380	21.19	40.63	1.0	0.999210	19.7801	1.24676	772.64	0.96329	3.28	0
645	18:50:02.28	0.0380	20.53513	21.19	40.63	1.0	0.999276	19.7805	1.24672	772.64	0.96325	3.28	0
646	18:50:02.58	0.0400	20.53443	21.19	40.63	1.0	0.999246	19.7803	1.24676	772.62	0.96328	3.28	0
647	18:50:02.88	0.0380	20.53513	21.19	40.63	1.0	0.999276	19.7807	1.24672	772.64	0.96326	3.28	0
648	18:50:03.18	0.0400	20.53429	21.19	40.63	1.0	0.999234	19.7801	1.24676	772.62	0.96328	3.28	0
649	18:50:03.48	0.0410	20.53387	21.19	40.63	1.0	0.999216	19.7801	1.24676	772.64	0.96329	3.28	0
650	18:50:03.78	0.0385	20.53499	21.19	40.63	1.0	0.999270	19.7802	1.24672	772.62	0.96324	3.28	0
651	18:50:04.08	0.0405	20.53422	21.19	40.63	1.0	0.999234	19.7800	1.24676	772.64	0.96327	3.28	0
652	18:50:04.38	0.0400	20.53443	21.19	40.63	1.0	0.999240	19.7802	1.24676	772.62	0.96327	3.28	0
653	18:50:04.68	0.0385	20.53485	21.20	40.63	1.0	0.999270	19.7807	1.24672	772.64	0.96327	3.28	0
654	18:50:04.98	0.0380	20.53499	21.20	40.63	1.0	0.999276	19.7801	1.24672	772.62	0.96324	3.28	0
655	18:50:05.28	0.0390	20.53471	21.19	40.63	1.0	0.999258	19.7798	1.24672	772.62	0.96324	3.28	0
656	18:50:05.58	0.0390	20.53464	21.19	40.66	1.0	0.999258	19.7800	1.24672	772.62	0.96325	3.28	0
657	18:50:05.88	0.0405	20.53408	21.19	40.66	1.0	0.999228	19.7800	1.24676	772.64	0.96328	3.28	0
658	18:50:06.18	0.0420	20.53359	21.19	40.66	1.0	0.999204	19.7801	1.24676	772.64	0.96330	3.28	0
659	18:50:06.48	0.0385	20.53492	21.19	40.66	1.0	0.999270	19.7809	1.24676	772.64	0.96328	3.28	0
660	18:50:06.78	0.0410	20.53394	21.19	40.70	1.0	0.999222	19.7804	1.24676	772.64	0.96331	3.28	0
661	18:50:07.08	0.0410	20.53394	21.19	40.70	1.0	0.999222	19.7806	1.24676	772.64	0.96331	3.28	0
662	18:50:07.38	0.0395	20.53457	21.19	40.66	1.0	0.999252	19.7811	1.24676	772.64	0.96331	3.28	0
663	18:50:07.68	0.0410	20.53401	21.19	40.66	1.0	0.999222	19.7808	1.24676	772.66	0.96332	3.28	0
664	18:50:07.98	0.0390	20.53464	21.19	40.66	1.0	0.999252	19.7808	1.24676	772.64	0.96329	3.28	0
665	18:50:08.28	0.0405	20.53429	21.18	40.66	1.0	0.999234	19.7808	1.24676	772.64	0.96331	3.28	0
666	18:50:08.58	0.0395	20.53457	21.18	40.66	1.0	0.999246	19.7814	1.24676	772.66	0.96332	3.28	0
667	18:50:08.88	0.0395	20.53457	21.19	40.66	1.0	0.999252	19.7809	1.24676	772.66	0.96329	3.28	0
668	18:50:09.18	0.0375	20.53527	21.19	40.66	1.0	0.999288	19.7808	1.24672	772.62	0.96326	3.28	0
669	18:50:09.48	0.0400	20.53429	21.19	40.66	1.0	0.999240	19.7807	1.24676	772.64	0.96330	3.28	0
670	18:50:09.78	0.0400	20.53422	21.19	40.66	1.0	0.999234	19.7805	1.24676	772.64	0.96329	3.28	0
671	18:50:10.08	0.0390	20.53464	21.19	40.66	1.0	0.999252	19.7804	1.24676	772.62	0.96327	3.28	0
672	18:50:10.38	0.0390	20.53478	21.19	40.66	1.0	0.999264	19.7808	1.24676	772.64	0.96328	3.28	0
673	18:50:10.68	0.0385	20.53499	21.19	40.66	1.0	0.999270	19.7807	1.24672	772.64	0.96327	3.28	0
674	18:50:10.98	0.0380	20.53520	21.19	40.63	1.0	0.999282	19.7805	1.24672	772.62	0.96325	3.28	0
675	18:50:11.28	0.0395	20.53457	21.19	40.63	1.0	0.999252	19.7809	1.24676	772.64	0.96330	3.28	0
676	18:50:11.58	0.0390	20.53471	21.19	40.63	1.0	0.999258	19.7807	1.24676	772.64	0.96328	3.28	0
677	18:50:11.88	0.0410	20.53401	21.19	40.63	1.0	0.999222	19.7807	1.24676	772.64	0.96331	3.28	0
678	18:50:12.18	0.0380	20.53513	21.19	40.60	1.0	0.999276	19.7805	1.24672	772.62	0.96325	3.28	0
679	18:50:12.48	0.0395	20.53471	21.19	40.60	1.0	0.999252	19.7798	1.24672	772.62	0.96324	3.28	0
680	18:50:12.78	0.0405	20.53429	21.19	40.60	1.0	0.999234	19.7800	1.24672	772.64	0.96327	3.28	0
681	18:50:13.08	0.0405	20.53422	21.19	40.60	1.0	0.999228	19.7800	1.24676	772.64	0.96328	3.28	0
682	18:50:13.38	0.0400	20.53443	21.19	40.53	1.0	0.999234	19.7800	1.24672	772.62	0.96326	3.28	0
683	18:50:13.68	0.0405	20.53429	21.19	40.53	1.0	0.999228	19.7803	1.24672	772.64	0.96328	3.28	0
684	18:50:13.98	0.0400	20.53443	21.19	40.53	1.0	0.999240	19.7795	1.24672	772.62	0.96323	3.28	0
685	18:50:14.28	0.0385	20.53513	21.19	40.53	1.0	0.999270	19.7804	1.24672	772.62	0.96325	3.28	0
686	18:50:14.58	0.0420	20.53366	21.19	40.53	1.0	0.999198	19.7796	1.24676	772.62	0.96328	3.28	0
687	18:50:14.88	0.0385	20.53520	21.18	40.53	1.0	0.999270	19.7803	1.24672	772.62	0.96324	3.28	0
688	18:50:15.18	0.0385	20.53506	21.18	40.53	1.0	0.999264	19.7809	1.24676	772.64	0.96327	3.28	0
689	18:50:15.48	0.0400	20.53457	21.19	40.53	1.0	0.999246	19.7805	1.24676	772.64	0.96328	3.28	0
690	18:50:15.78	0.0395	20.53464	21.19	40.50	1.0	0.999246	19.7805	1.24672	772.64	0.96328	3.28	0
691	18:50:16.08	0.0390	20.53485	21.19	40.50	1.0	0.999258	19.7801	1.24672	772.62	0.96325	3.28	0
692	18:50:16.38	0.0385	20.53499	21.19	40.50	1.0	0.999264	19.7798	1.24672	772.62	0.96322	3.28	0
693	18:50:16.68	0.0405	20.53450	21.18	40.50	1.0	0.999234	19.7795	1.24672	772.62	0.96323	3.28	0
694	18:50:16.98	0.0400	20.53464	21.18	40.50	1.0	0.999240	19.7795	1.24672	772.60	0.96323	3.28	0
695	18:50:17.28	0.0405	20.53429	21.19	40.50	1.0	0.999228	19.7800	1.24676	772.62	0.96327	3.28	0
696	18:50:17.58	0.0390	20.53492	21.19	40.50	1.0	0.999258	19.7796	1.24668	772.62	0.96322	3.28	0
697	18:50:17.88	0.0405	20.53422	21.19	40.50	1.0	0.999222	19.7796	1.24672	772.62	0.96325	3.28	0
698	18:50:18.18	0.0405	20.53422	21.19	40.50	1.0	0.999228	19.7798	1.24672	772.62	0.96326	3.28	0
699	18:50:18.48	0.0390	20.53478	21.19	40.50	1.0	0.999252	19.7802	1.24672	772.62	0.96325	3.28	0
700	18:50:18.78	0.0385	20.53506	21.19	40.50	1.0	0.999264	19.7796	1.24672	772.60	0.96321	3.28	0
701	18:50:19.08	0.0400	20.53464	21.18	40.50	1.0	0.999240	19.7799	1.24672	772.62	0.96325	3.28	0
702	18:50:19.38	0.0385	20.53527	21.18	40.50	1.0	0.999270	19.7798	1.24672	772.60	0.96321	3.28	0
703	18:50:19.68	0.0405	20.53436	21.18	40.50	1.0	0.999228	19.7802	1.24676	772.64	0.96327	3.28	0
704	18:50:19.98	0.0405	20.53443	21.18	40.53	1.0	0.999234	19.7798	1.24672	772.62	0.96325	3.28	0
705	18:50:20.28	0.0400	20.53450	21.18	40.53	1.0	0.999234	19.7803	1.24676	772.62	0.96328	3.28	0
706	18:50:20.58	0.0395	20.53471	21.18	40.53	1.0	0.999246	19.7802	1.24672	772.64	0.96326	3.28	0
707	18:50:20.88	0.0435	20.53317	21.18	40.53	1.0	0.999174	19.7797	1.24676	772.64	0.96330	3.28	0
708	18:50:21.18	0.0385	20.53506	21.18	40.60	1.0	0.999264	19.7796	1.24672	772.60	0.96322	3.28	0
709	18:50:21.48	0.0400	20.53443	21.18	40.60	1.0	0.999240	19.7802	1.24676	772.62	0.96327	3.28	0
710	18:50:21.78	0.0390	20.53485	21.18	40.60	1.0	0.999258	19.7805	1.24672	772.64	0.96326	3.28	0
711	18:50:22.08	0.0405	20.53436	21.18	40.60	1.0	0.999234	19.7801	1.24676	772.62	0.96327	3.28	0
712	18:50:22.38	0.0375	20.53541	21.18	40.60	1.0	0.999288	19.7807	1.24672	772.62	0.96325	3.28	0
713	18:50:22.68	0.0390	20.53485	21.18	40.60	1.0	0.999258	19.7801	1.24672	772.62	0.96325	3.28	0
714	18:50:22.98	0.0395	20.53471	21.18	40.53	1.0	0.999246	19.7802	1.24672	772.62	0.96326	3.28	0
715	18:50:23.28	0.0395	20.53471	21.18	40.53	1.0	0.999246	19.7806	1.24676	772.62	0.96328	3.28	0
716	18:50:23.58	0.0385	20.53506	21.18	40.60	1.0	0.999264	19.7801	1.24672	772.62	0.96324	3.28	0
717	18:50:23.88	0.0415	20.53387	21.18	40.60	1.0	0.999210	19.7800	1.24676	772.64	0.96329	3.28	0
718	18:50:24.18	0.0390	20.53492	21.18	40.60	1.0	0.999258	19.7803	1.24676	772.62	0.96325	3.28	0
719	18:50:24.48	0.0395	20.53471	21.18	40.60	1.0	0.999252	19.7804	1.24676	772.62	0.96326	3.28	0
720	18:50:24.78	0.0415	20.53387	21.18	40.60	1.0	0.999210	19.7805	1.24676	772.64	0.96331	3.28	0
721	18:50:25.08	0.0390	20.53478	21.18	40.60	1.0	0.999252	19.7804	1.24676	772.62	0.96326	3.28	0
722	18:50:25.38	0.0400	20.53450	21.18	40.53	1.0	0.999234	19.7805	1.24676	772.64	0.96328	3.28	0
723	18:50:25.68	0.0405	20.53429	21.18	40.53	1.0	0.999228	19.7802	1.24676	772.62	0.96328	3.28	0
724	18:50:25.98	0.0395	20.53471	21.18	40.53	1.0	0.999246	19.7807	1.24676	772.64	0.96328	3.28	0
725	18:50:26.28	0.0410	20.53429	21.18	40.53	1.0	0.999222	19.7807	1.24676	772.64	0.96331	3.28	0
726	18:50:26.58	0.0390	20.53499	21.18	40.53	1.0	0.999258	19.7803	1.24672	772.62	0.96325	3.28	0
727	18:50:26.88	0.0395	20.53471	21.18	40.53	1.0	0.999246	19.7802	1.24672	772.62	0.96326	3.28	0
728	18:50:27.18	0.0405	20.53443	21.18	40.53	1.0	0.999234	19.7805	1.24676	772.64	0.96328	3.28	0
729	18:50:27.48	0.0405	20.53443	21.17	40.53	1.0	0.999228	19.7795	1.24672	772.62	0.96324	3.28	0
730	18:50:27.78	0.0410	20.53422	21.17	40.60	1.0	0.999222	19.7800	1.24676	772.62	0.96327	3.28	0
731	18:50:28.08	0.0400	20.53450	21.18	40.60	1.0	0.999240	19.7799	1.24676	772.62	0.96325	3.28	0
732	18:50:28.38	0.0400	20.53443	21.18	40.60	1.0	0.999240	19.7801	1.24676	772.62	0.96326	3.28	0
733	18:50:28.68	0.0410	20.53415	21.18	40.60	1.0	0.999222	19.7805	1.24676	772.64	0.96330	3.28	0
734	18:50:28.98	0.0420	20.53366	21.18	40.60	1.0	0.999198	19.7800	1.24676	772.64	0.96330	3.28	0
735	18:50:29.28	0.0375	20.53541	21.18	40.60	1.0	0.999282	19.7805	1.24672	772.62	0.96324	3.28	0
736	18:50:29.58	0.0385	20.53499	21.18	40.63	1.0	0.999264	19.7802	1.24672	772.62	0.96325	3.28	0
737	18:50:29.88	0.0395	20.53464	21.18	40.63	1.0	0.999246	19.7800	1.24672	772.62	0.96325	3.28	0
738	18:50:30.18	0.0405	20.53429	21.18	40.63	1.0	0.999228	19.7803	1.24676	772.64	0.96328	3.28	0
739	18:50:30.48	0.0400	20.53450	21.18	40.63	1.0	0.999240	19.7793	1.24672	772.62	0.96322	3.28	0
740	18:50:30.78	0.0390	20.53485	21.18	40.66	1.0	0.999264	19.7797	1.24672	772.60	0.96322	3.28	0
741	18:50:31.08	0.0395	20.53457	21.18	40.66	1.0	0.999246	19.7796	1.24672	772.60	0.96323	3.28	0
742	18:50:31.38	0.0385	20.53492	21.18	40.66	1.0	0.999264	19.7803	1.24672	772.62	0.96325	3.28	0
743	18:50:31.68	0.0395	20.53464	21.18	40.66	1.0	0.999252	19.7791	1.24672	772.60	0.96320	3.28	0
744	18:50:31.98	0.0395	20.53457	21.18	40.66	1.0	0.999246	19.7799	1.24672	772.62	0.96325	3.28	0
745	18:50:32.28	0.0360	20.53590	21.18	40.66	1.0	0.999312	19.7802	1.24672	772.60	0.96320	3.28	0
746	18:50:32.58	0.0380	20.53513	21.18	40.63	1.0	0.999270	19.7799	1.24672	772.60	0.96322	3.28	0
747	18:50:32.88	0.0415	20.53387	21.18	40.63	1.0	0.999210	19.7801	1.24676	772.64	0.96329	3.28	0
748	18:50:33.18	0.0405	20.53429	21.18	40.60	1.0	0.999228	19.7799	1.24676	772.62	0.96326	3.28	0
749	18:50:33.48	0.0410	20.53415	21.17	40.60	1.0	0.999222	19.7800	1.24676	772.62	0.96328	3.28	0
750	18:50:33.78	0.0385	20.53506	21.17	40.60	1.0	0.999264	19.7798	1.24672	772.62	0.96322	3.28	0
751	18:50:34.08	0.0395	20.53464	21.17	40.60	1.0	0.999246	19.7807	1.24676	772.64	0.96328	3.28	0
752	18:50:34.38	0.0405	20.53443	21.17	40.60	1.0	0.999228	19.7805	1.24676	772.64	0.96328	3.28	0
753	18:50:34.68	0.0400	20.53450	21.17	40.60	1.0	0.999234	19.7799	1.24672	772.62	0.96325	3.28	0
754	18:50:34.98	0.0370	20.53576	21.17	40.60	1.0	0.999300	19.7802	1.24672	772.60	0.96320	3.28	0
755	18:50:35.28	0.0390	20.53478	21.18	40.60	1.0	0.999252	19.7800	1.24672	772.62	0.96325	3.28	0
756	18:50:35.58	0.0400	20.53457	21.18	40.60	1.0	0.999246	19.7794	1.24672	772.60	0.96322	3.28	0
757	18:50:35.88	0.0380	20.53527	21.17	40.60	1.0	0.999276	19.7805	1.24672	772.62	0.96325	3.28	0
758	18:50:36.18	0.0380	20.53534	21.17	40.60	1.0	0.999276	19.7802	1.24672	772.62	0.96323	3.28	0
759	18:50:36.48	0.0390	20.53499	21.17	40.60	1.0	0.999258	19.7800	1.24672	772.62	0.96323	3.28	0
760	18:50:36.78	0.0400	20.53450	21.17	40.60	1.0	0.999234	19.7803	1.24676	772.62	0.96327	3.28	0
761	18:50:37.08	0.0405	20.53443	21.17	40.60	1.0	0.999234	19.7802	1.24676	772.62	0.96327	3.28	0
762	18:50:37.38	0.0390	20.53492	21.17	40.60	1.0	0.999252	19.7805	1.24676	772.62	0.96326	3.28	0
763	18:50:37.68	0.0410	20.53415	21.17	40.60	1.0	0.999216	19.7799	1.24676	772.62	0.96327	3.28	0
764	18:50:37.98	0.0400	20.53457	21.17	40.63	1.0	0.999240	19.7802	1.24676	772.62	0.96326	3.28	0
765	18:50:38.28	0.0395	20.53457	21.18	40.63	1.0	0.999246	19.7802	1.24676	772.62	0.96326	3.28	0
766	18:50:38.58	0.0400	20.53450	21.18	40.63	1.0	0.999240	19.7805	1.24676	772.62	0.96328	3.28	0
767	18:50:38.88	0.0400	20.53457	21.17	40.63	1.0	0.999240	19.7798	1.24672	772.62	0.96324	3.28	0
768	18:50:39.18	0.0405	20.53429	21.17	40.63	1.0	0.999228	19.7788	1.24672	772.60	0.96321	3.28	0
769	18:50:39.48	0.0380	20.53541	21.17	40.63	1.0	0.999282	19.7804	1.24672	772.62	0.96323	3.28	0
770	18:50:39.78	0.0390	20.53492	21.17	40.63	1.0	0.999258	19.7802	1.24672	772.62	0.96325	3.28	0
771	18:50:40.08	0.0395	20.53485	21.16	40.63	1.0	0.999252	19.7798	1.24672	772.60	0.96323	3.28	0
772	18:50:40.38	0.0400	20.53471	21.16	40.63	1.0	0.999240	19.7795	1.24672	772.60	0.96322	3.28	0
773	18:50:40.68	0.0415	20.53394	21.17	40.63	1.0	0.999210	19.7793	1.24676	772.62	0.96325	3.28	0
774	18:50:40.98	0.0395	20.53471	21.17	40.60	1.0	0.999246	19.7795	1.24672	772.60	0.96322	3.28	0
775	18:50:41.28	0.0390	20.53513	21.16	40.60	1.0	0.999264	19.7795	1.24672	772.60	0.96321	3.28	0
776	18:50:41.58	0.0405	20.53436	21.16	40.60	1.0	0.999228	19.7800	1.24676	772.62	0.96326	3.28	0
777	18:50:41.88	0.0385	20.53527	21.17	40.60	1.0	0.999270	19.7799	1.24672	772.60	0.96322	3.28	0
778	18:50:42.18	0.0380	20.53527	21.17	40.60	1.0	0.999270	19.7797	1.24672	772.60	0.96321	3.28	0
779	18:50:42.48	0.0395	20.53485	21.16	40.60	1.0	0.999246	19.7802	1.24676	772.62	0.96325	3.28	0
780	18:50:42.78	0.0405	20.53450	21.16	40.60	1.0	0.999234	19.7797	1.24672	772.62	0.96324	3.28	0
781	18:50:43.08	0.0385	20.53534	21.16	40.60	1.0	0.999270	19.7809	1.24676	772.62	0.96326	3.28	0
782	18:50:43.38	0.0405	20.53450	21.16	40.53	1.0	0.999228	19.7800	1.24676	772.62	0.96326	3.28	0
783	18:50:43.68	0.0420	20.53394	21.16	40.53	1.0	0.999204	19.7805	1.24676	772.64	0.96331	3.28	0
784	18:50:43.98	0.0385	20.53527	21.16	40.53	1.0	0.999264	19.7805	1.24672	772.62	0.96325	3.28	0
785	18:50:44.28	0.0400	20.53485	21.16	40.53	1.0	0.999246	19.7805	1.24676	772.62	0.96326	3.28	0
786	18:50:44.58	0.0415	20.53415	21.16	40.53	1.0	0.999210	19.7796	1.24672	772.62	0.96326	3.28	0
787	18:50:44.88	0.0375	20.53562	21.17	40.53	1.0	0.999288	19.7806	1.24672	772.60	0.96323	3.28	0
788	18:50:45.18	0.0395	20.53485	21.17	40.53	1.0	0.999252	19.7805	1.24676	772.62	0.96326	3.28	0
789	18:50:45.48	0.0375	20.53569	21.16	40.53	1.0	0.999288	19.7800	1.24672	772.60	0.96320	3.28	0
790	18:50:45.78	0.0410	20.53443	21.16	40.53	1.0	0.999222	19.7800	1.24676	772.62	0.96326	3.28	0
791	18:50:46.08	0.0390	20.53506	21.17	40.53	1.0	0.999258	19.7804	1.24676	772.62	0.96325	3.28	0
792	18:50:46.38	0.0385	20.53527	21.17	40.50	1.0	0.999270	19.7798	1.24672	772.60	0.96322	3.28	0
793	18:50:46.68	0.0390	20.53506	21.16	40.50	1.0	0.999252	19.7803	1.24672	772.62	0.96325	3.28	0
794	18:50:46.98	0.0415	20.53422	21.16	40.50	1.0	0.999210	19.7789	1.24672	772.60	0.96322	3.28	0
795	18:50:47.28	0.0395	20.53506	21.16	40.50	1.0	0.999252	19.7800	1.24672	772.60	0.96323	3.28	0
796	18:50:47.58	0.0380	20.53555	21.16	40.50	1.0	0.999276	19.7797	1.24672	772.60	0.96319	3.28	0
797	18:50:47.88	0.0385	20.53534	21.17	40.50	1.0	0.999270	19.7794	1.24672	772.58	0.96319	3.28	0
798	18:50:48.18	0.0415	20.53408	21.17	40.50	1.0	0.999210	19.7791	1.24672	772.60	0.96323	3.28	0
799	18:50:48.48	0.0390	20.53513	21.16	40.50	1.0	0.999258	19.7798	1.24672	772.60	0.96322	3.28	0
800	18:50:48.78	0.0390	20.53520	21.16	40.50	1.0	0.999258	19.7800	1.24672	772.60	0.96322	3.28	0
801	18:50:49.08	0.0405	20.53450	21.16	40.50	1.0	0.999228	19.7799	1.24672	772.62	0.96325	3.28	0
802	18:50:49.38	0.0380	20.53548	21.16	40.50	1.0	0.999276	19.7801	1.24672	772.60	0.96322	3.28	0
803	18:50:49.68	0.0400	20.53471	21.17	40.50	1.0	0.999240	19.7803	1.24672	772.62	0.96326	3.28	0
804	18:50:49.98	0.0400	20.53478	21.17	40.50	1.0	0.999240	19.7795	1.24672	772.60	0.96322	3.28	0
805	18:50:50.28	0.0390	20.53506	21.16	40.50	1.0	0.999252	19.7793	1.24672	772.60	0.96320	3.28	0
806	18:50:50.58	0.0410	20.53443	21.16	40.53	1.0	0.999222	19.7795	1.24672	772.60	0.96324	3.28	0
807	18:50:50.88	0.0410	20.53429	21.16	40.53	1.0	0.999216	19.7800	1.24676	772.62	0.96326	3.28	0
808	18:50:51.18	0.0415	20.53415	21.16	40.53	1.0	0.999210	19.7794	1.24672	772.62	0.96325	3.28	0
809	18:50:51.48	0.0395	20.53499	21.16	40.53	1.0	0.999252	19.7800	1.24672	772.62	0.96323	3.28	0
810	18:50:51.78	0.0410	20.53415	21.16	40.60	1.0	0.999216	19.7796	1.24672	772.62	0.96325	3.28	0
811	18:50:52.08	0.0420	20.53394	21.16	40.60	1.0	0.999204	19.7800	1.24676	772.62	0.96329	3.28	0
812	18:50:52.38	0.0410	20.53429	21.16	40.60	1.0	0.999222	19.7793	1.24672	772.62	0.96323	3.28	0
813	18:50:52.68	0.0385	20.53527	21.16	40.60	1.0	0.999270	19.7800	1.24672	772.60	0.96322	3.28	0
814	18:50:52.98	0.0385	20.53520	21.16	40.63	1.0	0.999270	19.7798	1.24672	772.60	0.96321	3.28	0
815	18:50:53.28	0.0385	20.53520	21.16	40.63	1.0	0.999270	19.7799	1.24672	772.60	0.96322	3.28	0
816	18:50:53.58	0.0415	20.53401	21.16	40.63	1.0	0.999210	19.7798	1.24676	772.62	0.96327	3.28	0
817	18:50:53.88	0.0400	20.53464	21.16	40.63	1.0	0.999240	19.7798	1.24672	772.62	0.96324	3.28	0
818	18:50:54.18	0.0410	20.53415	21.16	40.63	1.0	0.999216	19.7788	1.24672	772.60	0.96322	3.28	0
819	18:50:54.48	0.0410	20.53429	21.16	40.63	1.0	0.999222	19.7798	1.24676	772.62	0.96326	3.28	0
820	18:50:54.78	0.0385	20.53527	21.16	40.63	1.0	0.999270	19.7801	1.24672	772.60	0.96323	3.28	0
821	18:50:55.08	0.0400	20.53457	21.16	40.63	1.0	0.999234	19.7800	1.24672	772.62	0.96325	3.28	0
822	18:50:55.38	0.0400	20.53457	21.16	40.66	1.0	0.999234	19.7802	1.24676	772.62	0.96326	3.28	0
823	18:50:55.68	0.0405	20.53436	21.16	40.66	1.0	0.999228	19.7800	1.24676	772.62	0.96326	3.28	0
824	18:50:55.98	0.0385	20.53520	21.16	40.66	1.0	0.999270	19.7795	1.24668	772.60	0.96320	3.28	0
825	18:50:56.28	0.0400	20.53450	21.16	40.66	1.0	0.999234	19.7792	1.24672	772.60	0.96322	3.28	0
826	18:50:56.58	0.0390	20.53499	21.16	40.66	1.0	0.999258	19.7799	1.24672	772.62	0.96323	3.28	0
827	18:50:56.88	0.0385	20.53520	21.16	40.66	1.0	0.999270	19.7801	1.24672	772.60	0.96323	3.28	0
828	18:50:57.18	0.0390	20.53485	21.16	40.66	1.0	0.999252	19.7801	1.24672	772.62	0.96325	3.28	0
829	18:50:57.48	0.0410	20.53415	21.16	40.66	1.0	0.999216	19.7798	1.24676	772.62	0.96326	3.28	0
830	18:50:57.78	0.0400	20.53464	21.16	40.66	1.0	0.999240	19.7793	1.24672	772.60	0.96322	3.28	0
831	18:50:58.08	0.0395	20.53485	21.16	40.66	1.0	0.999252	19.7798	1.24672	772.60	0.96323	3.28	0
832	18:50:58.38	0.0395	20.53492	21.16	40.63	1.0	0.999252	19.7801	1.24672	772.62	0.96325	3.28	0
833	18:50:58.68	0.0400	20.53464	21.16	40.63	1.0	0.999240	19.7797	1.24672	772.62	0.96323	3.28	0
834	18:50:58.98	0.0390	20.53506	21.16	40.63	1.0	0.999264	19.7800	1.24672	772.60	0.96323	3.28	0
835	18:50:59.28	0.0385	20.53527	21.16	40.63	1.0	0.999270	19.7802	1.24672	772.62	0.96323	3.28	0
836	18:50:59.58	0.0380	20.53548	21.16	40.63	1.0	0.999282	19.7800	1.24672	772.60	0.96321	3.28	0
837	18:50:59.88	0.0380	20.53534	21.16	40.63	1.0	0.999276	19.7797	1.24672	772.60	0.96320	3.28	0
838	18:51:00.18	0.0415	20.53408	21.16	40.60	1.0	0.999210	19.7793	1.24672	772.62	0.96324	3.28	0
839	18:51:00.48	0.0375	20.53555	21.16	40.60	1.0	0.999282	19.7800	1.24672	772.60	0.96320	3.28	0
840	18:51:00.78	0.0395	20.53485	21.16	40.60	1.0	0.999246	19.7799	1.24672	772.62	0.96323	3.28	0
841	18:51:01.08	0.0420	20.53387	21.16	40.60	1.0	0.999204	19.7796	1.24676	772.62	0.96327	3.28	0
842	18:51:01.38	0.0390	20.53506	21.16	40.60	1.0	0.999258	19.7801	1.24672	772.60	0.96323	3.28	0
843	18:51:01.68	0.0395	20.53485	21.16	40.60	1.0	0.999252	19.7801	1.24672	772.62	0.96325	3.28	0
844	18:51:01.98	0.0375	20.53562	21.16	40.60	1.0	0.999282	19.7800	1.24672	772.60	0.96320	3.28	0
845	18:51:02.28	0.0395	20.53478	21.16	40.60	1.0	0.999246	19.7800	1.24672	772.62	0.96325	3.28	0
846	18:51:02.58	0.0390	20.53499	21.16	40.60	1.0	0.999258	19.7805	1.24672	772.62	0.96325	3.28	0
847	18:51:02.88	0.0395	20.53492	21.16	40.60	1.0	0.999252	19.7798	1.24672	772.60	0.96323	3.28	0
848	18:51:03.18	0.0410	20.53436	21.16	40.60	1.0	0.999222	19.7792	1.24672	772.60	0.96322	3.28	0
849	18:51:03.48	0.0385	20.53527	21.16	40.60	1.0	0.999270	19.7796	1.24672	772.60	0.96320	3.28	0
850	18:51:03.78	0.0410	20.53422	21.16	40.60	1.0	0.999216	19.7795	1.24672	772.62	0.96325	3.28	0
851	18:51:04.08	0.0395	20.53485	21.16	40.60	1.0	0.999246	19.7797	1.24672	772.60	0.96322	3.28	0
852	18:51:04.38	0.0395	20.53478	21.16	40.60	1.0	0.999246	19.7800	1.24672	772.62	0.96325	3.28	0
853	18:51:04.68	0.0370	20.53576	21.16	40.60	1.0	0.999294	19.7798	1.24668	772.60	0.96319	3.28	0
854	18:51:04.98	0.0405	20.53443	21.16	40.60	1.0	0.999228	19.7793	1.24672	772.60	0.96322	3.28	0
855	18:51:05.28	0.0395	20.53492	21.16	40.60	1.0	0.999252	19.7799	1.24672	772.60	0.96323	3.28	0
856	18:51:05.58	0.0370	20.53583	21.16	40.60	1.0	0.999294	19.7804	1.24672	772.60	0.96322	3.28	0
857	18:51:05.88	0.0410	20.53415	21.16	40.60	1.0	0.999216	19.7795	1.24676	772.60	0.96325	3.28	0
858	18:51:06.18	0.0405	20.53450	21.16	40.60	1.0	0.999228	19.7795	1.24672	772.60	0.96323	3.28	0
859	18:51:06.48	0.0390	20.53520	21.15	40.60	1.0	0.999258	19.7800	1.24672	772.60	0.96322	3.28	0
860	18:51:06.78	0.0405	20.53450	21.15	40.60	1.0	0.999228	19.7804	1.24676	772.62	0.96328	3.28	0
861	18:51:07.08	0.0390	20.53499	21.16	40.60	1.0	0.999258	19.7795	1.24672	772.60	0.96321	3.28	0
862	18:51:07.38	0.0430	20.53352	21.16	40.60	1.0	0.999186	19.7789	1.24676	772.60	0.96325	3.28	0
863	18:51:07.68	0.0390	20.53506	21.16	40.60	1.0	0.999258	19.7795	1.24672	772.60	0.96321	3.28	0
864	18:51:07.98	0.0395	20.53485	21.16	40.60	1.0	0.999246	19.7793	1.24672	772.60	0.96321	3.28	0
865	18:51:08.28	0.0375	20.53555	21.16	40.60	1.0	0.999282	19.7799	1.24672	772.60	0.96320	3.28	0
866	18:51:08.58	0.0405	20.53443	21.16	40.60	1.0	0.999228	19.7793	1.24672	772.60	0.96323	3.28	0
867	18:51:08.88	0.0420	20.53387	21.16	40.60	1.0	0.999204	19.7795	1.24676	772.62	0.96326	3.28	0
868	18:51:09.18	0.0390	20.53499	21.16	40.60	1.0	0.999258	19.7792	1.24668	772.60	0.96319	3.28	0
869	18:51:09.48	0.0375	20.53569	21.15	40.60	1.0	0.999282	19.7800	1.24672	772.60	0.96320	3.28	0
870	18:51:09.78	0.0385	20.53527	21.15	40.60	1.0	0.999264	19.7794	1.24672	772.58	0.96319	3.28	0
871	18:51:10.08	0.0375	20.53569	21.16	40.60	1.0	0.999288	19.7799	1.24672	772.60	0.96320	3.28	0
872	18:51:10.38	0.0410	20.53422	21.16	40.60	1.0	0.999216	19.7795	1.24672	772.62	0.96325	3.28	0
873	18:51:10.68	0.0425	20.53380	21.15	40.60	1.0	0.999192	19.7790	1.24676	772.60	0.96325	3.28	0
874	18:51:10.98	0.0390	20.53520	21.15	40.60	1.0	0.999258	19.7800	1.24672	772.60	0.96323	3.28	0
875	18:51:11.28	0.0415	20.53415	21.15	40.60	1.0	0.999210	19.7791	1.24672	772.60	0.96323	3.28	0
876	18:51:11.58	0.0395	20.53485	21.15	40.60	1.0	0.999246	19.7797	1.24672	772.60	0.96322	3.28	0
877	18:51:11.88	0.0415	20.53422	21.14	40.60	1.0	0.999210	19.7794	1.24672	772.60	0.96324	3.28	0
878	18:51:12.18	0.0390	20.53520	21.14	40.60	1.0	0.999258	19.7800	1.24672	772.60	0.96323	3.28	0
879	18:51:12.48	0.0390	20.53513	21.15	40.60	1.0	0.999258	19.7796	1.24672	772.60	0.96321	3.28	0
880	18:51:12.78	0.0405	20.53457	21.15	40.60	1.0	0.999228	19.7798	1.24672	772.62	0.96324	3.28	0
881	18:51:13.08	0.0390	20.53520	21.15	40.60	1.0	0.999264	19.7798	1.24672	772.60	0.96321	3.28	0
882	18:51:13.38	0.0395	20.53492	21.15	40.60	1.0	0.999246	19.7796	1.24672	772.60	0.96322	3.28	0
883	18:51:13.68	0.0390	20.53513	21.15	40.60	1.0	0.999258	19.7794	1.24672	772.60	0.96320	3.28	0
884	18:51:13.98	0.0405	20.53457	21.15	40.60	1.0	0.999228	19.7788	1.24672	772.60	0.96320	3.28	0
885	18:51:14.28	0.0405	20.53464	21.15	40.60	1.0	0.999234	19.7798	1.24672	772.62	0.96324	3.28	0
886	18:51:14.58	0.0395	20.53492	21.15	40.60	1.0	0.999246	19.7798	1.24672	772.62	0.96323	3.28	0
887	18:51:14.88	0.0410	20.53436	21.14	40.60	1.0	0.999216	19.7794	1.24676	772.60	0.96323	3.28	0
888	18:51:15.18	0.0385	20.53541	21.14	40.60	1.0	0.999264	19.7805	1.24672	772.60	0.96324	3.28	0
889	18:51:15.48	0.0390	20.53499	21.16	40.60	1.0	0.999258	19.7802	1.24676	772.60	0.96324	3.28	0
890	18:51:15.78	0.0420	20.53387	21.16	40.60	1.0	0.999198	19.7797	1.24676	772.62	0.96328	3.28	0
891	18:51:16.08	0.0400	20.53478	21.15	40.60	1.0	0.999240	19.7800	1.24672	772.62	0.96325	3.28	0
892	18:51:16.38	0.0400	20.53464	21.15	40.60	1.0	0.999234	19.7798	1.24676	772.60	0.96324	3.28	0
893	18:51:16.68	0.0390	20.53513	21.15	40.60	1.0	0.999258	19.7807	1.24676	772.62	0.96326	3.28	0
894	18:51:16.98	0.0400	20.53471	21.15	40.60	1.0	0.999240	19.7802	1.24676	772.62	0.96325	3.28	0
895	18:51:17.28	0.0400	20.53478	21.15	40.60	1.0	0.999240	19.7795	1.24672	772.60	0.96322	3.28	0
896	18:51:17.58	0.0385	20.53534	21.15	40.60	1.0	0.999270	19.7797	1.24672	772.60	0.96320	3.28	0
897	18:51:17.88	0.0390	20.53513	21.15	40.60	1.0	0.999258	19.7805	1.24672	772.62	0.96326	3.28	0
898	18:51:18.18	0.0415	20.53408	21.15	40.60	1.0	0.999210	19.7794	1.24672	772.62	0.96325	3.28	0
899	18:51:18.48	0.0395	20.53499	21.14	40.60	1.0	0.999246	19.7800	1.24672	772.60	0.96323	3.28	0
900	18:51:18.78	0.0395	20.53499	21.14	40.60	1.0	0.999246	19.7798	1.24672	772.60	0.96322	3.28	0
901	18:51:19.08	0.0390	20.53506	21.15	40.60	1.0	0.999252	19.7799	1.24672	772.60	0.96323	3.28	0
902	18:51:19.38	0.0375	20.53569	21.15	40.60	1.0	0.999282	19.7800	1.24672	772.60	0.96320	3.28	0
903	18:51:19.68	0.0380	20.53555	21.15	40.60	1.0	0.999276	19.7801	1.24672	772.60	0.96322	3.28	0
904	18:51:19.98	0.0420	20.53401	21.15	40.60	1.0	0.999204	19.7800	1.24676	772.64	0.96328	3.28	0
905	18:51:20.28	0.0400	20.53478	21.15	40.60	1.0	0.999240	19.7800	1.24676	772.62	0.96325	3.28	0
906	18:51:20.58	0.0415	20.53415	21.15	40.60	1.0	0.999210	19.7798	1.24676	772.62	0.96326	3.28	0
907	18:51:20.88	0.0400	20.53471	21.15	40.60	1.0	0.999234	19.7805	1.24676	772.62	0.96328	3.28	0
908	18:51:21.18	0.0405	20.53464	21.15	40.60	1.0	0.999234	19.7807	1.24676	772.62	0.96328	3.28	0
909	18:51:21.48	0.0385	20.53541	21.15	40.60	1.0	0.999270	19.7806	1.24676	772.60	0.96325	3.28	0
910	18:51:21.78	0.0395	20.53492	21.15	40.60	1.0	0.999246	19.7802	1.24676	772.62	0.96325	3.28	0
911	18:51:22.08	0.0380	20.53555	21.15	40.60	1.0	0.999276	19.7814	1.24676	772.62	0.96328	3.28	0
912	18:51:22.38	0.0405	20.53464	21.15	40.60	1.0	0.999234	19.7802	1.24676	772.60	0.96326	3.28	0
913	18:51:22.68	0.0420	20.53415	21.14	40.60	1.0	0.999204	19.7794	1.24676	772.60	0.96325	3.28	0
914	18:51:22.98	0.0380	20.53562	21.14	40.60	1.0	0.999276	19.7794	1.24668	772.58	0.96317	3.28	0
915	18:51:23.28	0.0415	20.53436	21.14	40.60	1.0	0.999216	19.7796	1.24676	772.62	0.96325	3.28	0
916	18:51:23.58	0.0395	20.53499	21.14	40.60	1.0	0.999246	19.7797	1.24672	772.60	0.96322	3.28	0
917	18:51:23.88	0.0405	20.53471	21.14	40.60	1.0	0.999234	19.7801	1.24676	772.62	0.96325	3.28	0
918	18:51:24.18	0.0390	20.53527	21.14	40.63	1.0	0.999264	19.7794	1.24672	772.58	0.96319	3.28	0
919	18:51:24.48	0.0405	20.53464	21.14	40.63	1.0	0.999234	19.7800	1.24676	772.60	0.96325	3.28	0
920	18:51:24.78	0.0415	20.53429	21.14	40.63	1.0	0.999216	19.7803	1.24676	772.62	0.96328	3.28	0
921	18:51:25.08	0.0415	20.53429	21.14	40.63	1.0	0.999210	19.7799	1.24676	772.62	0.96326	3.28	0
922	18:51:25.38	0.0395	20.53499	21.14	40.63	1.0	0.999246	19.7802	1.24672	772.62	0.96325	3.28	0
923	18:51:25.68	0.0415	20.53429	21.14	40.63	1.0	0.999216	19.7798	1.24676	772.62	0.96326	3.28	0
924	18:51:25.98	0.0395	20.53492	21.14	40.66	1.0	0.999246	19.7792	1.24672	772.58	0.96320	3.28	0
925	18:51:26.28	0.0385	20.53527	21.16	40.66	1.0	0.999270	19.7800	1.24672	772.60	0.96322	3.28	0
926	18:51:26.58	0.0410	20.53415	21.16	40.66	1.0	0.999216	19.7792	1.24672	772.60	0.96323	3.28	0
927	18:51:26.88	0.0385	20.53527	21.15	40.66	1.0	0.999270	19.7794	1.24672	772.60	0.96319	3.28	0
928	18:51:27.18	0.0400	20.53464	21.15	40.66	1.0	0.999240	19.7795	1.24672	772.60	0.96322	3.28	0
929	18:51:27.48	0.0395	20.53492	21.14	40.66	1.0	0.999246	19.7797	1.24672	772.60	0.96322	3.28	0
930	18:51:27.78	0.0405	20.53457	21.14	40.66	1.0	0.999228	19.7791	1.24672	772.60	0.96321	3.28	0
931	18:51:28.08	0.0385	20.53534	21.15	40.66	1.0	0.999270	19.7797	1.24672	772.60	0.96320	3.28	0
932	18:51:28.38	0.0395	20.53478	21.15	40.66	1.0	0.999246	19.7793	1.24672	772.60	0.96321	3.28	0
933	18:51:28.68	0.0375	20.53576	21.15	40.66	1.0	0.999288	19.7798	1.24672	772.58	0.96319	3.28	0
934	18:51:28.98	0.0400	20.53478	21.15	40.66	1.0	0.999240	19.7793	1.24672	772.60	0.96322	3.28	0
935	18:51:29.28	0.0385	20.53520	21.15	40.66	1.0	0.999264	19.7793	1.24672	772.58	0.96319	3.28	0
936	18:51:29.58	0.0395	20.53492	21.15	40.66	1.0	0.999252	19.7789	1.24668	772.58	0.96319	3.28	0
937	18:51:29.88	0.0390	20.53520	21.14	40.66	1.0	0.999258	19.7795	1.24672	772.60	0.96320	3.28	0
938	18:51:30.18	0.0405	20.53450	21.14	40.66	1.0	0.999228	19.7798	1.24672	772.62	0.96325	3.28	0
939	18:51:30.48	0.0410	20.53436	21.15	40.66	1.0	0.999222	19.7803	1.24676	772.62	0.96328	3.28	0
940	18:51:30.78	0.0380	20.53534	21.15	40.66	1.0	0.999270	19.7801	1.24672	772.60	0.96322	3.28	0
941	18:51:31.08	0.0390	20.53520	21.14	40.66	1.0	0.999264	19.7803	1.24676	772.60	0.96324	3.28	0
942	18:51:31.38	0.0400	20.53485	21.14	40.66	1.0	0.999240	19.7803	1.24676	772.62	0.96326	3.28	0
943	18:51:31.68	0.0390	20.53520	21.14	40.66	1.0	0.999258	19.7800	1.24672	772.62	0.96322	3.28	0
944	18:51:31.98	0.0400	20.53471	21.14	40.70	1.0	0.999240	19.7798	1.24672	772.62	0.96323	3.28	0
945	18:51:32.28	0.0400	20.53464	21.14	40.70	1.0	0.999234	19.7795	1.24672	772.60	0.96323	3.28	0
946	18:51:32.58	0.0415	20.53422	21.14	40.70	1.0	0.999216	19.7795	1.24676	772.60	0.96325	3.28	0
947	18:51:32.88	0.0390	20.53513	21.14	40.70	1.0	0.999258	19.7796	1.24672	772.60	0.96321	3.28	0
948	18:51:33.18	0.0400	20.53464	21.14	40.70	1.0	0.999234	19.7794	1.24672	772.60	0.96322	3.28	0
949	18:51:33.48	0.0410	20.53436	21.14	40.70	1.0	0.999222	19.7794	1.24676	772.60	0.96323	3.28	0
950	18:51:33.78	0.0385	20.53520	21.14	40.70	1.0	0.999264	19.7793	1.24672	772.58	0.96319	3.28	0
951	18:51:34.08	0.0405	20.53457	21.14	40.70	1.0	0.999228	19.7793	1.24672	772.60	0.96322	3.28	0
952	18:51:34.38	0.0400	20.53471	21.14	40.70	1.0	0.999240	19.7788	1.24668	772.60	0.96319	3.28	0
953	18:51:34.68	0.0390	20.53520	21.14	40.70	1.0	0.999264	19.7800	1.24672	772.60	0.96322	3.28	0
954	18:51:34.98	0.0410	20.53422	21.14	40.73	1.0	0.999216	19.7790	1.24672	772.60	0.96322	3.28	0
955	18:51:35.28	0.0405	20.53443	21.14	40.73	1.0	0.999228	19.7791	1.24672	772.60	0.96322	3.28	0
956	18:51:35.58	0.0395	20.53485	21.14	40.73	1.0	0.999246	19.7793	1.24672	772.60	0.96320	3.28	0
957	18:51:35.88	0.0405	20.53436	21.14	40.73	1.0	0.999228	19.7793	1.24672	772.60	0.96323	3.28	0
958	18:51:36.18	0.0410	20.53422	21.14	40.73	1.0	0.999216	19.7793	1.24672	772.60	0.96323	3.28	0
959	18:51:36.48	0.0395	20.53485	21.14	40.73	1.0	0.999246	19.7793	1.24672	772.60	0.96320	3.28	0
960	18:51:36.78	0.0410	20.53429	21.14	40.73	1.0	0.999216	19.7796	1.24676	772.62	0.96325	3.28	0
961	18:51:37.08	0.0390	20.53499	21.14	40.73	1.0	0.999258	19.7799	1.24672	772.60	0.96323	3.28	0
962	18:51:37.38	0.0385	20.53527	21.14	40.73	1.0	0.999270	19.7801	1.24676	772.60	0.96323	3.28	0
963	18:51:37.68	0.0415	20.53408	21.14	40.73	1.0	0.999210	19.7797	1.24676	772.62	0.96326	3.28	0
964	18:51:37.98	0.0385	20.53527	21.14	40.73	1.0	0.999270	19.7799	1.24672	772.60	0.96322	3.28	0
965	18:51:38.28	0.0385	20.53527	21.14	40.73	1.0	0.999270	19.7798	1.24672	772.60	0.96321	3.28	0
966	18:51:38.58	0.0380	20.53548	21.14	40.73	1.0	0.999282	19.7794	1.24672	772.58	0.96318	3.28	0
967	18:51:38.88	0.0395	20.53478	21.14	40.73	1.0	0.999246	19.7796	1.24672	772.60	0.96322	3.28	0
968	18:51:39.18	0.0385	20.53527	21.14	40.73	1.0	0.999264	19.7798	1.24672	772.60	0.96321	3.28	0
969	18:51:39.48	0.0410	20.53436	21.14	40.73	1.0	0.999222	19.7799	1.24676	772.62	0.96326	3.28	0
970	18:51:39.78	0.0385	20.53527	21.14	40.73	1.0	0.999264	19.7796	1.24672	772.60	0.96320	3.28	0
971	18:51:40.08	0.0415	20.53408	21.14	40.73	1.0	0.999210	19.7796	1.24676	772.62	0.96326	3.28	0
972	18:51:40.38	0.0385	20.53534	21.14	40.73	1.0	0.999270	19.7798	1.24672	772.60	0.96321	3.28	0
973	18:51:40.68	0.0400	20.53464	21.14	40.73	1.0	0.999234	19.7793	1.24672	772.60	0.96322	3.28	0
974	18:51:40.98	0.0380	20.53555	21.14	40.73	1.0	0.999282	19.7798	1.24672	772.60	0.96320	3.28	0
975	18:51:41.28	0.0390	20.53513	21.14	40.73	1.0	0.999264	19.7799	1.24676	772.60	0.96322	3.28	0
976	18:51:41.58	0.0405	20.53450	21.14	40.73	1.0	0.999228	19.7793	1.24672	772.60	0.96322	3.28	0
977	18:51:41.88	0.0405	20.53457	21.14	40.73	1.0	0.999234	19.7800	1.24676	772.60	0.96326	3.28	0
978	18:51:42.18	0.0400	20.53471	21.14	40.73	1.0	0.999240	19.7795	1.24672	772.60	0.96323	3.28	0
979	18:51:42.48	0.0385	20.53520	21.14	40.73	1.0	0.999264	19.7793	1.24668	772.60	0.96319	3.28	0
980	18:51:42.78	0.0385	20.53520	21.14	40.73	1.0	0.999264	19.7797	1.24672	772.60	0.96321	3.28	0
981	18:51:43.08	0.0390	20.53506	21.14	40.73	1.0	0.999258	19.7795	1.24672	772.60	0.96320	3.28	0
982	18:51:43.38	0.0410	20.53429	21.14	40.73	1.0	0.999216	19.7791	1.24672	772.60	0.96322	3.28	0
983	18:51:43.68	0.0390	20.53513	21.14	40.73	1.0	0.999264	19.7793	1.24672	772.58	0.96319	3.28	0
984	18:51:43.98	0.0385	20.53534	21.14	40.73	1.0	0.999270	19.7794	1.24672	772.58	0.96319	3.28	0
985	18:51:44.28	0.0395	20.53485	21.14	40.73	1.0	0.999252	19.7797	1.24672	772.60	0.96322	3.28	0
986	18:51:44.58	0.0410	20.53429	21.14	40.73	1.0	0.999222	19.7789	1.24672	772.60	0.96322	3.28	0
987	18:51:44.88	0.0390	20.53506	21.14	40.73	1.0	0.999258	19.7797	1.24672	772.60	0.96322	3.28	0
988	18:51:45.18	0.0380	20.53555	21.14	40.73	1.0	0.999282	19.7797	1.24672	772.58	0.96319	3.28	0
989	18:51:45.48	0.0415	20.53415	21.14	40.73	1.0	0.999210	19.7802	1.24676	772.62	0.96328	3.28	0
990	18:51:45.78	0.0395	20.53485	21.14	40.73	1.0	0.999246	19.7791	1.24672	772.58	0.96320	3.28	0
991	18:51:46.08	0.0405	20.53443	21.14	40.73	1.0	0.999228	19.7793	1.24672	772.60	0.96323	3.28	0
992	18:51:46.38	0.0400	20.53464	21.14	40.73	1.0	0.999234	19.7792	1.24672	772.60	0.96321	3.28	0
993	18:51:46.68	0.0395	20.53492	21.14	40.73	1.0	0.999252	19.7798	1.24672	772.60	0.96323	3.28	0
994	18:51:46.98	0.0405	20.53450	21.14	40.73	1.0	0.999234	19.7791	1.24672	772.60	0.96322	3.28	0
995	18:51:47.28	0.0405	20.53443	21.14	40.73	1.0	0.999228	19.7795	1.24672	772.62	0.96323	3.28	0
996	18:51:47.58	0.0395	20.53485	21.14	40.73	1.0	0.999246	19.7798	1.24672	772.60	0.96323	3.28	0
997	18:51:47.88	0.0400	20.53464	21.14	40.73	1.0	0.999240	19.7797	1.24672	772.62	0.96323	3.28	0
998	18:51:48.18	0.0405	20.53443	21.14	40.73	1.0	0.999228	19.7788	1.24672	772.58	0.96320	3.28	0
999	18:51:48.48	0.0390	20.53506	21.14	40.73	1.0	0.999258	19.7792	1.24672	772.58	0.96319	3.28	0
1000	18:51:48.78	0.0400	20.53464	21.14	40.73	1.0	0.999240	19.7787	1.24668	772.60	0.96319	3.28	0
1001	18:51:49.08	0.0410	20.53429	21.14	40.73	1.0	0.999222	19.7794	1.24672	772.60	0.96324	3.28	0
1002	18:51:49.38	0.0405	20.53443	21.14	40.73	1.0	0.999228	19.7794	1.24672	772.60	0.96323	3.28	0
1003	18:51:49.68	0.0425	20.53366	21.14	40.73	1.0	0.999192	19.7795	1.24676	772.62	0.96327	3.28	0
1004	18:51:49.98	0.0405	20.53443	21.14	40.73	1.0	0.999228	19.7798	1.24676	772.60	0.96325	3.28	0
1005	18:51:50.28	0.0385	20.53520	21.14	40.73	1.0	0.999264	19.7793	1.24668	772.60	0.96319	3.28	0
1006	18:51:50.58	0.0395	20.53492	21.14	40.73	1.0	0.999252	19.7793	1.24672	772.60	0.96320	3.28	0
1007	18:51:50.88	0.0380	20.53541	21.14	40.73	1.0	0.999276	19.7787	1.24668	772.58	0.96316	3.28	0
1008	18:51:51.18	0.0405	20.53450	21.14	40.73	1.0	0.999234	19.7791	1.24672	772.60	0.96321	3.28	0
1009	18:51:51.48	0.0380	20.53555	21.14	40.73	1.0	0.999282	19.7794	1.24672	772.58	0.96318	3.28	0
1010	18:51:51.78	0.0395	20.53499	21.14	40.73	1.0	0.999252	19.7798	1.24672	772.60	0.96323	3.28	0
1011	18:51:52.08	0.0400	20.53464	21.14	40.73	1.0	0.999240	19.7794	1.24672	772.60	0.96322	3.28	0
1012	18:51:52.38	0.0415	20.53415	21.14	40.73	1.0	0.999216	19.7791	1.24672	772.60	0.96323	3.28	0
1013	18:51:52.68	0.0400	20.53471	21.14	40.73	1.0	0.999240	19.7792	1.24672	772.60	0.96321	3.28	0
1014	18:51:52.98	0.0385	20.53520	21.14	40.73	1.0	0.999264	19.7791	1.24668	772.58	0.96318	3.28	0
1015	18:51:53.28	0.0405	20.53471	21.11	40.73	1.0	0.999234	19.7794	1.24672	772.60	0.96322	3.28	0
1016	18:51:53.58	0.0410	20.53436	21.11	40.73	1.0	0.999216	19.7788	1.24672	772.58	0.96320	3.28	0
1017	18:51:53.88	0.0390	20.53513	21.14	40.73	1.0	0.999264	19.7796	1.24672	772.60	0.96321	3.28	0
1018	18:51:54.18	0.0405	20.53443	21.14	40.73	1.0	0.999228	19.7798	1.24676	772.60	0.96325	3.28	0
1019	18:51:54.48	0.0410	20.53436	21.14	40.73	1.0	0.999222	19.7798	1.24676	772.62	0.96325	3.28	0
1020	18:51:54.78	0.0395	20.53492	21.14	40.73	1.0	0.999252	19.7793	1.24672	772.58	0.96320	3.28	0
1021	18:51:55.08	0.0400	20.53471	21.14	40.73	1.0	0.999240	19.7798	1.24676	772.60	0.96324	3.28	0
1022	18:51:55.38	0.0400	20.53457	21.14	40.73	1.0	0.999234	19.7794	1.24672	772.60	0.96322	3.28	0
1023	18:51:55.68	0.0420	20.53408	21.13	40.73	1.0	0.999204	19.7792	1.24676	772.60	0.96324	3.28	0
1024	18:51:55.98	0.0410	20.53436	21.13	40.73	1.0	0.999222	19.7791	1.24672	772.60	0.96322	3.28	0
1025	18:51:56.28	0.0410	20.53422	21.14	40.73	1.0	0.999216	19.7797	1.24676	772.60	0.96326	3.28	0
1026	18:51:56.58	0.0405	20.53457	21.14	40.73	1.0	0.999234	19.7795	1.24676	772.60	0.96323	3.28	0
1027	18:51:56.88	0.0410	20.53436	21.13	40.73	1.0	0.999216	19.7798	1.24676	772.62	0.96326	3.28	0
1028	18:51:57.18	0.0410	20.53429	21.13	40.73	1.0	0.999216	19.7798	1.24676	772.62	0.96326	3.28	0
1029	18:51:57.48	0.0390	20.53499	21.14	40.73	1.0	0.999258	19.7796	1.24672	772.60	0.96322	3.28	0
1030	18:51:57.78	0.0405	20.53457	21.14	40.73	1.0	0.999234	19.7800	1.24676	772.62	0.96325	3.28	0
1031	18:51:58.08	0.0395	20.53492	21.13	40.73	1.0	0.999246	19.7809	1.24676	772.62	0.96328	3.28	0
1032	18:51:58.38	0.0405	20.53457	21.13	40.73	1.0	0.999234	19.7796	1.24672	772.60	0.96323	3.28	0
1033	18:51:58.68	0.0420	20.53394	21.14	40.73	1.0	0.999204	19.7800	1.24676	772.62	0.96329	3.28	0
1034	18:51:58.98	0.0395	20.53499	21.14	40.73	1.0	0.999252	19.7802	1.24672	772.62	0.96325	3.28	0
1035	18:51:59.28	0.0405	20.53464	21.11	40.73	1.0	0.999228	19.7801	1.24676	772.62	0.96326	3.28	0
1036	18:51:59.58	0.0395	20.53506	21.11	40.73	1.0	0.999246	19.7802	1.24676	772.60	0.96324	3.28	0
1037	18:51:59.88	0.0410	20.53422	21.14	40.73	1.0	0.999216	19.7797	1.24676	772.62	0.96326	3.28	0
1038	18:52:00.18	0.0390	20.53506	21.14	40.73	1.0	0.999258	19.7802	1.24676	772.60	0.96324	3.28	0
1039	18:52:00.48	0.0410	20.53443	21.13	40.73	1.0	0.999222	19.7794	1.24676	772.60	0.96323	3.28	0
1040	18:52:00.78	0.0400	20.53471	21.13	40.73	1.0	0.999240	19.7795	1.24672	772.60	0.96322	3.28	0
1041	18:52:01.08	0.0390	20.53520	21.13	40.73	1.0	0.999258	19.7789	1.24672	772.58	0.96317	3.28	0
1042	18:52:01.38	0.0410	20.53429	21.13	40.76	1.0	0.999216	19.7786	1.24672	772.58	0.96320	3.28	0
1043	18:52:01.68	0.0395	20.53478	21.14	40.76	1.0	0.999246	19.7790	1.24672	772.58	0.96320	3.28	0
1044	18:52:01.98	0.0405	20.53450	21.14	40.76	1.0	0.999234	19.7795	1.24672	772.60	0.96323	3.28	0
1045	18:52:02.28	0.0395	20.53499	21.11	40.76	1.0	0.999246	19.7793	1.24672	772.60	0.96320	3.28	0
1046	18:52:02.58	0.0425	20.53387	21.11	40.76	1.0	0.999192	19.7788	1.24676	772.60	0.96323	3.28	0
1047	18:52:02.88	0.0415	20.53408	21.14	40.76	1.0	0.999210	19.7793	1.24676	772.60	0.96324	3.28	0
1048	18:52:03.18	0.0390	20.53492	21.14	40.80	1.0	0.999252	19.7798	1.24672	772.60	0.96323	3.28	0
1049	18:52:03.48	0.0390	20.53492	21.14	40.80	1.0	0.999252	19.7794	1.24672	772.60	0.96321	3.28	0
1050	18:52:03.78	0.0380	20.53534	21.14	40.80	1.0	0.999276	19.7794	1.24668	772.60	0.96319	3.28	0
1051	18:52:04.08	0.0440	20.53324	21.13	40.80	1.0	0.999168	19.7792	1.24676	772.62	0.96328	3.28	0
1052	18:52:04.38	0.0400	20.53478	21.13	40.80	1.0	0.999240	19.7796	1.24672	772.60	0.96323	3.28	0
1053	18:52:04.68	0.0400	20.53457	21.14	40.80	1.0	0.999240	19.7788	1.24672	772.58	0.96319	3.28	0
1054	18:52:04.98	0.0395	20.53478	21.14	40.80	1.0	0.999246	19.7801	1.24676	772.60	0.96325	3.28	0
1055	18:52:05.28	0.0400	20.53464	21.14	40.80	1.0	0.999240	19.7805	1.24676	772.62	0.96328	3.28	0
1056	18:52:05.58	0.0405	20.53443	21.14	40.80	1.0	0.999228	19.7793	1.24672	772.60	0.96323	3.28	0
1057	18:52:05.88	0.0395	20.53478	21.14	40.80	1.0	0.999246	19.7790	1.24672	772.60	0.96319	3.28	0
1058	18:52:06.18	0.0405	20.53436	21.14	40.83	1.0	0.999228	19.7791	1.24672	772.60	0.96322	3.28	0
1059	18:52:06.48	0.0390	20.53492	21.14	40.83	1.0	0.999258	19.7791	1.24672	772.60	0.96319	3.28	0
1060	18:52:06.78	0.0420	20.53380	21.14	40.83	1.0	0.999204	19.7785	1.24672	772.60	0.96322	3.28	0
1061	18:52:07.08	0.0380	20.53527	21.14	40.83	1.0	0.999270	19.7792	1.24668	772.58	0.96318	3.28	0
1062	18:52:07.38	0.0390	20.53492	21.14	40.86	1.0	0.999258	19.7793	1.24672	772.60	0.96320	3.28	0
1063	18:52:07.68	0.0405	20.53436	21.14	40.86	1.0	0.999234	19.7791	1.24672	772.60	0.96322	3.28	0
1064	18:52:07.98	0.0380	20.53527	21.14	40.86	1.0	0.999276	19.7795	1.24672	772.58	0.96320	3.28	0
1065	18:52:08.28	0.0410	20.53429	21.13	40.86	1.0	0.999222	19.7796	1.24676	772.60	0.96325	3.28	0
1066	18:52:08.58	0.0410	20.53422	21.13	40.86	1.0	0.999222	19.7788	1.24672	772.58	0.96321	3.28	0
1067	18:52:08.88	0.0380	20.53527	21.14	40.86	1.0	0.999276	19.7807	1.24676	772.60	0.96325	3.28	0
1068	18:52:09.18	0.0415	20.53401	21.14	40.86	1.0	0.999210	19.7802	1.24676	772.64	0.96329	3.28	0
1069	18:52:09.48	0.0415	20.53387	21.14	40.86	1.0	0.999210	19.7795	1.24676	772.62	0.96326	3.28	0
1070	18:52:09.78	0.0415	20.53401	21.14	40.86	1.0	0.999216	19.7791	1.24672	772.60	0.96323	3.28	0
1071	18:52:10.08	0.0405	20.53436	21.14	40.86	1.0	0.999228	19.7791	1.24676	772.58	0.96322	3.28	0
1072	18:52:10.38	0.0385	20.53513	21.14	40.86	1.0	0.999270	19.7791	1.24668	772.58	0.96318	3.28	0
1073	18:52:10.68	0.0405	20.53436	21.14	40.86	1.0	0.999228	19.7795	1.24672	772.60	0.96324	3.28	0
1074	18:52:10.98	0.0405	20.53443	21.14	40.86	1.0	0.999234	19.7795	1.24676	772.60	0.96324	3.28	0
1075	18:52:11.28	0.0415	20.53401	21.14	40.86	1.0	0.999210	19.7789	1.24676	772.60	0.96323	3.28	0
1076	18:52:11.58	0.0410	20.53415	21.14	40.86	1.0	0.999222	19.7789	1.24672	772.60	0.96322	3.28	0
1077	18:52:11.88	0.0410	20.53408	21.14	40.86	1.0	0.999216	19.7784	1.24672	772.60	0.96320	3.28	0
1078	18:52:12.18	0.0405	20.53429	21.14	40.86	1.0	0.999228	19.7788	1.24672	772.60	0.96321	3.28	0
1079	18:52:12.48	0.0380	20.53527	21.14	40.86	1.0	0.999276	19.7791	1.24668	772.58	0.96317	3.28	0
1080	18:52:12.78	0.0390	20.53485	21.14	40.86	1.0	0.999252	19.7793	1.24672	772.60	0.96321	3.28	0
1081	18:52:13.08	0.0380	20.53534	21.14	40.86	1.0	0.999276	19.7792	1.24672	772.58	0.96318	3.28	0
1082	18:52:13.38	0.0415	20.53387	21.14	40.86	1.0	0.999204	19.7786	1.24672	772.60	0.96322	3.28	0
1083	18:52:13.68	0.0395	20.53464	21.14	40.86	1.0	0.999246	19.7793	1.24672	772.60	0.96322	3.28	0
1084	18:52:13.98	0.0405	20.53436	21.14	40.86	1.0	0.999228	19.7791	1.24672	772.60	0.96322	3.28	0
1085	18:52:14.28	0.0400	20.53464	21.13	40.86	1.0	0.999240	19.7792	1.24672	772.60	0.96321	3.28	0
1086	18:52:14.58	0.0395	20.53478	21.13	40.86	1.0	0.999246	19.7790	1.24672	772.58	0.96320	3.28	0
1087	18:52:14.88	0.0400	20.53457	21.14	40.86	1.0	0.999240	19.7792	1.24672	772.60	0.96322	3.28	0
1088	18:52:15.18	0.0390	20.53485	21.14	40.86	1.0	0.999258	19.7796	1.24676	772.60	0.96322	3.28	0
1089	18:52:15.48	0.0395	20.53478	21.14	40.86	1.0	0.999252	19.7793	1.24672	772.60	0.96322	3.28	0
1090	18:52:15.78	0.0390	20.53499	21.14	40.83	1.0	0.999258	19.7792	1.24672	772.60	0.96319	3.28	0
1091	18:52:16.08	0.0385	20.53513	21.13	40.83	1.0	0.999264	19.7796	1.24672	772.60	0.96321	3.28	0
1092	18:52:16.38	0.0390	20.53499	21.13	40.86	1.0	0.999258	19.7788	1.24668	772.58	0.96318	3.28	0
1093	18:52:16.68	0.0395	20.53464	21.14	40.86	1.0	0.999246	19.7795	1.24672	772.60	0.96323	3.28	0
1094	18:52:16.98	0.0420	20.53380	21.14	40.83	1.0	0.999204	19.7780	1.24672	772.58	0.96319	3.28	0
1095	18:52:17.28	0.0405	20.53429	21.14	40.83	1.0	0.999228	19.7786	1.24672	772.60	0.96320	3.28	0
1096	18:52:17.58	0.0390	20.53499	21.14	40.83	1.0	0.999258	19.7794	1.24672	772.60	0.96320	3.28	0
1097	18:52:17.88	0.0385	20.53513	21.15	40.83	1.0	0.999270	19.7794	1.24672	772.60	0.96320	3.28	0
1098	18:52:18.18	0.0380	20.53527	21.15	40.83	1.0	0.999276	19.7791	1.24668	772.58	0.96318	3.28	0
1099	18:52:18.48	0.0395	20.53478	21.14	40.83	1.0	0.999252	19.7793	1.24672	772.60	0.96321	3.28	0
1100	18:52:18.78	0.0405	20.53443	21.14	40.83	1.0	0.999234	19.7789	1.24672	772.60	0.96321	3.28	0
1101	18:52:19.08	0.0380	20.53541	21.14	40.83	1.0	0.999282	19.7788	1.24668	772.58	0.96316	3.28	0
1102	18:52:19.38	0.0400	20.53457	21.14	40.83	1.0	0.999240	19.7788	1.24672	772.58	0.96320	3.28	0
1103	18:52:19.68	0.0390	20.53492	21.14	40.83	1.0	0.999258	19.7791	1.24672	772.58	0.96319	3.28	0
1104	18:52:19.98	0.0405	20.53443	21.14	40.83	1.0	0.999234	19.7792	1.24672	772.60	0.96322	3.28	0
1105	18:52:20.28	0.0380	20.53541	21.14	40.83	1.0	0.999276	19.7797	1.24672	772.58	0.96320	3.28	0
1106	18:52:20.58	0.0390	20.53499	21.14	40.83	1.0	0.999258	19.7791	1.24672	772.58	0.96319	3.28	0
1107	18:52:20.88	0.0375	20.53555	21.14	40.83	1.0	0.999288	19.7798	1.24672	772.58	0.96319	3.28	0
1108	18:52:21.18	0.0390	20.53485	21.14	40.83	1.0	0.999252	19.7799	1.24676	772.60	0.96323	3.28	0
1109	18:52:21.48	0.0385	20.53506	21.14	40.83	1.0	0.999264	19.7793	1.24672	772.58	0.96320	3.28	0
1110	18:52:21.78	0.0395	20.53478	21.14	40.83	1.0	0.999246	19.7792	1.24672	772.60	0.96320	3.28	0
1111	18:52:22.08	0.0380	20.53527	21.14	40.83	1.0	0.999276	19.7788	1.24668	772.58	0.96316	3.28	0
1112	18:52:22.38	0.0415	20.53408	21.14	40.80	1.0	0.999210	19.7787	1.24672	772.60	0.96322	3.28	0
1113	18:52:22.68	0.0375	20.53548	21.14	40.80	1.0	0.999282	19.7792	1.24672	772.58	0.96317	3.28	0
1114	18:52:22.98	0.0395	20.53478	21.14	40.80	1.0	0.999246	19.7796	1.24672	772.60	0.96323	3.28	0
1115	18:52:23.28	0.0390	20.53506	21.14	40.80	1.0	0.999258	19.7795	1.24672	772.60	0.96321	3.28	0
1116	18:52:23.58	0.0410	20.53429	21.14	40.80	1.0	0.999222	19.7793	1.24672	772.60	0.96323	3.28	0
1117	18:52:23.88	0.0385	20.53520	21.14	40.80	1.0	0.999270	19.7790	1.24668	772.58	0.96317	3.28	0
1118	18:52:24.18	0.0410	20.53429	21.14	40.80	1.0	0.999222	19.7798	1.24676	772.62	0.96325	3.28	0
1119	18:52:24.48	0.0415	20.53408	21.14	40.80	1.0	0.999216	19.7793	1.24676	772.60	0.96324	3.28	0
1120	18:52:24.78	0.0405	20.53436	21.14	40.80	1.0	0.999228	19.7787	1.24672	772.58	0.96320	3.28	0
1121	18:52:25.08	0.0405	20.53436	21.14	40.80	1.0	0.999228	19.7798	1.24676	772.62	0.96325	3.28	0
1122	18:52:25.38	0.0415	20.53394	21.14	40.80	1.0	0.999204	19.7793	1.24676	772.60	0.96325	3.28	0
1123	18:52:25.68	0.0415	20.53401	21.14	40.80	1.0	0.999210	19.7795	1.24672	772.62	0.96325	3.28	0
1124	18:52:25.98	0.0420	20.53380	21.14	40.80	1.0	0.999198	19.7795	1.24676	772.62	0.96327	3.28	0
1125	18:52:26.28	0.0400	20.53450	21.14	40.80	1.0	0.999234	19.7795	1.24672	772.60	0.96323	3.28	0
1126	18:52:26.58	0.0400	20.53457	21.14	40.80	1.0	0.999234	19.7797	1.24672	772.60	0.96324	3.28	0
1127	18:52:26.88	0.0395	20.53478	21.14	40.80	1.0	0.999246	19.7802	1.24676	772.62	0.96325	3.28	0
1128	18:52:27.18	0.0395	20.53485	21.14	40.80	1.0	0.999252	19.7800	1.24676	772.60	0.96324	3.28	0
1129	18:52:27.48	0.0390	20.53499	21.14	40.80	1.0	0.999258	19.7797	1.24672	772.60	0.96322	3.28	0
1130	18:52:27.78	0.0410	20.53422	21.14	40.80	1.0	0.999222	19.7795	1.24676	772.60	0.96325	3.28	0
1131	18:52:28.08	0.0405	20.53436	21.14	40.80	1.0	0.999228	19.7797	1.24676	772.60	0.96325	3.28	0
1132	18:52:28.38	0.0405	20.53443	21.14	40.80	1.0	0.999228	19.7795	1.24672	772.60	0.96323	3.28	0
1133	18:52:28.68	0.0410	20.53422	21.14	40.80	1.0	0.999222	19.7798	1.24676	772.62	0.96326	3.28	0
1134	18:52:28.98	0.0390	20.53499	21.14	40.80	1.0	0.999258	19.7791	1.24672	772.58	0.96319	3.28	0
1135	18:52:29.28	0.0405	20.53450	21.14	40.80	1.0	0.999234	19.7795	1.24672	772.60	0.96323	3.28	0
1136	18:52:29.58	0.0405	20.53436	21.14	40.80	1.0	0.999228	19.7792	1.24672	772.60	0.96322	3.28	0
1137	18:52:29.88	0.0385	20.53513	21.14	40.80	1.0	0.999264	19.7798	1.24672	772.60	0.96322	3.28	0
1138	18:52:30.18	0.0400	20.53464	21.14	40.80	1.0	0.999240	19.7793	1.24672	772.60	0.96322	3.28	0
1139	18:52:30.48	0.0395	20.53471	21.14	40.80	1.0	0.999246	19.7798	1.24676	772.60	0.96323	3.28	0
1140	18:52:30.78	0.0405	20.53450	21.14	40.80	1.0	0.999234	19.7795	1.24672	772.62	0.96323	3.28	0
1141	18:52:31.08	0.0395	20.53471	21.14	40.80	1.0	0.999246	19.7800	1.24676	772.60	0.96325	3.28	0
1142	18:52:31.38	0.0390	20.53492	21.14	40.80	1.0	0.999252	19.7792	1.24672	772.58	0.96320	3.28	0
1143	18:52:31.68	0.0410	20.53415	21.14	40.80	1.0	0.999216	19.7789	1.24672	772.60	0.96322	3.28	0
1144	18:52:31.98	0.0385	20.53527	21.14	40.80	1.0	0.999270	19.7790	1.24668	772.58	0.96317	3.28	0
1145	18:52:32.28	0.0395	20.53471	21.14	40.80	1.0	0.999246	19.7783	1.24668	772.58	0.96316	3.28	0
1146	18:52:32.58	0.0405	20.53450	21.14	40.80	1.0	0.999234	19.7787	1.24672	772.58	0.96319	3.28	0
1147	18:52:32.88	0.0385	20.53513	21.14	40.80	1.0	0.999264	19.7796	1.24672	772.60	0.96320	3.28	0
1148	18:52:33.18	0.0390	20.53499	21.14	40.80	1.0	0.999258	19.7791	1.24672	772.58	0.96319	3.28	0
1149	18:52:33.48	0.0390	20.53506	21.14	40.80	1.0	0.999264	19.7791	1.24672	772.58	0.96319	3.28	0
1150	18:52:33.78	0.0390	20.53492	21.14	40.80	1.0	0.999252	19.7798	1.24672	772.60	0.96323	3.28	0
1151	18:52:34.08	0.0385	20.53520	21.13	40.80	1.0	0.999264	19.7792	1.24672	772.58	0.96319	3.28	0
1152	18:52:34.38	0.0390	20.53499	21.13	40.80	1.0	0.999258	19.7789	1.24672	772.58	0.96318	3.28	0
1153	18:52:34.68	0.0375	20.53562	21.13	40.80	1.0	0.999282	19.7800	1.24672	772.58	0.96321	3.28	0
1154	18:52:34.98	0.0395	20.53492	21.13	40.80	1.0	0.999252	19.7797	1.24672	772.60	0.96322	3.28	0
1155	18:52:35.28	0.0395	20.53478	21.14	40.80	1.0	0.999246	19.7793	1.24672	772.58	0.96321	3.28	0
1156	18:52:35.58	0.0385	20.53520	21.14	40.80	1.0	0.999270	19.7791	1.24672	772.58	0.96318	3.28	0
1157	18:52:35.88	0.0400	20.53450	21.14	40.80	1.0	0.999234	19.7789	1.24672	772.58	0.96320	3.28	0
1158	18:52:36.18	0.0390	20.53492	21.14	40.80	1.0	0.999258	19.7788	1.24672	772.58	0.96318	3.28	0
1159	18:52:36.48	0.0395	20.53478	21.14	40.80	1.0	0.999246	19.7787	1.24668	772.58	0.96318	3.28	0
1160	18:52:36.78	0.0365	20.53590	21.14	40.80	1.0	0.999300	19.7788	1.24668	772.56	0.96314	3.28	0
1161	18:52:37.08	0.0390	20.53492	21.14	40.80	1.0	0.999258	19.7789	1.24672	772.58	0.96319	3.28	0
1162	18:52:37.38	0.0390	20.53506	21.14	40.80	1.0	0.999258	19.7791	1.24672	772.58	0.96319	3.28	0
1163	18:52:37.68	0.0400	20.53457	21.14	40.80	1.0	0.999240	19.7791	1.24672	772.60	0.96321	3.28	0
1164	18:52:37.98	0.0410	20.53422	21.14	40.80	1.0	0.999222	19.7788	1.24672	772.60	0.96321	3.28	0
1165	18:52:38.28	0.0400	20.53450	21.14	40.80	1.0	0.999234	19.7787	1.24672	772.58	0.96319	3.28	0
1166	18:52:38.58	0.0400	20.53457	21.14	40.80	1.0	0.999240	19.7791	1.24672	772.60	0.96321	3.28	0
1167	18:52:38.88	0.0385	20.53513	21.14	40.80	1.0	0.999264	19.7792	1.24672	772.58	0.96319	3.28	0
1168	18:52:39.18	0.0410	20.53429	21.14	40.80	1.0	0.999222	19.7788	1.24672	772.60	0.96321	3.28	0
1169	18:52:39.48	0.0400	20.53464	21.14	40.80	1.0	0.999240	19.7797	1.24672	772.60	0.96323	3.28	0
1170	18:52:39.78	0.0400	20.53457	21.14	40.80	1.0	0.999240	19.7791	1.24672	772.60	0.96321	3.28	0
1171	18:52:40.08	0.0400	20.53464	21.14	40.80	1.0	0.999240	19.7790	1.24672	772.58	0.96320	3.28	0
1172	18:52:40.38	0.0400	20.53471	21.14	40.76	1.0	0.999240	19.7791	1.24672	772.58	0.96320	3.28	0
1173	18:52:40.68	0.0385	20.53520	21.14	40.76	1.0	0.999270	19.7794	1.24672	772.58	0.96319	3.28	0
1174	18:52:40.98	0.0400	20.53464	21.14	40.76	1.0	0.999240	19.7791	1.24672	772.58	0.96320	3.28	0
1175	18:52:41.28	0.0385	20.53513	21.14	40.76	1.0	0.999264	19.7788	1.24668	772.58	0.96317	3.28	0
1176	18:52:41.58	0.0380	20.53541	21.14	40.76	1.0	0.999276	19.7798	1.24672	772.60	0.96320	3.28	0
1177	18:52:41.88	0.0390	20.53492	21.14	40.76	1.0	0.999252	19.7791	1.24672	772.60	0.96319	3.28	0
1178	18:52:42.18	0.0395	20.53492	21.14	40.76	1.0	0.999252	19.7798	1.24672	772.60	0.96323	3.28	0
1179	18:52:42.48	0.0400	20.53471	21.14	40.76	1.0	0.999240	19.7797	1.24672	772.60	0.96323	3.28	0
1180	18:52:42.78	0.0380	20.53534	21.14	40.76	1.0	0.999276	19.7793	1.24668	772.58	0.96319	3.28	0
1181	18:52:43.08	0.0375	20.53562	21.14	40.76	1.0	0.999288	19.7796	1.24668	772.60	0.96319	3.28	0
1182	18:52:43.38	0.0395	20.53492	21.14	40.76	1.0	0.999252	19.7794	1.24672	772.60	0.96321	3.28	0
1183	18:52:43.68	0.0400	20.53471	21.14	40.76	1.0	0.999240	19.7797	1.24676	772.60	0.96323	3.28	0
1184	18:52:43.98	0.0395	20.53478	21.14	40.76	1.0	0.999246	19.7791	1.24672	772.58	0.96320	3.28	0
1185	18:52:44.28	0.0400	20.53457	21.14	40.76	1.0	0.999234	19.7788	1.24672	772.58	0.96319	3.28	0
1186	18:52:44.58	0.0405	20.53436	21.14	40.76	1.0	0.999228	19.7791	1.24672	772.60	0.96322	3.28	0
1187	18:52:44.88	0.0380	20.53534	21.14	40.76	1.0	0.999276	19.7796	1.24672	772.60	0.96320	3.28	0
1188	18:52:45.18	0.0385	20.53520	21.14	40.76	1.0	0.999264	19.7797	1.24672	772.58	0.96321	3.28	0
1189	18:52:45.48	0.0370	20.53576	21.14	40.76	1.0	0.999294	19.7793	1.24668	772.58	0.96316	3.28	0
1190	18:52:45.78	0.0380	20.53541	21.14	40.76	1.0	0.999276	19.7795	1.24672	772.58	0.96319	3.28	0
1191	18:52:46.08	0.0400	20.53471	21.14	40.76	1.0	0.999240	19.7794	1.24672	772.60	0.96322	3.28	0
1192	18:52:46.38	0.0400	20.53457	21.14	40.76	1.0	0.999234	19.7791	1.24672	772.60	0.96321	3.28	0
1193	18:52:46.68	0.0380	20.53548	21.13	40.76	1.0	0.999276	19.7793	1.24668	772.58	0.96317	3.28	0
1194	18:52:46.98	0.0395	20.53492	21.13	40.76	1.0	0.999246	19.7792	1.24672	772.60	0.96320	3.28	0
1195	18:52:47.28	0.0385	20.53513	21.14	40.76	1.0	0.999264	19.7788	1.24672	772.58	0.96317	3.28	0
1196	18:52:47.58	0.0390	20.53499	21.14	40.76	1.0	0.999252	19.7796	1.24672	772.60	0.96322	3.28	0
1197	18:52:47.88	0.0385	20.53520	21.14	40.76	1.0	0.999264	19.7799	1.24672	772.60	0.96322	3.28	0
1198	18:52:48.18	0.0390	20.53506	21.14	40.76	1.0	0.999258	19.7798	1.24672	772.60	0.96322	3.28	0
1199	18:52:48.48	0.0385	20.53520	21.14	40.76	1.0	0.999264	19.7800	1.24672	772.60	0.96322	3.28	0
1200	18:52:48.78	0.0400	20.53471	21.14	40.76	1.0	0.999240	19.7799	1.24676	772.60	0.96324	3.28	0
1201	18:52:49.08	0.0400	20.53478	21.13	40.76	1.0	0.999240	19.7802	1.24676	772.62	0.96326	3.28	0
1202	18:52:49.38	0.0390	20.53520	21.13	40.73	1.0	0.999264	19.7796	1.24672	772.60	0.96320	3.28	0
1203	18:52:49.68	0.0405	20.53436	21.14	40.73	1.0	0.999228	19.7795	1.24672	772.60	0.96323	3.28	0
1204	18:52:49.98	0.0395	20.53485	21.14	40.76	1.0	0.999252	19.7798	1.24672	772.60	0.96323	3.28	0
1205	18:52:50.28	0.0390	20.53492	21.14	40.76	1.0	0.999252	19.7798	1.24672	772.60	0.96323	3.28	0
1206	18:52:50.58	0.0405	20.53457	21.14	40.73	1.0	0.999234	19.7798	1.24676	772.60	0.96324	3.28	0
1207	18:52:50.88	0.0410	20.53422	21.14	40.73	1.0	0.999216	19.7798	1.24676	772.62	0.96326	3.28	0
1208	18:52:51.18	0.0395	20.53485	21.14	40.73	1.0	0.999246	19.7796	1.24676	772.60	0.96322	3.28	0
1209	18:52:51.48	0.0395	20.53478	21.14	40.73	1.0	0.999246	19.7800	1.24676	772.60	0.96324	3.28	0
1210	18:52:51.78	0.0395	20.53485	21.14	40.73	1.0	0.999246	19.7793	1.24672	772.60	0.96320	3.28	0
1211	18:52:52.08	0.0400	20.53464	21.14	40.73	1.0	0.999234	19.7793	1.24672	772.60	0.96322	3.28	0
1212	18:52:52.38	0.0395	20.53492	21.14	40.73	1.0	0.999252	19.7795	1.24672	772.60	0.96321	3.28	0
1213	18:52:52.68	0.0420	20.53387	21.14	40.73	1.0	0.999204	19.7790	1.24672	772.60	0.96323	3.28	0
1214	18:52:52.98	0.0395	20.53492	21.14	40.73	1.0	0.999252	19.7792	1.24672	772.58	0.96320	3.28	0
1215	18:52:53.28	0.0405	20.53450	21.14	40.73	1.0	0.999228	19.7791	1.24672	772.60	0.96322	3.28	0
1216	18:52:53.58	0.0390	20.53513	21.14	40.73	1.0	0.999258	19.7795	1.24672	772.60	0.96320	3.28	0
1217	18:52:53.88	0.0405	20.53450	21.14	40.73	1.0	0.999234	19.7792	1.24672	772.60	0.96322	3.28	0
1218	18:52:54.18	0.0370	20.53590	21.14	40.73	1.0	0.999294	19.7794	1.24668	772.58	0.96316	3.28	0
1219	18:52:54.48	0.0390	20.53499	21.14	40.73	1.0	0.999258	19.7793	1.24672	772.60	0.96320	3.28	0
1220	18:52:54.78	0.0410	20.53436	21.14	40.73	1.0	0.999222	19.7791	1.24672	772.60	0.96322	3.28	0
1221	18:52:55.08	0.0405	20.53450	21.14	40.73	1.0	0.999228	19.7792	1.24672	772.60	0.96322	3.28	0
1222	18:52:55.38	0.0390	20.53499	21.14	40.73	1.0	0.999252	19.7793	1.24672	772.60	0.96320	3.28	0
1223	18:52:55.68	0.0385	20.53520	21.14	40.73	1.0	0.999264	19.7799	1.24672	772.60	0.96322	3.28	0
1224	18:52:55.98	0.0390	20.53506	21.14	40.73	1.0	0.999258	19.7800	1.24672	772.60	0.96323	3.28	0
1225	18:52:56.28	0.0400	20.53485	21.13	40.73	1.0	0.999240	19.7793	1.24672	772.60	0.96320	3.28	0
1226	18:52:56.58	0.0410	20.53436	21.13	40.73	1.0	0.999216	19.7795	1.24676	772.60	0.96324	3.28	0
1227	18:52:56.88	0.0395	20.53499	21.13	40.73	1.0	0.999252	19.7791	1.24672	772.58	0.96319	3.28	0
1228	18:52:57.18	0.0395	20.53492	21.13	40.73	1.0	0.999246	19.7791	1.24672	772.58	0.96319	3.28	0
1229	18:52:57.48	0.0440	20.53310	21.14	40.73	1.0	0.999162	19.7773	1.24672	772.58	0.96319	3.28	0
1230	18:52:57.78	0.0375	20.53562	21.14	40.73	1.0	0.999282	19.7799	1.24672	772.58	0.96320	3.28	0
1231	18:52:58.08	0.0380	20.53548	21.14	40.73	1.0	0.999282	19.7791	1.24672	772.58	0.96317	3.28	0
1232	18:52:58.38	0.0415	20.53415	21.14	40.73	1.0	0.999216	19.7788	1.24676	772.58	0.96321	3.28	0
1233	18:52:58.68	0.0390	20.53499	21.14	40.73	1.0	0.999252	19.7789	1.24672	772.58	0.96319	3.28	0
1234	18:52:58.98	0.0395	20.53492	21.14	40.73	1.0	0.999252	19.7793	1.24672	772.58	0.96320	3.28	0
1235	18:52:59.28	0.0400	20.53464	21.14	40.73	1.0	0.999240	19.7790	1.24672	772.58	0.96320	3.28	0
1236	18:52:59.58	0.0400	20.53464	21.14	40.73	1.0	0.999240	19.7786	1.24668	772.58	0.96318	3.28	0
1237	18:52:59.88	0.0410	20.53429	21.14	40.73	1.0	0.999222	19.7784	1.24672	772.58	0.96319	3.28	0
1238	18:53:00.18	0.0405	20.53450	21.14	40.73	1.0	0.999234	19.7788	1.24672	772.58	0.96320	3.28	0
1239	18:53:00.48	0.0385	20.53520	21.14	40.73	1.0	0.999264	19.7790	1.24668	772.58	0.96317	3.28	0
1240	18:53:00.78	0.0380	20.53548	21.14	40.73	1.0	0.999276	19.7790	1.24668	772.58	0.96316	3.28	0
1241	18:53:01.08	0.0390	20.53506	21.14	40.73	1.0	0.999258	19.7795	1.24672	772.58	0.96320	3.28	0
1242	18:53:01.38	0.0385	20.53520	21.14	40.73	1.0	0.999264	19.7794	1.24672	772.58	0.96320	3.28	0
1243	18:53:01.68	0.0385	20.53527	21.14	40.73	1.0	0.999270	19.7787	1.24668	772.58	0.96316	3.28	0
1244	18:53:01.98	0.0400	20.53464	21.14	40.73	1.0	0.999234	19.7786	1.24672	772.58	0.96318	3.28	0
1245	18:53:02.28	0.0370	20.53583	21.14	40.73	1.0	0.999294	19.7793	1.24668	772.58	0.96316	3.28	0
1246	18:53:02.58	0.0385	20.53520	21.14	40.73	1.0	0.999264	19.7787	1.24668	772.58	0.96316	3.28	0
1247	18:53:02.88	0.0390	20.53520	21.11	40.73	1.0	0.999258	19.7796	1.24672	772.60	0.96320	3.28	0
1248	18:53:03.18	0.0405	20.53471	21.11	40.73	1.0	0.999234	19.7795	1.24672	772.60	0.96322	3.28	0
1249	18:53:03.48	0.0395	20.53485	21.14	40.73	1.0	0.999246	19.7790	1.24672	772.58	0.96319	3.28	0
1250	18:53:03.78	0.0400	20.53464	21.14	40.73	1.0	0.999234	19.7791	1.24672	772.58	0.96321	3.28	0
1251	18:53:04.08	0.0395	20.53478	21.14	40.73	1.0	0.999246	19.7793	1.24672	772.58	0.96320	3.28	0
1252	18:53:04.38	0.0390	20.53513	21.14	40.73	1.0	0.999264	19.7787	1.24668	772.58	0.96316	3.28	0
1253	18:53:04.68	0.0395	20.53499	21.13	40.73	1.0	0.999252	19.7786	1.24668	772.58	0.96317	3.28	0
1254	18:53:04.98	0.0400	20.53478	21.13	40.73	1.0	0.999240	19.7793	1.24672	772.60	0.96321	3.28	0
1255	18:53:05.28	0.0400	20.53485	21.13	40.73	1.0	0.999246	19.7789	1.24668	772.60	0.96319	3.28	0
1256	18:53:05.58	0.0400	20.53485	21.13	40.73	1.0	0.999240	19.7790	1.24672	772.58	0.96319	3.28	0
1257	18:53:05.88	0.0395	20.53506	21.13	40.73	1.0	0.999252	19.7788	1.24672	772.58	0.96317	3.28	0
1258	18:53:06.18	0.0400	20.53471	21.13	40.73	1.0	0.999234	19.7792	1.24672	772.58	0.96321	3.28	0
1259	18:53:06.48	0.0390	20.53499	21.14	40.73	1.0	0.999252	19.7792	1.24672	772.58	0.96319	3.28	0
1260	18:53:06.78	0.0410	20.53436	21.14	40.73	1.0	0.999222	19.7791	1.24672	772.60	0.96322	3.28	0
1261	18:53:07.08	0.0400	20.53471	21.13	40.73	1.0	0.999240	19.7788	1.24672	772.58	0.96319	3.28	0
1262	18:53:07.38	0.0405	20.53457	21.13	40.73	1.0	0.999228	19.7787	1.24672	772.58	0.96319	3.28	0
1263	18:53:07.68	0.0380	20.53555	21.13	40.73	1.0	0.999276	19.7791	1.24668	772.58	0.96316	3.28	0
1264	18:53:07.98	0.0395	20.53492	21.13	40.73	1.0	0.999246	19.7786	1.24672	772.58	0.96317	3.28	0
1265	18:53:08.27	0.0385	20.53541	21.11	40.73	1.0	0.999264	19.7788	1.24668	772.56	0.96316	3.28	0
1266	18:53:08.58	0.0395	20.53513	21.11	40.73	1.0	0.999252	19.7785	1.24668	772.58	0.96316	3.28	0
1267	18:53:08.87	0.0385	20.53527	21.14	40.73	1.0	0.999270	19.7795	1.24672	772.58	0.96319	3.28	0
1268	18:53:09.17	0.0400	20.53471	21.14	40.73	1.0	0.999240	19.7789	1.24672	772.58	0.96319	3.28	0
1269	18:53:09.48	0.0385	20.53548	21.11	40.73	1.0	0.999270	19.7795	1.24672	772.58	0.96319	3.28	0
1270	18:53:09.77	0.0405	20.53471	21.11	40.73	1.0	0.999234	19.7795	1.24676	772.60	0.96323	3.28	0
1271	18:53:10.07	0.0390	20.53534	21.11	40.73	1.0	0.999264	19.7796	1.24672	772.60	0.96320	3.28	0
1272	18:53:10.37	0.0410	20.53450	21.11	40.73	1.0	0.999222	19.7793	1.24672	772.60	0.96323	3.28	0
1273	18:53:10.68	0.0375	20.53562	21.13	40.73	1.0	0.999282	19.7799	1.24672	772.60	0.96320	3.28	0
1274	18:53:10.97	0.0380	20.53548	21.13	40.73	1.0	0.999270	19.7793	1.24672	772.58	0.96317	3.28	0
1275	18:53:11.27	0.0395	20.53506	21.13	40.73	1.0	0.999252	19.7795	1.24672	772.60	0.96320	3.28	0
1276	18:53:11.58	0.0405	20.53464	21.13	40.73	1.0	0.999234	19.7795	1.24676	772.60	0.96323	3.28	0
1277	18:53:11.87	0.0410	20.53422	21.14	40.73	1.0	0.999216	19.7792	1.24672	772.60	0.96323	3.28	0
1278	18:53:12.18	0.0400	20.53464	21.14	40.73	1.0	0.999240	19.7791	1.24672	772.60	0.96321	3.28	0
1279	18:53:12.47	0.0375	20.53576	21.14	40.73	1.0	0.999288	19.7800	1.24672	772.58	0.96320	3.28	0
1280	18:53:12.77	0.0390	20.53506	21.14	40.73	1.0	0.999258	19.7793	1.24672	772.60	0.96320	3.28	0
1281	18:53:13.07	0.0405	20.53464	21.13	40.73	1.0	0.999234	19.7790	1.24672	772.58	0.96320	3.28	0
1282	18:53:13.37	0.0410	20.53443	21.13	40.73	1.0	0.999222	19.7792	1.24672	772.60	0.96322	3.28	0
1283	18:53:13.67	0.0405	20.53450	21.14	40.73	1.0	0.999234	19.7784	1.24672	772.58	0.96318	3.28	0
1284	18:53:13.97	0.0395	20.53485	21.14	40.73	1.0	0.999246	19.7791	1.24672	772.60	0.96319	3.28	0
1285	18:53:14.27	0.0420	20.53401	21.11	40.73	1.0	0.999198	19.7779	1.24672	772.58	0.96318	3.28	0
1286	18:53:14.58	0.0400	20.53478	21.11	40.73	1.0	0.999234	19.7791	1.24672	772.60	0.96320	3.28	0
1287	18:53:14.88	0.0390	20.53520	21.13	40.73	1.0	0.999258	19.7792	1.24672	772.58	0.96319	3.28	0
1288	18:53:15.17	0.0400	20.53471	21.13	40.73	1.0	0.999234	19.7784	1.24668	772.58	0.96317	3.28	0
1289	18:53:15.47	0.0405	20.53471	21.11	40.73	1.0	0.999234	19.7791	1.24672	772.58	0.96320	3.28	0
1290	18:53:15.77	0.0405	20.53464	21.11	40.73	1.0	0.999228	19.7790	1.24672	772.58	0.96320	3.28	0
1291	18:53:16.07	0.0400	20.53471	21.13	40.73	1.0	0.999234	19.7790	1.24672	772.58	0.96320	3.28	0
1292	18:53:16.37	0.0380	20.53548	21.13	40.73	1.0	0.999276	19.7795	1.24672	772.58	0.96319	3.28	0
1293	18:53:16.67	0.0385	20.53527	21.13	40.73	1.0	0.999264	19.7796	1.24672	772.58	0.96320	3.28	0
1294	18:53:16.97	0.0405	20.53450	21.13	40.73	1.0	0.999222	19.7795	1.24676	772.60	0.96324	3.28	0
1295	18:53:17.27	0.0395	20.53499	21.11	40.73	1.0	0.999246	19.7791	1.24672	772.58	0.96319	3.28	0
1296	18:53:17.57	0.0410	20.53450	21.11	40.73	1.0	0.999222	19.7793	1.24672	772.60	0.96322	3.28	0
1297	18:53:17.87	0.0385	20.53548	21.11	40.73	1.0	0.999270	19.7791	1.24668	772.58	0.96316	3.28	0
1298	18:53:18.18	0.0400	20.53492	21.11	40.73	1.0	0.999246	19.7796	1.24672	772.60	0.96322	3.28	0
1299	18:53:18.47	0.0400	20.53471	21.13	40.73	1.0	0.999234	19.7795	1.24676	772.60	0.96322	3.28	0
1300	18:53:18.77	0.0385	20.53527	21.13	40.73	1.0	0.999264	19.7792	1.24672	772.58	0.96319	3.28	0
1301	18:53:19.07	0.0385	20.53548	21.11	40.73	1.0	0.999270	19.7795	1.24672	772.58	0.96319	3.28	0
1302	18:53:19.37	0.0405	20.53464	21.11	40.73	1.0	0.999228	19.7786	1.24672	772.58	0.96319	3.28	0
1303	18:53:19.67	0.0405	20.53457	21.11	40.73	1.0	0.999228	19.7795	1.24676	772.60	0.96323	3.28	0
1304	18:53:19.97	0.0395	20.53499	21.11	40.76	1.0	0.999246	19.7791	1.24672	772.58	0.96319	3.28	0
1305	18:53:20.27	0.0400	20.53471	21.11	40.76	1.0	0.999234	19.7797	1.24672	772.60	0.96323	3.28	0
1306	18:53:20.57	0.0385	20.53548	21.11	40.73	1.0	0.999270	19.7799	1.24672	772.60	0.96320	3.28	0
1307	18:53:20.87	0.0375	20.53583	21.13	40.73	1.0	0.999288	19.7793	1.24672	772.56	0.96316	3.28	0
1308	18:53:21.17	0.0410	20.53429	21.13	40.76	1.0	0.999216	19.7795	1.24676	772.60	0.96325	3.28	0
1309	18:53:21.47	0.0415	20.53415	21.11	40.76	1.0	0.999204	19.7788	1.24672	772.60	0.96322	3.28	0
1310	18:53:21.78	0.0405	20.53457	21.11	40.76	1.0	0.999228	19.7791	1.24672	772.58	0.96321	3.28	0
1311	18:53:22.07	0.0390	20.53513	21.11	40.76	1.0	0.999252	19.7786	1.24668	772.58	0.96316	3.28	0
1312	18:53:22.37	0.0385	20.53541	21.11	40.76	1.0	0.999270	19.7794	1.24672	772.58	0.96319	3.28	0
1313	18:53:22.67	0.0405	20.53457	21.11	40.76	1.0	0.999228	19.7795	1.24672	772.60	0.96323	3.28	0
1314	18:53:22.97	0.0385	20.53548	21.11	40.76	1.0	0.999270	19.7796	1.24672	772.58	0.96319	3.28	0
1315	18:53:23.27	0.0405	20.53443	21.13	40.76	1.0	0.999228	19.7798	1.24676	772.60	0.96325	3.28	0
1316	18:53:23.57	0.0405	20.53450	21.13	40.76	1.0	0.999228	19.7796	1.24676	772.60	0.96324	3.28	0
1317	18:53:23.88	0.0380	20.53562	21.11	40.76	1.0	0.999276	19.7798	1.24672	772.58	0.96320	3.28	0
1318	18:53:24.17	0.0390	20.53520	21.11	40.76	1.0	0.999258	19.7790	1.24668	772.58	0.96317	3.28	0
1319	18:53:24.48	0.0385	20.53548	21.11	40.76	1.0	0.999270	19.7793	1.24672	772.58	0.96318	3.28	0
1320	18:53:24.77	0.0405	20.53457	21.11	40.76	1.0	0.999228	19.7795	1.24672	772.60	0.96323	3.28	0
1321	18:53:25.07	0.0390	20.53527	21.11	40.76	1.0	0.999264	19.7793	1.24672	772.58	0.96319	3.28	0
1322	18:53:25.37	0.0390	20.53527	21.11	40.76	1.0	0.999264	19.7795	1.24672	772.58	0.96319	3.28	0
1323	18:53:25.67	0.0400	20.53485	21.11	40.76	1.0	0.999240	19.7788	1.24672	772.58	0.96319	3.28	0
1324	18:53:25.97	0.0405	20.53457	21.11	40.76	1.0	0.999228	19.7795	1.24672	772.60	0.96323	3.28	0
1325	18:53:26.27	0.0400	20.53485	21.11	40.76	1.0	0.999240	19.7794	1.24676	772.58	0.96321	3.28	0
1326	18:53:26.57	0.0420	20.53408	21.11	40.76	1.0	0.999204	19.7792	1.24672	772.60	0.96323	3.28	0
1327	18:53:26.88	0.0400	20.53492	21.11	40.76	1.0	0.999240	19.7794	1.24672	772.58	0.96321	3.28	0
1328	18:53:27.17	0.0390	20.53520	21.11	40.76	1.0	0.999258	19.7800	1.24672	772.60	0.96322	3.28	0
1329	18:53:27.47	0.0400	20.53485	21.11	40.76	1.0	0.999240	19.7788	1.24672	772.58	0.96319	3.28	0
1330	18:53:27.77	0.0410	20.53443	21.11	40.80	1.0	0.999222	19.7794	1.24676	772.60	0.96323	3.28	0
1331	18:53:28.07	0.0395	20.53499	21.11	40.80	1.0	0.999246	19.7788	1.24672	772.58	0.96317	3.28	0
1332	18:53:28.37	0.0400	20.53485	21.11	40.80	1.0	0.999240	19.7794	1.24672	772.60	0.96322	3.28	0
1333	18:53:28.67	0.0395	20.53492	21.11	40.80	1.0	0.999246	19.7795	1.24672	772.58	0.96321	3.28	0
1334	18:53:28.98	0.0395	20.53506	21.11	40.80	1.0	0.999252	19.7793	1.24672	772.58	0.96320	3.28	0
1335	18:53:29.27	0.0405	20.53464	21.11	40.80	1.0	0.999234	19.7795	1.24676	772.60	0.96322	3.28	0
1336	18:53:29.57	0.0405	20.53457	21.11	40.80	1.0	0.999228	19.7791	1.24672	772.58	0.96321	3.28	0
1337	18:53:29.87	0.0385	20.53527	21.11	40.80	1.0	0.999264	19.7786	1.24668	772.56	0.96316	3.28	0
1338	18:53:30.17	0.0380	20.53548	21.11	40.80	1.0	0.999276	19.7792	1.24672	772.58	0.96317	3.28	0
1339	18:53:30.47	0.0390	20.53527	21.11	40.80	1.0	0.999264	19.7791	1.24672	772.58	0.96318	3.28	0
1340	18:53:30.77	0.0400	20.53478	21.11	40.80	1.0	0.999240	19.7795	1.24672	772.60	0.96322	3.28	0
1341	18:53:31.08	0.0405	20.53457	21.11	40.80	1.0	0.999228	19.7791	1.24672	772.58	0.96321	3.28	0
1342	18:53:31.38	0.0390	20.53513	21.11	40.80	1.0	0.999258	19.7788	1.24672	772.58	0.96317	3.28	0
1343	18:53:31.67	0.0395	20.53499	21.11	40.80	1.0	0.999252	19.7783	1.24672	772.56	0.96315	3.28	0
1344	18:53:31.97	0.0400	20.53471	21.11	40.80	1.0	0.999234	19.7791	1.24672	772.58	0.96320	3.28	0
1345	18:53:32.27	0.0390	20.53513	21.10	40.80	1.0	0.999252	19.7793	1.24672	772.58	0.96319	3.28	0
1346	18:53:32.57	0.0405	20.53478	21.10	40.80	1.0	0.999234	19.7793	1.24676	772.58	0.96321	3.28	0
1347	18:53:32.87	0.0400	20.53485	21.11	40.80	1.0	0.999240	19.7792	1.24672	772.58	0.96320	3.28	0
1348	18:53:33.17	0.0400	20.53478	21.11	40.80	1.0	0.999240	19.7790	1.24672	772.58	0.96319	3.28	0
1349	18:53:33.47	0.0395	20.53499	21.11	40.80	1.0	0.999246	19.7795	1.24676	772.58	0.96321	3.28	0
1350	18:53:33.77	0.0380	20.53555	21.11	40.80	1.0	0.999276	19.7795	1.24672	772.58	0.96319	3.28	0
1351	18:53:34.07	0.0390	20.53527	21.10	40.80	1.0	0.999258	19.7788	1.24668	772.58	0.96316	3.28	0
1352	18:53:34.37	0.0390	20.53520	21.10	40.80	1.0	0.999258	19.7792	1.24672	772.58	0.96319	3.28	0
1353	18:53:34.67	0.0390	20.53520	21.11	40.80	1.0	0.999258	19.7791	1.24672	772.58	0.96319	3.28	0
1354	18:53:34.97	0.0375	20.53569	21.11	40.80	1.0	0.999288	19.7795	1.24672	772.58	0.96318	3.28	0
1355	18:53:35.27	0.0395	20.53499	21.11	40.80	1.0	0.999246	19.7799	1.24676	772.58	0.96323	3.28	0
1356	18:53:35.58	0.0395	20.53492	21.11	40.80	1.0	0.999246	19.7793	1.24672	772.60	0.96320	3.28	0
1357	18:53:35.88	0.0390	20.53513	21.11	40.80	1.0	0.999258	19.7795	1.24672	772.60	0.96320	3.28	0
1358	18:53:36.17	0.0385	20.53541	21.11	40.80	1.0	0.999270	19.7792	1.24672	772.58	0.96317	3.28	0
1359	18:53:36.47	0.0400	20.53485	21.11	40.80	1.0	0.999240	19.7796	1.24672	772.60	0.96322	3.28	0
1360	18:53:36.77	0.0370	20.53590	21.11	40.80	1.0	0.999294	19.7799	1.24672	772.58	0.96319	3.28	0
1361	18:53:37.07	0.0400	20.53492	21.10	40.80	1.0	0.999240	19.7796	1.24672	772.60	0.96322	3.28	0
1362	18:53:37.37	0.0405	20.53478	21.10	40.80	1.0	0.999234	19.7786	1.24672	772.58	0.96317	3.28	0
1363	18:53:37.67	0.0405	20.53464	21.11	40.80	1.0	0.999234	19.7789	1.24672	772.58	0.96320	3.28	0
1364	18:53:37.97	0.0385	20.53541	21.11	40.80	1.0	0.999270	19.7788	1.24668	772.56	0.96316	3.28	0
1365	18:53:38.27	0.0410	20.53436	21.11	40.80	1.0	0.999222	19.7784	1.24672	772.58	0.96318	3.28	0
1366	18:53:38.57	0.0380	20.53548	21.11	40.80	1.0	0.999276	19.7792	1.24668	772.58	0.96317	3.28	0
1367	18:53:38.87	0.0395	20.53513	21.09	40.80	1.0	0.999246	19.7791	1.24672	772.58	0.96319	3.28	0
1368	18:53:39.17	0.0400	20.53492	21.09	40.80	1.0	0.999234	19.7796	1.24672	772.60	0.96322	3.28	0
1369	18:53:39.47	0.0395	20.53520	21.09	40.80	1.0	0.999252	19.7791	1.24672	772.58	0.96318	3.28	0
1370	18:53:39.77	0.0405	20.53485	21.09	40.80	1.0	0.999234	19.7793	1.24672	772.58	0.96321	3.28	0
1371	18:53:40.07	0.0405	20.53471	21.09	40.80	1.0	0.999228	19.7788	1.24672	772.58	0.96319	3.28	0
1372	18:53:40.37	0.0385	20.53548	21.09	40.80	1.0	0.999264	19.7792	1.24672	772.58	0.96317	3.28	0
1373	18:53:40.67	0.0415	20.53436	21.09	40.80	1.0	0.999210	19.7784	1.24672	772.58	0.96319	3.28	0
1374	18:53:40.97	0.0405	20.53478	21.09	40.80	1.0	0.999234	19.7791	1.24672	772.58	0.96320	3.28	0
1375	18:53:41.27	0.0375	20.53583	21.09	40.80	1.0	0.999282	19.7781	1.24668	772.54	0.96310	3.28	0
1376	18:53:41.57	0.0425	20.53394	21.09	40.80	1.0	0.999192	19.7788	1.24672	772.60	0.96322	3.28	0
1377	18:53:41.87	0.0395	20.53506	21.09	40.80	1.0	0.999246	19.7784	1.24668	772.58	0.96315	3.28	0
1378	18:53:42.17	0.0400	20.53499	21.09	40.80	1.0	0.999240	19.7790	1.24672	772.58	0.96319	3.28	0
1379	18:53:42.47	0.0395	20.53520	21.09	40.80	1.0	0.999252	19.7784	1.24668	772.56	0.96314	3.28	0
1380	18:53:42.77	0.0405	20.53464	21.09	40.80	1.0	0.999228	19.7787	1.24672	772.58	0.96319	3.28	0
1381	18:53:43.07	0.0400	20.53499	21.09	40.80	1.0	0.999240	19.7791	1.24672	772.58	0.96319	3.28	0
1382	18:53:43.37	0.0390	20.53541	21.09	40.80	1.0	0.999258	19.7791	1.24672	772.56	0.96317	3.28	0
1383	18:53:43.67	0.0410	20.53436	21.11	40.80	1.0	0.999216	19.7783	1.24672	772.58	0.96318	3.28	0
1384	18:53:43.97	0.0385	20.53527	21.11	40.80	1.0	0.999264	19.7788	1.24672	772.56	0.96316	3.28	0
1385	18:53:44.27	0.0390	20.53506	21.11	40.80	1.0	0.999252	19.7786	1.24672	772.56	0.96316	3.28	0
1386	18:53:44.57	0.0390	20.53513	21.11	40.80	1.0	0.999258	19.7784	1.24672	772.56	0.96315	3.28	0
1387	18:53:44.87	0.0390	20.53541	21.09	40.80	1.0	0.999264	19.7789	1.24672	772.56	0.96316	3.28	0
1388	18:53:45.17	0.0390	20.53534	21.09	40.80	1.0	0.999258	19.7791	1.24672	772.58	0.96317	3.28	0
1389	18:53:45.47	0.0385	20.53548	21.09	40.80	1.0	0.999264	19.7790	1.24668	772.58	0.96316	3.28	0
1390	18:53:45.77	0.0415	20.53443	21.09	40.80	1.0	0.999210	19.7788	1.24672	772.58	0.96320	3.28	0
1391	18:53:46.07	0.0405	20.53478	21.09	40.80	1.0	0.999234	19.7793	1.24672	772.58	0.96321	3.28	0
1392	18:53:46.37	0.0385	20.53555	21.09	40.83	1.0	0.999270	19.7786	1.24668	772.56	0.96314	3.28	0
1393	18:53:46.67	0.0405	20.53471	21.09	40.83	1.0	0.999234	19.7791	1.24672	772.58	0.96320	3.28	0
1394	18:53:46.97	0.0410	20.53450	21.09	40.83	1.0	0.999222	19.7791	1.24672	772.58	0.96321	3.28	0
1395	18:53:47.27	0.0415	20.53429	21.09	40.83	1.0	0.999210	19.7788	1.24672	772.58	0.96321	3.28	0
1396	18:53:47.57	0.0420	20.53422	21.09	40.83	1.0	0.999204	19.7784	1.24672	772.58	0.96319	3.28	0
1397	18:53:47.87	0.0400	20.53492	21.09	40.83	1.0	0.999240	19.7788	1.24672	772.58	0.96318	3.28	0
1398	18:53:48.17	0.0395	20.53513	21.09	40.83	1.0	0.999252	19.7784	1.24668	772.56	0.96315	3.28	0
1399	18:53:48.47	0.0385	20.53520	21.11	40.83	1.0	0.999264	19.7790	1.24672	772.58	0.96317	3.28	0
1400	18:53:48.77	0.0395	20.53485	21.11	40.83	1.0	0.999246	19.7788	1.24672	772.58	0.96319	3.28	0
1401	18:53:49.07	0.0405	20.53464	21.09	40.83	1.0	0.999228	19.7787	1.24672	772.58	0.96319	3.28	0
1402	18:53:49.37	0.0395	20.53513	21.09	40.83	1.0	0.999246	19.7789	1.24672	772.58	0.96317	3.28	0
1403	18:53:49.67	0.0390	20.53527	21.09	40.83	1.0	0.999258	19.7787	1.24672	772.56	0.96316	3.28	0
1404	18:53:49.97	0.0415	20.53429	21.09	40.83	1.0	0.999210	19.7785	1.24672	772.58	0.96319	3.28	0
1405	18:53:50.27	0.0425	20.53373	21.10	40.83	1.0	0.999186	19.7785	1.24672	772.60	0.96322	3.28	0
1406	18:53:50.57	0.0405	20.53471	21.10	40.83	1.0	0.999234	19.7786	1.24672	772.58	0.96318	3.28	0
1407	18:53:50.87	0.0385	20.53534	21.11	40.83	1.0	0.999270	19.7786	1.24668	772.56	0.96315	3.28	0
1408	18:53:51.17	0.0405	20.53450	21.11	40.83	1.0	0.999228	19.7789	1.24672	772.58	0.96320	3.28	0
1409	18:53:51.47	0.0405	20.53450	21.11	40.83	1.0	0.999228	19.7792	1.24672	772.60	0.96322	3.28	0
1410	18:53:51.77	0.0380	20.53555	21.11	40.83	1.0	0.999276	19.7793	1.24672	772.58	0.96317	3.28	0
1411	18:53:52.07	0.0410	20.53443	21.10	40.83	1.0	0.999222	19.7791	1.24672	772.60	0.96322	3.28	0
1412	18:53:52.37	0.0400	20.53485	21.10	40.83	1.0	0.999240	19.7787	1.24672	772.58	0.96318	3.28	0
1413	18:53:52.67	0.0385	20.53541	21.10	40.83	1.0	0.999270	19.7793	1.24672	772.58	0.96318	3.28	0
1414	18:53:52.97	0.0390	20.53520	21.10	40.83	1.0	0.999258	19.7788	1.24672	772.58	0.96317	3.28	0
1415	18:53:53.27	0.0425	20.53394	21.10	40.83	1.0	0.999192	19.7786	1.24672	772.58	0.96322	3.28	0
1416	18:53:53.57	0.0405	20.53457	21.10	40.83	1.0	0.999228	19.7786	1.24672	772.58	0.96319	3.28	0
1417	18:53:53.87	0.0400	20.53485	21.09	40.83	1.0	0.999240	19.7784	1.24668	772.58	0.96316	3.28	0
1418	18:53:54.17	0.0400	20.53492	21.09	40.83	1.0	0.999240	19.7788	1.24672	772.58	0.96318	3.28	0
1419	18:53:54.47	0.0410	20.53443	21.10	40.83	1.0	0.999222	19.7786	1.24672	772.58	0.96319	3.28	0
1420	18:53:54.77	0.0390	20.53513	21.10	40.83	1.0	0.999252	19.7783	1.24668	772.56	0.96314	3.28	0
1421	18:53:55.07	0.0415	20.53436	21.09	40.83	1.0	0.999210	19.7781	1.24672	772.58	0.96317	3.28	0
1422	18:53:55.37	0.0375	20.53583	21.09	40.83	1.0	0.999288	19.7784	1.24668	772.54	0.96311	3.28	0
1423	18:53:55.67	0.0415	20.53415	21.10	40.83	1.0	0.999204	19.7789	1.24672	772.60	0.96322	3.28	0
1424	18:53:55.97	0.0400	20.53478	21.10	40.83	1.0	0.999234	19.7789	1.24672	772.58	0.96319	3.28	0
1425	18:53:56.27	0.0400	20.53485	21.09	40.83	1.0	0.999234	19.7783	1.24672	772.56	0.96316	3.28	0
1426	18:53:56.57	0.0400	20.53492	21.09	40.83	1.0	0.999240	19.7788	1.24672	772.58	0.96318	3.28	0
1427	18:53:56.87	0.0410	20.53457	21.09	40.83	1.0	0.999222	19.7787	1.24672	772.58	0.96319	3.28	0
1428	18:53:57.17	0.0385	20.53555	21.09	40.83	1.0	0.999270	19.7789	1.24668	772.56	0.96316	3.28	0
1429	18:53:57.47	0.0375	20.53576	21.09	40.83	1.0	0.999282	19.7782	1.24668	772.54	0.96311	3.28	0
1430	18:53:57.77	0.0405	20.53464	21.09	40.83	1.0	0.999228	19.7789	1.24672	772.58	0.96320	3.28	0
1431	18:53:58.07	0.0395	20.53499	21.09	40.83	1.0	0.999246	19.7788	1.24672	772.58	0.96317	3.28	0
1432	18:53:58.37	0.0395	20.53506	21.09	40.83	1.0	0.999246	19.7786	1.24672	772.56	0.96316	3.28	0
1433	18:53:58.67	0.0410	20.53450	21.09	40.83	1.0	0.999222	19.7786	1.24672	772.58	0.96319	3.28	0
1434	18:53:58.97	0.0400	20.53485	21.09	40.83	1.0	0.999234	19.7793	1.24672	772.60	0.96320	3.28	0
1435	18:53:59.27	0.0400	20.53485	21.09	40.83	1.0	0.999234	19.7795	1.24672	772.60	0.96322	3.28	0
1436	18:53:59.57	0.0420	20.53415	21.09	40.83	1.0	0.999204	19.7791	1.24676	772.60	0.96323	3.28	0
1437	18:53:59.87	0.0375	20.53583	21.09	40.83	1.0	0.999282	19.7792	1.24672	772.56	0.96316	3.28	0
1438	18:54:00.17	0.0385	20.53548	21.09	40.83	1.0	0.999270	19.7792	1.24672	772.58	0.96317	3.28	0
1439	18:54:00.47	0.0385	20.53555	21.09	40.83	1.0	0.999270	19.7787	1.24668	772.56	0.96314	3.28	0
1440	18:54:00.77	0.0420	20.53422	21.09	40.83	1.0	0.999204	19.7781	1.24672	772.58	0.96318	3.28	0
1441	18:54:01.07	0.0390	20.53555	21.07	40.83	1.0	0.999264	19.7788	1.24672	772.56	0.96315	3.28	0
1442	18:54:01.37	0.0400	20.53499	21.07	40.83	1.0	0.999234	19.7784	1.24668	772.58	0.96316	3.28	0
1443	18:54:01.67	0.0410	20.53443	21.09	40.83	1.0	0.999216	19.7784	1.24672	772.58	0.96318	3.28	0
1444	18:54:01.97	0.0405	20.53471	21.09	40.83	1.0	0.999228	19.7781	1.24672	772.56	0.96316	3.28	0
1445	18:54:02.27	0.0405	20.53492	21.07	40.83	1.0	0.999234	19.7778	1.24668	772.54	0.96313	3.28	0
1446	18:54:02.57	0.0410	20.53471	21.07	40.83	1.0	0.999222	19.7787	1.24672	772.58	0.96319	3.28	0
1447	18:54:02.87	0.0410	20.53478	21.07	40.83	1.0	0.999222	19.7785	1.24668	772.58	0.96317	3.28	0
1448	18:54:03.17	0.0400	20.53513	21.07	40.83	1.0	0.999240	19.7785	1.24672	772.56	0.96316	3.28	0
1449	18:54:03.47	0.0405	20.53471	21.09	40.83	1.0	0.999228	19.7781	1.24668	772.56	0.96316	3.28	0
1450	18:54:03.77	0.0410	20.53457	21.09	40.83	1.0	0.999222	19.7784	1.24672	772.58	0.96317	3.28	0
1451	18:54:04.07	0.0405	20.53485	21.07	40.83	1.0	0.999228	19.7783	1.24672	772.56	0.96316	3.28	0
1452	18:54:04.37	0.0395	20.53527	21.07	40.83	1.0	0.999246	19.7788	1.24672	772.56	0.96316	3.28	0
1453	18:54:04.67	0.0380	20.53569	21.09	40.83	1.0	0.999276	19.7792	1.24672	772.56	0.96316	3.28	0
1454	18:54:04.97	0.0400	20.53492	21.09	40.83	1.0	0.999240	19.7787	1.24672	772.58	0.96317	3.28	0
1455	18:54:05.27	0.0405	20.53478	21.09	40.83	1.0	0.999234	19.7784	1.24672	772.56	0.96317	3.28	0
1456	18:54:05.57	0.0390	20.53527	21.09	40.83	1.0	0.999258	19.7781	1.24668	772.56	0.96313	3.28	0
1457	18:54:05.87	0.0420	20.53436	21.07	40.83	1.0	0.999204	19.7782	1.24672	772.58	0.96317	3.28	0
1458	18:54:06.17	0.0415	20.53450	21.07	40.83	1.0	0.999210	19.7784	1.24672	772.58	0.96318	3.28	0
1459	18:54:06.47	0.0405	20.53471	21.09	40.83	1.0	0.999228	19.7781	1.24668	772.56	0.96316	3.28	0
1460	18:54:06.77	0.0400	20.53485	21.09	40.83	1.0	0.999240	19.7788	1.24672	772.58	0.96318	3.28	0
1461	18:54:07.07	0.0405	20.53478	21.09	40.83	1.0	0.999234	19.7783	1.24672	772.56	0.96316	3.28	0
1462	18:54:07.37	0.0395	20.53520	21.09	40.83	1.0	0.999252	19.7790	1.24672	772.58	0.96317	3.28	0
1463	18:54:07.67	0.0405	20.53485	21.07	40.83	1.0	0.999228	19.7788	1.24672	772.58	0.96319	3.28	0
1464	18:54:07.97	0.0395	20.53527	21.07	40.83	1.0	0.999246	19.7795	1.24672	772.58	0.96320	3.28	0
1465	18:54:08.27	0.0400	20.53506	21.07	40.83	1.0	0.999240	19.7789	1.24672	772.58	0.96317	3.28	0
1466	18:54:08.57	0.0435	20.53373	21.07	40.83	1.0	0.999174	19.7791	1.24676	772.60	0.96325	3.28	0
1467	18:54:08.87	0.0420	20.53429	21.07	40.83	1.0	0.999204	19.7786	1.24676	772.58	0.96320	3.28	0
1468	18:54:09.17	0.0395	20.53520	21.07	40.83	1.0	0.999246	19.7787	1.24672	772.56	0.96316	3.28	0
1469	18:54:09.47	0.0400	20.53499	21.09	40.83	1.0	0.999240	19.7784	1.24672	772.56	0.96316	3.28	0
1470	18:54:09.77	0.0390	20.53534	21.09	40.83	1.0	0.999258	19.7792	1.24672	772.58	0.96318	3.28	0
1471	18:54:10.07	0.0385	20.53562	21.07	40.83	1.0	0.999264	19.7787	1.24668	772.56	0.96314	3.28	0
1472	18:54:10.37	0.0395	20.53520	21.07	40.83	1.0	0.999246	19.7788	1.24672	772.56	0.96316	3.28	0
1473	18:54:10.67	0.0425	20.53422	21.07	40.83	1.0	0.999198	19.7784	1.24672	772.58	0.96319	3.28	0
1474	18:54:10.97	0.0395	20.53527	21.07	40.83	1.0	0.999246	19.7785	1.24668	772.58	0.96315	3.28	0
1475	18:54:11.27	0.0410	20.53464	21.07	40.83	1.0	0.999216	19.7788	1.24672	772.58	0.96319	3.28	0
1476	18:54:11.57	0.0395	20.53534	21.07	40.83	1.0	0.999252	19.7789	1.24672	772.56	0.96316	3.28	0
1477	18:54:11.87	0.0410	20.53471	21.07	40.83	1.0	0.999222	19.7784	1.24672	772.56	0.96317	3.28	0
1478	18:54:12.17	0.0390	20.53555	21.07	40.83	1.0	0.999264	19.7786	1.24668	772.56	0.96314	3.28	0
1479	18:54:12.47	0.0395	20.53520	21.07	40.83	1.0	0.999246	19.7787	1.24672	772.56	0.96316	3.28	0
1480	18:54:12.77	0.0380	20.53576	21.07	40.83	1.0	0.999270	19.7788	1.24668	772.56	0.96314	3.28	0
1481	18:54:13.07	0.0415	20.53457	21.07	40.83	1.0	0.999216	19.7784	1.24672	772.58	0.96317	3.28	0
1482	18:54:13.37	0.0395	20.53520	21.07	40.83	1.0	0.999246	19.7785	1.24668	772.56	0.96315	3.28	0
1483	18:54:13.67	0.0415	20.53450	21.07	40.83	1.0	0.999210	19.7784	1.24672	772.56	0.96317	3.28	0
1484	18:54:13.97	0.0400	20.53506	21.07	40.83	1.0	0.999240	19.7784	1.24672	772.56	0.96315	3.28	0
1485	18:54:14.27	0.0385	20.53555	21.09	40.83	1.0	0.999270	19.7788	1.24668	772.56	0.96315	3.28	0
1486	18:54:14.57	0.0380	20.53569	21.09	40.83	1.0	0.999276	19.7788	1.24668	772.56	0.96314	3.28	0
1487	18:54:14.87	0.0395	20.53527	21.07	40.83	1.0	0.999246	19.7787	1.24672	772.56	0.96316	3.28	0
1488	18:54:15.17	0.0410	20.53464	21.07	40.83	1.0	0.999216	19.7788	1.24672	772.58	0.96320	3.28	0
1489	18:54:15.47	0.0390	20.53548	21.07	40.83	1.0	0.999258	19.7795	1.24672	772.58	0.96319	3.28	0
1490	18:54:15.77	0.0390	20.53555	21.07	40.83	1.0	0.999264	19.7793	1.24672	772.56	0.96317	3.28	0
1491	18:54:16.07	0.0395	20.53527	21.07	40.83	1.0	0.999246	19.7791	1.24672	772.58	0.96317	3.28	0
1492	18:54:16.37	0.0390	20.53541	21.07	40.83	1.0	0.999258	19.7786	1.24668	772.56	0.96314	3.28	0
1493	18:54:16.67	0.0420	20.53422	21.07	40.83	1.0	0.999198	19.7783	1.24672	772.58	0.96319	3.28	0
1494	18:54:16.97	0.0395	20.53527	21.07	40.83	1.0	0.999246	19.7782	1.24672	772.54	0.96313	3.28	0
1495	18:54:17.27	0.0400	20.53485	21.09	40.83	1.0	0.999240	19.7786	1.24672	772.58	0.96317	3.28	0
1496	18:54:17.57	0.0395	20.53506	21.09	40.83	1.0	0.999246	19.7784	1.24672	772.56	0.96315	3.28	0
1497	18:54:17.87	0.0390	20.53548	21.07	40.83	1.0	0.999258	19.7786	1.24668	772.56	0.96314	3.28	0
1498	18:54:18.17	0.0400	20.53520	21.07	40.83	1.0	0.999246	19.7781	1.24672	772.54	0.96313	3.28	0
1499	18:54:18.47	0.0390	20.53555	21.07	40.83	1.0	0.999264	19.7784	1.24668	772.56	0.96313	3.28	0
1500	18:54:18.77	0.0410	20.53471	21.07	40.83	1.0	0.999222	19.7784	1.24672	772.58	0.96317	3.28	0
1501	18:54:19.07	0.0405	20.53485	21.07	40.83	1.0	0.999228	19.7783	1.24668	772.56	0.96316	3.28	0
1502	18:54:19.37	0.0405	20.53485	21.07	40.83	1.0	0.999228	19.7780	1.24668	772.56	0.96314	3.28	0
1503	18:54:19.67	0.0380	20.53576	21.07	40.83	1.0	0.999270	19.7784	1.24668	772.54	0.96312	3.28	0
1504	18:54:19.97	0.0410	20.53478	21.07	40.83	1.0	0.999222	19.7780	1.24672	772.56	0.96315	3.28	0
1505	18:54:20.27	0.0415	20.53457	21.07	40.83	1.0	0.999210	19.7777	1.24668	772.56	0.96314	3.28	0
1506	18:54:20.57	0.0405	20.53485	21.07	40.83	1.0	0.999228	19.7778	1.24668	772.56	0.96313	3.28	0
1507	18:54:20.87	0.0405	20.53499	21.07	40.83	1.0	0.999234	19.7786	1.24668	772.58	0.96317	3.28	0
1508	18:54:21.17	0.0405	20.53499	21.07	40.83	1.0	0.999234	19.7780	1.24668	772.56	0.96314	3.28	0
1509	18:54:21.47	0.0415	20.53450	21.07	40.83	1.0	0.999210	19.7777	1.24668	772.56	0.96314	3.28	0
1510	18:54:21.77	0.0395	20.53527	21.07	40.83	1.0	0.999246	19.7785	1.24668	772.56	0.96315	3.28	0
1511	18:54:22.07	0.0400	20.53506	21.07	40.83	1.0	0.999240	19.7782	1.24668	772.56	0.96314	3.28	0
1512	18:54:22.37	0.0405	20.53492	21.07	40.83	1.0	0.999234	19.7781	1.24668	772.56	0.96315	3.28	0
1513	18:54:22.67	0.0380	20.53590	21.07	40.83	1.0	0.999282	19.7784	1.24668	772.54	0.96311	3.28	0
1514	18:54:22.97	0.0395	20.53527	21.07	40.83	1.0	0.999246	19.7784	1.24668	772.56	0.96314	3.28	0
1515	18:54:23.27	0.0400	20.53506	21.07	40.83	1.0	0.999240	19.7779	1.24668	772.54	0.96313	3.28	0
1516	18:54:23.57	0.0405	20.53492	21.07	40.83	1.0	0.999234	19.7787	1.24672	772.58	0.96317	3.28	0
1517	18:54:23.87	0.0390	20.53541	21.07	40.83	1.0	0.999258	19.7783	1.24668	772.54	0.96313	3.28	0
1518	18:54:24.17	0.0405	20.53485	21.07	40.83	1.0	0.999228	19.7775	1.24668	772.54	0.96312	3.28	0
1519	18:54:24.47	0.0400	20.53513	21.07	40.83	1.0	0.999240	19.7785	1.24672	772.56	0.96315	3.28	0
1520	18:54:24.77	0.0405	20.53478	21.07	40.83	1.0	0.999222	19.7781	1.24672	772.56	0.96315	3.28	0
1521	18:54:25.07	0.0415	20.53443	21.07	40.83	1.0	0.999210	19.7779	1.24672	772.56	0.96316	3.28	0
1522	18:54:25.37	0.0405	20.53485	21.07	40.83	1.0	0.999228	19.7778	1.24668	772.56	0.96314	3.28	0
1523	18:54:25.67	0.0415	20.53457	21.07	40.83	1.0	0.999216	19.7781	1.24672	772.56	0.96316	3.28	0
1524	18:54:25.97	0.0405	20.53492	21.07	40.83	1.0	0.999234	19.7786	1.24672	772.56	0.96317	3.28	0
1525	18:54:26.27	0.0375	20.53611	21.07	40.83	1.0	0.999288	19.7783	1.24668	772.54	0.96310	3.28	0
1526	18:54:26.57	0.0385	20.53562	21.07	40.80	1.0	0.999264	19.7784	1.24668	772.56	0.96313	3.28	0
1527	18:54:26.87	0.0415	20.53457	21.07	40.80	1.0	0.999210	19.7786	1.24672	772.56	0.96318	3.28	0
1528	18:54:27.17	0.0380	20.53583	21.07	40.83	1.0	0.999276	19.7779	1.24668	772.52	0.96309	3.28	0
1529	18:54:27.47	0.0410	20.53478	21.07	40.83	1.0	0.999222	19.7788	1.24672	772.58	0.96319	3.28	0
1530	18:54:27.77	0.0410	20.53464	21.07	40.83	1.0	0.999216	19.7785	1.24672	772.58	0.96317	3.28	0
1531	18:54:28.07	0.0380	20.53576	21.07	40.83	1.0	0.999270	19.7786	1.24668	772.56	0.96313	3.28	0
1532	18:54:28.37	0.0405	20.53499	21.07	40.83	1.0	0.999234	19.7788	1.24672	772.58	0.96317	3.28	0
1533	18:54:28.67	0.0405	20.53485	21.07	40.83	1.0	0.999228	19.7791	1.24672	772.58	0.96319	3.28	0
1534	18:54:28.97	0.0395	20.53520	21.07	40.83	1.0	0.999246	19.7784	1.24672	772.56	0.96314	3.28	0
1535	18:54:29.27	0.0400	20.53506	21.07	40.83	1.0	0.999240	19.7786	1.24672	772.56	0.96316	3.28	0
1536	18:54:29.57	0.0395	20.53534	21.07	40.83	1.0	0.999252	19.7781	1.24668	772.54	0.96313	3.28	0
1537	18:54:29.87	0.0400	20.53520	21.07	40.83	1.0	0.999246	19.7785	1.24672	772.56	0.96315	3.28	0
1538	18:54:30.17	0.0400	20.53506	21.07	40.83	1.0	0.999240	19.7784	1.24672	772.56	0.96315	3.28	0
1539	18:54:30.47	0.0395	20.53520	21.07	40.83	1.0	0.999246	19.7785	1.24672	772.56	0.96315	3.28	0
1540	18:54:30.77	0.0405	20.53492	21.07	40.83	1.0	0.999234	19.7786	1.24672	772.56	0.96317	3.28	0
1541	18:54:31.07	0.0420	20.53429	21.07	40.83	1.0	0.999204	19.7786	1.24672	772.58	0.96320	3.28	0
1542	18:54:31.37	0.0395	20.53527	21.07	40.83	1.0	0.999246	19.7784	1.24668	772.56	0.96314	3.28	0
1543	18:54:31.67	0.0405	20.53499	21.07	40.83	1.0	0.999234	19.7785	1.24672	772.56	0.96316	3.28	0
1544	18:54:31.97	0.0390	20.53541	21.07	40.83	1.0	0.999258	19.7786	1.24668	772.56	0.96314	3.28	0
1545	18:54:32.27	0.0400	20.53499	21.07	40.83	1.0	0.999234	19.7790	1.24672	772.56	0.96319	3.28	0
1546	18:54:32.57	0.0395	20.53520	21.07	40.83	1.0	0.999246	19.7789	1.24672	772.58	0.96317	3.28	0
1547	18:54:32.87	0.0410	20.53464	21.07	40.83	1.0	0.999216	19.7787	1.24672	772.58	0.96319	3.28	0
1548	18:54:33.17	0.0380	20.53583	21.07	40.83	1.0	0.999276	19.7790	1.24668	772.56	0.96315	3.28	0
1549	18:54:33.47	0.0405	20.53492	21.07	40.83	1.0	0.999228	19.7793	1.24672	772.58	0.96320	3.28	0
1550	18:54:33.77	0.0390	20.53548	21.07	40.83	1.0	0.999258	19.7791	1.24672	772.56	0.96317	3.28	0
1551	18:54:34.07	0.0415	20.53450	21.07	40.83	1.0	0.999210	19.7784	1.24672	772.58	0.96318	3.28	0
1552	18:54:34.37	0.0405	20.53492	21.07	40.83	1.0	0.999228	19.7787	1.24672	772.56	0.96317	3.28	0
1553	18:54:34.67	0.0410	20.53471	21.07	40.83	1.0	0.999222	19.7787	1.24672	772.58	0.96319	3.28	0
1554	18:54:34.97	0.0385	20.53576	21.07	40.83	1.0	0.999270	19.7786	1.24668	772.54	0.96313	3.28	0
1555	18:54:35.27	0.0400	20.53506	21.07	40.83	1.0	0.999240	19.7774	1.24668	772.54	0.96311	3.28	0
1556	18:54:35.57	0.0410	20.53464	21.07	40.83	1.0	0.999222	19.7779	1.24668	772.56	0.96314	3.28	0
1557	18:54:35.87	0.0395	20.53527	21.07	40.83	1.0	0.999246	19.7774	1.24664	772.54	0.96310	3.28	0
1558	18:54:36.17	0.0395	20.53527	21.07	40.83	1.0	0.999246	19.7777	1.24668	772.54	0.96311	3.28	0
1559	18:54:36.47	0.0395	20.53527	21.07	40.83	1.0	0.999246	19.7780	1.24668	772.54	0.96313	3.28	0
1560	18:54:36.77	0.0380	20.53590	21.07	40.83	1.0	0.999282	19.7779	1.24668	772.54	0.96309	3.28	0
1561	18:54:37.07	0.0405	20.53499	21.07	40.83	1.0	0.999234	19.7771	1.24664	772.54	0.96310	3.28	0
1562	18:54:37.37	0.0410	20.53478	21.07	40.83	1.0	0.999222	19.7783	1.24672	772.56	0.96316	3.28	0
1563	18:54:37.67	0.0405	20.53492	21.07	40.83	1.0	0.999234	19.7777	1.24668	772.56	0.96313	3.28	0
1564	18:54:37.97	0.0410	20.53471	21.07	40.83	1.0	0.999222	19.7786	1.24672	772.58	0.96317	3.28	0
1565	18:54:38.27	0.0385	20.53562	21.07	40.83	1.0	0.999264	19.7783	1.24668	772.54	0.96312	3.28	0
1566	18:54:38.57	0.0390	20.53555	21.07	40.83	1.0	0.999258	19.7779	1.24668	772.54	0.96311	3.28	0
1567	18:54:38.87	0.0390	20.53548	21.07	40.83	1.0	0.999258	19.7783	1.24668	772.56	0.96313	3.28	0
1568	18:54:39.17	0.0405	20.53485	21.07	40.83	1.0	0.999228	19.7788	1.24672	772.58	0.96318	3.28	0
1569	18:54:39.47	0.0385	20.53562	21.07	40.83	1.0	0.999264	19.7780	1.24668	772.54	0.96311	3.28	0
1570	18:54:39.77	0.0410	20.53464	21.07	40.86	1.0	0.999216	19.7781	1.24668	772.56	0.96316	3.28	0
1571	18:54:40.07	0.0385	20.53562	21.07	40.86	1.0	0.999264	19.7777	1.24668	772.54	0.96309	3.28	0
1572	18:54:40.37	0.0400	20.53499	21.07	40.86	1.0	0.999234	19.7774	1.24668	772.54	0.96311	3.28	0
1573	18:54:40.67	0.0410	20.53464	21.07	40.86	1.0	0.999216	19.7776	1.24668	772.54	0.96313	3.28	0
1574	18:54:40.97	0.0405	20.53478	21.07	40.86	1.0	0.999228	19.7779	1.24668	772.56	0.96314	3.28	0
1575	18:54:41.27	0.0395	20.53527	21.07	40.86	1.0	0.999246	19.7778	1.24668	772.54	0.96311	3.28	0
1576	18:54:41.57	0.0405	20.53478	21.07	40.86	1.0	0.999228	19.7772	1.24668	772.54	0.96311	3.28	0
1577	18:54:41.87	0.0385	20.53555	21.07	40.86	1.0	0.999264	19.7783	1.24668	772.54	0.96313	3.28	0
1578	18:54:42.17	0.0410	20.53464	21.07	40.86	1.0	0.999216	19.7780	1.24672	772.56	0.96316	3.28	0
1579	18:54:42.47	0.0395	20.53520	21.07	40.86	1.0	0.999246	19.7778	1.24668	772.54	0.96312	3.28	0
1580	18:54:42.77	0.0380	20.53583	21.07	40.86	1.0	0.999276	19.7780	1.24668	772.54	0.96310	3.28	0
1581	18:54:43.07	0.0405	20.53485	21.07	40.86	1.0	0.999228	19.7781	1.24668	772.56	0.96315	3.28	0
1582	18:54:43.37	0.0385	20.53555	21.07	40.86	1.0	0.999264	19.7783	1.24668	772.54	0.96313	3.28	0
1583	18:54:43.67	0.0410	20.53464	21.07	40.86	1.0	0.999222	19.7774	1.24668	772.56	0.96313	3.28	0
1584	18:54:43.97	0.0400	20.53513	21.07	40.86	1.0	0.999246	19.7781	1.24668	772.56	0.96313	3.28	0
1585	18:54:44.27	0.0385	20.53562	21.07	40.86	1.0	0.999264	19.7788	1.24668	772.56	0.96314	3.28	0
1586	18:54:44.57	0.0370	20.53625	21.07	40.86	1.0	0.999300	19.7788	1.24668	772.56	0.96311	3.28	0
1587	18:54:44.87	0.0395	20.53527	21.07	40.86	1.0	0.999252	19.7782	1.24668	772.56	0.96313	3.28	0
1588	18:54:45.17	0.0385	20.53555	21.07	40.86	1.0	0.999264	19.7781	1.24668	772.54	0.96311	3.28	0
1589	18:54:45.47	0.0400	20.53499	21.07	40.86	1.0	0.999234	19.7783	1.24668	772.56	0.96315	3.28	0
1590	18:54:45.77	0.0415	20.53450	21.07	40.86	1.0	0.999210	19.7784	1.24672	772.58	0.96318	3.28	0
1591	18:54:46.07	0.0390	20.53541	21.07	40.86	1.0	0.999258	19.7781	1.24668	772.56	0.96313	3.28	0
1592	18:54:46.37	0.0395	20.53527	21.07	40.86	1.0	0.999252	19.7781	1.24668	772.56	0.96313	3.28	0
1593	18:54:46.67	0.0405	20.53485	21.07	40.86	1.0	0.999228	19.7781	1.24668	772.56	0.96314	3.28	0
1594	18:54:46.97	0.0395	20.53520	21.07	40.86	1.0	0.999246	19.7785	1.24672	772.56	0.96315	3.28	0
1595	18:54:47.27	0.0395	20.53520	21.07	40.86	1.0	0.999246	19.7777	1.24668	772.54	0.96311	3.28	0
1596	18:54:47.57	0.0385	20.53562	21.07	40.86	1.0	0.999270	19.7776	1.24668	772.54	0.96308	3.28	0
1597	18:54:47.87	0.0385	20.53555	21.07	40.86	1.0	0.999264	19.7777	1.24668	772.54	0.96309	3.28	0
1598	18:54:48.17	0.0405	20.53492	21.07	40.86	1.0	0.999234	19.7777	1.24668	772.56	0.96313	3.28	0
1599	18:54:48.47	0.0385	20.53569	21.07	40.86	1.0	0.999270	19.7780	1.24668	772.54	0.96310	3.28	0
1600	18:54:48.77	0.0400	20.53513	21.07	40.86	1.0	0.999240	19.7774	1.24668	772.54	0.96310	3.28	0
1601	18:54:49.07	0.0400	20.53499	21.07	40.86	1.0	0.999234	19.7778	1.24668	772.56	0.96313	3.28	0
1602	18:54:49.37	0.0375	20.53597	21.07	40.86	1.0	0.999282	19.7778	1.24668	772.52	0.96308	3.28	0
1603	18:54:49.67	0.0415	20.53436	21.07	40.86	1.0	0.999204	19.7780	1.24672	772.56	0.96317	3.28	0
1604	18:54:49.97	0.0415	20.53443	21.07	40.86	1.0	0.999210	19.7777	1.24672	772.56	0.96315	3.28	0
1605	18:54:50.27	0.0395	20.53527	21.07	40.86	1.0	0.999252	19.7778	1.24668	772.54	0.96311	3.28	0
1606	18:54:50.57	0.0415	20.53443	21.07	40.86	1.0	0.999210	19.7781	1.24672	772.56	0.96317	3.28	0
1607	18:54:50.87	0.0415	20.53450	21.07	40.86	1.0	0.999210	19.7788	1.24672	772.58	0.96320	3.28	0
1608	18:54:51.17	0.0400	20.53499	21.07	40.86	1.0	0.999240	19.7787	1.24672	772.56	0.96317	3.28	0
1609	18:54:51.47	0.0420	20.53436	21.07	40.86	1.0	0.999204	19.7779	1.24672	772.56	0.96316	3.28	0
1610	18:54:51.77	0.0390	20.53534	21.07	40.86	1.0	0.999252	19.7779	1.24668	772.54	0.96311	3.28	0
1611	18:54:52.07	0.0405	20.53492	21.07	40.86	1.0	0.999234	19.7779	1.24668	772.56	0.96313	3.28	0
1612	18:54:52.37	0.0400	20.53513	21.07	40.86	1.0	0.999240	19.7776	1.24668	772.54	0.96311	3.28	0
1613	18:54:52.67	0.0390	20.53541	21.07	40.86	1.0	0.999258	19.7783	1.24668	772.54	0.96313	3.28	0
1614	18:54:52.97	0.0395	20.53527	21.07	40.86	1.0	0.999252	19.7782	1.24672	772.54	0.96313	3.28	0
1615	18:54:53.27	0.0405	20.53485	21.07	40.86	1.0	0.999228	19.7782	1.24672	772.56	0.96316	3.28	0
1616	18:54:53.57	0.0400	20.53506	21.07	40.86	1.0	0.999240	19.7777	1.24668	772.54	0.96312	3.28	0
1617	18:54:53.87	0.0400	20.53499	21.07	40.86	1.0	0.999234	19.7787	1.24672	772.58	0.96317	3.28	0
1618	18:54:54.17	0.0400	20.53506	21.07	40.86	1.0	0.999240	19.7786	1.24672	772.56	0.96316	3.28	0
1619	18:54:54.47	0.0400	20.53506	21.07	40.86	1.0	0.999240	19.7788	1.24672	772.56	0.96317	3.28	0
1620	18:54:54.77	0.0400	20.53513	21.07	40.86	1.0	0.999240	19.7780	1.24668	772.56	0.96313	3.28	0
1621	18:54:55.07	0.0395	20.53527	21.07	40.86	1.0	0.999246	19.7784	1.24668	772.56	0.96314	3.28	0
1622	18:54:55.37	0.0415	20.53436	21.07	40.86	1.0	0.999204	19.7778	1.24672	772.56	0.96316	3.28	0
1623	18:54:55.67	0.0390	20.53555	21.07	40.86	1.0	0.999264	19.7779	1.24668	772.54	0.96311	3.28	0
1624	18:54:55.97	0.0380	20.53576	21.07	40.90	1.0	0.999276	19.7788	1.24668	772.56	0.96314	3.28	0
1625	18:54:56.27	0.0390	20.53541	21.07	40.90	1.0	0.999258	19.7781	1.24668	772.56	0.96313	3.28	0
1626	18:54:56.57	0.0415	20.53443	21.07	40.90	1.0	0.999210	19.7778	1.24672	772.56	0.96316	3.28	0
1627	18:54:56.87	0.0405	20.53478	21.07	40.90	1.0	0.999228	19.7781	1.24672	772.56	0.96315	3.28	0
1628	18:54:57.17	0.0375	20.53590	21.07	40.90	1.0	0.999282	19.7784	1.24668	772.54	0.96311	3.28	0
1629	18:54:57.47	0.0400	20.53492	21.07	40.90	1.0	0.999234	19.7780	1.24672	772.56	0.96314	3.28	0
1630	18:54:57.77	0.0410	20.53471	21.07	40.90	1.0	0.999222	19.7775	1.24668	772.54	0.96313	3.28	0
1631	18:54:58.07	0.0415	20.53436	21.07	40.90	1.0	0.999210	19.7783	1.24672	772.58	0.96318	3.28	0
1632	18:54:58.37	0.0385	20.53562	21.07	40.90	1.0	0.999270	19.7779	1.24668	772.54	0.96310	3.28	0
1633	18:54:58.67	0.0395	20.53513	21.07	40.90	1.0	0.999246	19.7782	1.24668	772.56	0.96314	3.28	0
1634	18:54:58.97	0.0410	20.53464	21.07	40.90	1.0	0.999222	19.7780	1.24672	772.56	0.96316	3.28	0
1635	18:54:59.27	0.0395	20.53513	21.07	40.90	1.0	0.999246	19.7786	1.24672	772.56	0.96316	3.28	0
1636	18:54:59.57	0.0400	20.53513	21.07	40.90	1.0	0.999246	19.7785	1.24672	772.56	0.96316	3.28	0
1637	18:54:59.87	0.0405	20.53485	21.07	40.90	1.0	0.999234	19.7779	1.24668	772.56	0.96314	3.28	0
1638	18:55:00.17	0.0390	20.53534	21.07	40.96	1.0	0.999258	19.7781	1.24668	772.54	0.96313	3.28	0
1639	18:55:00.47	0.0415	20.53443	21.07	40.96	1.0	0.999216	19.7774	1.24672	772.54	0.96313	3.28	0
1640	18:55:00.77	0.0420	20.53422	21.07	40.96	1.0	0.999204	19.7768	1.24668	772.54	0.96311	3.28	0
1641	18:55:01.07	0.0395	20.53513	21.07	40.96	1.0	0.999252	19.7777	1.24668	772.54	0.96311	3.28	0
1642	18:55:01.37	0.0410	20.53443	21.07	40.96	1.0	0.999216	19.7781	1.24672	772.56	0.96317	3.28	0
1643	18:55:01.67	0.0410	20.53443	21.07	40.96	1.0	0.999216	19.7779	1.24672	772.56	0.96316	3.28	0
1644	18:55:01.97	0.0410	20.53450	21.07	40.96	1.0	0.999216	19.7777	1.24672	772.56	0.96314	3.28	0
1645	18:55:02.27	0.0415	20.53429	21.07	40.96	1.0	0.999204	19.7777	1.24672	772.56	0.96316	3.28	0
1646	18:55:02.57	0.0410	20.53457	21.07	40.96	1.0	0.999222	19.7778	1.24672	772.56	0.96315	3.28	0
1647	18:55:02.87	0.0400	20.53485	21.07	40.96	1.0	0.999234	19.7777	1.24668	772.56	0.96313	3.28	0
1648	18:55:03.17	0.0400	20.53499	21.07	40.96	1.0	0.999240	19.7779	1.24668	772.54	0.96313	3.28	0
1649	18:55:03.47	0.0400	20.53485	21.07	40.96	1.0	0.999234	19.7776	1.24668	772.56	0.96312	3.28	0
1650	18:55:03.77	0.0405	20.53471	21.07	40.96	1.0	0.999228	19.7779	1.24668	772.56	0.96314	3.28	0
1651	18:55:04.07	0.0420	20.53415	21.07	40.96	1.0	0.999204	19.7768	1.24668	772.54	0.96312	3.28	0
1652	18:55:04.37	0.0415	20.53429	21.07	40.96	1.0	0.999210	19.7770	1.24668	772.54	0.96312	3.28	0
1653	18:55:04.67	0.0415	20.53429	21.07	40.96	1.0	0.999210	19.7776	1.24668	772.56	0.96315	3.28	0
1654	18:55:04.97	0.0360	20.53653	21.07	40.96	1.0	0.999318	19.7794	1.24668	772.54	0.96313	3.28	0
1655	18:55:05.27	0.0410	20.53464	21.07	40.96	1.0	0.999222	19.7777	1.24668	772.56	0.96314	3.28	0
1656	18:55:05.57	0.3040	20.43097	21.07	40.96	1.0	0.994182	19.6776	1.24672	772.52	0.96313	3.28	0
1657	18:55:05.87	0.1845	20.47843	21.07	40.96	1.0	0.996492	19.7230	1.24668	772.54	0.96311	3.28	0
1658	18:55:06.17	0.1320	20.49894	21.07	40.96	1.0	0.997488	19.7432	1.24672	772.54	0.96313	3.28	0
1659	18:55:06.47	0.1180	20.50447	21.07	40.96	1.0	0.997758	19.7489	1.24672	772.56	0.96315	3.28	0
1660	18:55:06.77	0.1110	20.50643	21.07	41.55	1.0	0.997884	19.7503	1.24668	772.54	0.96313	3.28	0
1661	18:55:07.07	0.1050	20.50874	21.07	41.55	1.0	0.997998	19.7519	1.24668	772.54	0.96310	3.28	0
1662	18:55:07.37	0.1035	20.50692	21.07	43.70	1.1	0.998034	19.7506	1.24668	772.54	0.96312	3.28	0
1663	18:55:07.67	0.1060	20.50580	21.07	43.70	1.1	0.997980	19.7501	1.24672	772.54	0.96315	3.28	0
1664	18:55:07.97	0.1000	20.50461	21.07	46.86	1.2	0.998100	19.7487	1.24668	772.56	0.96314	3.28	0
1665	18:55:08.27	0.1010	20.50419	21.07	46.86	1.2	0.998076	19.7482	1.24672	772.54	0.96313	3.28	0
1666	18:55:08.57	0.0905	20.50426	21.07	50.25	1.3	0.998274	19.7480	1.24668	772.54	0.96311	3.28	0
1667	18:55:08.87	0.0955	20.50237	21.07	50.25	1.3	0.998184	19.7474	1.24672	772.56	0.96317	3.28	0
1668	18:55:09.17	0.0885	20.50167	21.07	53.15	1.3	0.998316	19.7457	1.24668	772.54	0.96313	3.28	0
1669	18:55:09.48	0.0885	20.50174	21.07	53.15	1.3	0.998316	19.7457	1.24668	772.56	0.96313	3.28	0
1670	18:55:09.77	0.0830	20.50076	21.07	55.81	1.4	0.998418	19.7447	1.24672	772.54	0.96312	3.28	0
1671	18:55:10.07	0.0835	20.50062	21.07	55.81	1.4	0.998412	19.7443	1.24668	772.54	0.96311	3.28	0
1672	18:55:10.37	0.0775	20.50020	21.07	58.25	1.5	0.998526	19.7447	1.24672	772.54	0.96314	3.28	0
1673	18:55:10.67	0.0795	20.49950	21.07	58.25	1.5	0.998490	19.7440	1.24672	772.54	0.96315	3.28	0
1674	18:55:10.97	0.0710	20.50020	21.07	60.36	1.5	0.998646	19.7448	1.24672	772.54	0.96315	3.28	0
1675	18:55:11.27	0.0715	20.50013	21.07	60.36	1.5	0.998640	19.7450	1.24672	772.56	0.96317	3.28	0
1676	18:55:11.57	0.0650	20.50062	21.07	62.10	1.5	0.998760	19.7450	1.24672	772.54	0.96314	3.28	0
1677	18:55:11.87	0.0630	20.50139	21.07	62.10	1.5	0.998802	19.7455	1.24672	772.54	0.96313	3.28	0
1678	18:55:12.17	0.0585	20.50146	21.07	63.52	1.6	0.998886	19.7453	1.24672	772.54	0.96312	3.28	0
1679	18:55:12.47	0.0565	20.50244	21.07	63.52	1.6	0.998928	19.7465	1.24668	772.56	0.96313	3.28	0
1680	18:55:12.77	0.0530	20.50244	21.07	64.53	1.6	0.998988	19.7463	1.24668	772.54	0.96312	3.28	0
1681	18:55:13.07	0.0525	20.50286	21.07	64.53	1.6	0.999006	19.7471	1.24668	772.56	0.96314	3.28	0
1682	18:55:13.37	0.0505	20.50286	21.07	65.19	1.6	0.999042	19.7467	1.24672	772.54	0.96312	3.28	0
1683	18:55:13.67	0.0500	20.50300	21.07	65.19	1.6	0.999048	19.7468	1.24668	772.54	0.96311	3.28	0
1684	18:55:13.97	0.0515	20.50188	21.07	65.71	1.6	0.999024	19.7462	1.24672	772.54	0.96314	3.28	0
1685	18:55:14.27	0.0500	20.50230	21.07	65.71	1.6	0.999042	19.7462	1.24668	772.54	0.96312	3.28	0
1686	18:55:14.57	0.0505	20.50174	21.07	66.20	1.7	0.999042	19.7455	1.24668	772.54	0.96311	3.28	0
1687	18:55:14.87	0.0500	20.50188	21.07	66.20	1.7	0.999048	19.7459	1.24668	772.54	0.96313	3.28	0
1688	18:55:15.17	0.0500	20.50125	21.07	66.75	1.7	0.999048	19.7460	1.24672	772.56	0.96316	3.28	0
1689	18:55:15.47	0.0465	20.50265	21.07	66.75	1.7	0.999114	19.7469	1.24668	772.56	0.96314	3.28	0
1690	18:55:15.77	0.0435	20.50321	21.07	67.23	1.7	0.999174	19.7470	1.24668	772.54	0.96311	3.28	0
1691	18:55:16.07	0.0430	20.50349	21.07	67.23	1.7	0.999186	19.7469	1.24668	772.54	0.96310	3.28	0
1692	18:55:16.37	0.0450	20.50216	21.07	67.62	1.7	0.999144	19.7467	1.24672	772.54	0.96315	3.28	0
1693	18:55:16.67	0.0445	20.50244	21.07	67.62	1.7	0.999156	19.7473	1.24672	772.56	0.96317	3.28	0
1694	18:55:16.97	0.0440	20.50230	21.07	67.86	1.7	0.999162	19.7469	1.24672	772.56	0.96316	3.28	0
1695	18:55:17.27	0.0435	20.50258	21.07	67.86	1.7	0.999174	19.7470	1.24672	772.56	0.96315	3.28	0
1696	18:55:17.57	0.0430	20.50237	21.07	68.10	1.7	0.999180	19.7466	1.24672	772.54	0.96314	3.28	0
1697	18:55:17.87	0.0420	20.50293	21.07	68.10	1.7	0.999204	19.7478	1.24672	772.56	0.96317	3.28	0
1698	18:55:18.17	0.0375	20.50440	21.07	68.27	1.7	0.999288	19.7470	1.24668	772.52	0.96306	3.28	0
1699	18:55:18.47	0.0405	20.50328	21.07	68.27	1.7	0.999234	19.7479	1.24672	772.56	0.96316	3.28	0
1700	18:55:18.77	0.0375	20.50433	21.07	68.33	1.7	0.999282	19.7478	1.24668	772.54	0.96311	3.28	0
1701	18:55:19.07	0.0380	20.50419	21.07	68.33	1.7	0.999282	19.7483	1.24672	772.54	0.96314	3.28	0
1702	18:55:19.37	0.0385	20.50391	21.07	68.33	1.7	0.999270	19.7481	1.24672	772.54	0.96314	3.28	0
1703	18:55:19.67	0.0370	20.50461	21.07	68.33	1.7	0.999300	19.7487	1.24672	772.54	0.96314	3.28	0
1704	18:55:19.97	0.0385	20.50412	21.07	68.22	1.7	0.999270	19.7483	1.24672	772.54	0.96314	3.28	0
1705	18:55:20.27	0.0380	20.50433	21.07	68.22	1.7	0.999282	19.7483	1.24672	772.54	0.96313	3.28	0
1706	18:55:20.57	0.0345	20.50573	21.07	68.10	1.7	0.999342	19.7490	1.24668	772.54	0.96310	3.28	0
1707	18:55:20.87	0.0370	20.50489	21.07	68.10	1.7	0.999300	19.7493	1.24672	772.56	0.96315	3.28	0
1708	18:55:21.17	0.0380	20.50447	21.07	68.00	1.7	0.999276	19.7485	1.24672	772.54	0.96313	3.28	0
1709	18:55:21.47	0.0375	20.50475	21.07	68.00	1.7	0.999288	19.7485	1.24668	772.54	0.96312	3.28	0
1710	18:55:21.77	0.0380	20.50461	21.07	67.86	1.7	0.999276	19.7483	1.24668	772.56	0.96311	3.28	0
1711	18:55:22.07	0.0390	20.50426	21.07	67.86	1.7	0.999258	19.7481	1.24668	772.54	0.96313	3.28	0
1712	18:55:22.37	0.0380	20.50475	21.07	67.86	1.7	0.999282	19.7485	1.24668	772.54	0.96312	3.28	0
1713	18:55:22.67	0.0405	20.50370	21.07	67.86	1.7	0.999228	19.7476	1.24672	772.54	0.96313	3.28	0
1714	18:55:22.97	0.0380	20.50454	21.07	67.89	1.7	0.999276	19.7484	1.24668	772.54	0.96312	3.28	0
1715	18:55:23.27	0.0375	20.50482	21.07	67.89	1.7	0.999288	19.7488	1.24668	772.54	0.96313	3.28	0
1716	18:55:23.57	0.0360	20.50545	21.07	67.89	1.7	0.999318	19.7489	1.24668	772.54	0.96311	3.28	0
1717	18:55:23.87	0.0380	20.50461	21.07	67.89	1.7	0.999276	19.7489	1.24672	772.56	0.96314	3.28	0
1718	18:55:24.17	0.0365	20.50517	21.07	67.84	1.7	0.999300	19.7492	1.24668	772.54	0.96313	3.28	0
1719	18:55:24.47	0.0350	20.50587	21.07	67.84	1.7	0.999336	19.7497	1.24668	772.54	0.96313	3.28	0
1720	18:55:24.77	0.0350	20.50601	21.07	67.72	1.7	0.999336	19.7496	1.24668	772.54	0.96311	3.28	0
1721	18:55:25.07	0.0330	20.50671	21.07	67.72	1.7	0.999366	19.7504	1.24668	772.54	0.96312	3.28	0
1722	18:55:25.37	0.0350	20.50608	21.07	67.62	1.7	0.999330	19.7511	1.24672	772.56	0.96318	3.28	0
1723	18:55:25.67	0.0350	20.50622	21.07	67.62	1.7	0.999336	19.7508	1.24672	772.56	0.96316	3.28	0
1724	18:55:25.97	0.0335	20.50713	21.07	67.32	1.7	0.999366	19.7512	1.24668	772.56	0.96314	3.28	0
1725	18:55:26.27	0.0340	20.50685	21.07	67.32	1.7	0.999354	19.7512	1.24672	772.56	0.96315	3.28	0
1726	18:55:26.57	0.0340	20.50720	21.07	67.04	1.7	0.999354	19.7517	1.24672	772.56	0.96316	3.28	0
1727	18:55:26.87	0.0340	20.50706	21.07	67.04	1.7	0.999348	19.7514	1.24672	772.54	0.96315	3.28	0
1728	18:55:27.17	0.0365	20.50636	21.07	66.83	1.7	0.999306	19.7508	1.24672	772.54	0.96316	3.28	0
1729	18:55:27.47	0.0360	20.50671	21.07	66.83	1.7	0.999318	19.7506	1.24668	772.54	0.96313	3.28	0
1730	18:55:27.77	0.0360	20.50692	21.07	66.61	1.7	0.999318	19.7504	1.24668	772.54	0.96311	3.28	0
1731	18:55:28.07	0.0350	20.50720	21.07	66.61	1.7	0.999330	19.7511	1.24672	772.54	0.96313	3.28	0
1732	18:55:28.37	0.0350	20.50741	21.07	66.50	1.7	0.999336	19.7508	1.24668	772.54	0.96310	3.28	0
1733	18:55:28.67	0.0335	20.50797	21.07	66.50	1.7	0.999366	19.7514	1.24668	772.54	0.96311	3.28	0
1734	18:55:28.97	0.0315	20.50881	21.07	66.39	1.7	0.999402	19.7532	1.24672	772.56	0.96316	3.28	0
1735	18:55:29.27	0.0295	20.50972	21.07	66.39	1.7	0.999444	19.7528	1.24668	772.52	0.96310	3.28	0
1736	18:55:29.57	0.0285	20.51035	21.07	66.20	1.7	0.999462	19.7546	1.24672	772.54	0.96315	3.28	0
1737	18:55:29.87	0.0270	20.51091	21.07	66.20	1.7	0.999492	19.7547	1.24672	772.54	0.96313	3.28	0
1738	18:55:30.17	0.0290	20.51063	21.07	65.74	1.6	0.999450	19.7542	1.24668	772.54	0.96312	3.28	0
1739	18:55:30.47	0.0305	20.51000	21.07	65.74	1.6	0.999420	19.7541	1.24672	772.54	0.96314	3.28	0
1740	18:55:30.77	0.0310	20.51042	21.07	65.22	1.6	0.999414	19.7537	1.24668	772.54	0.96311	3.28	0
1741	18:55:31.07	0.0305	20.51063	21.07	65.22	1.6	0.999426	19.7546	1.24672	772.54	0.96314	3.28	0
1742	18:55:31.37	0.0325	20.51035	21.07	64.79	1.6	0.999384	19.7537	1.24668	772.54	0.96311	3.28	0
1743	18:55:31.67	0.0305	20.51098	21.07	64.79	1.6	0.999414	19.7541	1.24668	772.54	0.96310	3.28	0
1744	18:55:31.97	0.0315	20.51098	21.07	64.44	1.6	0.999396	19.7543	1.24668	772.52	0.96311	3.28	0
1745	18:55:32.27	0.0300	20.51175	21.07	64.44	1.6	0.999432	19.7545	1.24668	772.52	0.96308	3.28	0
1746	18:55:32.57	0.0310	20.51175	21.07	64.10	1.6	0.999414	19.7555	1.24672	772.54	0.96313	3.28	0
1747	18:55:32.87	0.0315	20.51154	21.07	64.10	1.6	0.999402	19.7552	1.24672	772.54	0.96313	3.28	0
1748	18:55:33.17	0.0310	20.51217	21.07	63.69	1.6	0.999414	19.7552	1.24668	772.52	0.96310	3.28	0
1749	18:55:33.47	0.0335	20.51112	21.07	63.69	1.6	0.999360	19.7540	1.24668	772.52	0.96308	3.28	0
1750	18:55:33.77	0.0365	20.51049	21.07	63.17	1.6	0.999300	19.7538	1.24668	772.54	0.96311	3.28	0
1751	18:55:34.07	0.0380	20.50993	21.07	63.17	1.6	0.999276	19.7534	1.24668	772.54	0.96311	3.28	0
1752	18:55:34.37	0.0400	20.50958	21.07	62.88	1.6	0.999240	19.7539	1.24672	772.56	0.96316	3.28	0
1753	18:55:34.67	0.0390	20.51000	21.07	62.88	1.6	0.999264	19.7528	1.24668	772.52	0.96308	3.28	0
1754	18:55:34.97	0.0420	20.50888	21.07	62.82	1.6	0.999204	19.7528	1.24672	772.54	0.96314	3.28	0
1755	18:55:35.27	0.0410	20.50923	21.07	62.82	1.6	0.999222	19.7522	1.24668	772.52	0.96309	3.28	0
1756	18:55:35.57	0.0415	20.50888	21.07	62.91	1.6	0.999210	19.7525	1.24668	772.54	0.96311	3.28	0
1757	18:55:35.87	0.0410	20.50923	21.07	62.91	1.6	0.999222	19.7522	1.24664	772.54	0.96309	3.28	0
1758	18:55:36.17	0.0400	20.50944	21.07	63.02	1.6	0.999240	19.7530	1.24668	772.54	0.96312	3.28	0
1759	18:55:36.47	0.0390	20.50965	21.07	63.02	1.6	0.999252	19.7532	1.24668	772.54	0.96312	3.28	0
1760	18:55:36.77	0.0345	20.51140	21.07	63.08	1.6	0.999342	19.7533	1.24664	772.50	0.96304	3.28	0
1761	18:55:37.07	0.0380	20.51014	21.07	63.08	1.6	0.999282	19.7536	1.24668	772.54	0.96311	3.28	0
1762	18:55:37.37	0.0375	20.51035	21.07	63.05	1.6	0.999288	19.7536	1.24668	772.54	0.96310	3.28	0
1763	18:55:37.67	0.0395	20.50944	21.07	63.05	1.6	0.999246	19.7533	1.24672	772.54	0.96313	3.28	0
1764	18:55:37.97	0.0405	20.50930	21.07	62.94	1.6	0.999228	19.7533	1.24672	772.56	0.96314	3.28	0
1765	18:55:38.27	0.0405	20.50930	21.07	62.94	1.6	0.999234	19.7532	1.24672	772.54	0.96313	3.28	0
1766	18:55:38.57	0.0415	20.50895	21.07	62.91	1.6	0.999210	19.7524	1.24668	772.54	0.96311	3.28	0
1767	18:55:38.87	0.0415	20.50895	21.07	62.91	1.6	0.999216	19.7527	1.24668	772.54	0.96313	3.28	0
1768	18:55:39.17	0.0430	20.50818	21.07	62.94	1.6	0.999180	19.7529	1.24672	772.56	0.96317	3.28	0
1769	18:55:39.47	0.0430	20.50825	21.07	62.94	1.6	0.999180	19.7515	1.24668	772.54	0.96310	3.28	0
1770	18:55:39.77	0.0430	20.50825	21.07	63.00	1.6	0.999186	19.7515	1.24668	772.54	0.96310	3.28	0
1771	18:55:40.07	0.0430	20.50825	21.07	63.00	1.6	0.999180	19.7519	1.24668	772.54	0.96312	3.28	0
1772	18:55:40.37	0.0425	20.50825	21.07	63.15	1.6	0.999192	19.7518	1.24668	772.54	0.96311	3.28	0
1773	18:55:40.67	0.0435	20.50783	21.07	63.15	1.6	0.999174	19.7514	1.24668	772.54	0.96311	3.28	0
1774	18:55:40.97	0.0415	20.50846	21.07	63.26	1.6	0.999210	19.7515	1.24668	772.52	0.96309	3.28	0
1775	18:55:41.27	0.0430	20.50783	21.07	63.26	1.6	0.999180	19.7520	1.24672	772.54	0.96314	3.28	0
1776	18:55:41.57	0.0425	20.50804	21.07	63.37	1.6	0.999192	19.7518	1.24672	772.54	0.96313	3.28	0
1777	18:55:41.87	0.0440	20.50734	21.07	63.37	1.6	0.999162	19.7515	1.24672	772.54	0.96314	3.28	0
1778	18:55:42.17	0.0415	20.50818	21.07	63.52	1.6	0.999210	19.7518	1.24672	772.52	0.96312	3.28	0
1779	18:55:42.47	0.0420	20.50811	21.07	63.52	1.6	0.999204	19.7519	1.24672	772.54	0.96313	3.28	0
1780	18:55:42.77	0.0380	20.50944	21.07	63.63	1.6	0.999276	19.7527	1.24668	772.54	0.96310	3.28	0
1781	18:55:43.07	0.0395	20.50888	21.07	63.63	1.6	0.999246	19.7529	1.24672	772.56	0.96314	3.28	0
1782	18:55:43.37	0.0395	20.50888	21.07	63.69	1.6	0.999252	19.7522	1.24668	772.54	0.96311	3.28	0
1783	18:55:43.67	0.0385	20.50923	21.07	63.69	1.6	0.999270	19.7525	1.24668	772.54	0.96311	3.28	0
1784	18:55:43.97	0.0400	20.50867	21.07	63.63	1.6	0.999240	19.7526	1.24668	772.56	0.96314	3.28	0
1785	18:55:44.27	0.0400	20.50874	21.07	63.63	1.6	0.999246	19.7522	1.24668	772.54	0.96311	3.28	0
1786	18:55:44.57	0.0395	20.50895	21.07	63.52	1.6	0.999246	19.7519	1.24668	772.52	0.96309	3.28	0
1787	18:55:44.87	0.0395	20.50902	21.07	63.52	1.6	0.999246	19.7520	1.24668	772.52	0.96309	3.28	0
1788	18:55:45.17	0.0405	20.50853	21.07	63.52	1.6	0.999228	19.7518	1.24668	772.54	0.96310	3.28	0
1789	18:55:45.47	0.0435	20.50748	21.07	63.52	1.6	0.999174	19.7520	1.24672	772.56	0.96316	3.28	0
1790	18:55:45.77	0.0405	20.50867	21.07	63.52	1.6	0.999234	19.7526	1.24668	772.54	0.96313	3.28	0
1791	18:55:46.07	0.0395	20.50902	21.07	63.52	1.6	0.999252	19.7538	1.24672	772.56	0.96317	3.28	0
1792	18:55:46.37	0.0355	20.51063	21.07	63.52	1.6	0.999330	19.7545	1.24668	772.54	0.96313	3.28	0
1793	18:55:46.67	0.0340	20.51126	21.07	63.52	1.6	0.999360	19.7558	1.24672	772.56	0.96317	3.28	0
1794	18:55:46.97	0.0335	20.51154	21.07	63.34	1.6	0.999366	19.7570	1.24676	772.58	0.96322	3.28	0
1795	18:55:47.27	0.0310	20.51252	21.07	63.34	1.6	0.999408	19.7562	1.24672	772.54	0.96313	3.28	0
1796	18:55:47.57	0.0295	20.51357	21.07	63.00	1.6	0.999444	19.7568	1.24668	772.52	0.96311	3.28	0
1797	18:55:47.87	0.0290	20.51357	21.07	63.00	1.6	0.999444	19.7576	1.24672	772.54	0.96315	3.28	0
1798	18:55:48.17	0.0275	20.51483	21.07	62.53	1.6	0.999480	19.7580	1.24668	772.54	0.96311	3.28	0
1799	18:55:48.47	0.0260	20.51539	21.07	62.53	1.6	0.999504	19.7590	1.24672	772.54	0.96313	3.28	0
1800	18:55:48.77	0.0270	20.51567	21.07	61.99	1.5	0.999492	19.7596	1.24672	772.56	0.96314	3.28	0
1801	18:55:49.07	0.0235	20.51693	21.07	61.99	1.5	0.999546	19.7606	1.24672	772.54	0.96314	3.28	0
1802	18:55:49.37	0.0255	20.51700	21.07	61.34	1.5	0.999516	19.7612	1.24672	772.56	0.96316	3.28	0
1803	18:55:49.67	0.0235	20.51777	21.07	61.34	1.5	0.999558	19.7611	1.24668	772.54	0.96312	3.28	0
1804	18:55:49.97	0.0255	20.51770	21.07	60.62	1.5	0.999510	19.7611	1.24668	772.54	0.96312	3.28	0
1805	18:55:50.27	0.0270	20.51714	21.07	60.62	1.5	0.999480	19.7611	1.24672	772.56	0.96316	3.28	0
1806	18:55:50.57	0.0295	20.51714	21.07	59.84	1.5	0.999438	19.7611	1.24672	772.54	0.96316	3.28	0
1807	18:55:50.87	0.0280	20.51763	21.07	59.84	1.5	0.999468	19.7609	1.24668	772.54	0.96311	3.28	0
1808	18:55:51.17	0.0340	20.51595	21.07	59.26	1.5	0.999354	19.7595	1.24672	772.54	0.96313	3.28	0
1809	18:55:51.47	0.0365	20.51511	21.07	59.26	1.5	0.999306	19.7590	1.24672	772.54	0.96315	3.28	0
1810	18:55:51.77	0.0395	20.51434	21.07	58.86	1.5	0.999252	19.7580	1.24672	772.54	0.96313	3.28	0
1811	18:55:52.07	0.0395	20.51420	21.07	58.86	1.5	0.999246	19.7574	1.24668	772.52	0.96311	3.28	0
1812	18:55:52.37	0.0420	20.51350	21.07	58.68	1.5	0.999198	19.7574	1.24672	772.54	0.96314	3.28	0
1813	18:55:52.67	0.0395	20.51441	21.07	58.68	1.5	0.999246	19.7579	1.24668	772.54	0.96312	3.28	0
1814	18:55:52.97	0.0385	20.51483	21.07	58.74	1.5	0.999264	19.7581	1.24668	772.54	0.96311	3.28	0
1815	18:55:53.27	0.0375	20.51525	21.07	58.74	1.5	0.999288	19.7588	1.24672	772.54	0.96313	3.28	0
1816	18:55:53.57	0.0385	20.51483	21.07	58.74	1.5	0.999264	19.7588	1.24672	772.54	0.96314	3.28	0
1817	18:55:53.87	0.0375	20.51525	21.07	58.74	1.5	0.999288	19.7590	1.24672	772.54	0.96314	3.28	0
1818	18:55:54.17	0.0355	20.51623	21.07	58.62	1.5	0.999330	19.7595	1.24668	772.54	0.96311	3.28	0
1819	18:55:54.47	0.0365	20.51574	21.07	58.62	1.5	0.999306	19.7592	1.24672	772.54	0.96313	3.28	0
1820	18:55:54.77	0.0355	20.51637	21.07	58.48	1.5	0.999330	19.7595	1.24668	772.54	0.96311	3.28	0
1821	18:55:55.07	0.0335	20.51714	21.07	58.48	1.5	0.999366	19.7604	1.24668	772.54	0.96312	3.28	0
1822	18:55:55.37	0.0355	20.51651	21.07	58.28	1.5	0.999324	19.7602	1.24672	772.54	0.96313	3.28	0
1823	18:55:55.67	0.0345	20.51700	21.07	58.28	1.5	0.999348	19.7600	1.24668	772.54	0.96310	3.28	0
1824	18:55:55.97	0.0340	20.51735	21.07	58.02	1.4	0.999348	19.7614	1.24672	772.56	0.96316	3.28	0
1825	18:55:56.27	0.0315	20.51840	21.07	58.02	1.4	0.999402	19.7618	1.24668	772.54	0.96313	3.28	0
1826	18:55:56.57	0.0350	20.51735	21.07	57.70	1.4	0.999330	19.7613	1.24672	772.54	0.96315	3.28	0
1827	18:55:56.87	0.0345	20.51756	21.07	57.70	1.4	0.999342	19.7620	1.24672	772.56	0.96317	3.28	0
1828	18:55:57.17	0.0320	20.51896	21.07	57.38	1.4	0.999390	19.7625	1.24668	772.54	0.96313	3.28	0
1829	18:55:57.47	0.0360	20.51728	21.07	57.38	1.4	0.999312	19.7618	1.24672	772.56	0.96317	3.28	0
1830	18:55:57.77	0.0385	20.51665	21.07	57.06	1.4	0.999264	19.7604	1.24672	772.54	0.96314	3.28	0
1831	18:55:58.07	0.0415	20.51553	21.07	57.06	1.4	0.999204	19.7591	1.24672	772.54	0.96313	3.28	0
1832	18:55:58.37	0.0445	20.51469	21.07	56.88	1.4	0.999156	19.7595	1.24676	772.56	0.96319	3.28	0
1833	18:55:58.67	0.0440	20.51483	21.07	56.88	1.4	0.999162	19.7590	1.24672	772.54	0.96316	3.28	0
1834	18:55:58.97	0.0460	20.51392	21.07	56.91	1.4	0.999120	19.7573	1.24668	772.54	0.96311	3.28	0
1835	18:55:59.27	0.0490	20.51294	21.07	56.91	1.4	0.999072	19.7571	1.24672	772.56	0.96316	3.28	0
1836	18:55:59.57	0.0480	20.51308	21.07	57.06	1.4	0.999090	19.7568	1.24672	772.54	0.96313	3.28	0
1837	18:55:59.87	0.0485	20.51287	21.07	57.06	1.4	0.999078	19.7564	1.24668	772.54	0.96312	3.28	0
1838	18:56:00.17	0.0465	20.51329	21.07	57.35	1.4	0.999114	19.7571	1.24672	772.54	0.96314	3.28	0
1839	18:56:00.47	0.0450	20.51399	21.07	57.35	1.4	0.999150	19.7569	1.24668	772.52	0.96309	3.28	0
1840	18:56:00.77	0.0445	20.51378	21.07	57.64	1.4	0.999156	19.7571	1.24668	772.54	0.96311	3.28	0
1841	18:56:01.07	0.0445	20.51371	21.07	57.64	1.4	0.999150	19.7576	1.24672	772.56	0.96314	3.28	0
1842	18:56:01.37	0.0415	20.51455	21.07	57.90	1.4	0.999210	19.7585	1.24672	772.54	0.96314	3.28	0
1843	18:56:01.67	0.0390	20.51560	21.07	57.90	1.4	0.999258	19.7587	1.24668	772.54	0.96311	3.28	0
1844	18:56:01.97	0.0375	20.51609	21.07	57.96	1.4	0.999288	19.7599	1.24672	772.54	0.96314	3.28	0
1845	18:56:02.27	0.0355	20.51686	21.07	57.96	1.4	0.999324	19.7609	1.24672	772.56	0.96316	3.28	0
1846	18:56:02.57	0.0340	20.51749	21.07	57.90	1.4	0.999348	19.7614	1.24672	772.56	0.96315	3.28	0
1847	18:56:02.87	0.0330	20.51791	21.07	57.90	1.4	0.999372	19.7617	1.24672	772.54	0.96314	3.28	0
1848	18:56:03.17	0.0345	20.51777	21.07	57.64	1.4	0.999348	19.7616	1.24672	772.56	0.96315	3.28	0
1849	18:56:03.47	0.0355	20.51728	21.07	57.64	1.4	0.999324	19.7617	1.24672	772.56	0.96317	3.28	0
1850	18:56:03.77	0.0375	20.51686	21.07	57.38	1.4	0.999288	19.7612	1.24672	772.56	0.96317	3.28	0
1851	18:56:04.07	0.0385	20.51644	21.07	57.38	1.4	0.999270	19.7602	1.24672	772.54	0.96314	3.28	0
1852	18:56:04.37	0.0395	20.51623	21.07	57.18	1.4	0.999252	19.7597	1.24672	772.54	0.96313	3.28	0
1853	18:56:04.67	0.0410	20.51574	21.07	57.18	1.4	0.999222	19.7597	1.24672	772.54	0.96315	3.28	0
1854	18:56:04.97	0.0415	20.51567	21.07	57.03	1.4	0.999216	19.7594	1.24668	772.54	0.96314	3.28	0
1855	18:56:05.27	0.0420	20.51539	21.07	57.03	1.4	0.999198	19.7592	1.24672	772.54	0.96314	3.28	0
1856	18:56:05.57	0.0430	20.51504	21.07	57.06	1.4	0.999186	19.7599	1.24676	772.56	0.96319	3.28	0
1857	18:56:05.87	0.0410	20.51581	21.07	57.06	1.4	0.999222	19.7599	1.24672	772.56	0.96316	3.28	0
1858	18:56:06.17	0.0415	20.51546	21.07	57.18	1.4	0.999210	19.7591	1.24672	772.54	0.96313	3.28	0
1859	18:56:06.47	0.0430	20.51490	21.07	57.18	1.4	0.999186	19.7586	1.24672	772.54	0.96313	3.28	0
1860	18:56:06.77	0.0445	20.51420	21.07	57.23	1.4	0.999150	19.7587	1.24672	772.56	0.96317	3.28	0
1861	18:56:07.07	0.0425	20.51497	21.07	57.23	1.4	0.999186	19.7588	1.24672	772.54	0.96314	3.28	0
1862	18:56:07.37	0.0425	20.51483	21.07	57.32	1.4	0.999186	19.7590	1.24672	772.56	0.96316	3.28	0
1863	18:56:07.67	0.0425	20.51497	21.07	57.32	1.4	0.999192	19.7593	1.24672	772.56	0.96316	3.28	0
1864	18:56:07.97	0.0445	20.51392	21.07	57.41	1.4	0.999150	19.7583	1.24672	772.56	0.96316	3.28	0
1865	18:56:08.27	0.0445	20.51399	21.07	57.41	1.4	0.999150	19.7582	1.24672	772.56	0.96316	3.28	0
1866	18:56:08.57	0.0455	20.51357	21.07	57.52	1.4	0.999138	19.7579	1.24672	772.56	0.96316	3.28	0
1867	18:56:08.87	0.0460	20.51343	21.07	57.52	1.4	0.999132	19.7575	1.24672	772.56	0.96315	3.28	0
1868	18:56:09.17	0.0475	20.51266	21.07	57.61	1.4	0.999096	19.7576	1.24672	772.56	0.96319	3.28	0
1869	18:56:09.47	0.0480	20.51238	21.07	57.61	1.4	0.999084	19.7569	1.24672	772.56	0.96317	3.28	0
1870	18:56:09.77	0.0445	20.51357	21.07	57.84	1.4	0.999156	19.7574	1.24672	772.54	0.96314	3.28	0
1871	18:56:10.07	0.0465	20.51273	21.07	57.84	1.4	0.999114	19.7576	1.24676	772.56	0.96319	3.28	0
1872	18:56:10.37	0.0445	20.51322	21.07	58.10	1.4	0.999156	19.7575	1.24672	772.56	0.96316	3.28	0
1873	18:56:10.67	0.0425	20.51399	21.07	58.10	1.4	0.999192	19.7578	1.24672	772.54	0.96314	3.28	0
1874	18:56:10.97	0.0410	20.51448	21.07	58.28	1.5	0.999222	19.7588	1.24672	772.56	0.96316	3.28	0
1875	18:56:11.27	0.0415	20.51427	21.07	58.28	1.5	0.999216	19.7585	1.24672	772.54	0.96316	3.28	0
1876	18:56:11.57	0.0375	20.51567	21.07	58.36	1.5	0.999288	19.7593	1.24672	772.54	0.96313	3.28	0
1877	18:56:11.87	0.0385	20.51539	21.07	58.36	1.5	0.999270	19.7590	1.24672	772.54	0.96313	3.28	0
1878	18:56:12.17	0.0375	20.51581	21.07	58.30	1.5	0.999288	19.7602	1.24672	772.56	0.96317	3.28	0
1879	18:56:12.47	0.0350	20.51679	21.07	58.30	1.5	0.999336	19.7604	1.24672	772.54	0.96314	3.28	0
1880	18:56:12.77	0.0340	20.51735	21.07	58.16	1.4	0.999360	19.7613	1.24672	772.54	0.96315	3.28	0
1881	18:56:13.07	0.0330	20.51770	21.07	58.16	1.4	0.999372	19.7611	1.24668	772.54	0.96313	3.28	0
1882	18:56:13.37	0.0345	20.51735	21.07	57.90	1.4	0.999342	19.7618	1.24672	772.56	0.96317	3.28	0
1883	18:56:13.67	0.0350	20.51721	21.07	57.90	1.4	0.999336	19.7611	1.24672	772.56	0.96314	3.28	0
1884	18:56:13.97	0.0350	20.51742	21.07	57.61	1.4	0.999330	19.7615	1.24672	772.56	0.96316	3.28	0
1885	18:56:14.27	0.0380	20.51637	21.07	57.61	1.4	0.999282	19.7604	1.24672	772.56	0.96315	3.28	0
1886	18:56:14.57	0.0410	20.51546	21.07	57.32	1.4	0.999216	19.7594	1.24672	772.56	0.96314	3.28	0
1887	18:56:14.87	0.0415	20.51532	21.07	57.32	1.4	0.999210	19.7590	1.24672	772.54	0.96313	3.28	0
1888	18:56:15.17	0.0430	20.51476	21.07	57.20	1.4	0.999180	19.7581	1.24668	772.54	0.96311	3.28	0
1889	18:56:15.47	0.0470	20.51336	21.07	57.20	1.4	0.999108	19.7567	1.24668	772.54	0.96311	3.28	0
1890	18:56:15.77	0.0495	20.51224	21.07	57.26	1.4	0.999060	19.7561	1.24672	772.54	0.96314	3.28	0
1891	18:56:16.07	0.0480	20.51280	21.07	57.26	1.4	0.999090	19.7559	1.24668	772.52	0.96310	3.28	0
1892	18:56:16.37	0.0475	20.51266	21.07	57.52	1.4	0.999090	19.7564	1.24672	772.54	0.96313	3.28	0
1893	18:56:16.67	0.0475	20.51273	21.07	57.52	1.4	0.999096	19.7562	1.24668	772.54	0.96312	3.28	0
1894	18:56:16.97	0.0430	20.51406	21.07	57.87	1.4	0.999180	19.7569	1.24668	772.52	0.96309	3.28	0
1895	18:56:17.27	0.0435	20.51385	21.07	57.87	1.4	0.999174	19.7574	1.24668	772.54	0.96313	3.28	0
1896	18:56:17.57	0.0400	20.51490	21.07	58.13	1.4	0.999234	19.7585	1.24668	772.54	0.96313	3.28	0
1897	18:56:17.87	0.0400	20.51483	21.07	58.13	1.4	0.999234	19.7584	1.24672	772.54	0.96313	3.28	0
1898	18:56:18.17	0.0365	20.51630	21.07	58.22	1.5	0.999312	19.7596	1.24668	772.54	0.96312	3.28	0
1899	18:56:18.47	0.0390	20.51525	21.07	58.22	1.5	0.999258	19.7589	1.24672	772.54	0.96313	3.28	0
1900	18:56:18.77	0.0350	20.51686	21.07	58.13	1.4	0.999330	19.7591	1.24668	772.52	0.96307	3.28	0
1901	18:56:19.07	0.0375	20.51602	21.07	58.13	1.4	0.999288	19.7593	1.24668	772.54	0.96312	3.28	0
1902	18:56:19.37	0.0400	20.51511	21.07	57.96	1.4	0.999234	19.7589	1.24672	772.56	0.96314	3.28	0
1903	18:56:19.67	0.0410	20.51469	21.07	57.96	1.4	0.999216	19.7583	1.24668	772.54	0.96313	3.28	0
1904	18:56:19.97	0.0410	20.51483	21.07	57.84	1.4	0.999216	19.7576	1.24668	772.52	0.96309	3.28	0
1905	18:56:20.27	0.0425	20.51434	21.07	57.84	1.4	0.999192	19.7573	1.24668	772.52	0.96310	3.28	0
1906	18:56:20.57	0.0430	20.51406	21.07	57.81	1.4	0.999180	19.7582	1.24672	772.56	0.96315	3.28	0
1907	18:56:20.87	0.0405	20.51504	21.07	57.81	1.4	0.999228	19.7578	1.24668	772.52	0.96309	3.28	0
1908	18:56:21.17	0.0380	20.51609	21.07	57.87	1.4	0.999276	19.7592	1.24672	772.52	0.96311	3.28	0
1909	18:56:21.47	0.0400	20.51518	21.07	57.87	1.4	0.999234	19.7590	1.24672	772.54	0.96314	3.28	0
1910	18:56:21.77	0.0350	20.51721	21.07	57.90	1.4	0.999336	19.7600	1.24668	772.52	0.96310	3.28	0
1911	18:56:22.07	0.0370	20.51644	21.07	57.90	1.4	0.999300	19.7600	1.24672	772.54	0.96313	3.28	0
1912	18:56:22.37	0.0385	20.51595	21.07	57.73	1.4	0.999264	19.7593	1.24672	772.54	0.96312	3.28	0
1913	18:56:22.67	0.0380	20.51623	21.07	57.73	1.4	0.999282	19.7593	1.24668	772.54	0.96310	3.28	0
1914	18:56:22.97	0.0405	20.51539	21.07	57.55	1.4	0.999228	19.7592	1.24672	772.54	0.96314	3.28	0
1915	18:56:23.27	0.0405	20.51532	21.07	57.55	1.4	0.999228	19.7584	1.24668	772.54	0.96310	3.28	0
1916	18:56:23.57	0.0415	20.51525	21.07	57.44	1.4	0.999216	19.7584	1.24668	772.54	0.96311	3.28	0
1917	18:56:23.87	0.0465	20.51322	21.07	57.44	1.4	0.999114	19.7569	1.24668	772.54	0.96313	3.28	0
1918	18:56:24.17	0.0765	20.50139	21.07	57.44	1.4	0.998538	19.7442	1.24668	772.52	0.96307	3.28	0
1919	18:56:24.47	0.1315	20.48004	21.07	57.44	1.4	0.997500	19.7238	1.24668	772.52	0.96308	3.28	0
1920	18:56:24.77	0.1680	20.46548	21.07	57.58	1.4	0.996798	19.7096	1.24668	772.50	0.96307	3.28	0
1921	18:56:25.07	0.2045	20.45134	21.07	57.58	1.4	0.996108	19.6967	1.24672	772.52	0.96310	3.28	0
1922	18:56:25.37	0.2145	20.44714	21.07	57.84	1.4	0.995922	19.6923	1.24672	772.50	0.96308	3.28	0
1923	18:56:25.67	0.2115	20.44833	21.07	57.84	1.4	0.995976	19.6933	1.24668	772.50	0.96308	3.28	0
1924	18:56:25.97	0.2235	20.44315	21.07	58.25	1.5	0.995748	19.6885	1.24672	772.50	0.96309	3.28	0
1925	18:56:26.27	0.2245	20.44266	21.07	58.25	1.5	0.995724	19.6880	1.24668	772.50	0.96308	3.28	0
1926	18:56:26.57	0.2220	20.44308	21.07	58.74	1.5	0.995772	19.6887	1.24672	772.52	0.96310	3.28	0
1927	18:56:26.87	0.2280	20.44091	21.07	58.74	1.5	0.995664	19.6873	1.24672	772.52	0.96313	3.28	0
1928	18:56:27.17	0.2190	20.44385	21.07	59.15	1.5	0.995832	19.6892	1.24672	772.52	0.96309	3.28	0
1929	18:56:27.47	0.2175	20.44434	21.07	59.15	1.5	0.995856	19.6901	1.24672	772.52	0.96311	3.28	0
1930	18:56:27.77	0.2230	20.44196	21.07	59.44	1.5	0.995760	19.6869	1.24668	772.50	0.96306	3.28	0
1931	18:56:28.07	0.2400	20.43538	21.07	59.44	1.5	0.995436	19.6802	1.24668	772.50	0.96305	3.28	0
1932	18:56:28.37	0.2380	20.43608	21.07	59.55	1.5	0.995478	19.6813	1.24668	772.50	0.96307	3.28	0
1933	18:56:28.67	0.2240	20.44147	21.07	59.55	1.5	0.995736	19.6867	1.24668	772.50	0.96308	3.28	0
1934	18:56:28.97	0.1985	20.45134	21.07	59.55	1.5	0.996216	19.6967	1.24672	772.52	0.96310	3.28	0
1935	18:56:29.27	0.1690	20.46289	21.07	59.55	1.5	0.996780	19.7073	1.24668	772.52	0.96308	3.28	0
1936	18:56:29.57	0.1635	20.46506	21.07	59.49	1.5	0.996888	19.7096	1.24668	772.52	0.96308	3.28	0
1937	18:56:29.87	0.1785	20.45925	21.07	59.49	1.5	0.996600	19.7037	1.24668	772.50	0.96307	3.28	0
1938	18:56:30.17	0.1990	20.45169	21.07	59.20	1.5	0.996216	19.6957	1.24664	772.50	0.96304	3.28	0
1939	18:56:30.47	0.2100	20.44735	21.07	59.20	1.5	0.996006	19.6920	1.24668	772.50	0.96306	3.28	0
1940	18:56:30.77	0.2215	20.44315	21.07	58.83	1.5	0.995784	19.6881	1.24668	772.50	0.96307	3.28	0
1941	18:56:31.07	0.2450	20.43405	21.07	58.83	1.5	0.995334	19.6790	1.24668	772.50	0.96305	3.28	0
1942	18:56:31.37	0.2430	20.43524	21.07	58.48	1.5	0.995376	19.6812	1.24672	772.50	0.96310	3.28	0
1943	18:56:31.67	0.2455	20.43426	21.07	58.48	1.5	0.995328	19.6790	1.24668	772.48	0.96304	3.28	0
1944	18:56:31.97	0.2520	20.43195	21.07	58.33	1.5	0.995208	19.6774	1.24668	772.50	0.96307	3.28	0
1945	18:56:32.27	0.2330	20.43930	21.07	58.33	1.5	0.995562	19.6851	1.24672	772.50	0.96310	3.28	0
1946	18:56:32.57	0.2065	20.44966	21.07	58.33	1.5	0.996072	19.6940	1.24668	772.50	0.96305	3.28	0
1947	18:56:32.87	0.2015	20.45162	21.07	58.33	1.5	0.996168	19.6968	1.24672	772.52	0.96310	3.28	0
1948	18:56:33.17	0.1985	20.45288	21.07	58.36	1.5	0.996228	19.6977	1.24672	772.50	0.96308	3.28	0
1949	18:56:33.47	0.1905	20.45589	21.07	58.36	1.5	0.996378	19.7004	1.24668	772.50	0.96307	3.28	0
1950	18:56:33.77	0.1685	20.46450	21.07	58.36	1.5	0.996798	19.7083	1.24668	772.50	0.96305	3.28	0
1951	18:56:34.07	0.1760	20.46149	21.07	58.36	1.5	0.996648	19.7056	1.24668	772.50	0.96306	3.28	0
1952	18:56:34.37	0.1820	20.45939	21.07	58.28	1.5	0.996540	19.7039	1.24668	772.50	0.96308	3.28	0
1953	18:56:34.67	0.1860	20.45785	21.07	58.28	1.5	0.996462	19.7028	1.24672	772.50	0.96310	3.28	0
1954	18:56:34.97	0.1760	20.46177	21.07	58.19	1.5	0.996654	19.7067	1.24672	772.52	0.96310	3.28	0
1955	18:56:35.27	0.1710	20.46366	21.07	58.19	1.5	0.996744	19.7074	1.24668	772.50	0.96305	3.28	0
1956	18:56:35.57	0.1945	20.45470	21.07	58.04	1.4	0.996300	19.6996	1.24672	772.50	0.96308	3.28	0
1957	18:56:35.87	0.2040	20.45092	21.07	58.04	1.4	0.996114	19.6955	1.24672	772.50	0.96307	3.28	0
1958	18:56:36.17	0.2140	20.44728	21.07	57.90	1.4	0.995928	19.6918	1.24668	772.48	0.96305	3.28	0
1959	18:56:36.47	0.2030	20.45155	21.07	57.90	1.4	0.996138	19.6962	1.24668	772.50	0.96307	3.28	0
1960	18:56:36.77	0.1880	20.45764	21.07	57.70	1.4	0.996420	19.7021	1.24668	772.50	0.96307	3.28	0
1961	18:56:37.07	0.2015	20.45239	21.07	57.70	1.4	0.996168	19.6974	1.24672	772.50	0.96308	3.28	0
1962	18:56:37.37	0.2255	20.44329	21.07	57.49	1.4	0.995712	19.6890	1.24672	772.52	0.96310	3.28	0
1963	18:56:37.67	0.2315	20.44098	21.07	57.49	1.4	0.995598	19.6855	1.24668	772.48	0.96304	3.28	0
1964	18:56:37.97	0.2385	20.43853	21.07	57.20	1.4	0.995466	19.6839	1.24672	772.50	0.96308	3.28	0
1965	18:56:38.27	0.2530	20.43286	21.07	57.20	1.4	0.995190	19.6783	1.24672	772.50	0.96307	3.28	0
1966	18:56:38.57	0.2530	20.43314	21.07	56.94	1.4	0.995190	19.6785	1.24668	772.50	0.96307	3.28	0
1967	18:56:38.87	0.2520	20.43349	21.07	56.94	1.4	0.995202	19.6783	1.24668	772.48	0.96304	3.28	0
1968	18:56:39.17	0.2480	20.43524	21.07	56.74	1.4	0.995280	19.6797	1.24668	772.48	0.96303	3.28	0
1969	18:56:39.47	0.2515	20.43391	21.07	56.74	1.4	0.995214	19.6799	1.24672	772.50	0.96310	3.28	0
1970	18:56:39.77	0.2435	20.43706	21.07	56.65	1.4	0.995364	19.6821	1.24668	772.48	0.96306	3.28	0
1971	18:56:40.07	0.2290	20.44287	21.07	56.65	1.4	0.995646	19.6878	1.24668	772.50	0.96307	3.28	0
1972	18:56:40.37	0.2150	20.44826	21.07	56.60	1.4	0.995904	19.6937	1.24672	772.50	0.96310	3.28	0
1973	18:56:40.67	0.1940	20.45659	21.07	56.60	1.4	0.996312	19.7006	1.24668	772.48	0.96304	3.28	0
1974	18:56:40.97	0.1725	20.46506	21.07	56.57	1.4	0.996720	19.7088	1.24668	772.48	0.96304	3.28	0
1975	18:56:41.27	0.1600	20.46982	21.07	56.57	1.4	0.996954	19.7139	1.24668	772.50	0.96307	3.28	0
1976	18:56:41.57	0.1450	20.47591	21.07	56.42	1.4	0.997242	19.7204	1.24672	772.50	0.96310	3.28	0
1977	18:56:41.87	0.1275	20.48270	21.07	56.42	1.4	0.997572	19.7259	1.24668	772.50	0.96305	3.28	0
1978	18:56:42.17	0.1275	20.48298	21.07	56.31	1.4	0.997578	19.7272	1.24672	772.52	0.96310	3.28	0
1979	18:56:42.49	0.1225	20.48487	21.07	56.31	1.4	0.997674	19.7294	1.24672	772.52	0.96312	3.28	0
1980	18:56:42.77	0.1305	20.48193	21.07	56.04	1.4	0.997512	19.7275	1.24676	772.54	0.96317	3.28	0
1981	18:56:43.07	0.1475	20.47542	21.07	56.04	1.4	0.997194	19.7198	1.24672	772.52	0.96310	3.28	0
1982	18:56:43.37	0.1405	20.47843	21.07	55.70	1.4	0.997326	19.7226	1.24672	772.52	0.96310	3.28	0
1983	18:56:43.67	0.1195	20.48662	21.07	55.70	1.4	0.997722	19.7317	1.24672	772.54	0.96315	3.28	0
1984	18:56:43.97	0.1060	20.49215	21.07	55.49	1.4	0.997980	19.7359	1.24668	772.52	0.96310	3.28	0
1985	18:56:44.28	0.1045	20.49271	21.07	55.49	1.4	0.998010	19.7373	1.24672	772.54	0.96314	3.28	0
1986	18:56:44.70	0.1115	20.49026	21.07	55.29	1.4	0.997878	19.7348	1.24672	772.52	0.96313	3.28	0
1987	18:56:44.87	0.1040	20.49320	21.07	55.29	1.4	0.998022	19.7371	1.24672	772.52	0.96311	3.28	0
1988	18:56:45.17	0.0995	20.49530	21.07	55.06	1.4	0.998112	19.7391	1.24672	772.52	0.96310	3.28	0
1989	18:56:45.47	0.0965	20.49649	21.07	55.06	1.4	0.998166	19.7405	1.24672	772.52	0.96311	3.28	0
1990	18:56:45.77	0.0990	20.49572	21.07	54.83	1.4	0.998118	19.7402	1.24672	772.54	0.96313	3.28	0
1991	18:56:46.07	0.0955	20.49712	21.07	54.83	1.4	0.998184	19.7410	1.24672	772.52	0.96311	3.28	0
1992	18:56:46.37	0.0915	20.49901	21.07	54.48	1.4	0.998256	19.7424	1.24672	772.50	0.96309	3.28	0
1993	18:56:46.67	0.1005	20.49558	21.07	54.48	1.4	0.998088	19.7389	1.24668	772.52	0.96308	3.28	0
Device address	Device ID	Factory Device ID	Firmware	Measurement mode	Gain	Speed	Y_AH_Cal (-)	TF_Cal (V/W)	Temp_Cal (°C)																																				
FF47	D3	12J691	 C3.8	H2   	1.000	Norm 	 0.995544	20.464394	29.717340																																				
Iteration	Time	Output (%)	Transfer (V/W)	Tsens (°C)	RH (%)	AH (kPa)	Corr transfer (-)	Utp (mV)	Ih (mA)	Uh (mV)	Ph (mW)	Usyst (V)	Alarm																																
0	10:45:32.37	0.0365	20.51483	23.73	40.53	1.2	0.999306	19.8532	1.24808	775.38	0.96775	3.28	0
1	10:45:32.49	0.0365	20.51469	23.73	40.53	1.2	0.999300	19.8529	1.24808	775.38	0.96774	3.28	0
2	10:45:32.79	0.0330	20.51623	23.73	40.53	1.2	0.999372	19.8532	1.24804	775.36	0.96769	3.28	0
3	10:45:33.09	0.0355	20.51518	23.73	40.53	1.2	0.999324	19.8534	1.24808	775.38	0.96774	3.28	0
4	10:45:33.59	0.0360	20.51504	23.73	40.53	1.2	0.999318	19.8530	1.24808	775.38	0.96773	3.28	0
5	10:45:33.69	0.0360	20.51497	23.73	40.53	1.2	0.999312	19.8528	1.24808	775.36	0.96772	3.28	0
6	10:45:33.99	0.0350	20.51532	23.73	40.53	1.2	0.999330	19.8531	1.24808	775.38	0.96772	3.28	0
7	10:45:34.29	0.0360	20.51504	23.73	40.53	1.2	0.999318	19.8535	1.24808	775.38	0.96775	3.28	0
8	10:45:34.59	0.0355	20.51518	23.73	40.53	1.2	0.999324	19.8533	1.24808	775.38	0.96773	3.28	0
9	10:45:34.89	0.0355	20.51511	23.73	40.53	1.2	0.999324	19.8535	1.24808	775.40	0.96775	3.28	0
10	10:45:35.20	0.0350	20.51539	23.73	40.53	1.2	0.999336	19.8531	1.24808	775.38	0.96772	3.28	0
11	10:45:35.49	0.0350	20.51546	23.73	40.53	1.2	0.999336	19.8532	1.24808	775.38	0.96772	3.28	0
12	10:45:35.79	0.0365	20.51483	23.73	40.53	1.2	0.999306	19.8533	1.24808	775.38	0.96775	3.28	0
13	10:45:36.09	0.0365	20.51469	23.73	40.53	1.2	0.999300	19.8531	1.24808	775.40	0.96775	3.28	0
14	10:45:36.39	0.0385	20.51399	23.73	40.53	1.2	0.999264	19.8528	1.24812	775.40	0.96777	3.28	0
15	10:45:36.69	0.0365	20.51476	23.73	40.53	1.2	0.999300	19.8535	1.24812	775.38	0.96777	3.28	0
16	10:45:36.99	0.0375	20.51434	23.73	40.53	1.2	0.999282	19.8530	1.24808	775.40	0.96776	3.28	0
17	10:45:37.29	0.0360	20.51490	23.73	40.53	1.2	0.999312	19.8535	1.24808	775.38	0.96776	3.28	0
18	10:45:37.59	0.0350	20.51532	23.73	40.53	1.2	0.999330	19.8534	1.24808	775.38	0.96773	3.28	0
19	10:45:37.89	0.0350	20.51539	23.73	40.53	1.2	0.999336	19.8533	1.24808	775.38	0.96772	3.28	0
20	10:45:38.19	0.0350	20.51532	23.73	40.53	1.2	0.999330	19.8535	1.24808	775.38	0.96774	3.28	0
21	10:45:38.49	0.0350	20.51546	23.73	40.53	1.2	0.999336	19.8522	1.24804	775.36	0.96767	3.28	0
22	10:45:38.79	0.0355	20.51525	23.73	40.53	1.2	0.999330	19.8526	1.24808	775.36	0.96770	3.28	0
23	10:45:39.09	0.0515	20.50888	23.73	40.53	1.2	0.999018	19.8470	1.24808	775.36	0.96772	3.28	0
24	10:45:39.39	0.5825	20.29615	23.73	40.53	1.2	0.988656	19.6388	1.24812	775.26	0.96761	3.28	0
25	10:45:39.69	2.3575	19.57207	23.73	40.53	1.2	0.953382	18.9287	1.24808	774.90	0.96713	3.28	0
26	10:45:39.99	5.0080	18.57877	23.73	40.53	1.2	0.904998	17.9563	1.24804	774.40	0.96649	3.28	0
27	10:45:40.29	7.9040	17.58645	23.73	40.53	1.2	0.856662	16.9875	1.24808	773.94	0.96595	3.28	0
28	10:45:40.59	10.7925	16.66679	23.73	40.53	1.2	0.811866	16.0899	1.24808	773.48	0.96539	3.28	0
29	10:45:40.89	13.4390	15.86137	23.73	40.47	1.2	0.772626	15.3047	1.24812	773.10	0.96490	3.28	0
30	10:45:41.19	15.9640	15.15577	23.73	40.47	1.2	0.738258	14.6169	1.24812	772.74	0.96445	3.28	0
31	10:45:41.49	18.3180	14.54124	23.73	40.30	1.2	0.708312	14.0196	1.24816	772.44	0.96413	3.28	0
32	10:45:41.79	20.4755	14.00532	23.72	40.30	1.2	0.682206	13.4979	1.24816	772.16	0.96377	3.28	0
33	10:45:42.09	22.4360	13.53982	23.72	40.01	1.2	0.659520	13.0446	1.24812	771.90	0.96342	3.28	0
34	10:45:42.39	24.2065	13.13606	23.72	40.01	1.2	0.639852	12.6522	1.24812	771.68	0.96317	3.28	0
35	10:45:42.69	25.8060	12.78648	23.72	39.64	1.2	0.622806	12.3124	1.24812	771.50	0.96293	3.28	0
36	10:45:42.99	27.2660	12.47750	23.72	39.64	1.2	0.607758	12.0121	1.24812	771.32	0.96269	3.28	0
37	10:45:43.29	28.5840	12.20548	23.72	39.27	1.1	0.594492	11.7485	1.24816	771.18	0.96256	3.28	0
38	10:45:43.59	29.7740	11.96559	23.72	39.27	1.1	0.582810	11.5152	1.24812	771.04	0.96236	3.28	0
39	10:45:43.89	30.8625	11.75300	23.72	38.88	1.1	0.572436	11.3088	1.24812	770.92	0.96221	3.28	0
40	10:45:44.19	31.8300	11.56533	23.72	38.88	1.1	0.563298	11.1271	1.24816	770.82	0.96211	3.28	0
41	10:45:44.49	32.7195	11.39880	23.72	38.51	1.1	0.555174	10.9658	1.24816	770.74	0.96201	3.28	0
42	10:45:44.79	33.5140	11.25110	23.72	38.51	1.1	0.547980	10.8219	1.24812	770.64	0.96185	3.28	0
43	10:45:45.09	34.2365	11.11859	23.72	38.17	1.1	0.541518	10.6933	1.24812	770.56	0.96175	3.28	0
44	10:45:45.39	34.8890	11.00148	23.72	38.17	1.1	0.535812	10.5800	1.24816	770.50	0.96169	3.28	0
45	10:45:45.69	35.4730	10.89690	23.72	37.91	1.1	0.530706	10.4784	1.24812	770.44	0.96160	3.28	0
46	10:45:45.99	35.9865	10.80478	23.72	37.91	1.1	0.526224	10.3889	1.24812	770.38	0.96151	3.28	0
47	10:45:46.29	36.4600	10.72351	23.72	37.61	1.1	0.522252	10.3105	1.24816	770.32	0.96149	3.28	0
48	10:45:46.59	36.8750	10.65232	23.72	37.61	1.1	0.518784	10.2416	1.24816	770.30	0.96144	3.28	0
49	10:45:46.89	37.2345	10.59065	23.72	37.38	1.1	0.515772	10.1816	1.24816	770.26	0.96139	3.28	0
50	10:45:47.19	37.5480	10.53682	23.72	37.38	1.1	0.513156	10.1300	1.24816	770.24	0.96139	3.28	0
51	10:45:47.49	37.8145	10.49118	23.72	37.14	1.1	0.510924	10.0857	1.24816	770.20	0.96135	3.28	0
52	10:45:47.79	38.0335	10.45373	23.72	37.14	1.1	0.509100	10.0494	1.24816	770.18	0.96132	3.28	0
53	10:45:48.09	38.2195	10.42293	23.72	36.98	1.1	0.507594	10.0193	1.24816	770.16	0.96127	3.28	0
54	10:45:48.39	38.3650	10.39871	23.72	36.98	1.1	0.506412	9.9956	1.24812	770.14	0.96124	3.28	0
55	10:45:48.69	38.4780	10.38002	23.72	36.82	1.1	0.505500	9.9778	1.24816	770.14	0.96125	3.28	0
56	10:45:48.99	38.5640	10.36574	23.72	36.82	1.1	0.504804	9.9641	1.24816	770.12	0.96125	3.28	0
57	10:45:49.29	38.6300	10.35482	23.72	36.69	1.1	0.504270	9.9532	1.24816	770.12	0.96121	3.28	0
58	10:45:49.59	38.6825	10.34607	23.72	36.69	1.1	0.503844	9.9449	1.24816	770.12	0.96122	3.28	0
59	10:45:49.89	38.7230	10.33956	23.72	36.52	1.1	0.503514	9.9380	1.24812	770.08	0.96117	3.28	0
60	10:45:50.19	38.7545	10.33431	23.72	36.52	1.1	0.503262	9.9331	1.24812	770.10	0.96118	3.28	0
61	10:45:50.49	38.7800	10.33011	23.72	36.45	1.1	0.503052	9.9294	1.24816	770.10	0.96121	3.28	0
62	10:45:50.79	38.7950	10.32759	23.72	36.45	1.1	0.502932	9.9270	1.24816	770.10	0.96121	3.28	0
63	10:45:51.09	38.7985	10.32710	23.72	36.38	1.1	0.502908	9.9264	1.24812	770.10	0.96120	3.28	0
64	10:45:51.39	38.8045	10.32612	23.72	36.38	1.1	0.502860	9.9256	1.24816	770.10	0.96122	3.28	0
65	10:45:51.69	38.8050	10.32605	23.72	36.28	1.1	0.502854	9.9258	1.24816	770.12	0.96124	3.28	0
66	10:45:51.99	38.8120	10.32486	23.72	36.28	1.1	0.502794	9.9245	1.24816	770.12	0.96122	3.28	0
67	10:45:52.29	38.8540	10.31793	23.72	36.25	1.1	0.502452	9.9179	1.24816	770.10	0.96123	3.28	0
68	10:45:52.59	39.3165	10.24100	23.71	36.25	1.1	0.498708	9.8426	1.24812	770.02	0.96109	3.28	0
69	10:45:52.89	40.0775	10.11500	23.71	36.15	1.1	0.492564	9.7208	1.24816	769.96	0.96103	3.28	0
70	10:45:53.19	40.9050	9.98242	23.72	36.15	1.1	0.486114	9.5924	1.24816	769.90	0.96094	3.28	0
71	10:45:53.49	41.5920	9.87245	23.72	36.11	1.1	0.480756	9.4858	1.24812	769.82	0.96083	3.28	0
72	10:45:53.79	42.1625	9.78201	23.72	36.11	1.1	0.476352	9.3988	1.24816	769.78	0.96083	3.28	0
73	10:45:54.09	42.4980	9.73028	23.72	35.95	1.1	0.473832	9.3486	1.24816	769.74	0.96078	3.28	0
74	10:45:54.39	42.4985	9.73028	23.71	35.95	1.1	0.473826	9.3485	1.24816	769.74	0.96076	3.28	0
75	10:45:54.69	42.3995	9.74575	23.71	35.59	1.0	0.474570	9.3637	1.24816	769.76	0.96080	3.28	0
76	10:45:54.99	42.1850	9.77893	23.71	35.59	1.0	0.476184	9.3956	1.24816	769.78	0.96080	3.28	0
77	10:45:55.29	41.9315	9.81890	23.71	34.99	1.0	0.478110	9.4344	1.24816	769.80	0.96084	3.28	0
78	10:45:55.59	41.5490	9.88008	23.71	34.99	1.0	0.481092	9.4933	1.24816	769.82	0.96085	3.28	0
79	10:45:55.89	41.4120	9.90248	23.71	34.33	1.0	0.482160	9.5155	1.24816	769.86	0.96092	3.28	0
80	10:45:56.19	41.3650	9.91004	23.71	34.33	1.0	0.482526	9.5227	1.24816	769.86	0.96092	3.28	0
81	10:45:56.49	41.3085	9.91956	23.71	33.67	1.0	0.482970	9.5313	1.24812	769.84	0.96086	3.28	0
82	10:45:56.79	41.3865	9.90703	23.71	33.67	1.0	0.482358	9.5196	1.24816	769.84	0.96089	3.28	0
83	10:45:57.09	41.3245	9.91746	23.71	32.99	1.0	0.482844	9.5294	1.24816	769.84	0.96087	3.28	0
84	10:45:57.39	41.1735	9.94154	23.71	32.99	1.0	0.484020	9.5530	1.24816	769.86	0.96092	3.28	0
85	10:45:57.69	40.9690	9.97479	23.71	32.28	0.9	0.485610	9.5854	1.24816	769.90	0.96096	3.28	0
86	10:45:57.99	40.7135	10.01574	23.72	32.28	0.9	0.487608	9.6245	1.24812	769.90	0.96094	3.28	0
87	10:45:58.29	40.4365	10.06047	23.72	31.69	0.9	0.489768	9.6675	1.24812	769.92	0.96094	3.28	0
88	10:45:58.59	40.1890	10.10023	23.71	31.69	0.9	0.491700	9.7061	1.24812	769.94	0.96098	3.28	0
89	10:45:58.89	39.8685	10.15273	23.71	31.18	0.9	0.494238	9.7573	1.24812	770.00	0.96106	3.28	0
90	10:45:59.19	39.8675	10.15287	23.71	31.18	0.9	0.494244	9.7572	1.24812	769.98	0.96104	3.28	0
91	10:45:59.49	39.7965	10.16498	23.71	30.70	0.9	0.494820	9.7685	1.24808	769.96	0.96099	3.28	0
92	10:45:59.79	39.7445	10.17366	23.71	30.70	0.9	0.495240	9.7775	1.24816	769.98	0.96106	3.28	0
93	10:46:00.09	39.3935	10.23225	23.71	30.35	0.9	0.498084	9.8345	1.24816	770.04	0.96113	3.28	0
94	10:46:00.39	38.9935	10.29889	23.71	30.35	0.9	0.501324	9.8992	1.24816	770.10	0.96119	3.28	0
95	10:46:00.69	38.1960	10.43182	23.71	30.03	0.9	0.507786	10.0281	1.24816	770.18	0.96130	3.28	0
96	10:46:00.99	37.1485	10.61081	23.71	30.03	0.9	0.516498	10.2011	1.24812	770.26	0.96139	3.28	0
97	10:46:01.29	35.8250	10.83978	23.71	29.71	0.9	0.527634	10.4233	1.24812	770.42	0.96158	3.28	0
98	10:46:01.59	34.3455	11.10543	23.71	29.71	0.9	0.540564	10.6810	1.24816	770.58	0.96179	3.28	0
99	10:46:01.89	33.2415	11.30864	23.71	29.55	0.9	0.550446	10.8778	1.24812	770.68	0.96190	3.28	0
100	10:46:02.19	32.3190	11.48028	23.71	29.55	0.9	0.558804	11.0446	1.24816	770.78	0.96205	3.28	0
101	10:46:02.49	32.0515	11.53012	23.71	29.39	0.9	0.561222	11.0926	1.24812	770.80	0.96206	3.28	0
102	10:46:02.79	31.8575	11.56736	23.71	29.39	0.9	0.563034	11.1287	1.24812	770.82	0.96208	3.28	0
103	10:46:03.09	30.7705	11.77841	23.71	29.39	0.9	0.573306	11.3333	1.24812	770.94	0.96221	3.28	0
104	10:46:03.39	29.0100	12.12771	23.71	29.39	0.9	0.590310	11.6728	1.24812	771.14	0.96248	3.28	0
105	10:46:03.69	27.2035	12.49920	23.71	29.51	0.9	0.608400	12.0333	1.24812	771.34	0.96272	3.28	0
106	10:46:03.99	26.0895	12.73384	23.71	29.51	0.9	0.619818	12.2613	1.24812	771.48	0.96290	3.28	0
107	10:46:04.29	25.7880	12.79901	23.71	29.59	0.9	0.622992	12.3247	1.24812	771.50	0.96293	3.28	0
108	10:46:04.59	25.6090	12.83821	23.71	29.59	0.9	0.624900	12.3628	1.24812	771.54	0.96297	3.28	0
109	10:46:04.89	25.1825	12.93152	23.71	29.75	0.9	0.629448	12.4529	1.24808	771.56	0.96299	3.28	0
110	10:46:05.19	25.3415	12.89673	23.71	29.75	0.9	0.627756	12.4194	1.24812	771.56	0.96299	3.28	0
111	10:46:05.49	25.6300	12.83331	23.71	29.99	0.9	0.624678	12.3575	1.24812	771.52	0.96293	3.28	0
112	10:46:05.79	25.7195	12.81378	23.71	29.99	0.9	0.623730	12.3386	1.24812	771.50	0.96292	3.28	0
113	10:46:06.09	25.1525	12.93761	23.71	30.22	0.9	0.629766	12.4589	1.24808	771.58	0.96300	3.28	0
114	10:46:06.39	24.7440	13.02707	23.71	30.22	0.9	0.634122	12.5460	1.24812	771.62	0.96307	3.28	0
115	10:46:06.69	24.1270	13.16196	23.71	30.46	0.9	0.640698	12.6773	1.24812	771.70	0.96317	3.28	0
116	10:46:06.99	22.9680	13.42649	23.71	30.46	0.9	0.653574	12.9348	1.24812	771.86	0.96338	3.28	0
117	10:46:07.29	22.0775	13.63075	23.71	30.62	0.9	0.663522	13.1330	1.24812	771.96	0.96348	3.28	0
118	10:46:07.59	21.6200	13.73967	23.71	30.62	0.9	0.668826	13.2394	1.24812	772.02	0.96358	3.28	0
119	10:46:07.89	21.4045	13.79112	23.71	30.90	0.9	0.671346	13.2883	1.24808	772.02	0.96354	3.28	0
120	10:46:08.19	20.9580	13.89843	23.71	30.90	0.9	0.676566	13.3937	1.24812	772.10	0.96369	3.28	0
121	10:46:08.49	20.5865	13.98733	23.71	31.18	0.9	0.680910	13.4799	1.24812	772.14	0.96372	3.28	0
122	10:46:08.79	20.5960	13.98502	23.71	31.18	0.9	0.680796	13.4778	1.24812	772.14	0.96373	3.28	0
123	10:46:09.09	21.0695	13.87120	23.71	31.41	0.9	0.675264	13.3661	1.24808	772.06	0.96359	3.28	0
124	10:46:09.39	21.9625	13.65672	23.71	31.41	0.9	0.664824	13.1584	1.24812	771.98	0.96351	3.28	0
125	10:46:09.69	22.3185	13.57440	23.71	31.69	0.9	0.660828	13.0782	1.24812	771.92	0.96344	3.28	0
126	10:46:09.99	22.1385	13.61570	23.71	31.69	0.9	0.662844	13.1183	1.24812	771.94	0.96346	3.28	0
127	10:46:10.29	21.4775	13.77271	23.71	31.89	0.9	0.670494	13.2707	1.24808	772.02	0.96355	3.28	0
128	10:46:10.59	20.8395	13.92594	23.71	31.89	0.9	0.677952	13.4201	1.24812	772.12	0.96368	3.28	0
129	10:46:10.89	20.4865	14.01050	23.71	32.05	0.9	0.682080	13.5023	1.24812	772.16	0.96373	3.28	0
130	10:46:11.19	20.0475	14.11592	23.71	32.05	0.9	0.687210	13.6048	1.24808	772.22	0.96380	3.28	0
131	10:46:11.49	19.7495	14.19005	23.71	32.21	0.9	0.690828	13.6772	1.24812	772.26	0.96386	3.28	0
132	10:46:11.79	19.6940	14.20398	23.71	32.21	0.9	0.691506	13.6906	1.24812	772.26	0.96385	3.28	0
133	10:46:12.09	19.7860	14.18067	23.71	32.36	0.9	0.690378	13.6683	1.24812	772.26	0.96387	3.28	0
134	10:46:12.39	19.7790	14.18249	23.71	32.36	0.9	0.690468	13.6695	1.24812	772.24	0.96383	3.28	0
135	10:46:12.69	19.6850	14.20580	23.71	32.56	1.0	0.691608	13.6921	1.24808	772.24	0.96383	3.28	0
136	10:46:12.99	19.5990	14.22750	23.71	32.56	1.0	0.692664	13.7136	1.24812	772.28	0.96388	3.28	0
137	10:46:13.29	19.4985	14.25249	23.71	32.68	1.0	0.693888	13.7378	1.24812	772.28	0.96389	3.28	0
138	10:46:13.59	19.4535	14.26383	23.71	32.68	1.0	0.694440	13.7485	1.24808	772.28	0.96387	3.28	0
139	10:46:13.89	19.5170	14.24780	23.71	32.80	1.0	0.693666	13.7331	1.24812	772.28	0.96388	3.28	0
140	10:46:14.19	19.4980	14.25256	23.71	32.80	1.0	0.693894	13.7371	1.24808	772.26	0.96383	3.28	0
141	10:46:14.49	19.4585	14.26229	23.71	32.96	1.0	0.694380	13.7472	1.24808	772.28	0.96389	3.28	0
142	10:46:14.79	19.3925	14.27895	23.71	32.96	1.0	0.695190	13.7637	1.24812	772.30	0.96392	3.28	0
143	10:46:15.09	19.3645	14.28588	23.71	33.08	1.0	0.695532	13.7704	1.24812	772.30	0.96392	3.28	0
144	10:46:15.39	19.4385	14.26733	23.70	33.08	1.0	0.694626	13.7522	1.24812	772.28	0.96389	3.28	0
145	10:46:15.69	19.3910	14.27916	23.70	33.15	1.0	0.695208	13.7637	1.24812	772.30	0.96391	3.28	0
146	10:46:15.99	19.2455	14.31556	23.71	33.15	1.0	0.696984	13.7988	1.24808	772.30	0.96390	3.28	0
147	10:46:16.29	19.1235	14.34615	23.71	33.23	1.0	0.698472	13.8291	1.24812	772.34	0.96397	3.28	0
148	10:46:16.59	19.2415	14.31654	23.71	33.23	1.0	0.697032	13.8003	1.24812	772.32	0.96394	3.28	0
149	10:46:16.89	19.3060	14.30037	23.71	33.23	1.0	0.696246	13.7841	1.24808	772.30	0.96390	3.28	0
150	10:46:17.19	19.2270	14.32011	23.71	33.23	1.0	0.697206	13.8044	1.24812	772.34	0.96398	3.28	0
151	10:46:17.49	19.1005	14.35189	23.71	33.23	1.0	0.698754	13.8348	1.24812	772.34	0.96397	3.28	0
152	10:46:17.79	18.8300	14.41979	23.71	33.23	1.0	0.702060	13.9010	1.24812	772.38	0.96403	3.28	0
153	10:46:18.09	18.6120	14.47439	23.71	33.35	1.0	0.704724	13.9541	1.24812	772.40	0.96406	3.28	0
154	10:46:18.39	18.5775	14.48300	23.71	33.35	1.0	0.705144	13.9621	1.24812	772.40	0.96403	3.28	0
155	10:46:18.69	18.4375	14.51814	23.71	33.43	1.0	0.706854	13.9964	1.24812	772.42	0.96407	3.28	0
156	10:46:18.99	18.3685	14.53543	23.71	33.43	1.0	0.707694	14.0130	1.24812	772.42	0.96406	3.28	0
157	10:46:19.29	18.3705	14.53480	23.71	33.51	1.0	0.707670	14.0129	1.24812	772.44	0.96409	3.28	0
158	10:46:19.59	18.4330	14.51919	23.71	33.51	1.0	0.706914	13.9976	1.24812	772.42	0.96408	3.28	0
159	10:46:19.89	18.4385	14.51779	23.71	33.55	1.0	0.706842	13.9960	1.24808	772.42	0.96406	3.28	0
160	10:46:20.19	18.4725	14.50925	23.70	33.55	1.0	0.706428	13.9880	1.24812	772.42	0.96407	3.28	0
161	10:46:20.49	18.4130	14.52409	23.70	33.63	1.0	0.707154	14.0027	1.24812	772.44	0.96410	3.28	0
162	10:46:20.79	18.3410	14.54215	23.71	33.63	1.0	0.708036	14.0197	1.24808	772.44	0.96407	3.28	0
163	10:46:21.09	18.3185	14.54775	23.71	33.67	1.0	0.708312	14.0257	1.24812	772.44	0.96412	3.28	0
164	10:46:21.39	18.3575	14.53795	23.71	33.67	1.0	0.707832	14.0157	1.24808	772.44	0.96408	3.28	0
165	10:46:21.69	18.3775	14.53284	23.71	33.73	1.0	0.707586	14.0111	1.24812	772.44	0.96410	3.28	0
166	10:46:21.99	18.3015	14.55202	23.70	33.73	1.0	0.708516	14.0302	1.24816	772.46	0.96414	3.28	0
167	10:46:22.29	18.2195	14.57260	23.70	33.76	1.0	0.709518	14.0495	1.24812	772.46	0.96410	3.28	0
168	10:46:22.59	18.1785	14.58282	23.71	33.76	1.0	0.710022	14.0601	1.24816	772.48	0.96416	3.28	0
169	10:46:22.89	18.1790	14.58261	23.71	33.79	1.0	0.710010	14.0598	1.24812	772.48	0.96415	3.28	0
170	10:46:23.19	18.1630	14.58674	23.70	33.79	1.0	0.710208	14.0637	1.24812	772.48	0.96415	3.28	0
171	10:46:23.49	18.0450	14.61628	23.70	33.79	1.0	0.711648	14.0922	1.24812	772.48	0.96415	3.28	0
172	10:46:23.79	18.0075	14.62573	23.71	33.79	1.0	0.712110	14.1014	1.24812	772.48	0.96415	3.28	0
173	10:46:24.09	18.0415	14.61719	23.71	33.83	1.0	0.711696	14.0929	1.24812	772.48	0.96413	3.28	0
174	10:46:24.39	17.9835	14.63182	23.71	33.83	1.0	0.712410	14.1070	1.24808	772.48	0.96413	3.28	0
175	10:46:24.69	17.8360	14.67053	23.71	33.86	1.0	0.714300	14.1455	1.24816	772.52	0.96421	3.28	0
176	10:46:24.99	17.6740	14.71302	23.71	33.86	1.0	0.716364	14.1861	1.24812	772.52	0.96418	3.28	0
177	10:46:25.29	17.6400	14.72191	23.71	33.89	1.0	0.716802	14.1951	1.24812	772.54	0.96421	3.28	0
178	10:46:25.59	17.6175	14.72793	23.71	33.89	1.0	0.717090	14.2019	1.24816	772.56	0.96428	3.28	0
179	10:46:25.89	17.5985	14.73283	23.71	33.89	1.0	0.717330	14.2059	1.24812	772.54	0.96424	3.28	0
180	10:46:26.19	17.6695	14.71428	23.71	33.89	1.0	0.716430	14.1876	1.24812	772.54	0.96421	3.28	0
181	10:46:26.49	17.7305	14.69818	23.71	33.93	1.0	0.715644	14.1719	1.24812	772.52	0.96419	3.28	0
182	10:46:26.79	17.7780	14.68572	23.71	33.93	1.0	0.715038	14.1596	1.24812	772.50	0.96418	3.28	0
183	10:46:27.09	17.8070	14.67802	23.71	33.96	1.0	0.714666	14.1526	1.24812	772.52	0.96420	3.28	0
184	10:46:27.39	17.8515	14.66633	23.71	33.96	1.0	0.714096	14.1413	1.24812	772.52	0.96420	3.28	0
185	10:46:27.69	18.0255	14.62097	23.71	33.99	1.0	0.711888	14.0963	1.24808	772.48	0.96412	3.28	0
186	10:46:27.99	18.0690	14.61005	23.71	33.99	1.0	0.711360	14.0851	1.24808	772.46	0.96407	3.28	0
187	10:46:28.29	18.1265	14.59563	23.71	33.99	1.0	0.710652	14.0723	1.24812	772.46	0.96415	3.28	0
188	10:46:28.59	18.1365	14.59304	23.71	33.99	1.0	0.710532	14.0688	1.24808	772.44	0.96407	3.28	0
189	10:46:28.89	18.0710	14.60949	23.71	34.03	1.0	0.711336	14.0856	1.24812	772.48	0.96414	3.28	0
190	10:46:29.19	17.9710	14.63490	23.71	34.03	1.0	0.712566	14.1100	1.24812	772.48	0.96413	3.28	0
191	10:46:29.49	17.8675	14.66213	23.71	34.03	1.0	0.713898	14.1364	1.24808	772.50	0.96414	3.28	0
192	10:46:29.79	17.6795	14.71155	23.71	34.03	1.0	0.716304	14.1847	1.24812	772.52	0.96419	3.28	0
193	10:46:30.09	17.4255	14.77826	23.71	34.03	1.0	0.719550	14.2500	1.24812	772.58	0.96426	3.28	0
194	10:46:30.39	17.2820	14.81585	23.71	34.03	1.0	0.721380	14.2865	1.24812	772.58	0.96427	3.28	0
195	10:46:30.69	17.2270	14.83034	23.71	34.03	1.0	0.722088	14.3002	1.24808	772.58	0.96425	3.28	0
196	10:46:30.99	17.2100	14.83468	23.71	34.03	1.0	0.722298	14.3044	1.24808	772.58	0.96425	3.28	0
197	10:46:31.29	17.0540	14.87570	23.71	34.09	1.0	0.724296	14.3445	1.24808	772.60	0.96429	3.28	0
198	10:46:31.59	17.0050	14.88851	23.71	34.09	1.0	0.724920	14.3573	1.24812	772.62	0.96433	3.28	0
199	10:46:31.89	17.1060	14.86198	23.71	34.09	1.0	0.723630	14.3314	1.24812	772.60	0.96430	3.28	0
200	10:46:32.19	17.1585	14.84819	23.71	34.09	1.0	0.722958	14.3177	1.24812	772.60	0.96428	3.28	0
201	10:46:32.49	17.0975	14.86415	23.71	34.13	1.0	0.723738	14.3338	1.24812	772.62	0.96432	3.28	0
202	10:46:32.79	16.9330	14.90734	23.71	34.13	1.0	0.725838	14.3759	1.24812	772.64	0.96435	3.28	0
203	10:46:33.09	16.7105	14.96579	23.71	34.16	1.0	0.728688	14.4329	1.24812	772.66	0.96439	3.28	0
204	10:46:33.39	16.6755	14.97489	23.71	34.16	1.0	0.729132	14.4411	1.24812	772.66	0.96435	3.28	0
205	10:46:33.69	16.6655	14.97762	23.71	34.19	1.0	0.729264	14.4444	1.24812	772.68	0.96440	3.28	0
206	10:46:33.99	16.6020	14.99428	23.70	34.19	1.0	0.730074	14.4612	1.24816	772.70	0.96445	3.28	0
207	10:46:34.29	16.6020	14.99421	23.70	34.19	1.0	0.730068	14.4599	1.24812	772.66	0.96437	3.28	0
208	10:46:34.59	16.6985	14.96880	23.71	34.19	1.0	0.728838	14.4358	1.24816	772.66	0.96439	3.28	0
209	10:46:34.89	16.7650	14.95137	23.71	34.23	1.0	0.727992	14.4194	1.24816	772.68	0.96442	3.28	0
210	10:46:35.19	16.8690	14.92400	23.71	34.23	1.0	0.726660	14.3920	1.24812	772.64	0.96435	3.28	0
211	10:46:35.49	16.9675	14.89824	23.71	34.26	1.0	0.725400	14.3673	1.24816	772.64	0.96436	3.28	0
212	10:46:35.79	16.8930	14.91777	23.71	34.26	1.0	0.726354	14.3862	1.24812	772.64	0.96437	3.28	0
213	10:46:36.09	16.7465	14.95627	23.71	34.26	1.0	0.728226	14.4233	1.24812	772.66	0.96436	3.28	0
214	10:46:36.39	16.7845	14.94626	23.71	34.26	1.0	0.727740	14.4143	1.24816	772.68	0.96441	3.28	0
215	10:46:36.69	16.9390	14.90566	23.71	34.29	1.0	0.725766	14.3742	1.24812	772.64	0.96434	3.28	0
216	10:46:36.99	16.8760	14.92218	23.71	34.29	1.0	0.726570	14.3906	1.24812	772.66	0.96437	3.28	0
217	10:46:37.29	16.8170	14.93772	23.71	34.29	1.0	0.727326	14.4049	1.24812	772.64	0.96433	3.28	0
218	10:46:37.59	16.8410	14.93142	23.71	34.29	1.0	0.727020	14.3993	1.24812	772.66	0.96436	3.28	0
219	10:46:37.89	16.8755	14.92232	23.71	34.33	1.0	0.726576	14.3908	1.24816	772.66	0.96439	3.28	0
220	10:46:38.19	16.9515	14.90230	23.71	34.33	1.0	0.725604	14.3709	1.24812	772.64	0.96433	3.28	0
221	10:46:38.49	16.9015	14.91546	23.71	34.33	1.0	0.726246	14.3839	1.24812	772.64	0.96437	3.28	0
222	10:46:38.80	16.8125	14.93884	23.71	34.33	1.0	0.727380	14.4066	1.24812	772.66	0.96437	3.28	0
223	10:46:39.09	16.7345	14.95928	23.71	34.33	1.0	0.728382	14.4260	1.24808	772.66	0.96435	3.28	0
224	10:46:39.39	16.7090	14.96600	23.71	34.33	1.0	0.728706	14.4324	1.24812	772.64	0.96434	3.28	0
225	10:46:39.69	16.7045	14.96726	23.71	34.33	1.0	0.728766	14.4343	1.24812	772.68	0.96439	3.28	0
226	10:46:39.99	16.7155	14.96432	23.71	34.33	1.0	0.728622	14.4307	1.24808	772.64	0.96434	3.28	0
227	10:46:40.29	16.7200	14.96313	23.71	34.36	1.0	0.728568	14.4300	1.24812	772.66	0.96437	3.28	0
228	10:46:40.59	16.7070	14.96649	23.71	34.36	1.0	0.728730	14.4334	1.24812	772.66	0.96438	3.28	0
229	10:46:40.89	16.6460	14.98252	23.71	34.36	1.0	0.729510	14.4493	1.24812	772.68	0.96442	3.28	0
230	10:46:41.19	16.5190	15.01591	23.71	34.36	1.0	0.731136	14.4819	1.24816	772.70	0.96444	3.28	0
231	10:46:41.49	16.4720	15.02816	23.71	34.36	1.0	0.731730	14.4936	1.24812	772.70	0.96443	3.28	0
232	10:46:41.79	16.5340	15.01192	23.71	34.36	1.0	0.730944	14.4779	1.24816	772.68	0.96442	3.28	0
233	10:46:42.09	16.6385	14.98455	23.71	34.36	1.0	0.729612	14.4509	1.24812	772.68	0.96439	3.28	0
234	10:46:42.39	16.7265	14.96131	23.71	34.36	1.0	0.728478	14.4287	1.24812	772.68	0.96440	3.28	0
235	10:46:42.69	16.7875	14.94528	23.71	34.39	1.0	0.727704	14.4131	1.24812	772.66	0.96439	3.28	0
236	10:46:42.99	16.8155	14.93793	23.71	34.39	1.0	0.727344	14.4061	1.24816	772.66	0.96440	3.28	0
237	10:46:43.29	16.8120	14.93891	23.71	34.39	1.0	0.727392	14.4060	1.24812	772.64	0.96433	3.28	0
238	10:46:43.59	16.8325	14.93345	23.71	34.39	1.0	0.727128	14.4006	1.24812	772.62	0.96431	3.28	0
239	10:46:43.89	16.7120	14.96516	23.71	34.39	1.0	0.728670	14.4316	1.24808	772.66	0.96435	3.28	0
240	10:46:44.19	16.6755	14.97468	23.71	34.39	1.0	0.729132	14.4413	1.24812	772.66	0.96438	3.28	0
241	10:46:44.49	16.6200	14.98931	23.71	34.39	1.0	0.729846	14.4557	1.24812	772.68	0.96440	3.28	0
242	10:46:44.79	16.6070	14.99274	23.71	34.39	1.0	0.730008	14.4589	1.24812	772.68	0.96439	3.28	0
243	10:46:45.09	16.5070	15.01892	23.71	34.39	1.0	0.731286	14.4844	1.24812	772.70	0.96441	3.28	0
244	10:46:45.39	16.4700	15.02872	23.71	34.39	1.0	0.731760	14.4935	1.24808	772.68	0.96439	3.28	0
245	10:46:45.69	16.4645	15.03019	23.71	34.39	1.0	0.731832	14.4957	1.24812	772.70	0.96444	3.28	0
246	10:46:45.99	16.4480	15.03453	23.71	34.39	1.0	0.732042	14.4998	1.24812	772.70	0.96443	3.28	0
247	10:46:46.29	16.4640	15.03026	23.71	34.39	1.0	0.731838	14.4959	1.24812	772.72	0.96445	3.28	0
248	10:46:46.59	16.4680	15.02928	23.71	34.39	1.0	0.731790	14.4948	1.24812	772.70	0.96444	3.28	0
249	10:46:46.89	16.5055	15.01927	23.71	34.46	1.0	0.731304	14.4846	1.24812	772.68	0.96440	3.28	0
250	10:46:47.19	16.4780	15.02655	23.71	34.46	1.0	0.731658	14.4910	1.24808	772.68	0.96436	3.28	0
251	10:46:47.49	16.4435	15.03551	23.71	34.46	1.0	0.732096	14.5005	1.24812	772.70	0.96442	3.28	0
252	10:46:47.79	16.3965	15.04797	23.71	34.46	1.0	0.732702	14.5125	1.24812	772.70	0.96442	3.28	0
253	10:46:48.09	16.3520	15.05952	23.71	34.46	1.0	0.733266	14.5242	1.24812	772.72	0.96445	3.28	0
254	10:46:48.39	16.3300	15.06540	23.71	34.46	1.0	0.733554	14.5299	1.24812	772.72	0.96446	3.28	0
255	10:46:48.69	16.2900	15.07583	23.71	34.46	1.0	0.734058	14.5399	1.24812	772.72	0.96445	3.28	0
256	10:46:48.99	16.2475	15.08703	23.71	34.46	1.0	0.734604	14.5504	1.24812	772.72	0.96443	3.28	0
257	10:46:49.29	16.2275	15.09228	23.71	34.49	1.0	0.734862	14.5551	1.24808	772.70	0.96440	3.28	0
258	10:46:49.59	16.2130	15.09599	23.71	34.49	1.0	0.735042	14.5593	1.24812	772.72	0.96445	3.28	0
259	10:46:49.89	16.1925	15.10138	23.71	34.49	1.0	0.735306	14.5641	1.24808	772.72	0.96442	3.28	0
260	10:46:50.19	16.1920	15.10152	23.71	34.49	1.0	0.735312	14.5648	1.24812	772.74	0.96446	3.28	0
261	10:46:50.49	16.2100	15.09676	23.71	34.49	1.0	0.735084	14.5601	1.24812	772.72	0.96445	3.28	0
262	10:46:50.79	16.2235	15.09333	23.71	34.49	1.0	0.734910	14.5566	1.24812	772.72	0.96444	3.28	0
263	10:46:51.09	16.2580	15.08423	23.71	34.49	1.0	0.734472	14.5480	1.24812	772.72	0.96445	3.28	0
264	10:46:51.39	16.2865	15.07681	23.71	34.49	1.0	0.734106	14.5402	1.24808	772.70	0.96440	3.28	0
265	10:46:51.69	16.2665	15.08199	23.71	34.49	1.0	0.734364	14.5454	1.24808	772.72	0.96442	3.28	0
266	10:46:51.99	16.2315	15.09123	23.71	34.49	1.0	0.734814	14.5547	1.24812	772.72	0.96445	3.28	0
267	10:46:52.29	16.2135	15.09585	23.71	34.53	1.0	0.735036	14.5588	1.24808	772.72	0.96443	3.28	0
268	10:46:52.59	16.2090	15.09711	23.71	34.53	1.0	0.735096	14.5606	1.24812	772.74	0.96446	3.28	0
269	10:46:52.89	16.2030	15.09858	23.71	34.53	1.0	0.735174	14.5619	1.24812	772.72	0.96445	3.28	0
270	10:46:53.19	16.1995	15.09956	23.71	34.53	1.0	0.735216	14.5629	1.24812	772.74	0.96446	3.28	0
271	10:46:53.49	16.1970	15.10026	23.71	34.53	1.0	0.735252	14.5640	1.24816	772.74	0.96449	3.28	0
272	10:46:53.79	16.1880	15.10257	23.71	34.53	1.0	0.735366	14.5656	1.24808	772.74	0.96445	3.28	0
273	10:46:54.09	16.1795	15.10481	23.71	34.56	1.0	0.735474	14.5677	1.24808	772.72	0.96444	3.28	0
274	10:46:54.39	16.1845	15.10341	23.71	34.56	1.0	0.735408	14.5661	1.24808	772.72	0.96442	3.28	0
275	10:46:54.69	16.1850	15.10334	23.71	34.56	1.0	0.735408	14.5661	1.24808	772.72	0.96442	3.28	0
276	10:46:54.99	16.1880	15.10250	23.71	34.56	1.0	0.735366	14.5655	1.24808	772.74	0.96444	3.28	0
277	10:46:55.29	16.1840	15.10362	23.71	34.56	1.0	0.735414	14.5662	1.24808	772.72	0.96442	3.28	0
278	10:46:55.59	16.1820	15.10397	23.72	34.56	1.0	0.735438	14.5679	1.24816	772.76	0.96451	3.28	0
279	10:46:55.89	16.1700	15.10719	23.72	34.56	1.0	0.735594	14.5707	1.24812	772.74	0.96449	3.28	0
280	10:46:56.19	16.1590	15.11013	23.72	34.56	1.0	0.735738	14.5728	1.24808	772.74	0.96444	3.28	0
281	10:46:56.49	16.1565	15.11076	23.72	34.56	1.0	0.735768	14.5725	1.24804	772.70	0.96438	3.28	0
282	10:46:56.79	16.1585	15.11027	23.71	34.56	1.0	0.735738	14.5727	1.24808	772.72	0.96442	3.28	0
283	10:46:57.09	16.1660	15.10838	23.71	34.56	1.0	0.735648	14.5711	1.24808	772.72	0.96444	3.28	0
284	10:46:57.39	16.1770	15.10544	23.71	34.56	1.0	0.735504	14.5685	1.24812	772.74	0.96445	3.28	0
285	10:46:57.69	16.1895	15.10208	23.71	34.59	1.0	0.735342	14.5652	1.24808	772.74	0.96445	3.28	0
286	10:46:57.99	16.1930	15.10117	23.71	34.59	1.0	0.735300	14.5651	1.24816	772.76	0.96451	3.28	0
287	10:46:58.29	16.1925	15.10131	23.71	34.59	1.0	0.735306	14.5648	1.24812	772.74	0.96448	3.28	0
288	10:46:58.59	16.1865	15.10285	23.71	34.59	1.0	0.735384	14.5664	1.24812	772.74	0.96448	3.28	0
289	10:46:58.89	16.1795	15.10481	23.71	34.59	1.0	0.735480	14.5676	1.24812	772.72	0.96443	3.28	0
290	10:46:59.19	16.1805	15.10453	23.71	34.59	1.0	0.735462	14.5678	1.24812	772.74	0.96446	3.28	0
291	10:46:59.49	16.1815	15.10425	23.71	34.59	1.0	0.735450	14.5669	1.24808	772.72	0.96443	3.28	0
292	10:46:59.79	16.1805	15.10453	23.71	34.59	1.0	0.735462	14.5675	1.24812	772.72	0.96445	3.28	0
293	10:47:00.09	16.1780	15.10523	23.71	34.59	1.0	0.735498	14.5679	1.24808	772.72	0.96443	3.28	0
294	10:47:00.39	16.1730	15.10642	23.71	34.59	1.0	0.735558	14.5695	1.24812	772.74	0.96446	3.28	0
295	10:47:00.69	16.1720	15.10677	23.71	34.59	1.0	0.735570	14.5694	1.24808	772.72	0.96443	3.28	0
296	10:47:00.99	16.1655	15.10838	23.71	34.59	1.0	0.735654	14.5712	1.24808	772.74	0.96445	3.28	0
297	10:47:01.29	16.1685	15.10768	23.71	34.59	1.0	0.735618	14.5708	1.24812	772.74	0.96447	3.28	0
298	10:47:01.59	16.1690	15.10747	23.71	34.59	1.0	0.735606	14.5700	1.24808	772.72	0.96442	3.28	0
299	10:47:01.89	16.1715	15.10677	23.71	34.59	1.0	0.735576	14.5699	1.24812	772.72	0.96446	3.28	0
300	10:47:02.19	16.1675	15.10782	23.71	34.59	1.0	0.735624	14.5701	1.24808	772.70	0.96441	3.28	0
301	10:47:02.49	16.1655	15.10838	23.71	34.59	1.0	0.735654	14.5712	1.24808	772.74	0.96444	3.28	0
302	10:47:02.79	16.1680	15.10775	23.71	34.59	1.0	0.735624	14.5708	1.24808	772.74	0.96446	3.28	0
303	10:47:03.09	16.1690	15.10740	23.71	34.63	1.0	0.735606	14.5706	1.24812	772.74	0.96446	3.28	0
304	10:47:03.39	16.1745	15.10600	23.71	34.63	1.0	0.735534	14.5694	1.24812	772.74	0.96448	3.28	0
305	10:47:03.69	16.1780	15.10516	23.71	34.63	1.0	0.735498	14.5680	1.24812	772.72	0.96445	3.28	0
306	10:47:03.99	16.1820	15.10404	23.71	34.63	1.0	0.735444	14.5670	1.24812	772.72	0.96444	3.28	0
307	10:47:04.29	16.1860	15.10299	23.71	34.63	1.0	0.735390	14.5668	1.24816	772.74	0.96450	3.28	0
308	10:47:04.59	16.1835	15.10362	23.71	34.63	1.0	0.735420	14.5671	1.24812	772.74	0.96448	3.28	0
309	10:47:04.89	16.1810	15.10425	23.71	34.63	1.0	0.735450	14.5675	1.24812	772.74	0.96446	3.28	0
310	10:47:05.19	16.1810	15.10432	23.71	34.63	1.0	0.735456	14.5670	1.24808	772.72	0.96443	3.28	0
311	10:47:05.49	16.1805	15.10446	23.71	34.63	1.0	0.735462	14.5674	1.24812	772.72	0.96445	3.28	0
312	10:47:05.79	16.1815	15.10425	23.71	34.63	1.0	0.735450	14.5676	1.24812	772.74	0.96447	3.28	0
313	10:47:06.09	16.1815	15.10418	23.71	34.63	1.0	0.735450	14.5671	1.24808	772.74	0.96445	3.28	0
314	10:47:06.39	16.1810	15.10425	23.71	34.63	1.0	0.735456	14.5669	1.24808	772.72	0.96442	3.28	0
315	10:47:06.69	16.1795	15.10474	23.71	34.63	1.0	0.735474	14.5679	1.24812	772.72	0.96446	3.28	0
316	10:47:06.99	16.1790	15.10488	23.71	34.63	1.0	0.735480	14.5679	1.24812	772.74	0.96445	3.28	0
317	10:47:07.29	16.1810	15.10432	23.71	34.63	1.0	0.735456	14.5676	1.24812	772.74	0.96446	3.28	0
318	10:47:07.59	16.1790	15.10495	23.70	34.63	1.0	0.735480	14.5678	1.24808	772.72	0.96443	3.28	0
319	10:47:07.89	16.1800	15.10467	23.70	34.63	1.0	0.735468	14.5680	1.24812	772.74	0.96446	3.28	0
320	10:47:08.19	16.1775	15.10523	23.71	34.63	1.0	0.735498	14.5685	1.24812	772.74	0.96447	3.28	0
321	10:47:08.49	16.1765	15.10551	23.71	34.63	1.0	0.735516	14.5691	1.24812	772.76	0.96449	3.28	0
322	10:47:08.79	16.1770	15.10530	23.71	34.63	1.0	0.735504	14.5689	1.24812	772.74	0.96449	3.28	0
323	10:47:09.09	16.1760	15.10558	23.71	34.63	1.0	0.735516	14.5684	1.24812	772.72	0.96444	3.28	0
324	10:47:09.39	16.1755	15.10579	23.71	34.63	1.0	0.735528	14.5690	1.24812	772.74	0.96446	3.28	0
325	10:47:09.69	16.1725	15.10656	23.71	34.63	1.0	0.735564	14.5692	1.24808	772.72	0.96443	3.28	0
326	10:47:09.99	16.1725	15.10663	23.71	34.63	1.0	0.735564	14.5692	1.24808	772.72	0.96443	3.28	0
327	10:47:10.29	16.1700	15.10719	23.71	34.63	1.0	0.735594	14.5701	1.24812	772.72	0.96445	3.28	0
328	10:47:10.59	16.1685	15.10754	23.71	34.63	1.0	0.735612	14.5706	1.24812	772.74	0.96446	3.28	0
329	10:47:10.89	16.1665	15.10810	23.71	34.63	1.0	0.735642	14.5710	1.24812	772.72	0.96445	3.28	0
330	10:47:11.19	16.1655	15.10845	23.71	34.63	1.0	0.735654	14.5704	1.24808	772.70	0.96439	3.28	0
331	10:47:11.49	16.1665	15.10817	23.71	34.63	1.0	0.735642	14.5706	1.24808	772.72	0.96442	3.28	0
332	10:47:11.79	16.1660	15.10831	23.71	34.63	1.0	0.735648	14.5711	1.24812	772.72	0.96445	3.28	0
333	10:47:12.09	16.1665	15.10817	23.71	34.63	1.0	0.735642	14.5708	1.24808	772.72	0.96443	3.28	0
334	10:47:12.39	16.1660	15.10831	23.71	34.63	1.0	0.735648	14.5707	1.24808	772.72	0.96442	3.28	0
335	10:47:12.69	16.1640	15.10873	23.71	34.63	1.0	0.735672	14.5711	1.24808	772.72	0.96442	3.28	0
336	10:47:12.99	16.1675	15.10789	23.71	34.63	1.0	0.735630	14.5710	1.24816	772.72	0.96446	3.28	0
337	10:47:13.29	16.1645	15.10866	23.71	34.63	1.0	0.735666	14.5720	1.24812	772.74	0.96448	3.28	0
338	10:47:13.59	16.1595	15.10992	23.71	34.63	1.0	0.735726	14.5726	1.24808	772.72	0.96444	3.28	0
339	10:47:13.89	16.1595	15.10992	23.71	34.63	1.0	0.735732	14.5726	1.24808	772.72	0.96444	3.28	0
340	10:47:14.19	16.1615	15.10943	23.71	34.63	1.0	0.735708	14.5725	1.24812	772.72	0.96446	3.28	0
341	10:47:14.49	16.1625	15.10922	23.71	34.63	1.0	0.735690	14.5727	1.24812	772.74	0.96449	3.28	0
342	10:47:14.79	16.1620	15.10929	23.71	34.63	1.0	0.735696	14.5726	1.24812	772.74	0.96448	3.28	0
343	10:47:15.09	16.1575	15.11048	23.71	34.63	1.0	0.735756	14.5732	1.24808	772.72	0.96444	3.28	0
344	10:47:15.39	16.1615	15.10943	23.71	34.63	1.0	0.735702	14.5722	1.24808	772.74	0.96445	3.28	0
345	10:47:15.69	16.1615	15.10936	23.71	34.63	1.0	0.735702	14.5719	1.24812	772.72	0.96443	3.28	0
346	10:47:15.99	16.1630	15.10908	23.71	34.63	1.0	0.735684	14.5722	1.24812	772.74	0.96446	3.28	0
347	10:47:16.29	16.1640	15.10873	23.71	34.63	1.0	0.735672	14.5719	1.24812	772.74	0.96447	3.28	0
348	10:47:16.59	16.1650	15.10845	23.71	34.63	1.0	0.735660	14.5718	1.24812	772.74	0.96448	3.28	0
349	10:47:16.89	16.1640	15.10880	23.71	34.63	1.0	0.735672	14.5720	1.24812	772.72	0.96447	3.28	0
350	10:47:17.19	16.1645	15.10866	23.71	34.63	1.0	0.735666	14.5720	1.24812	772.74	0.96448	3.28	0
351	10:47:17.49	16.1585	15.11020	23.71	34.66	1.0	0.735744	14.5728	1.24808	772.72	0.96443	3.28	0
352	10:47:17.79	16.1575	15.11055	23.70	34.66	1.0	0.735756	14.5739	1.24812	772.74	0.96448	3.28	0
353	10:47:18.09	16.1570	15.11062	23.70	34.66	1.0	0.735762	14.5739	1.24816	772.72	0.96448	3.28	0
354	10:47:18.39	16.1585	15.11013	23.71	34.66	1.0	0.735738	14.5733	1.24812	772.74	0.96448	3.28	0
355	10:47:18.69	16.1565	15.11069	23.71	34.66	1.0	0.735768	14.5736	1.24812	772.74	0.96446	3.28	0
356	10:47:18.99	16.1595	15.10999	23.71	34.66	1.0	0.735732	14.5729	1.24812	772.74	0.96445	3.28	0
357	10:47:19.29	16.1575	15.11041	23.71	34.66	1.0	0.735756	14.5732	1.24812	772.72	0.96444	3.28	0
358	10:47:19.59	16.1580	15.11027	23.71	34.66	1.0	0.735744	14.5728	1.24808	772.72	0.96443	3.28	0
359	10:47:19.89	16.1570	15.11062	23.71	34.66	1.0	0.735762	14.5734	1.24812	772.74	0.96445	3.28	0
360	10:47:20.19	16.1580	15.11034	23.71	34.66	1.0	0.735750	14.5732	1.24812	772.72	0.96445	3.28	0
361	10:47:20.49	16.1530	15.11160	23.71	34.66	1.0	0.735816	14.5738	1.24808	772.72	0.96441	3.28	0
362	10:47:20.79	16.1550	15.11111	23.71	34.66	1.0	0.735786	14.5739	1.24812	772.72	0.96445	3.28	0
363	10:47:21.09	16.1525	15.11181	23.71	34.66	1.0	0.735822	14.5747	1.24812	772.74	0.96446	3.28	0
364	10:47:21.39	16.1520	15.11195	23.71	34.66	1.0	0.735828	14.5744	1.24808	772.72	0.96443	3.28	0
365	10:47:21.69	16.1545	15.11125	23.71	34.66	1.0	0.735798	14.5745	1.24812	772.74	0.96448	3.28	0
366	10:47:21.99	16.1515	15.11202	23.71	34.66	1.0	0.735828	14.5748	1.24812	772.74	0.96445	3.28	0
367	10:47:22.29	16.1515	15.11202	23.71	34.66	1.0	0.735828	14.5746	1.24808	772.74	0.96444	3.28	0
368	10:47:22.59	16.1525	15.11181	23.71	34.66	1.0	0.735822	14.5745	1.24808	772.74	0.96445	3.28	0
369	10:47:22.89	16.1545	15.11125	23.71	34.66	1.0	0.735792	14.5738	1.24808	772.72	0.96443	3.28	0
370	10:47:23.19	16.1560	15.11083	23.71	34.66	1.0	0.735774	14.5741	1.24812	772.74	0.96448	3.28	0
371	10:47:23.49	16.1550	15.11104	23.71	34.66	1.0	0.735786	14.5736	1.24808	772.72	0.96443	3.28	0
372	10:47:23.79	16.1555	15.11097	23.71	34.66	1.0	0.735780	14.5736	1.24812	772.72	0.96444	3.28	0
373	10:47:24.09	16.1565	15.11069	23.71	34.66	1.0	0.735768	14.5738	1.24812	772.74	0.96447	3.28	0
374	10:47:24.39	16.1545	15.11125	23.71	34.66	1.0	0.735798	14.5741	1.24812	772.74	0.96445	3.28	0
375	10:47:24.69	16.1515	15.11195	23.71	34.66	1.0	0.735828	14.5746	1.24808	772.74	0.96444	3.28	0
376	10:47:24.99	16.1540	15.11139	23.71	34.66	1.0	0.735798	14.5739	1.24808	772.72	0.96443	3.28	0
377	10:47:25.29	16.1545	15.11125	23.71	34.66	1.0	0.735792	14.5736	1.24808	772.72	0.96442	3.28	0
378	10:47:25.59	16.1535	15.11160	23.71	34.66	1.0	0.735810	14.5742	1.24812	772.72	0.96444	3.28	0
379	10:47:25.89	16.1510	15.11216	23.71	34.66	1.0	0.735840	14.5746	1.24808	772.72	0.96443	3.28	0
380	10:47:26.19	16.1540	15.11132	23.71	34.66	1.0	0.735798	14.5743	1.24812	772.74	0.96446	3.28	0
381	10:47:26.49	16.1530	15.11160	23.71	34.66	1.0	0.735810	14.5744	1.24812	772.74	0.96446	3.28	0
382	10:47:26.79	16.1515	15.11195	23.71	34.66	1.0	0.735828	14.5755	1.24816	772.74	0.96450	3.28	0
383	10:47:27.09	16.1510	15.11216	23.71	34.66	1.0	0.735840	14.5748	1.24812	772.72	0.96445	3.28	0
384	10:47:27.39	16.1515	15.11195	23.71	34.66	1.0	0.735828	14.5747	1.24812	772.72	0.96445	3.28	0
385	10:47:27.69	16.1500	15.11244	23.71	34.66	1.0	0.735852	14.5751	1.24812	772.72	0.96445	3.28	0
386	10:47:27.99	16.1490	15.11272	23.71	34.66	1.0	0.735870	14.5755	1.24812	772.72	0.96445	3.28	0
387	10:47:28.29	16.1490	15.11272	23.71	34.66	1.0	0.735864	14.5761	1.24812	772.74	0.96449	3.28	0
388	10:47:28.59	16.1490	15.11272	23.71	34.66	1.0	0.735864	14.5758	1.24812	772.74	0.96448	3.28	0
389	10:47:28.89	16.1495	15.11258	23.71	34.66	1.0	0.735858	14.5753	1.24808	772.74	0.96445	3.28	0
390	10:47:29.19	16.1490	15.11272	23.70	34.66	1.0	0.735864	14.5749	1.24808	772.70	0.96442	3.28	0
391	10:47:29.49	16.1485	15.11286	23.70	34.66	1.0	0.735870	14.5751	1.24808	772.72	0.96442	3.28	0
392	10:47:29.79	16.1485	15.11279	23.71	34.66	1.0	0.735870	14.5750	1.24808	772.72	0.96442	3.28	0
393	10:47:30.09	16.1495	15.11251	23.71	34.66	1.0	0.735858	14.5753	1.24812	772.72	0.96445	3.28	0
394	10:47:30.39	16.1475	15.11314	23.70	34.66	1.0	0.735882	14.5753	1.24808	772.72	0.96442	3.28	0
395	10:47:30.69	16.1485	15.11286	23.70	34.66	1.0	0.735870	14.5754	1.24808	772.72	0.96444	3.28	0
396	10:47:30.99	16.1465	15.11335	23.71	34.66	1.0	0.735894	14.5762	1.24812	772.74	0.96446	3.28	0
397	10:47:31.29	16.1470	15.11321	23.71	34.66	1.0	0.735894	14.5757	1.24808	772.72	0.96443	3.28	0
398	10:47:31.59	16.1490	15.11265	23.71	34.66	1.0	0.735864	14.5757	1.24812	772.74	0.96447	3.28	0
399	10:47:31.89	16.1465	15.11335	23.71	34.66	1.0	0.735900	14.5757	1.24808	772.72	0.96442	3.28	0
400	10:47:32.19	16.1470	15.11321	23.71	34.66	1.0	0.735888	14.5759	1.24812	772.72	0.96445	3.28	0
401	10:47:32.49	16.1475	15.11300	23.71	34.66	1.0	0.735882	14.5757	1.24808	772.74	0.96445	3.28	0
402	10:47:32.79	16.1470	15.11321	23.71	34.66	1.0	0.735888	14.5757	1.24808	772.72	0.96443	3.28	0
403	10:47:33.09	16.1475	15.11307	23.71	34.66	1.0	0.735882	14.5759	1.24812	772.74	0.96446	3.28	0
404	10:47:33.39	16.1480	15.11300	23.71	34.66	1.0	0.735876	14.5760	1.24812	772.74	0.96447	3.28	0
405	10:47:33.69	16.1460	15.11356	23.71	34.66	1.0	0.735906	14.5757	1.24808	772.72	0.96442	3.28	0
406	10:47:33.99	16.1480	15.11300	23.70	34.66	1.0	0.735876	14.5759	1.24812	772.72	0.96446	3.28	0
407	10:47:34.29	16.1445	15.11391	23.70	34.66	1.0	0.735918	14.5764	1.24808	772.72	0.96443	3.28	0
408	10:47:34.59	16.1465	15.11328	23.71	34.66	1.0	0.735894	14.5761	1.24812	772.74	0.96446	3.28	0
409	10:47:34.89	16.1450	15.11377	23.71	34.66	1.0	0.735918	14.5764	1.24812	772.72	0.96444	3.28	0
410	10:47:35.19	16.1445	15.11377	23.71	34.66	1.0	0.735918	14.5762	1.24808	772.72	0.96443	3.28	0
411	10:47:35.49	16.1445	15.11384	23.71	34.66	1.0	0.735918	14.5764	1.24812	772.72	0.96444	3.28	0
412	10:47:35.79	16.1445	15.11384	23.71	34.66	1.0	0.735918	14.5766	1.24812	772.74	0.96445	3.28	0
413	10:47:36.09	16.1465	15.11328	23.71	34.70	1.0	0.735894	14.5761	1.24812	772.74	0.96446	3.28	0
414	10:47:36.39	16.1430	15.11426	23.71	34.70	1.0	0.735942	14.5763	1.24808	772.72	0.96441	3.28	0
415	10:47:36.69	16.1455	15.11356	23.71	34.70	1.0	0.735906	14.5764	1.24812	772.74	0.96446	3.28	0
416	10:47:36.99	16.1430	15.11426	23.71	34.70	1.0	0.735942	14.5762	1.24808	772.72	0.96440	3.28	0
417	10:47:37.29	16.1425	15.11440	23.71	34.70	1.0	0.735948	14.5764	1.24808	772.72	0.96441	3.28	0
418	10:47:37.59	16.1420	15.11454	23.71	34.70	1.0	0.735954	14.5773	1.24812	772.74	0.96446	3.28	0
419	10:47:37.89	16.1425	15.11433	23.71	34.70	1.0	0.735948	14.5776	1.24812	772.76	0.96449	3.28	0
420	10:47:38.19	16.1410	15.11482	23.71	34.70	1.0	0.735972	14.5775	1.24812	772.74	0.96445	3.28	0
421	10:47:38.49	16.1340	15.11664	23.71	34.67	1.0	0.736056	14.5793	1.24812	772.74	0.96445	3.28	0
422	10:47:38.79	16.1195	15.12049	23.70	34.67	1.0	0.736242	14.5829	1.24808	772.74	0.96445	3.28	0
423	10:47:39.09	16.1000	15.12553	23.70	34.70	1.0	0.736488	14.5870	1.24808	772.70	0.96440	3.28	0
424	10:47:39.39	15.9170	15.17474	23.71	34.70	1.0	0.738888	14.6362	1.24808	772.78	0.96451	3.28	0
425	10:47:39.69	9.8100	16.98627	23.71	34.70	1.0	0.827094	16.4037	1.24808	773.76	0.96570	3.28	0
426	10:47:39.99	5.1070	18.55084	23.71	34.70	1.0	0.903276	17.9320	1.24808	774.50	0.96664	3.28	0
427	10:47:40.29	2.5955	19.48695	23.71	34.70	1.0	0.948858	18.8470	1.24808	774.92	0.96716	3.28	0
428	10:47:40.59	1.2640	20.01475	23.71	34.70	1.0	0.974556	19.3623	1.24804	775.12	0.96740	3.28	0
429	10:47:40.89	0.6490	20.27648	23.71	34.92	1.0	0.987318	19.6186	1.24808	775.24	0.96755	3.28	0
430	10:47:41.19	0.3585	20.39555	23.71	34.92	1.0	0.993114	19.7357	1.24808	775.30	0.96765	3.28	0
431	10:47:41.49	0.2100	20.45407	23.71	35.49	1.0	0.996000	19.7919	1.24804	775.32	0.96763	3.28	0
432	10:47:41.79	0.1440	20.47997	23.71	35.49	1.0	0.997266	19.8182	1.24808	775.34	0.96769	3.28	0
433	10:47:42.09	0.0965	20.49754	23.71	36.18	1.1	0.998166	19.8353	1.24808	775.36	0.96769	3.28	0
434	10:47:42.39	0.0775	20.50489	23.71	36.18	1.1	0.998520	19.8429	1.24808	775.36	0.96772	3.28	0
435	10:47:42.69	0.0650	20.50881	23.71	36.88	1.1	0.998760	19.8463	1.24808	775.36	0.96769	3.28	0
436	10:47:42.99	0.0620	20.50993	23.71	36.88	1.1	0.998814	19.8472	1.24804	775.36	0.96769	3.28	0
437	10:47:43.29	0.0595	20.51000	23.71	37.55	1.1	0.998862	19.8484	1.24808	775.38	0.96774	3.28	0
438	10:47:43.59	0.0575	20.51084	23.71	37.55	1.1	0.998904	19.8482	1.24808	775.36	0.96769	3.28	0
439	10:47:43.89	0.0535	20.51168	23.71	38.14	1.1	0.998982	19.8481	1.24804	775.34	0.96765	3.28	0
440	10:47:44.19	0.0550	20.51098	23.71	38.14	1.1	0.998952	19.8486	1.24808	775.36	0.96770	3.28	0
441	10:47:44.49	0.0535	20.51084	23.71	38.64	1.1	0.998976	19.8488	1.24808	775.38	0.96772	3.28	0
442	10:47:44.79	0.0510	20.51182	23.71	38.64	1.1	0.999024	19.8487	1.24804	775.34	0.96767	3.28	0
443	10:47:45.09	0.0515	20.51098	23.71	39.14	1.1	0.999018	19.8486	1.24808	775.36	0.96771	3.28	0
444	10:47:45.39	0.0495	20.51175	23.71	39.14	1.1	0.999054	19.8483	1.24804	775.34	0.96766	3.28	0
445	10:47:45.69	0.0480	20.51175	23.71	39.54	1.2	0.999084	19.8486	1.24804	775.34	0.96767	3.28	0
446	10:47:45.99	0.0490	20.51140	23.71	39.54	1.2	0.999066	19.8488	1.24808	775.36	0.96770	3.28	0
447	10:47:46.29	0.0490	20.51105	23.71	39.87	1.2	0.999072	19.8491	1.24808	775.36	0.96772	3.28	0
448	10:47:46.59	0.0470	20.51175	23.71	39.87	1.2	0.999102	19.8488	1.24808	775.34	0.96768	3.28	0
449	10:47:46.89	0.0480	20.51098	23.71	40.13	1.2	0.999084	19.8493	1.24808	775.38	0.96774	3.28	0
450	10:47:47.19	0.0455	20.51196	23.71	40.13	1.2	0.999132	19.8489	1.24804	775.34	0.96767	3.28	0
451	10:47:47.49	0.0445	20.51196	23.71	40.40	1.2	0.999150	19.8493	1.24808	775.36	0.96770	3.28	0
452	10:47:47.79	0.0450	20.51196	23.71	40.40	1.2	0.999150	19.8493	1.24808	775.36	0.96770	3.28	0
453	10:47:48.09	0.0445	20.51154	23.71	40.67	1.2	0.999150	19.8495	1.24808	775.36	0.96772	3.28	0
454	10:47:48.39	0.0430	20.51210	23.72	40.67	1.2	0.999180	19.8494	1.24808	775.36	0.96770	3.28	0
455	10:47:48.69	0.0435	20.51175	23.72	40.83	1.2	0.999174	19.8496	1.24808	775.36	0.96772	3.28	0
456	10:47:48.99	0.0425	20.51217	23.71	40.83	1.2	0.999192	19.8492	1.24808	775.34	0.96768	3.28	0
457	10:47:49.29	0.0435	20.51168	23.71	41.00	1.2	0.999174	19.8488	1.24808	775.34	0.96768	3.28	0
458	10:47:49.59	0.0440	20.51147	23.71	41.00	1.2	0.999168	19.8488	1.24808	775.36	0.96770	3.28	0
459	10:47:49.89	0.0415	20.51231	23.71	41.13	1.2	0.999216	19.8494	1.24808	775.36	0.96769	3.28	0
460	10:47:50.19	0.0455	20.51070	23.71	41.13	1.2	0.999138	19.8490	1.24808	775.38	0.96774	3.28	0
461	10:47:50.49	0.0450	20.51063	23.71	41.29	1.2	0.999144	19.8488	1.24808	775.36	0.96773	3.28	0
462	10:47:50.79	0.0425	20.51154	23.71	41.29	1.2	0.999192	19.8489	1.24808	775.36	0.96770	3.28	0
463	10:47:51.09	0.0440	20.51077	23.71	41.43	1.2	0.999162	19.8481	1.24808	775.36	0.96769	3.28	0
464	10:47:51.39	0.0420	20.51154	23.71	41.43	1.2	0.999198	19.8488	1.24808	775.36	0.96769	3.28	0
465	10:47:51.69	0.0450	20.51028	23.71	41.53	1.2	0.999144	19.8485	1.24812	775.36	0.96773	3.28	0
466	10:47:51.99	0.0425	20.51133	23.71	41.53	1.2	0.999198	19.8484	1.24804	775.36	0.96767	3.28	0
467	10:47:52.29	0.0415	20.51140	23.71	41.66	1.2	0.999204	19.8481	1.24804	775.34	0.96766	3.28	0
468	10:47:52.59	0.0400	20.51203	23.71	41.66	1.2	0.999234	19.8493	1.24808	775.36	0.96769	3.28	0
469	10:47:52.89	0.0400	20.51203	23.71	41.76	1.2	0.999240	19.8491	1.24808	775.34	0.96769	3.28	0
470	10:47:53.19	0.0390	20.51224	23.71	41.76	1.2	0.999258	19.8498	1.24808	775.36	0.96770	3.28	0
471	10:47:53.49	0.0415	20.51119	23.71	41.83	1.2	0.999204	19.8485	1.24808	775.36	0.96769	3.28	0
472	10:47:53.79	0.0390	20.51231	23.71	41.83	1.2	0.999264	19.8494	1.24808	775.34	0.96769	3.28	0
473	10:47:54.09	0.0380	20.51245	23.71	41.90	1.2	0.999276	19.8492	1.24804	775.34	0.96767	3.28	0
474	10:47:54.39	0.0400	20.51168	23.71	41.90	1.2	0.999234	19.8493	1.24808	775.36	0.96770	3.28	0
475	10:47:54.69	0.0395	20.51182	23.71	41.90	1.2	0.999246	19.8490	1.24804	775.36	0.96769	3.28	0
476	10:47:54.99	0.0395	20.51196	23.71	41.90	1.2	0.999252	19.8488	1.24804	775.34	0.96767	3.28	0
477	10:47:55.29	0.0390	20.51217	23.71	41.93	1.2	0.999264	19.8494	1.24808	775.34	0.96769	3.28	0
478	10:47:55.59	0.0380	20.51245	23.71	41.93	1.2	0.999276	19.8498	1.24808	775.36	0.96769	3.28	0
479	10:47:55.89	0.0380	20.51238	23.71	41.93	1.2	0.999270	19.8494	1.24804	775.36	0.96768	3.28	0
480	10:47:56.19	0.0390	20.51203	23.71	41.93	1.2	0.999252	19.8488	1.24804	775.34	0.96767	3.28	0
481	10:47:56.49	0.0390	20.51210	23.71	41.93	1.2	0.999258	19.8493	1.24808	775.36	0.96769	3.28	0
482	10:47:56.79	0.0390	20.51203	23.71	41.93	1.2	0.999258	19.8498	1.24808	775.36	0.96771	3.28	0
483	10:47:57.09	0.0395	20.51196	23.71	41.93	1.2	0.999252	19.8495	1.24808	775.36	0.96770	3.28	0
484	10:47:57.39	0.0365	20.51294	23.71	41.93	1.2	0.999300	19.8498	1.24804	775.34	0.96767	3.28	0
485	10:47:57.69	0.0390	20.51203	23.71	41.93	1.2	0.999252	19.8494	1.24808	775.36	0.96770	3.28	0
486	10:47:58.08	0.0390	20.51210	23.71	41.93	1.2	0.999258	19.8497	1.24808	775.36	0.96771	3.28	0
487	10:47:58.48	0.0410	20.51133	23.71	41.93	1.2	0.999222	19.8497	1.24812	775.38	0.96775	3.28	0
488	10:47:58.61	0.0400	20.51168	23.71	41.93	1.2	0.999240	19.8496	1.24808	775.36	0.96772	3.28	0
489	10:47:58.89	0.0400	20.51175	23.71	41.93	1.2	0.999240	19.8492	1.24808	775.36	0.96770	3.28	0
490	10:47:59.19	0.0400	20.51161	23.72	41.93	1.2	0.999240	19.8492	1.24808	775.36	0.96770	3.28	0
491	10:47:59.49	0.0380	20.51245	23.72	41.93	1.2	0.999276	19.8496	1.24808	775.34	0.96769	3.28	0
492	10:47:59.79	0.0395	20.51182	23.71	41.93	1.2	0.999246	19.8499	1.24808	775.36	0.96773	3.28	0
Device address	Device ID	Factory Device ID	Firmware	Measurement mode	Gain	Speed	Y_AH_Cal (-)	TF_Cal (V/W)	Temp_Cal (°C)																																				
FF47	D3	12J691	 C3.8	H2   	1.000	Norm 	 0.995544	20.464394	29.717340																																				
Iteration	Time	Output (%)	Transfer (V/W)	Tsens (°C)	RH (%)	AH (kPa)	Corr transfer (-)	Utp (mV)	Ih (mA)	Uh (mV)	Ph (mW)	Usyst (V)	Alarm																																
0	11:49:45.58	0.0380	20.50496	24.40	43.06	1.3	0.999276	19.8684	1.24848	776.12	0.96896	3.28	0
1	11:49:45.71	0.0385	20.50468	24.40	43.06	1.3	0.999264	19.8681	1.24848	776.12	0.96895	3.28	0
2	11:49:46.01	0.0410	20.50391	24.40	43.03	1.3	0.999222	19.8682	1.24848	776.14	0.96899	3.28	0
3	11:49:46.31	0.0385	20.50496	24.39	43.03	1.3	0.999270	19.8687	1.24844	776.14	0.96897	3.28	0
4	11:49:46.64	0.0390	20.50461	24.39	43.06	1.3	0.999258	19.8680	1.24844	776.12	0.96895	3.28	0
5	11:49:47.31	0.0380	20.50503	24.40	43.03	1.3	0.999282	19.8683	1.24844	776.12	0.96895	3.28	0
6	11:49:47.51	0.0375	20.50524	24.40	43.03	1.3	0.999288	19.8687	1.24844	776.12	0.96896	3.28	0
7	11:49:47.81	0.0380	20.50510	24.40	43.03	1.3	0.999282	19.8684	1.24844	776.12	0.96895	3.28	0
8	11:49:48.11	0.0390	20.50461	24.40	43.03	1.3	0.999258	19.8677	1.24844	776.12	0.96894	3.28	0
9	11:49:48.41	0.0390	20.50468	24.40	43.03	1.3	0.999264	19.8679	1.24844	776.12	0.96895	3.28	0
10	11:49:48.71	0.0365	20.50559	24.40	43.03	1.3	0.999306	19.8682	1.24844	776.10	0.96891	3.28	0
11	11:49:49.01	0.0385	20.50482	24.40	43.03	1.3	0.999270	19.8681	1.24844	776.12	0.96895	3.28	0
12	11:49:49.31	0.0395	20.50433	24.40	43.03	1.3	0.999246	19.8671	1.24844	776.12	0.96892	3.28	0
13	11:49:49.61	0.0385	20.50482	24.40	43.03	1.3	0.999270	19.8684	1.24844	776.12	0.96896	3.28	0
14	11:49:49.91	0.0385	20.50489	24.40	43.03	1.3	0.999270	19.8684	1.24844	776.12	0.96896	3.28	0
15	11:49:50.21	0.0400	20.50419	24.40	43.03	1.3	0.999234	19.8687	1.24848	776.14	0.96901	3.28	0
16	11:49:50.51	0.0385	20.50468	24.40	43.03	1.3	0.999264	19.8688	1.24848	776.14	0.96899	3.28	0
17	11:49:50.81	0.0400	20.50426	24.40	43.03	1.3	0.999240	19.8684	1.24848	776.14	0.96899	3.28	0
18	11:49:51.11	0.0380	20.50496	24.40	43.03	1.3	0.999276	19.8689	1.24848	776.14	0.96898	3.28	0
19	11:49:51.41	0.0390	20.50454	24.40	43.03	1.3	0.999252	19.8680	1.24844	776.12	0.96896	3.28	0
20	11:49:51.71	0.0410	20.50377	24.40	43.03	1.3	0.999216	19.8681	1.24848	776.14	0.96899	3.28	0
21	11:49:52.01	0.0380	20.50503	24.40	43.03	1.3	0.999276	19.8678	1.24844	776.12	0.96892	3.28	0
22	11:49:52.31	0.0385	20.50482	24.40	43.03	1.3	0.999270	19.8677	1.24844	776.12	0.96893	3.28	0
23	11:49:52.61	0.0375	20.50510	24.40	43.03	1.3	0.999282	19.8677	1.24844	776.10	0.96892	3.28	0
24	11:49:52.91	0.0380	20.50496	24.40	43.03	1.3	0.999276	19.8677	1.24844	776.10	0.96892	3.28	0
25	11:49:53.21	0.0390	20.50468	24.40	43.03	1.3	0.999264	19.8677	1.24844	776.12	0.96894	3.28	0
26	11:49:53.54	0.0395	20.50440	24.40	43.03	1.3	0.999246	19.8680	1.24844	776.14	0.96896	3.28	0
27	11:49:53.81	0.0390	20.50461	24.40	43.03	1.3	0.999258	19.8680	1.24844	776.12	0.96895	3.28	0
28	11:49:54.11	0.0365	20.50559	24.40	43.03	1.3	0.999306	19.8677	1.24840	776.10	0.96890	3.28	0
29	11:49:54.41	0.0395	20.50447	24.40	43.03	1.3	0.999252	19.8692	1.24848	776.16	0.96902	3.28	0
30	11:49:54.71	0.0380	20.50496	24.40	43.03	1.3	0.999276	19.8682	1.24844	776.12	0.96895	3.28	0
31	11:49:55.01	0.0625	20.49544	24.40	43.03	1.3	0.998814	19.8588	1.24844	776.12	0.96893	3.28	0
32	11:49:55.31	0.5685	20.29300	24.40	43.03	1.3	0.988944	19.6603	1.24844	776.02	0.96883	3.28	0
33	11:49:55.61	2.1390	19.64886	24.40	43.03	1.3	0.957552	19.0273	1.24844	775.68	0.96837	3.28	0
34	11:49:55.91	4.6435	18.70204	24.41	43.03	1.3	0.911418	18.1014	1.24848	775.24	0.96788	3.28	0
35	11:49:56.21	7.5330	17.70041	24.41	43.03	1.3	0.862608	17.1209	1.24848	774.74	0.96726	3.28	0
36	11:49:56.51	10.4225	16.77767	24.40	43.03	1.3	0.817632	16.2191	1.24848	774.30	0.96671	3.28	0
37	11:49:56.81	13.0495	15.96763	24.40	42.96	1.3	0.778152	15.4288	1.24852	773.92	0.96625	3.28	0
38	11:49:57.11	15.5745	15.25643	24.40	42.96	1.3	0.743490	14.7342	1.24848	773.54	0.96577	3.28	0
39	11:49:57.41	17.9175	14.63616	24.40	42.73	1.3	0.713256	14.1298	1.24852	773.24	0.96540	3.28	0
40	11:49:57.71	20.0615	14.09828	24.40	42.73	1.3	0.687042	13.6049	1.24848	772.94	0.96500	3.28	0
41	11:49:58.01	22.0285	13.62711	24.40	42.49	1.3	0.664068	13.1459	1.24848	772.70	0.96469	3.28	0
42	11:49:58.31	23.8180	13.21698	24.40	42.49	1.3	0.644082	12.7473	1.24852	772.50	0.96446	3.28	0
43	11:49:58.61	25.4475	12.85907	24.40	42.10	1.3	0.626622	12.3982	1.24848	772.26	0.96416	3.28	0
44	11:49:58.91	26.9155	12.54568	24.40	42.10	1.3	0.611352	12.0942	1.24852	772.14	0.96401	3.28	0
45	11:49:59.21	28.2150	12.27443	24.40	41.67	1.3	0.598116	11.8301	1.24852	771.96	0.96380	3.28	0
46	11:49:59.51	29.3990	12.03580	24.40	41.67	1.3	0.586488	11.5984	1.24852	771.84	0.96366	3.28	0
47	11:49:59.81	30.4730	11.82328	24.40	41.26	1.3	0.576114	11.3916	1.24852	771.72	0.96349	3.28	0
48	11:50:00.11	31.4500	11.63386	24.40	41.26	1.3	0.566886	11.2080	1.24852	771.62	0.96339	3.28	0
49	11:50:00.41	32.3290	11.46635	24.40	40.90	1.2	0.558714	11.0445	1.24848	771.50	0.96321	3.28	0
50	11:50:00.71	33.1335	11.31683	24.40	40.90	1.2	0.551424	10.8993	1.24848	771.42	0.96311	3.28	0
51	11:50:01.01	33.8485	11.18425	24.40	40.57	1.2	0.544956	10.7709	1.24852	771.36	0.96304	3.28	0
52	11:50:01.31	34.5040	11.06567	24.40	40.57	1.2	0.539178	10.6557	1.24852	771.28	0.96296	3.28	0
53	11:50:01.61	35.0880	10.96116	24.40	40.23	1.2	0.534072	10.5545	1.24852	771.24	0.96289	3.28	0
54	11:50:01.91	35.6085	10.86778	24.40	40.23	1.2	0.529524	10.4639	1.24852	771.18	0.96283	3.28	0
55	11:50:02.21	36.0725	10.78539	24.40	40.01	1.2	0.525498	10.3837	1.24848	771.12	0.96275	3.28	0
56	11:50:02.51	36.4920	10.71329	24.40	40.01	1.2	0.521988	10.3134	1.24852	771.06	0.96268	3.28	0
57	11:50:02.81	36.8640	10.64966	24.40	39.77	1.2	0.518874	10.2519	1.24852	771.04	0.96265	3.28	0
58	11:50:03.11	37.1860	10.59436	24.40	39.77	1.2	0.516186	10.1984	1.24852	771.02	0.96263	3.28	0
59	11:50:03.41	37.4625	10.54704	24.40	39.57	1.2	0.513870	10.1522	1.24852	770.98	0.96256	3.28	0
60	11:50:03.71	37.6945	10.50721	24.40	39.57	1.2	0.511926	10.1137	1.24852	770.96	0.96255	3.28	0
61	11:50:04.01	37.8935	10.47312	24.40	39.40	1.2	0.510264	10.0807	1.24852	770.94	0.96253	3.28	0
62	11:50:04.31	38.0500	10.44659	24.40	39.40	1.2	0.508968	10.0553	1.24852	770.94	0.96254	3.28	0
63	11:50:04.61	38.1710	10.42650	24.40	39.23	1.2	0.507984	10.0353	1.24852	770.90	0.96248	3.28	0
64	11:50:04.91	38.2650	10.41089	24.40	39.23	1.2	0.507222	10.0204	1.24852	770.90	0.96249	3.28	0
65	11:50:05.21	38.3340	10.39948	24.40	39.10	1.2	0.506664	10.0092	1.24852	770.90	0.96247	3.28	0
66	11:50:05.51	38.3800	10.39192	24.40	39.10	1.2	0.506298	10.0020	1.24852	770.90	0.96248	3.28	0
67	11:50:05.81	38.4095	10.38702	24.40	39.04	1.2	0.506052	9.9975	1.24852	770.90	0.96250	3.28	0
68	11:50:06.11	38.4265	10.38422	24.40	39.04	1.2	0.505920	9.9944	1.24848	770.90	0.96246	3.28	0
69	11:50:06.41	38.4410	10.38191	24.40	38.94	1.2	0.505800	9.9926	1.24852	770.90	0.96250	3.28	0
70	11:50:06.71	38.4430	10.38156	24.40	38.94	1.2	0.505782	9.9919	1.24852	770.90	0.96246	3.28	0
71	11:50:07.01	38.4460	10.38114	24.40	38.87	1.2	0.505764	9.9917	1.24852	770.90	0.96249	3.28	0
72	11:50:07.31	38.4395	10.38219	24.40	38.87	1.2	0.505812	9.9926	1.24852	770.88	0.96248	3.28	0
73	11:50:07.61	38.4385	10.38240	24.40	38.84	1.2	0.505818	9.9930	1.24852	770.90	0.96250	3.28	0
74	11:50:07.91	38.4465	10.38100	24.40	38.84	1.2	0.505752	9.9914	1.24852	770.90	0.96247	3.28	0
75	11:50:08.21	38.5630	10.36168	24.40	38.77	1.2	0.504810	9.9725	1.24852	770.88	0.96245	3.28	0
76	11:50:08.51	39.1770	10.25962	24.40	38.77	1.2	0.499836	9.8735	1.24852	770.82	0.96237	3.28	0
77	11:50:08.81	39.9655	10.12851	24.40	38.74	1.2	0.493452	9.7464	1.24852	770.72	0.96227	3.28	0
78	11:50:09.11	40.7955	9.99551	24.39	38.74	1.2	0.486966	9.6172	1.24848	770.64	0.96214	3.28	0
79	11:50:09.41	41.5360	9.87707	24.39	38.70	1.2	0.481194	9.5023	1.24852	770.56	0.96206	3.28	0
80	11:50:09.71	41.9905	9.80427	24.40	38.70	1.2	0.477648	9.4317	1.24848	770.52	0.96199	3.28	0
81	11:50:10.01	42.3165	9.75394	24.40	38.50	1.2	0.475194	9.3834	1.24852	770.52	0.96201	3.28	0
82	11:50:10.31	42.3820	9.74393	24.39	38.50	1.2	0.474702	9.3731	1.24848	770.50	0.96195	3.28	0
83	11:50:10.61	42.2380	9.76647	24.39	38.04	1.2	0.475782	9.3953	1.24852	770.52	0.96200	3.28	0
84	11:50:10.91	42.1605	9.77837	24.40	38.04	1.2	0.476364	9.4072	1.24856	770.54	0.96204	3.28	0
85	11:50:11.21	41.7960	9.83619	24.40	37.51	1.1	0.479166	9.4632	1.24852	770.56	0.96207	3.28	0
86	11:50:11.51	41.6215	9.86405	24.40	37.51	1.1	0.480522	9.4901	1.24852	770.58	0.96209	3.28	0
87	11:50:11.81	41.4105	9.89835	24.40	36.88	1.1	0.482172	9.5231	1.24852	770.60	0.96209	3.28	0
88	11:50:12.11	41.3140	9.91375	24.40	36.88	1.1	0.482922	9.5382	1.24852	770.62	0.96212	3.28	0
89	11:50:12.41	41.2530	9.92397	24.40	36.21	1.1	0.483402	9.5482	1.24852	770.62	0.96214	3.28	0
90	11:50:12.71	41.2075	9.93125	24.40	36.21	1.1	0.483756	9.5553	1.24852	770.62	0.96214	3.28	0
91	11:50:13.01	41.1890	9.93461	24.40	35.65	1.1	0.483900	9.5588	1.24852	770.64	0.96217	3.28	0
92	11:50:13.31	41.0885	9.95071	24.40	35.65	1.1	0.484686	9.5744	1.24852	770.66	0.96218	3.28	0
93	11:50:13.61	40.9120	9.97934	24.40	35.08	1.1	0.486060	9.6018	1.24852	770.64	0.96217	3.28	0
94	11:50:13.91	40.7520	10.00503	24.39	35.08	1.1	0.487308	9.6266	1.24852	770.66	0.96217	3.28	0
95	11:50:14.21	40.4870	10.04773	24.39	34.62	1.1	0.489372	9.6683	1.24852	770.70	0.96223	3.28	0
96	11:50:14.51	40.3945	10.06257	24.40	34.62	1.1	0.490098	9.6825	1.24852	770.70	0.96223	3.28	0
97	11:50:14.81	40.2900	10.07958	24.40	34.22	1.0	0.490914	9.6991	1.24852	770.70	0.96224	3.28	0
98	11:50:15.11	40.1745	10.09806	24.40	34.22	1.0	0.491814	9.7174	1.24856	770.74	0.96230	3.28	0
99	11:50:15.41	39.8285	10.15483	24.40	33.86	1.0	0.494562	9.7720	1.24852	770.74	0.96230	3.28	0
100	11:50:15.71	39.5170	10.20656	24.40	33.86	1.0	0.497082	9.8224	1.24852	770.80	0.96236	3.28	0
101	11:50:16.01	39.2455	10.25199	24.40	33.49	1.0	0.499284	9.8657	1.24848	770.78	0.96232	3.28	0
102	11:50:16.31	38.9230	10.30561	24.40	33.49	1.0	0.501894	9.9186	1.24852	770.86	0.96245	3.28	0
103	11:50:16.61	38.2050	10.42524	24.40	33.25	1.0	0.507714	10.0348	1.24852	770.94	0.96255	3.28	0
104	11:50:16.91	36.8410	10.65841	24.40	33.25	1.0	0.519066	10.2607	1.24852	771.06	0.96268	3.28	0
105	11:50:17.21	35.4820	10.89606	24.40	33.02	1.0	0.530628	10.4910	1.24852	771.18	0.96283	3.28	0
106	11:50:17.51	34.4790	11.07596	24.40	33.02	1.0	0.539394	10.6654	1.24848	771.28	0.96293	3.28	0
107	11:50:17.81	34.0065	11.16094	24.40	32.86	1.0	0.543528	10.7483	1.24848	771.34	0.96302	3.28	0
108	11:50:18.11	33.2610	11.29947	24.40	32.86	1.0	0.550272	10.8829	1.24852	771.42	0.96313	3.28	0
109	11:50:18.41	31.5640	11.61853	24.40	32.83	1.0	0.565812	11.1932	1.24848	771.64	0.96339	3.28	0
110	11:50:18.71	28.8280	12.15837	24.40	32.83	1.0	0.592098	11.7179	1.24852	771.94	0.96377	3.28	0
111	11:50:19.01	27.1445	12.50550	24.40	32.86	1.0	0.609006	12.0549	1.24848	772.10	0.96397	3.28	0
112	11:50:19.31	26.8955	12.55793	24.40	32.86	1.0	0.611556	12.1064	1.24852	772.14	0.96404	3.28	0
113	11:50:19.61	27.1770	12.49850	24.40	33.02	1.0	0.608670	12.0482	1.24852	772.10	0.96397	3.28	0
114	11:50:19.91	27.3655	12.45881	24.40	33.02	1.0	0.606738	12.0099	1.24852	772.10	0.96397	3.28	0
115	11:50:20.21	27.2155	12.49017	24.40	33.29	1.0	0.608274	12.0405	1.24852	772.12	0.96400	3.28	0
116	11:50:20.51	26.7470	12.58887	24.40	33.29	1.0	0.613080	12.1365	1.24852	772.18	0.96406	3.28	0
117	11:50:20.81	25.8695	12.77437	24.40	33.53	1.0	0.622128	12.3168	1.24852	772.26	0.96418	3.28	0
118	11:50:21.11	25.2810	12.90324	24.39	33.53	1.0	0.628398	12.4417	1.24848	772.32	0.96423	3.28	0
119	11:50:21.41	25.2940	12.90016	24.39	33.79	1.0	0.628260	12.4389	1.24848	772.32	0.96424	3.28	0
120	11:50:21.71	25.1040	12.94167	24.40	33.79	1.0	0.630282	12.4792	1.24852	772.34	0.96427	3.28	0
121	11:50:22.01	25.6030	12.83226	24.40	34.02	1.0	0.624966	12.3730	1.24852	772.28	0.96421	3.28	0
122	11:50:22.31	25.6840	12.81455	24.40	34.02	1.0	0.624108	12.3550	1.24848	772.26	0.96413	3.28	0
123	11:50:22.61	25.0955	12.94314	24.40	34.25	1.0	0.630378	12.4809	1.24848	772.36	0.96428	3.28	0
124	11:50:22.91	23.8095	13.22650	24.40	34.25	1.0	0.644178	12.7564	1.24848	772.50	0.96446	3.28	0
125	11:50:23.21	22.7085	13.47885	24.40	34.42	1.0	0.656478	13.0027	1.24852	772.66	0.96467	3.28	0
126	11:50:23.51	22.4470	13.53877	24.40	34.42	1.0	0.659394	13.0608	1.24852	772.68	0.96470	3.28	0
127	11:50:23.81	22.1675	13.60261	24.40	34.62	1.1	0.662514	13.1229	1.24848	772.72	0.96473	3.28	0
128	11:50:24.11	21.8015	13.68871	24.40	34.62	1.1	0.666708	13.2069	1.24848	772.78	0.96480	3.28	0
129	11:50:24.41	21.4940	13.76235	24.40	34.82	1.1	0.670302	13.2786	1.24852	772.80	0.96485	3.28	0
130	11:50:24.71	21.5345	13.75262	24.40	34.82	1.1	0.669828	13.2694	1.24852	772.80	0.96487	3.28	0
131	11:50:25.01	21.6995	13.71272	24.40	35.08	1.1	0.667896	13.2296	1.24848	772.76	0.96477	3.28	0
132	11:50:25.31	21.8380	13.67954	24.40	35.08	1.1	0.666282	13.1972	1.24848	772.72	0.96474	3.28	0
133	11:50:25.61	21.9470	13.65308	24.40	35.31	1.1	0.665004	13.1718	1.24848	772.72	0.96475	3.28	0
134	11:50:25.91	22.0010	13.64020	24.40	35.31	1.1	0.664374	13.1588	1.24844	772.72	0.96471	3.28	0
135	11:50:26.21	21.9300	13.65700	24.40	35.48	1.1	0.665202	13.1755	1.24848	772.74	0.96474	3.28	0
136	11:50:26.51	21.5405	13.75045	24.41	35.48	1.1	0.669756	13.2668	1.24848	772.80	0.96482	3.28	0
137	11:50:26.81	20.9500	13.89199	24.41	35.68	1.1	0.676656	13.4047	1.24848	772.88	0.96493	3.28	0
138	11:50:27.11	20.7325	13.94414	24.40	35.68	1.1	0.679200	13.4552	1.24848	772.88	0.96493	3.28	0
139	11:50:27.41	20.7790	13.93294	24.40	35.78	1.1	0.678654	13.4445	1.24848	772.88	0.96494	3.28	0
140	11:50:27.71	20.5950	13.97718	24.40	35.78	1.1	0.680814	13.4870	1.24844	772.90	0.96493	3.28	0
141	11:50:28.01	20.1870	14.07483	24.40	35.92	1.1	0.685578	13.5822	1.24848	772.94	0.96500	3.28	0
142	11:50:28.31	19.8710	14.15204	24.41	35.92	1.1	0.689340	13.6575	1.24848	773.00	0.96506	3.28	0
143	11:50:28.61	19.6645	14.20377	24.41	36.08	1.1	0.691866	13.7084	1.24848	773.04	0.96513	3.28	0
144	11:50:28.91	19.4565	14.25592	24.40	36.08	1.1	0.694404	13.7592	1.24848	773.06	0.96515	3.28	0
145	11:50:29.21	19.2320	14.31213	24.40	36.24	1.1	0.697146	13.8140	1.24848	773.08	0.96520	3.28	0
146	11:50:29.51	19.0030	14.36946	24.40	36.24	1.1	0.699942	13.8701	1.24848	773.14	0.96525	3.28	0
147	11:50:29.81	19.0775	14.35070	24.40	36.38	1.1	0.699036	13.8510	1.24848	773.08	0.96518	3.28	0
148	11:50:30.11	19.4090	14.26747	24.40	36.38	1.1	0.694980	13.7699	1.24848	773.04	0.96512	3.28	0
149	11:50:30.41	19.7145	14.19082	24.40	36.51	1.1	0.691254	13.6958	1.24848	773.04	0.96512	3.28	0
150	11:50:30.71	19.6040	14.21854	24.40	36.51	1.1	0.692604	13.7227	1.24848	773.04	0.96512	3.28	0
151	11:50:31.01	19.4960	14.24542	24.40	36.61	1.1	0.693918	13.7485	1.24848	773.04	0.96512	3.28	0
152	11:50:31.31	19.6570	14.20510	24.40	36.61	1.1	0.691950	13.7083	1.24844	773.00	0.96503	3.28	0
153	11:50:31.61	19.4595	14.25459	24.40	36.75	1.1	0.694368	13.7578	1.24848	773.06	0.96515	3.28	0
154	11:50:31.91	19.3385	14.28483	24.41	36.75	1.1	0.695850	13.7878	1.24852	773.08	0.96520	3.28	0
155	11:50:32.21	19.3300	14.28693	24.41	36.81	1.1	0.695952	13.7894	1.24848	773.08	0.96518	3.28	0
156	11:50:32.51	19.3445	14.28322	24.41	36.81	1.1	0.695772	13.7855	1.24848	773.06	0.96515	3.28	0
157	11:50:32.81	19.4060	14.26782	24.41	36.88	1.1	0.695022	13.7706	1.24848	773.06	0.96515	3.28	0
158	11:50:33.11	19.2335	14.31115	24.40	36.88	1.1	0.697134	13.8131	1.24848	773.08	0.96520	3.28	0
159	11:50:33.41	18.8085	14.41769	24.40	36.91	1.1	0.702324	13.9162	1.24844	773.14	0.96521	3.28	0
160	11:50:33.71	18.5250	14.48881	24.40	36.91	1.1	0.705786	13.9857	1.24848	773.18	0.96528	3.28	0
161	11:50:34.01	18.5450	14.48377	24.40	36.98	1.1	0.705546	13.9810	1.24848	773.18	0.96529	3.28	0
162	11:50:34.31	18.6780	14.45031	24.40	36.98	1.1	0.703914	13.9480	1.24844	773.14	0.96524	3.28	0
163	11:50:34.61	18.9350	14.38577	24.40	37.08	1.1	0.700776	13.8851	1.24848	773.10	0.96520	3.28	0
164	11:50:34.91	19.1800	14.32431	24.40	37.08	1.1	0.697782	13.8256	1.24848	773.08	0.96518	3.28	0
165	11:50:35.21	19.2475	14.30730	24.40	37.11	1.1	0.696954	13.8092	1.24848	773.08	0.96518	3.28	0
166	11:50:35.51	19.1920	14.32123	24.41	37.11	1.1	0.697638	13.8234	1.24852	773.12	0.96524	3.28	0
167	11:50:35.81	19.0445	14.35819	24.41	37.14	1.1	0.699438	13.8589	1.24848	773.12	0.96523	3.28	0
168	11:50:36.11	19.0510	14.35658	24.40	37.14	1.1	0.699360	13.8567	1.24848	773.10	0.96518	3.28	0
169	11:50:36.41	19.1375	14.33488	24.40	37.17	1.1	0.698304	13.8354	1.24848	773.08	0.96516	3.28	0
170	11:50:36.71	19.1590	14.32942	24.40	37.17	1.1	0.698034	13.8301	1.24844	773.08	0.96515	3.28	0
171	11:50:37.01	19.1075	14.34230	24.40	37.21	1.1	0.698664	13.8435	1.24848	773.12	0.96523	3.28	0
172	11:50:37.31	18.9340	14.38584	24.40	37.21	1.1	0.700788	13.8855	1.24848	773.12	0.96523	3.28	0
173	11:50:37.61	18.5620	14.47908	24.40	37.24	1.1	0.705330	13.9774	1.24852	773.20	0.96535	3.28	0
174	11:50:37.91	18.2180	14.56539	24.40	37.24	1.1	0.709536	14.0611	1.24848	773.24	0.96538	3.28	0
175	11:50:38.21	17.9270	14.63924	24.40	37.24	1.1	0.713136	14.1329	1.24848	773.26	0.96541	3.28	0
176	11:50:38.51	17.7975	14.67326	24.40	37.24	1.1	0.714786	14.1654	1.24848	773.26	0.96539	3.28	0
177	11:50:38.81	17.8230	14.66661	24.40	37.27	1.1	0.714468	14.1595	1.24848	773.28	0.96543	3.28	0
178	11:50:39.11	17.9595	14.63063	24.41	37.27	1.1	0.712716	14.1235	1.24844	773.24	0.96535	3.28	0
179	11:50:39.41	18.1300	14.58730	24.41	37.37	1.1	0.710610	14.0819	1.24848	773.24	0.96535	3.28	0
180	11:50:39.71	18.1880	14.57281	24.40	37.37	1.1	0.709902	14.0685	1.24852	773.24	0.96539	3.28	0
181	11:50:40.01	18.2420	14.55930	24.40	37.41	1.1	0.709248	14.0552	1.24852	773.22	0.96538	3.28	0
182	11:50:40.31	18.2070	14.56791	24.41	37.41	1.1	0.709668	14.0638	1.24852	773.24	0.96540	3.28	0
183	11:50:40.61	18.2160	14.56567	24.41	37.44	1.1	0.709560	14.0604	1.24848	773.20	0.96532	3.28	0
184	11:50:40.91	18.2070	14.56798	24.40	37.44	1.1	0.709674	14.0636	1.24848	773.24	0.96538	3.28	0
185	11:50:41.21	18.1445	14.58366	24.40	37.47	1.1	0.710436	14.0782	1.24848	773.22	0.96534	3.28	0
186	11:50:41.51	18.1100	14.59227	24.40	37.47	1.1	0.710856	14.0876	1.24852	773.24	0.96541	3.28	0
187	11:50:41.81	18.1190	14.59003	24.40	37.51	1.1	0.710748	14.0853	1.24852	773.26	0.96541	3.28	0
188	11:50:42.11	18.1815	14.57428	24.40	37.51	1.1	0.709980	14.0696	1.24848	773.24	0.96538	3.28	0
189	11:50:42.41	18.1285	14.58758	24.40	37.54	1.1	0.710634	14.0827	1.24848	773.24	0.96538	3.28	0
190	11:50:42.71	18.0730	14.60144	24.40	37.54	1.1	0.711306	14.0956	1.24848	773.24	0.96536	3.28	0
191	11:50:43.01	17.9320	14.63770	24.40	37.54	1.1	0.713070	14.1313	1.24848	773.26	0.96541	3.28	0
192	11:50:43.31	17.8630	14.65569	24.41	37.54	1.1	0.713952	14.1485	1.24848	773.26	0.96539	3.28	0
193	11:50:43.61	18.0570	14.60543	24.41	37.57	1.1	0.711504	14.0999	1.24848	773.24	0.96539	3.28	0
194	11:50:43.91	18.1600	14.57967	24.40	37.57	1.1	0.710244	14.0748	1.24848	773.24	0.96537	3.28	0
195	11:50:44.21	18.0390	14.60998	24.40	37.57	1.1	0.711726	14.1042	1.24848	773.22	0.96538	3.28	0
196	11:50:44.51	17.8125	14.66885	24.41	37.57	1.1	0.714594	14.1614	1.24848	773.26	0.96541	3.28	0
197	11:50:44.81	17.7525	14.68467	24.41	37.61	1.1	0.715368	14.1772	1.24848	773.30	0.96545	3.28	0
198	11:50:45.11	17.7480	14.68586	24.40	37.61	1.1	0.715422	14.1775	1.24844	773.26	0.96539	3.28	0
199	11:50:45.41	17.6910	14.70077	24.40	37.61	1.1	0.716148	14.1926	1.24848	773.28	0.96543	3.28	0
200	11:50:45.71	17.5605	14.73514	24.40	37.61	1.1	0.717822	14.2260	1.24848	773.32	0.96545	3.28	0
201	11:50:46.01	17.4495	14.76426	24.40	37.64	1.1	0.719244	14.2545	1.24848	773.32	0.96548	3.28	0
202	11:50:46.31	17.4475	14.76475	24.40	37.64	1.1	0.719268	14.2558	1.24852	773.34	0.96553	3.28	0
203	11:50:46.61	17.4760	14.75726	24.40	37.64	1.1	0.718902	14.2479	1.24848	773.32	0.96548	3.28	0
204	11:50:46.91	17.5645	14.73402	24.40	37.64	1.1	0.717768	14.2249	1.24848	773.30	0.96545	3.28	0
205	11:50:47.21	17.6475	14.71211	24.40	37.68	1.1	0.716706	14.2038	1.24848	773.30	0.96545	3.28	0
206	11:50:47.51	17.6850	14.70224	24.41	37.68	1.1	0.716226	14.1938	1.24848	773.28	0.96542	3.28	0
207	11:50:47.81	17.5555	14.73626	24.41	37.71	1.2	0.717888	14.2273	1.24848	773.30	0.96547	3.28	0
208	11:50:48.11	17.4305	14.76895	24.41	37.71	1.2	0.719478	14.2596	1.24848	773.34	0.96551	3.28	0
209	11:50:48.41	17.2095	14.82691	24.41	37.78	1.2	0.722304	14.3159	1.24848	773.38	0.96553	3.28	0
210	11:50:48.71	16.9725	14.88914	24.40	37.78	1.2	0.725334	14.3767	1.24848	773.40	0.96558	3.28	0
211	11:50:49.01	16.9430	14.89698	24.40	37.78	1.2	0.725712	14.3844	1.24848	773.42	0.96559	3.28	0
212	11:50:49.31	17.0415	14.87115	24.40	37.78	1.2	0.724458	14.3589	1.24848	773.38	0.96556	3.28	0
213	11:50:49.61	17.1780	14.83517	24.40	37.81	1.2	0.722706	14.3246	1.24852	773.38	0.96558	3.28	0
214	11:50:49.91	17.2490	14.81655	24.40	37.81	1.2	0.721800	14.3065	1.24852	773.38	0.96557	3.28	0
215	11:50:50.21	17.3115	14.80017	24.40	37.84	1.2	0.721002	14.2897	1.24848	773.34	0.96551	3.28	0
216	11:50:50.51	17.3340	14.79415	24.41	37.84	1.2	0.720714	14.2852	1.24856	773.38	0.96560	3.28	0
217	11:50:50.81	17.3460	14.79107	24.41	37.84	1.2	0.720564	14.2818	1.24852	773.38	0.96557	3.28	0
218	11:50:51.11	17.3770	14.78302	24.40	37.84	1.2	0.720168	14.2729	1.24848	773.34	0.96549	3.28	0
219	11:50:51.41	17.2980	14.80374	24.40	37.88	1.2	0.721176	14.2935	1.24848	773.36	0.96553	3.28	0
220	11:50:51.71	17.2395	14.81900	24.40	37.88	1.2	0.721920	14.3086	1.24848	773.38	0.96556	3.28	0
221	11:50:52.01	17.2055	14.82796	24.40	37.88	1.2	0.722358	14.3172	1.24852	773.36	0.96556	3.28	0
222	11:50:52.31	17.1350	14.84637	24.41	37.88	1.2	0.723258	14.3351	1.24848	773.38	0.96556	3.28	0
223	11:50:52.61	17.1100	14.85295	24.41	37.91	1.2	0.723582	14.3411	1.24848	773.38	0.96554	3.28	0
224	11:50:52.91	17.0115	14.87878	24.41	37.91	1.2	0.724836	14.3662	1.24848	773.38	0.96555	3.28	0
225	11:50:53.21	16.8930	14.90986	24.41	37.91	1.2	0.726354	14.3965	1.24848	773.40	0.96557	3.28	0
226	11:50:53.51	16.7500	14.94745	24.40	37.91	1.2	0.728178	14.4332	1.24848	773.42	0.96560	3.28	0
227	11:50:53.81	16.7035	14.95956	24.40	37.95	1.2	0.728772	14.4455	1.24848	773.44	0.96563	3.28	0
228	11:50:54.11	16.7080	14.95844	24.40	37.95	1.2	0.728718	14.4442	1.24852	773.42	0.96563	3.28	0
229	11:50:54.41	16.7025	14.95991	24.40	37.95	1.2	0.728790	14.4455	1.24848	773.42	0.96562	3.28	0
230	11:50:54.71	16.5810	14.99176	24.40	37.95	1.2	0.730344	14.4771	1.24852	773.46	0.96567	3.28	0
231	11:50:55.01	16.5915	14.98889	24.40	38.03	1.2	0.730206	14.4740	1.24852	773.44	0.96565	3.28	0
232	11:50:55.31	16.6760	14.96663	24.41	38.03	1.2	0.729126	14.4522	1.24848	773.44	0.96563	3.28	0
233	11:50:55.61	16.7660	14.94311	24.41	38.01	1.2	0.727980	14.4299	1.24852	773.44	0.96566	3.28	0
234	11:50:55.91	16.7835	14.93856	24.40	38.01	1.2	0.727752	14.4254	1.24852	773.44	0.96565	3.28	0
235	11:50:56.21	16.8100	14.93163	24.40	38.01	1.2	0.727416	14.4187	1.24852	773.44	0.96565	3.28	0
236	11:50:56.51	16.7590	14.94486	24.41	38.01	1.2	0.728064	14.4310	1.24848	773.42	0.96562	3.28	0
237	11:50:56.81	16.6715	14.96782	24.41	38.01	1.2	0.729180	14.4535	1.24848	773.44	0.96563	3.28	0
238	11:50:57.11	16.6715	14.96789	24.40	38.01	1.2	0.729180	14.4534	1.24848	773.44	0.96562	3.28	0
239	11:50:57.41	16.7290	14.95284	24.40	38.04	1.2	0.728448	14.4390	1.24848	773.44	0.96564	3.28	0
240	11:50:57.71	16.7090	14.95809	24.40	38.04	1.2	0.728706	14.4439	1.24848	773.42	0.96562	3.28	0
241	11:50:58.01	16.6470	14.97440	24.40	38.04	1.2	0.729498	14.4596	1.24848	773.44	0.96563	3.28	0
242	11:50:58.31	16.6100	14.98399	24.40	38.04	1.2	0.729966	14.4698	1.24852	773.46	0.96568	3.28	0
243	11:50:58.61	16.5645	14.99603	24.40	38.04	1.2	0.730554	14.4818	1.24852	773.48	0.96571	3.28	0
244	11:50:58.91	16.5245	15.00646	24.41	38.04	1.2	0.731064	14.4912	1.24848	773.46	0.96566	3.28	0
245	11:50:59.21	16.4535	15.02508	24.41	38.04	1.2	0.731970	14.5095	1.24852	773.48	0.96568	3.28	0
246	11:50:59.51	16.4370	15.02949	24.40	38.04	1.2	0.732180	14.5143	1.24852	773.48	0.96572	3.28	0
247	11:50:59.81	16.4210	15.03369	24.40	38.04	1.2	0.732390	14.5185	1.24852	773.50	0.96573	3.28	0
248	11:51:00.11	16.3710	15.04671	24.41	38.04	1.2	0.733026	14.5309	1.24852	773.48	0.96572	3.28	0
249	11:51:00.41	16.4630	15.02256	24.41	38.06	1.2	0.731850	14.5067	1.24848	773.46	0.96566	3.28	0
250	11:51:00.71	16.6055	14.98525	24.41	38.06	1.2	0.730032	14.4708	1.24852	773.46	0.96567	3.28	0
251	11:51:01.01	16.7280	14.95305	24.41	38.11	1.2	0.728466	14.4393	1.24852	773.44	0.96565	3.28	0
252	11:51:01.31	16.7175	14.95578	24.40	38.11	1.2	0.728598	14.4419	1.24848	773.44	0.96564	3.28	0
253	11:51:01.61	16.6440	14.97510	24.40	38.11	1.2	0.729534	14.4606	1.24848	773.44	0.96564	3.28	0
254	11:51:01.91	16.5615	14.99673	24.40	38.11	1.2	0.730590	14.4822	1.24852	773.48	0.96569	3.28	0
255	11:51:02.21	16.4790	15.01829	24.40	38.11	1.2	0.731640	14.5030	1.24848	773.48	0.96569	3.28	0
256	11:51:02.51	16.4160	15.03481	24.41	38.11	1.2	0.732450	14.5190	1.24852	773.48	0.96569	3.28	0
257	11:51:02.81	16.3780	15.04482	24.41	38.11	1.2	0.732936	14.5287	1.24852	773.48	0.96569	3.28	0
258	11:51:03.11	16.3990	15.03929	24.41	38.11	1.2	0.732666	14.5229	1.24848	773.48	0.96566	3.28	0
259	11:51:03.41	16.4640	15.02221	24.41	38.13	1.2	0.731838	14.5069	1.24852	773.48	0.96569	3.28	0
260	11:51:03.71	16.5515	14.99925	24.41	38.13	1.2	0.730722	14.4843	1.24852	773.46	0.96567	3.28	0
261	11:51:04.01	16.6070	14.98476	24.41	38.11	1.2	0.730008	14.4705	1.24852	773.48	0.96569	3.28	0
262	11:51:04.31	16.5790	14.99204	24.41	38.11	1.2	0.730368	14.4768	1.24848	773.44	0.96563	3.28	0
263	11:51:04.61	16.5555	14.99820	24.41	38.14	1.2	0.730668	14.4835	1.24852	773.46	0.96568	3.28	0
264	11:51:04.91	16.5140	15.00919	24.40	38.14	1.2	0.731196	14.4939	1.24848	773.48	0.96567	3.28	0
265	11:51:05.21	16.4845	15.01689	24.40	38.11	1.2	0.731574	14.5027	1.24856	773.50	0.96576	3.28	0
266	11:51:05.51	16.4290	15.03138	24.41	38.11	1.2	0.732282	14.5152	1.24848	773.48	0.96566	3.28	0
267	11:51:05.81	16.3810	15.04398	24.41	38.11	1.2	0.732894	14.5280	1.24852	773.48	0.96570	3.28	0
268	11:51:06.11	16.3260	15.05847	24.41	38.11	1.2	0.733602	14.5424	1.24852	773.50	0.96573	3.28	0
269	11:51:06.41	16.2845	15.06932	24.41	38.11	1.2	0.734130	14.5525	1.24852	773.50	0.96571	3.28	0
270	11:51:06.71	16.2525	15.07779	24.41	38.11	1.2	0.734544	14.5617	1.24852	773.52	0.96577	3.28	0
271	11:51:07.01	16.2365	15.08192	24.41	38.14	1.2	0.734748	14.5654	1.24852	773.52	0.96575	3.28	0
272	11:51:07.31	16.2480	15.07891	24.41	38.14	1.2	0.734598	14.5624	1.24852	773.52	0.96575	3.28	0
273	11:51:07.61	16.2900	15.06785	24.41	38.16	1.2	0.734064	14.5514	1.24852	773.50	0.96572	3.28	0
274	11:51:07.91	16.3295	15.05756	24.41	38.16	1.2	0.733560	14.5410	1.24852	773.48	0.96569	3.28	0
275	11:51:08.21	16.3630	15.04867	24.41	38.17	1.2	0.733128	14.5330	1.24852	773.50	0.96573	3.28	0
276	11:51:08.51	16.3460	15.05315	24.41	38.17	1.2	0.733344	14.5369	1.24852	773.50	0.96571	3.28	0
277	11:51:08.81	16.3620	15.04888	24.41	38.17	1.2	0.733140	14.5330	1.24852	773.50	0.96572	3.28	0
278	11:51:09.11	16.3775	15.04489	24.41	38.17	1.2	0.732942	14.5286	1.24848	773.48	0.96568	3.28	0
279	11:51:09.41	16.3685	15.04720	24.41	38.17	1.2	0.733056	14.5311	1.24848	773.50	0.96570	3.28	0
280	11:51:09.71	16.3650	15.04811	24.41	38.17	1.2	0.733104	14.5321	1.24852	773.50	0.96571	3.28	0
281	11:51:10.01	16.3590	15.04979	24.41	38.17	1.2	0.733182	14.5337	1.24848	773.50	0.96571	3.28	0
282	11:51:10.31	16.3585	15.04986	24.41	38.17	1.2	0.733188	14.5337	1.24852	773.48	0.96571	3.28	0
283	11:51:10.61	16.3605	15.04937	24.41	38.17	1.2	0.733164	14.5336	1.24852	773.50	0.96573	3.28	0
284	11:51:10.91	16.3490	15.05231	24.41	38.17	1.2	0.733308	14.5363	1.24852	773.50	0.96571	3.28	0
285	11:51:11.21	16.3400	15.05476	24.41	38.17	1.2	0.733428	14.5387	1.24852	773.50	0.96572	3.28	0
286	11:51:11.51	16.3255	15.05847	24.41	38.17	1.2	0.733608	14.5423	1.24852	773.50	0.96572	3.28	0
287	11:51:11.81	16.3120	15.06211	24.41	38.17	1.2	0.733782	14.5463	1.24852	773.52	0.96575	3.28	0
288	11:51:12.11	16.3040	15.06414	24.41	38.17	1.2	0.733884	14.5474	1.24848	773.48	0.96569	3.28	0
289	11:51:12.41	16.2975	15.06582	24.41	38.17	1.2	0.733962	14.5497	1.24852	773.52	0.96574	3.28	0
290	11:51:12.71	16.2925	15.06722	24.41	38.17	1.2	0.734034	14.5505	1.24848	773.50	0.96571	3.28	0
291	11:51:13.01	16.2815	15.07002	24.41	38.20	1.2	0.734172	14.5535	1.24852	773.50	0.96572	3.28	0
292	11:51:13.31	16.2690	15.07324	24.41	38.20	1.2	0.734328	14.5563	1.24848	773.50	0.96570	3.28	0
293	11:51:13.61	16.2640	15.07457	24.41	38.20	1.2	0.734394	14.5577	1.24848	773.50	0.96571	3.28	0
294	11:51:13.91	16.2695	15.07324	24.41	38.20	1.2	0.734328	14.5566	1.24852	773.50	0.96573	3.28	0
295	11:51:14.21	16.2595	15.07576	24.41	38.23	1.2	0.734448	14.5595	1.24852	773.52	0.96576	3.28	0
296	11:51:14.51	16.2565	15.07653	24.41	38.23	1.2	0.734490	14.5604	1.24852	773.52	0.96577	3.28	0
297	11:51:14.81	16.2560	15.07667	24.41	38.20	1.2	0.734496	14.5610	1.24856	773.54	0.96580	3.28	0
298	11:51:15.11	16.2500	15.07835	24.41	38.20	1.2	0.734574	14.5618	1.24852	773.52	0.96574	3.28	0
299	11:51:15.41	16.2455	15.07947	24.41	38.23	1.2	0.734628	14.5624	1.24848	773.50	0.96571	3.28	0
300	11:51:15.71	16.2405	15.08073	24.41	38.23	1.2	0.734694	14.5643	1.24852	773.52	0.96575	3.28	0
301	11:51:16.01	16.2385	15.08129	24.41	38.23	1.2	0.734718	14.5652	1.24852	773.54	0.96578	3.28	0
302	11:51:16.31	16.2385	15.08129	24.41	38.23	1.2	0.734718	14.5651	1.24856	773.52	0.96577	3.28	0
303	11:51:16.61	16.2430	15.08010	24.41	38.20	1.2	0.734658	14.5632	1.24852	773.50	0.96572	3.28	0
304	11:51:16.91	16.2480	15.07877	24.41	38.20	1.2	0.734598	14.5624	1.24852	773.52	0.96575	3.28	0
305	11:51:17.21	16.2525	15.07751	24.41	38.26	1.2	0.734538	14.5616	1.24856	773.54	0.96578	3.28	0
306	11:51:17.51	16.2560	15.07660	24.41	38.26	1.2	0.734496	14.5601	1.24852	773.52	0.96574	3.28	0
307	11:51:17.81	16.2560	15.07667	24.41	38.26	1.2	0.734496	14.5598	1.24852	773.50	0.96572	3.28	0
308	11:51:18.11	16.2560	15.07667	24.41	38.26	1.2	0.734496	14.5603	1.24852	773.52	0.96575	3.28	0
309	11:51:18.41	16.2565	15.07653	24.41	38.26	1.2	0.734490	14.5602	1.24852	773.52	0.96575	3.28	0
310	11:51:18.71	16.2580	15.07611	24.41	38.26	1.2	0.734472	14.5601	1.24852	773.52	0.96577	3.28	0
311	11:51:19.01	16.2605	15.07555	24.41	38.26	1.2	0.734442	14.5589	1.24852	773.50	0.96574	3.28	0
312	11:51:19.31	16.2610	15.07527	24.42	38.26	1.2	0.734430	14.5585	1.24848	773.50	0.96572	3.28	0
313	11:51:19.61	16.2660	15.07394	24.42	38.26	1.2	0.734370	14.5575	1.24852	773.52	0.96574	3.28	0
314	11:51:19.91	16.2660	15.07408	24.41	38.26	1.2	0.734370	14.5576	1.24852	773.50	0.96574	3.28	0
315	11:51:20.21	16.2645	15.07436	24.41	38.26	1.2	0.734388	14.5583	1.24852	773.54	0.96577	3.28	0
316	11:51:20.51	16.2605	15.07548	24.42	38.26	1.2	0.734442	14.5589	1.24852	773.52	0.96574	3.28	0
317	11:51:20.81	16.2595	15.07576	24.42	38.24	1.2	0.734454	14.5589	1.24852	773.50	0.96572	3.28	0
318	11:51:21.11	16.2605	15.07548	24.41	38.24	1.2	0.734436	14.5592	1.24852	773.52	0.96576	3.28	0
319	11:51:21.41	16.2620	15.07513	24.41	38.26	1.2	0.734424	14.5585	1.24848	773.52	0.96572	3.28	0
320	11:51:21.71	16.2595	15.07576	24.41	38.26	1.2	0.734454	14.5589	1.24848	773.50	0.96572	3.28	0
321	11:51:22.01	16.2590	15.07583	24.41	38.24	1.2	0.734454	14.5592	1.24852	773.50	0.96574	3.28	0
322	11:51:22.31	16.2580	15.07611	24.41	38.24	1.2	0.734466	14.5599	1.24852	773.52	0.96577	3.28	0
323	11:51:22.61	16.2555	15.07688	24.41	38.24	1.2	0.734508	14.5603	1.24852	773.52	0.96574	3.28	0
324	11:51:22.91	16.2520	15.07779	24.41	38.24	1.2	0.734550	14.5615	1.24852	773.52	0.96576	3.28	0
325	11:51:23.21	16.2495	15.07835	24.41	38.24	1.2	0.734580	14.5622	1.24852	773.52	0.96577	3.28	0
326	11:51:23.51	16.2465	15.07919	24.41	38.24	1.2	0.734616	14.5627	1.24852	773.52	0.96574	3.28	0
327	11:51:23.81	16.2445	15.07975	24.41	38.26	1.2	0.734646	14.5633	1.24852	773.52	0.96575	3.28	0
328	11:51:24.11	16.2430	15.08010	24.41	38.26	1.2	0.734664	14.5634	1.24852	773.52	0.96574	3.28	0
329	11:51:24.41	16.2415	15.08038	24.41	38.26	1.2	0.734676	14.5638	1.24852	773.50	0.96574	3.28	0
330	11:51:24.71	16.2435	15.07989	24.41	38.26	1.2	0.734652	14.5638	1.24852	773.52	0.96578	3.28	0
331	11:51:25.01	16.2425	15.08017	24.41	38.24	1.2	0.734664	14.5641	1.24856	773.52	0.96578	3.28	0
332	11:51:25.31	16.2450	15.07954	24.41	38.24	1.2	0.734634	14.5634	1.24856	773.52	0.96578	3.28	0
333	11:51:25.61	16.2405	15.08066	24.41	38.27	1.2	0.734694	14.5641	1.24852	773.52	0.96574	3.28	0
334	11:51:25.91	16.2395	15.08094	24.41	38.27	1.2	0.734706	14.5641	1.24848	773.52	0.96573	3.28	0
335	11:51:26.21	16.2395	15.08094	24.41	38.30	1.2	0.734706	14.5643	1.24852	773.52	0.96574	3.28	0
336	11:51:26.51	16.2430	15.08003	24.41	38.30	1.2	0.734664	14.5634	1.24852	773.52	0.96574	3.28	0
337	11:51:26.81	16.2455	15.07940	24.41	38.30	1.2	0.734628	14.5630	1.24852	773.52	0.96576	3.28	0
338	11:51:27.11	16.2430	15.08003	24.41	38.30	1.2	0.734664	14.5634	1.24852	773.52	0.96574	3.28	0
339	11:51:27.41	16.2460	15.07919	24.41	38.30	1.2	0.734622	14.5631	1.24852	773.54	0.96577	3.28	0
340	11:51:27.71	16.2475	15.07877	24.42	38.30	1.2	0.734604	14.5629	1.24856	773.54	0.96580	3.28	0
341	11:51:28.01	16.2455	15.07926	24.42	38.30	1.2	0.734628	14.5631	1.24852	773.54	0.96577	3.28	0
342	11:51:28.31	16.2440	15.07968	24.42	38.30	1.2	0.734652	14.5632	1.24852	773.52	0.96575	3.28	0
343	11:51:28.61	16.2430	15.07996	24.42	38.27	1.2	0.734658	14.5631	1.24852	773.50	0.96572	3.28	0
344	11:51:28.91	16.2455	15.07933	24.42	38.27	1.2	0.734628	14.5631	1.24852	773.52	0.96577	3.28	0
345	11:51:29.21	16.2405	15.08066	24.42	38.30	1.2	0.734700	14.5640	1.24852	773.52	0.96574	3.28	0
346	11:51:29.51	16.2405	15.08066	24.41	38.30	1.2	0.734694	14.5639	1.24852	773.50	0.96574	3.28	0
347	11:51:29.81	16.2420	15.08031	24.41	38.30	1.2	0.734676	14.5640	1.24852	773.52	0.96576	3.28	0
348	11:51:30.11	16.2375	15.08136	24.42	38.30	1.2	0.734730	14.5646	1.24852	773.50	0.96574	3.28	0
349	11:51:30.41	16.2385	15.08122	24.42	38.27	1.2	0.734724	14.5647	1.24852	773.52	0.96575	3.28	0
350	11:51:30.71	16.2390	15.08108	24.41	38.27	1.2	0.734712	14.5649	1.24852	773.54	0.96577	3.28	0
351	11:51:31.01	16.2395	15.08094	24.41	38.30	1.2	0.734706	14.5648	1.24856	773.52	0.96577	3.28	0
352	11:51:31.31	16.2385	15.08115	24.42	38.30	1.2	0.734718	14.5646	1.24852	773.52	0.96575	3.28	0
353	11:51:31.61	16.2345	15.08220	24.42	38.30	1.2	0.734772	14.5653	1.24852	773.50	0.96573	3.28	0
354	11:51:31.91	16.2380	15.08129	24.42	38.30	1.2	0.734730	14.5647	1.24852	773.50	0.96574	3.28	0
355	11:51:32.21	16.2370	15.08157	24.42	38.27	1.2	0.734742	14.5648	1.24852	773.52	0.96573	3.28	0
356	11:51:32.51	16.2350	15.08220	24.41	38.27	1.2	0.734766	14.5650	1.24848	773.50	0.96571	3.28	0
357	11:51:32.81	16.2360	15.08185	24.41	38.30	1.2	0.734748	14.5650	1.24852	773.52	0.96573	3.28	0
358	11:51:33.11	16.2365	15.08164	24.42	38.30	1.2	0.734742	14.5650	1.24852	773.52	0.96574	3.28	0
359	11:51:33.41	16.2330	15.08255	24.42	38.30	1.2	0.734790	14.5660	1.24852	773.52	0.96575	3.28	0
360	11:51:33.71	16.2345	15.08227	24.42	38.30	1.2	0.734772	14.5649	1.24848	773.50	0.96570	3.28	0
361	11:51:34.01	16.2345	15.08213	24.42	38.30	1.2	0.734766	14.5652	1.24852	773.50	0.96572	3.28	0
362	11:51:34.31	16.2330	15.08262	24.42	38.30	1.2	0.734790	14.5650	1.24848	773.48	0.96568	3.28	0
363	11:51:34.61	16.2315	15.08297	24.42	38.30	1.2	0.734808	14.5656	1.24848	773.50	0.96570	3.28	0
364	11:51:34.91	16.2350	15.08213	24.42	38.30	1.2	0.734766	14.5656	1.24852	773.52	0.96575	3.28	0
365	11:51:35.21	16.2315	15.08304	24.42	38.27	1.2	0.734814	14.5657	1.24848	773.50	0.96570	3.28	0
366	11:51:35.51	16.2345	15.08227	24.41	38.27	1.2	0.734772	14.5657	1.24852	773.52	0.96575	3.28	0
367	11:51:35.81	16.2330	15.08262	24.41	38.27	1.2	0.734790	14.5656	1.24852	773.50	0.96572	3.28	0
368	11:51:36.11	16.2290	15.08367	24.41	38.27	1.2	0.734838	14.5664	1.24848	773.50	0.96571	3.28	0
369	11:51:36.41	16.2305	15.08325	24.41	38.30	1.2	0.734820	14.5666	1.24852	773.52	0.96575	3.28	0
370	11:51:36.71	16.2315	15.08311	24.41	38.30	1.2	0.734814	14.5664	1.24852	773.52	0.96575	3.28	0
371	11:51:37.01	16.2295	15.08360	24.41	38.27	1.2	0.734832	14.5669	1.24848	773.52	0.96574	3.28	0
372	11:51:37.31	16.2285	15.08381	24.42	38.27	1.2	0.734850	14.5668	1.24852	773.50	0.96572	3.28	0
373	11:51:37.61	16.2310	15.08311	24.42	38.30	1.2	0.734814	14.5670	1.24856	773.52	0.96578	3.28	0
374	11:51:37.91	16.2300	15.08346	24.41	38.30	1.2	0.734826	14.5671	1.24852	773.52	0.96577	3.28	0
375	11:51:38.21	16.2295	15.08360	24.41	38.30	1.2	0.734838	14.5677	1.24856	773.54	0.96580	3.28	0
376	11:51:38.51	16.2290	15.08360	24.42	38.30	1.2	0.734838	14.5669	1.24852	773.52	0.96574	3.28	0
377	11:51:38.81	16.2295	15.08353	24.42	38.30	1.2	0.734838	14.5671	1.24852	773.52	0.96576	3.28	0
378	11:51:39.11	16.2270	15.08423	24.41	38.30	1.2	0.734868	14.5676	1.24852	773.52	0.96575	3.28	0
379	11:51:39.41	16.2250	15.08479	24.41	38.27	1.2	0.734892	14.5683	1.24852	773.52	0.96576	3.28	0
380	11:51:39.71	16.2265	15.08444	24.41	38.27	1.2	0.734874	14.5681	1.24852	773.54	0.96577	3.28	0
381	11:51:40.01	16.2260	15.08458	24.41	38.30	1.2	0.734880	14.5681	1.24852	773.52	0.96577	3.28	0
382	11:51:40.31	16.2280	15.08402	24.41	38.30	1.2	0.734856	14.5680	1.24852	773.54	0.96579	3.28	0
383	11:51:40.61	16.2285	15.08388	24.41	38.30	1.2	0.734850	14.5674	1.24852	773.52	0.96576	3.28	0
384	11:51:40.91	16.2260	15.08451	24.41	38.30	1.2	0.734880	14.5675	1.24848	773.50	0.96572	3.28	0
385	11:51:41.21	16.2260	15.08458	24.41	38.30	1.2	0.734880	14.5678	1.24848	773.52	0.96575	3.28	0
386	11:51:41.51	16.2270	15.08409	24.42	38.30	1.2	0.734868	14.5675	1.24852	773.52	0.96575	3.28	0
387	11:51:41.81	16.2240	15.08493	24.42	38.30	1.2	0.734904	14.5678	1.24848	773.52	0.96572	3.28	0
388	11:51:42.11	16.2250	15.08472	24.41	38.30	1.2	0.734892	14.5683	1.24852	773.52	0.96577	3.28	0
389	11:51:42.41	16.2250	15.08479	24.41	38.33	1.2	0.734892	14.5678	1.24852	773.50	0.96573	3.28	0
390	11:51:42.71	16.2235	15.08507	24.41	38.33	1.2	0.734910	14.5682	1.24852	773.52	0.96574	3.28	0
391	11:51:43.01	16.2245	15.08493	24.41	38.30	1.2	0.734904	14.5683	1.24852	773.50	0.96575	3.28	0
392	11:51:43.31	16.2240	15.08500	24.41	38.30	1.2	0.734904	14.5680	1.24852	773.50	0.96573	3.28	0
393	11:51:43.61	16.2215	15.08563	24.41	38.30	1.2	0.734934	14.5683	1.24848	773.50	0.96571	3.28	0
394	11:51:43.91	16.2235	15.08521	24.41	38.30	1.2	0.734916	14.5687	1.24852	773.52	0.96577	3.28	0
395	11:51:44.21	16.2190	15.08640	24.41	38.30	1.2	0.734970	14.5687	1.24848	773.48	0.96569	3.28	0
396	11:51:44.51	16.2210	15.08584	24.41	38.30	1.2	0.734946	14.5690	1.24852	773.52	0.96574	3.28	0
397	11:51:44.81	16.2215	15.08570	24.41	38.30	1.2	0.734940	14.5692	1.24852	773.54	0.96577	3.28	0
398	11:51:45.11	16.2180	15.08654	24.41	38.30	1.2	0.734982	14.5691	1.24848	773.50	0.96570	3.28	0
399	11:51:45.41	16.2210	15.08577	24.41	38.33	1.2	0.734940	14.5694	1.24852	773.54	0.96577	3.28	0
400	11:51:45.71	16.2235	15.08514	24.41	38.33	1.2	0.734916	14.5691	1.24856	773.54	0.96579	3.28	0
401	11:51:46.01	16.2220	15.08556	24.41	38.30	1.2	0.734934	14.5694	1.24852	773.54	0.96578	3.28	0
402	11:51:46.31	16.2220	15.08549	24.41	38.30	1.2	0.734928	14.5691	1.24852	773.52	0.96577	3.28	0
403	11:51:46.61	16.2215	15.08563	24.41	38.33	1.2	0.734940	14.5691	1.24852	773.52	0.96576	3.28	0
404	11:51:46.91	16.2215	15.08570	24.41	38.33	1.2	0.734940	14.5692	1.24852	773.52	0.96577	3.28	0
405	11:51:47.21	16.2195	15.08619	24.41	38.30	1.2	0.734964	14.5696	1.24852	773.52	0.96576	3.28	0
406	11:51:47.51	16.2200	15.08605	24.41	38.30	1.2	0.734952	14.5697	1.24852	773.54	0.96578	3.28	0
407	11:51:47.81	16.2180	15.08654	24.41	38.33	1.2	0.734982	14.5694	1.24852	773.50	0.96572	3.28	0
408	11:51:48.11	16.2195	15.08619	24.41	38.33	1.2	0.734964	14.5696	1.24852	773.52	0.96575	3.28	0
409	11:51:48.41	16.2165	15.08696	24.41	38.33	1.2	0.735000	14.5696	1.24848	773.50	0.96571	3.28	0
410	11:51:48.71	16.2190	15.08633	24.41	38.33	1.2	0.734970	14.5694	1.24852	773.52	0.96573	3.28	0
411	11:51:49.01	16.2185	15.08647	24.41	38.33	1.2	0.734976	14.5698	1.24852	773.52	0.96575	3.28	0
412	11:51:49.31	16.2180	15.08647	24.42	38.33	1.2	0.734982	14.5700	1.24852	773.52	0.96577	3.28	0
413	11:51:49.61	16.2185	15.08640	24.42	38.30	1.2	0.734976	14.5696	1.24852	773.52	0.96574	3.28	0
414	11:51:49.91	16.2220	15.08556	24.42	38.30	1.2	0.734934	14.5697	1.24856	773.54	0.96580	3.28	0
415	11:51:50.21	16.2180	15.08647	24.42	38.33	1.2	0.734982	14.5699	1.24852	773.52	0.96575	3.28	0
416	11:51:50.51	16.2190	15.08619	24.42	38.33	1.2	0.734964	14.5699	1.24856	773.52	0.96578	3.28	0
417	11:51:50.81	16.2170	15.08675	24.42	38.30	1.2	0.734994	14.5699	1.24852	773.52	0.96574	3.28	0
418	11:51:51.11	16.2175	15.08675	24.41	38.30	1.2	0.734994	14.5704	1.24852	773.54	0.96577	3.28	0
419	11:51:51.41	16.2130	15.08787	24.41	38.33	1.2	0.735048	14.5709	1.24852	773.52	0.96574	3.28	0
420	11:51:51.71	16.2150	15.08738	24.41	38.33	1.2	0.735024	14.5708	1.24852	773.54	0.96577	3.28	0
421	11:51:52.01	16.2150	15.08745	24.41	38.30	1.2	0.735024	14.5704	1.24848	773.52	0.96573	3.28	0
422	11:51:52.31	16.2160	15.08703	24.42	38.30	1.2	0.735006	14.5701	1.24852	773.52	0.96574	3.28	0
423	11:51:52.61	16.2145	15.08738	24.42	38.33	1.2	0.735024	14.5699	1.24848	773.50	0.96571	3.28	0
424	11:51:52.91	16.2160	15.08710	24.41	38.33	1.2	0.735006	14.5704	1.24852	773.52	0.96575	3.28	0
425	11:51:53.21	16.2160	15.08710	24.41	38.30	1.2	0.735006	14.5702	1.24852	773.50	0.96574	3.28	0
426	11:51:53.51	16.2150	15.08738	24.41	38.30	1.2	0.735024	14.5704	1.24848	773.52	0.96574	3.28	0
427	11:51:53.81	16.2140	15.08759	24.41	38.33	1.2	0.735030	14.5706	1.24848	773.52	0.96574	3.28	0
428	11:51:54.11	16.2145	15.08752	24.41	38.33	1.2	0.735030	14.5709	1.24852	773.52	0.96576	3.28	0
429	11:51:54.41	16.2140	15.08766	24.41	38.30	1.2	0.735036	14.5707	1.24852	773.50	0.96574	3.28	0
430	11:51:54.71	16.2120	15.08815	24.41	38.30	1.2	0.735060	14.5711	1.24852	773.52	0.96574	3.28	0
431	11:51:55.01	16.2120	15.08815	24.41	38.33	1.2	0.735060	14.5710	1.24852	773.50	0.96572	3.28	0
432	11:51:55.31	16.2115	15.08829	24.41	38.33	1.2	0.735066	14.5713	1.24848	773.52	0.96574	3.28	0
433	11:51:55.61	16.2125	15.08801	24.41	38.30	1.2	0.735048	14.5715	1.24852	773.54	0.96577	3.28	0
434	11:51:55.91	16.2100	15.08864	24.41	38.30	1.2	0.735084	14.5710	1.24848	773.50	0.96569	3.28	0
435	11:51:56.21	16.2115	15.08829	24.41	38.33	1.2	0.735066	14.5712	1.24848	773.52	0.96573	3.28	0
436	11:51:56.51	16.2110	15.08843	24.41	38.33	1.2	0.735072	14.5717	1.24852	773.52	0.96575	3.28	0
437	11:51:56.81	16.2100	15.08864	24.41	38.30	1.2	0.735084	14.5715	1.24848	773.50	0.96572	3.28	0
438	11:51:57.11	16.2125	15.08801	24.41	38.30	1.2	0.735054	14.5712	1.24852	773.52	0.96575	3.28	0
439	11:51:57.41	16.2105	15.08850	24.41	38.30	1.2	0.735078	14.5714	1.24852	773.50	0.96572	3.28	0
440	11:51:57.71	16.2100	15.08864	24.41	38.30	1.2	0.735084	14.5720	1.24852	773.52	0.96576	3.28	0
441	11:51:58.01	16.2135	15.08780	24.41	38.30	1.2	0.735042	14.5715	1.24856	773.52	0.96578	3.28	0
442	11:51:58.31	16.2115	15.08836	24.41	38.30	1.2	0.735066	14.5715	1.24852	773.52	0.96575	3.28	0
443	11:51:58.61	16.2085	15.08906	24.41	38.33	1.2	0.735102	14.5722	1.24852	773.52	0.96575	3.28	0
444	11:51:58.91	16.2090	15.08899	24.41	38.33	1.2	0.735102	14.5721	1.24852	773.52	0.96575	3.28	0
445	11:51:59.21	16.2070	15.08941	24.41	38.33	1.2	0.735120	14.5725	1.24852	773.52	0.96574	3.28	0
446	11:51:59.51	16.2070	15.08948	24.41	38.33	1.2	0.735126	14.5729	1.24852	773.52	0.96576	3.28	0
447	11:51:59.81	16.2080	15.08913	24.41	38.33	1.2	0.735108	14.5730	1.24856	773.54	0.96580	3.28	0
448	11:52:00.11	16.2095	15.08885	24.41	38.33	1.2	0.735090	14.5724	1.24852	773.52	0.96577	3.28	0
449	11:52:00.41	16.2090	15.08892	24.41	38.33	1.2	0.735096	14.5725	1.24852	773.52	0.96577	3.28	0
450	11:52:00.71	16.2085	15.08899	24.41	38.33	1.2	0.735102	14.5725	1.24852	773.52	0.96577	3.28	0
451	11:52:01.01	16.2075	15.08927	24.41	38.33	1.2	0.735114	14.5723	1.24852	773.52	0.96574	3.28	0
452	11:52:01.31	16.2070	15.08948	24.41	38.33	1.2	0.735126	14.5731	1.24852	773.54	0.96578	3.28	0
453	11:52:01.61	16.2065	15.08962	24.41	38.33	1.2	0.735132	14.5729	1.24852	773.52	0.96575	3.28	0
454	11:52:01.91	16.2065	15.08948	24.42	38.33	1.2	0.735126	14.5729	1.24852	773.52	0.96577	3.28	0
455	11:52:02.21	16.2060	15.08962	24.42	38.33	1.2	0.735132	14.5725	1.24852	773.50	0.96573	3.28	0
456	11:52:02.51	16.2080	15.08920	24.41	38.33	1.2	0.735114	14.5724	1.24852	773.52	0.96575	3.28	0
457	11:52:02.81	16.2070	15.08948	24.41	38.36	1.2	0.735126	14.5727	1.24852	773.52	0.96575	3.28	0
458	11:52:03.11	16.2060	15.08969	24.41	38.36	1.2	0.735132	14.5728	1.24852	773.52	0.96575	3.28	0
459	11:52:03.41	16.2065	15.08948	24.41	38.36	1.2	0.735126	14.5726	1.24852	773.52	0.96574	3.28	0
460	11:52:03.71	16.2045	15.09011	24.41	38.36	1.2	0.735156	14.5732	1.24852	773.52	0.96574	3.28	0
461	11:52:04.01	16.2070	15.08948	24.41	38.33	1.2	0.735120	14.5732	1.24852	773.54	0.96578	3.28	0
462	11:52:04.31	16.2045	15.09004	24.41	38.33	1.2	0.735156	14.5736	1.24852	773.54	0.96577	3.28	0
463	11:52:04.61	16.2050	15.08997	24.41	38.36	1.2	0.735150	14.5734	1.24852	773.54	0.96577	3.28	0
464	11:52:04.91	16.2020	15.09067	24.41	38.36	1.2	0.735186	14.5735	1.24852	773.50	0.96573	3.28	0
465	11:52:05.21	16.2040	15.09025	24.41	38.33	1.2	0.735162	14.5736	1.24852	773.52	0.96577	3.28	0
466	11:52:05.51	16.2035	15.09039	24.41	38.33	1.2	0.735168	14.5736	1.24852	773.52	0.96575	3.28	0
467	11:52:05.81	16.2005	15.09102	24.41	38.36	1.2	0.735204	14.5740	1.24852	773.50	0.96574	3.28	0
468	11:52:06.11	16.2035	15.09032	24.41	38.36	1.2	0.735168	14.5735	1.24852	773.52	0.96575	3.28	0
469	11:52:06.41	16.2020	15.09074	24.41	38.36	1.2	0.735186	14.5738	1.24852	773.52	0.96574	3.28	0
470	11:52:06.71	16.2010	15.09095	24.41	38.36	1.2	0.735198	14.5739	1.24848	773.52	0.96574	3.28	0
471	11:52:07.01	16.2015	15.09081	24.41	38.34	1.2	0.735192	14.5741	1.24852	773.52	0.96575	3.28	0
472	11:52:07.31	16.2010	15.09102	24.41	38.34	1.2	0.735198	14.5739	1.24852	773.52	0.96573	3.28	0
473	11:52:07.61	16.2000	15.09123	24.41	38.36	1.2	0.735216	14.5741	1.24852	773.52	0.96573	3.28	0
474	11:52:07.91	16.1995	15.09144	24.41	38.36	1.2	0.735222	14.5739	1.24848	773.50	0.96571	3.28	0
475	11:52:08.21	16.2015	15.09088	24.41	38.36	1.2	0.735198	14.5746	1.24856	773.52	0.96578	3.28	0
476	11:52:08.51	16.2010	15.09102	24.41	38.36	1.2	0.735204	14.5739	1.24852	773.52	0.96574	3.28	0
477	11:52:08.81	16.1990	15.09151	24.41	38.34	1.2	0.735222	14.5747	1.24852	773.52	0.96575	3.28	0
478	11:52:09.11	16.2010	15.09102	24.41	38.34	1.2	0.735198	14.5742	1.24852	773.52	0.96575	3.28	0
479	11:52:09.41	16.2020	15.09067	24.41	38.34	1.2	0.735186	14.5744	1.24852	773.54	0.96578	3.28	0
480	11:52:09.71	16.2010	15.09095	24.42	38.34	1.2	0.735198	14.5740	1.24852	773.52	0.96575	3.28	0
481	11:52:10.01	16.2005	15.09102	24.42	38.36	1.2	0.735204	14.5748	1.24852	773.54	0.96579	3.28	0
482	11:52:10.31	16.1995	15.09137	24.41	38.36	1.2	0.735216	14.5750	1.24856	773.54	0.96578	3.28	0
483	11:52:10.61	16.2015	15.09088	24.41	38.36	1.2	0.735192	14.5754	1.24856	773.56	0.96584	3.28	0
484	11:52:10.91	16.2025	15.09053	24.41	38.36	1.2	0.735180	14.5753	1.24860	773.56	0.96586	3.28	0
485	11:52:11.21	16.1980	15.09179	24.41	38.34	1.2	0.735240	14.5752	1.24852	773.54	0.96577	3.28	0
486	11:52:11.51	16.1990	15.09151	24.41	38.34	1.2	0.735222	14.5751	1.24852	773.54	0.96578	3.28	0
487	11:52:11.81	16.1975	15.09193	24.41	38.34	1.2	0.735246	14.5753	1.24852	773.52	0.96577	3.28	0
488	11:52:12.11	16.1990	15.09144	24.42	38.34	1.2	0.735222	14.5753	1.24856	773.54	0.96580	3.28	0
489	11:52:12.41	16.1975	15.09186	24.42	38.36	1.2	0.735246	14.5750	1.24852	773.52	0.96575	3.28	0
490	11:52:12.71	16.1985	15.09172	24.41	38.36	1.2	0.735234	14.5747	1.24852	773.52	0.96574	3.28	0
491	11:52:13.01	16.1975	15.09186	24.41	38.34	1.2	0.735240	14.5753	1.24852	773.52	0.96577	3.28	0
492	11:52:13.31	16.1965	15.09221	24.41	38.34	1.2	0.735258	14.5755	1.24852	773.52	0.96576	3.28	0
493	11:52:13.61	16.1975	15.09186	24.41	38.34	1.2	0.735240	14.5757	1.24856	773.54	0.96580	3.28	0
494	11:52:13.91	16.1970	15.09207	24.41	38.34	1.2	0.735252	14.5753	1.24852	773.52	0.96576	3.28	0
495	11:52:14.21	16.1965	15.09221	24.41	38.36	1.2	0.735258	14.5755	1.24852	773.54	0.96577	3.28	0
496	11:52:14.51	16.1965	15.09214	24.42	38.36	1.2	0.735258	14.5756	1.24852	773.52	0.96578	3.28	0
497	11:52:14.81	16.1940	15.09270	24.42	38.36	1.2	0.735288	14.5756	1.24852	773.52	0.96574	3.28	0
498	11:52:15.11	16.1930	15.09305	24.42	38.36	1.2	0.735306	14.5758	1.24848	773.52	0.96573	3.28	0
499	11:52:15.41	16.1950	15.09256	24.42	38.34	1.2	0.735276	14.5758	1.24852	773.52	0.96576	3.28	0
500	11:52:15.71	16.1960	15.09228	24.42	38.34	1.2	0.735264	14.5759	1.24852	773.54	0.96578	3.28	0
501	11:52:16.01	16.1960	15.09228	24.42	38.36	1.2	0.735264	14.5760	1.24856	773.54	0.96579	3.28	0
502	11:52:16.31	16.1930	15.09312	24.41	38.36	1.2	0.735306	14.5764	1.24852	773.52	0.96576	3.28	0
503	11:52:16.61	16.1950	15.09256	24.41	38.36	1.2	0.735276	14.5758	1.24852	773.52	0.96577	3.28	0
504	11:52:16.91	16.1935	15.09298	24.41	38.36	1.2	0.735294	14.5760	1.24848	773.52	0.96574	3.28	0
505	11:52:17.21	16.1920	15.09340	24.41	38.34	1.2	0.735318	14.5760	1.24852	773.50	0.96572	3.28	0
506	11:52:17.51	16.1935	15.09291	24.42	38.34	1.2	0.735294	14.5760	1.24852	773.52	0.96575	3.28	0
507	11:52:17.81	16.1930	15.09298	24.42	38.36	1.2	0.735300	14.5762	1.24852	773.52	0.96577	3.28	0
508	11:52:18.11	16.1925	15.09319	24.41	38.36	1.2	0.735306	14.5764	1.24852	773.54	0.96576	3.28	0
509	11:52:18.41	16.1920	15.09340	24.41	38.36	1.2	0.735318	14.5767	1.24852	773.52	0.96577	3.28	0
510	11:52:18.71	16.1900	15.09382	24.41	38.36	1.2	0.735342	14.5763	1.24848	773.50	0.96571	3.28	0
511	11:52:19.01	16.1925	15.09312	24.41	38.36	1.2	0.735306	14.5766	1.24852	773.54	0.96578	3.28	0
512	11:52:19.31	16.1915	15.09347	24.42	38.36	1.2	0.735324	14.5771	1.24852	773.54	0.96579	3.28	0
513	11:52:19.61	16.1905	15.09375	24.42	38.36	1.2	0.735336	14.5769	1.24852	773.52	0.96575	3.28	0
514	11:52:19.91	16.1915	15.09347	24.42	38.36	1.2	0.735324	14.5771	1.24852	773.54	0.96578	3.28	0
515	11:52:20.21	16.1925	15.09319	24.42	38.34	1.2	0.735312	14.5764	1.24852	773.52	0.96575	3.28	0
516	11:52:20.50	16.1890	15.09410	24.42	38.34	1.2	0.735354	14.5768	1.24848	773.52	0.96572	3.28	0
517	11:52:20.81	16.1895	15.09396	24.42	38.36	1.2	0.735348	14.5773	1.24852	773.52	0.96577	3.28	0
518	11:52:21.11	16.1905	15.09361	24.42	38.36	1.2	0.735330	14.5769	1.24852	773.54	0.96577	3.28	0
519	11:52:21.41	16.1910	15.09354	24.42	38.36	1.2	0.735330	14.5767	1.24852	773.52	0.96576	3.28	0
520	11:52:21.70	16.1900	15.09389	24.41	38.36	1.2	0.735342	14.5767	1.24852	773.52	0.96574	3.28	0
521	11:52:22.01	16.1910	15.09361	24.41	38.36	1.2	0.735324	14.5771	1.24852	773.54	0.96578	3.28	0
522	11:52:22.31	16.1885	15.09417	24.42	38.36	1.2	0.735360	14.5778	1.24852	773.54	0.96579	3.28	0
523	11:52:22.61	16.1900	15.09382	24.42	38.36	1.2	0.735342	14.5774	1.24856	773.52	0.96579	3.28	0
524	11:52:22.91	16.1885	15.09424	24.41	38.36	1.2	0.735360	14.5769	1.24848	773.52	0.96573	3.28	0
525	11:52:23.20	16.1885	15.09431	24.41	38.34	1.2	0.735360	14.5776	1.24852	773.52	0.96577	3.28	0
526	11:52:23.51	16.1870	15.09459	24.42	38.34	1.2	0.735378	14.5773	1.24848	773.52	0.96573	3.28	0
527	11:52:23.81	16.1885	15.09424	24.42	38.36	1.2	0.735360	14.5771	1.24848	773.52	0.96574	3.28	0
528	11:52:24.11	16.1915	15.09340	24.41	38.36	1.2	0.735318	14.5774	1.24856	773.54	0.96581	3.28	0
529	11:52:24.41	16.1900	15.09382	24.41	38.36	1.2	0.735336	14.5771	1.24852	773.54	0.96577	3.28	0
530	11:52:24.71	16.1885	15.09431	24.41	38.36	1.2	0.735360	14.5773	1.24852	773.52	0.96575	3.28	0
531	11:52:25.01	16.1770	15.09732	24.41	38.36	1.2	0.735510	14.5810	1.24852	773.54	0.96580	3.28	0
532	11:52:25.31	16.0765	15.12357	24.42	38.36	1.2	0.736788	14.6069	1.24856	773.58	0.96584	3.28	0
533	11:52:25.61	10.5860	16.73070	24.42	38.36	1.2	0.815088	16.1768	1.24848	774.44	0.96689	3.28	0
534	11:52:25.91	5.4025	18.43548	24.43	38.36	1.2	0.898146	17.8444	1.24852	775.28	0.96794	3.28	0
535	11:52:26.20	2.6505	19.45517	24.43	38.36	1.2	0.947820	18.8419	1.24852	775.70	0.96848	3.28	0
536	11:52:26.51	1.2805	19.99725	24.42	38.36	1.2	0.974226	19.3731	1.24852	775.96	0.96878	3.28	0
537	11:52:26.81	0.6630	20.25982	24.42	38.56	1.2	0.987030	19.6295	1.24848	776.06	0.96889	3.28	0
538	11:52:27.11	0.3495	20.38827	24.42	38.56	1.2	0.993294	19.7548	1.24848	776.10	0.96893	3.28	0
539	11:52:27.41	0.1920	20.45036	24.42	38.96	1.2	0.996342	19.8158	1.24848	776.14	0.96897	3.28	0
540	11:52:27.71	0.1195	20.47885	24.42	38.96	1.2	0.997728	19.8441	1.24848	776.14	0.96900	3.28	0
541	11:52:28.01	0.0850	20.49166	24.42	39.39	1.2	0.998382	19.8568	1.24848	776.16	0.96902	3.28	0
542	11:52:28.31	0.0670	20.49859	24.42	39.39	1.2	0.998724	19.8633	1.24848	776.16	0.96901	3.28	0
543	11:52:28.61	0.0565	20.50209	24.42	39.82	1.2	0.998922	19.8668	1.24848	776.16	0.96901	3.28	0
544	11:52:28.91	0.0515	20.50405	24.42	39.82	1.2	0.999018	19.8687	1.24848	776.16	0.96902	3.28	0
545	11:52:29.20	0.0485	20.50468	24.42	40.19	1.2	0.999072	19.8698	1.24848	776.18	0.96904	3.28	0
546	11:52:29.51	0.0490	20.50454	24.43	40.19	1.2	0.999072	19.8692	1.24848	776.16	0.96901	3.28	0
547	11:52:29.81	0.0445	20.50573	24.43	40.52	1.2	0.999156	19.8702	1.24848	776.16	0.96901	3.28	0
548	11:52:30.11	0.0440	20.50601	24.43	40.52	1.2	0.999168	19.8703	1.24848	776.16	0.96900	3.28	0
549	11:52:30.41	0.0435	20.50580	24.43	40.82	1.2	0.999174	19.8703	1.24848	776.16	0.96901	3.28	0
550	11:52:30.71	0.0440	20.50559	24.42	40.82	1.2	0.999162	19.8705	1.24848	776.16	0.96903	3.28	0
551	11:52:31.01	0.0425	20.50573	24.42	41.09	1.3	0.999186	19.8703	1.24848	776.16	0.96901	3.28	0
552	11:52:31.31	0.0420	20.50594	24.43	41.09	1.3	0.999198	19.8705	1.24848	776.16	0.96901	3.28	0
553	11:52:31.60	0.0410	20.50615	24.43	41.26	1.3	0.999222	19.8703	1.24844	776.16	0.96899	3.28	0
554	11:52:31.91	0.0430	20.50531	24.43	41.26	1.3	0.999180	19.8703	1.24848	776.16	0.96904	3.28	0
555	11:52:32.21	0.0405	20.50594	24.43	41.45	1.3	0.999228	19.8709	1.24848	776.16	0.96903	3.28	0
556	11:52:32.51	0.0390	20.50664	24.43	41.45	1.3	0.999258	19.8710	1.24848	776.16	0.96901	3.28	0
557	11:52:32.81	0.0405	20.50580	24.43	41.62	1.3	0.999228	19.8710	1.24852	776.16	0.96904	3.28	0
558	11:52:33.11	0.0395	20.50608	24.43	41.62	1.3	0.999246	19.8707	1.24848	776.16	0.96901	3.28	0
559	11:52:33.41	0.0410	20.50538	24.43	41.78	1.3	0.999222	19.8701	1.24848	776.16	0.96902	3.28	0
560	11:52:33.70	0.0390	20.50608	24.43	41.78	1.3	0.999258	19.8713	1.24848	776.18	0.96905	3.28	0
561	11:52:34.00	0.0385	20.50608	24.43	41.92	1.3	0.999270	19.8698	1.24844	776.14	0.96897	3.28	0
562	11:52:34.31	0.0415	20.50496	24.43	41.92	1.3	0.999210	19.8704	1.24852	776.18	0.96905	3.28	0
563	11:52:34.61	0.0390	20.50580	24.43	42.02	1.3	0.999258	19.8707	1.24848	776.16	0.96903	3.28	0
564	11:52:34.91	0.0380	20.50622	24.42	42.02	1.3	0.999276	19.8705	1.24844	776.16	0.96900	3.28	0
565	11:52:35.21	0.0375	20.50615	24.42	42.19	1.3	0.999282	19.8708	1.24848	776.16	0.96901	3.28	0
566	11:52:35.51	0.0405	20.50496	24.43	42.19	1.3	0.999228	19.8713	1.24852	776.20	0.96910	3.28	0
567	11:52:35.81	0.0390	20.50545	24.43	42.29	1.3	0.999258	19.8708	1.24848	776.18	0.96905	3.28	0
568	11:52:36.10	0.0370	20.50608	24.43	42.29	1.3	0.999294	19.8711	1.24848	776.16	0.96903	3.28	0
569	11:52:36.40	0.0380	20.50559	24.43	42.39	1.3	0.999276	19.8708	1.24848	776.18	0.96904	3.28	0
570	11:52:36.71	0.0360	20.50636	24.43	42.39	1.3	0.999312	19.8705	1.24844	776.16	0.96899	3.28	0
571	11:52:37.01	0.0375	20.50559	24.43	42.48	1.3	0.999282	19.8705	1.24848	776.16	0.96902	3.28	0
572	11:52:37.30	0.0375	20.50580	24.43	42.48	1.3	0.999288	19.8707	1.24848	776.18	0.96903	3.28	0
573	11:52:37.60	0.0365	20.50601	24.43	42.55	1.3	0.999306	19.8705	1.24848	776.16	0.96901	3.28	0
574	11:52:37.90	0.0365	20.50601	24.43	42.55	1.3	0.999306	19.8706	1.24844	776.16	0.96901	3.28	0
575	11:52:38.21	0.0360	20.50608	24.43	42.61	1.3	0.999312	19.8704	1.24848	776.16	0.96900	3.28	0
576	11:52:38.51	0.0365	20.50594	24.43	42.61	1.3	0.999306	19.8709	1.24848	776.16	0.96903	3.28	0
577	11:52:38.81	0.0365	20.50587	24.43	42.71	1.3	0.999312	19.8701	1.24848	776.14	0.96900	3.28	0
578	11:52:39.11	0.0360	20.50594	24.43	42.71	1.3	0.999312	19.8704	1.24848	776.16	0.96901	3.28	0
579	11:52:39.41	0.0355	20.50608	24.43	42.75	1.3	0.999324	19.8708	1.24848	776.16	0.96902	3.28	0
580	11:52:39.70	0.0370	20.50552	24.43	42.75	1.3	0.999294	19.8705	1.24848	776.16	0.96904	3.28	0
581	11:52:40.50	0.0375	20.50531	24.43	42.75	1.3	0.999288	19.8703	1.24848	776.16	0.96903	3.28	0
582	11:52:40.58	0.0355	20.50608	24.43	42.75	1.3	0.999324	19.8701	1.24844	776.16	0.96899	3.28	0
583	11:52:40.64	0.0370	20.50545	24.43	42.75	1.3	0.999294	19.8707	1.24848	776.18	0.96904	3.28	0
584	11:52:40.90	0.0360	20.50594	24.43	42.75	1.3	0.999318	19.8709	1.24848	776.18	0.96903	3.28	0
585	11:52:41.20	0.0350	20.50629	24.43	42.75	1.3	0.999336	19.8715	1.24848	776.18	0.96904	3.28	0
586	11:52:41.51	0.0370	20.50545	24.43	42.75	1.3	0.999294	19.8712	1.24848	776.18	0.96907	3.28	0
587	11:52:41.80	0.0335	20.50678	24.43	42.75	1.3	0.999360	19.8719	1.24848	776.18	0.96904	3.28	0
