546	18:49:32.59	0.0900	21.12502	20.68	40.42	1.0	0.998292	22.0879	1.29900	804.92	1.04558	3.26	0
547	18:49:32.89	0.0860	21.12663	20.68	40.51	1.0	0.998376	22.0898	1.29900	804.94	1.04559	3.26	0
548	18:49:33.20	0.0860	21.12663	20.68	40.51	1.0	0.998376	22.0901	1.29900	804.92	1.04561	3.26	0
549	18:49:33.76	0.0825	21.12789	20.68	40.58	1.0	0.998436	22.0907	1.29900	804.90	1.04557	3.26	0
550	18:49:33.93	0.0820	21.12810	20.68	40.58	1.0	0.998448	22.0909	1.29900	804.92	1.04557	3.26	0
551	18:49:34.09	0.0815	21.12817	20.68	40.71	1.0	0.998460	22.0919	1.29900	804.92	1.04561	3.26	0
552	18:49:34.39	0.0805	21.12852	20.68	40.71	1.0	0.998478	22.0921	1.29900	804.94	1.04561	3.26	0
553	18:49:34.69	0.0810	21.12824	20.68	40.78	1.0	0.998466	22.0921	1.29904	804.92	1.04562	3.26	0
554	18:49:34.99	0.0805	21.12838	20.68	40.78	1.0	0.998472	22.0926	1.29904	804.94	1.04563	3.26	0
555	18:49:35.28	0.0790	21.12887	20.68	40.88	1.0	0.998502	22.0928	1.29900	804.94	1.04562	3.26	0
556	18:49:35.59	0.0780	21.12929	20.68	40.88	1.0	0.998520	22.0928	1.29900	804.92	1.04560	3.26	0
557	18:49:35.89	0.0780	21.12929	20.68	40.94	1.0	0.998520	22.0933	1.29904	804.94	1.04563	3.26	0
558	18:49:36.18	0.0780	21.12936	20.68	40.94	1.0	0.998526	22.0930	1.29900	804.92	1.04561	3.26	0
559	18:49:36.49	0.0750	21.13034	20.68	40.97	1.0	0.998574	22.0933	1.29900	804.92	1.04557	3.26	0
560	18:49:36.79	0.0750	21.13034	20.68	40.97	1.0	0.998574	22.0937	1.29900	804.92	1.04560	3.26	0
561	18:49:37.09	0.0760	21.12992	20.68	41.04	1.0	0.998562	22.0936	1.29900	804.92	1.04561	3.26	0
562	18:49:37.39	0.0770	21.12950	20.68	41.04	1.0	0.998538	22.0937	1.29900	804.94	1.04563	3.26	0
563	18:49:37.69	0.0765	21.12978	20.68	41.07	1.0	0.998556	22.0937	1.29900	804.94	1.04562	3.26	0
564	18:49:37.99	0.0755	21.13013	20.68	41.07	1.0	0.998568	22.0940	1.29900	804.94	1.04562	3.26	0
565	18:49:38.28	0.0755	21.12999	20.68	41.17	1.0	0.998568	22.0942	1.29904	804.94	1.04563	3.26	0
566	18:49:38.58	0.0755	21.13006	20.68	41.17	1.0	0.998574	22.0947	1.29904	804.94	1.04566	3.26	0
567	18:49:38.88	0.0730	21.13097	20.68	41.20	1.0	0.998616	22.0946	1.29900	804.92	1.04560	3.26	0
568	18:49:39.18	0.0745	21.13027	20.68	41.20	1.0	0.998586	22.0940	1.29900	804.94	1.04561	3.26	0
569	18:49:39.48	0.0750	21.13006	20.68	41.27	1.0	0.998580	22.0949	1.29904	804.96	1.04566	3.26	0
570	18:49:39.78	0.0735	21.13076	20.68	41.27	1.0	0.998610	22.0949	1.29900	804.94	1.04563	3.26	0
571	18:49:40.08	0.0745	21.13034	20.68	41.30	1.0	0.998592	22.0942	1.29900	804.92	1.04562	3.26	0
572	18:49:40.38	0.0725	21.13104	20.68	41.30	1.0	0.998628	22.0948	1.29900	804.92	1.04561	3.26	0
573	18:49:40.68	0.0750	21.12992	20.68	41.33	1.0	0.998574	22.0940	1.29900	804.94	1.04563	3.26	0
574	18:49:40.98	0.0735	21.13062	20.68	41.33	1.0	0.998610	22.0948	1.29904	804.92	1.04563	3.26	0
575	18:49:41.28	0.0740	21.13041	20.68	41.37	1.0	0.998604	22.0942	1.29900	804.92	1.04561	3.26	0
576	18:49:41.58	0.0735	21.13062	20.68	41.37	1.0	0.998610	22.0946	1.29900	804.94	1.04562	3.26	0
577	18:49:41.88	0.0745	21.13013	20.68	41.40	1.0	0.998592	22.0942	1.29900	804.94	1.04563	3.26	0
578	18:49:42.18	0.0745	21.13006	20.68	41.40	1.0	0.998586	22.0937	1.29900	804.92	1.04561	3.26	0
579	18:49:42.48	0.0730	21.13069	20.68	41.40	1.0	0.998616	22.0935	1.29900	804.90	1.04557	3.26	0
580	18:49:42.78	0.0740	21.13034	20.68	41.40	1.0	0.998598	22.0945	1.29904	804.94	1.04563	3.26	0
581	18:49:43.09	0.0730	21.13069	20.68	41.43	1.0	0.998616	22.0940	1.29900	804.92	1.04558	3.26	0
582	18:49:43.38	0.0730	21.13083	20.68	41.43	1.0	0.998622	22.0946	1.29900	804.92	1.04561	3.26	0
583	18:49:43.68	0.0740	21.13034	20.68	41.47	1.0	0.998604	22.0937	1.29900	804.92	1.04559	3.26	0
584	18:49:43.99	0.0720	21.13111	20.68	41.47	1.0	0.998640	22.0937	1.29896	804.90	1.04555	3.26	0
585	18:49:44.28	0.0745	21.12992	20.68	41.50	1.0	0.998586	22.0938	1.29900	804.94	1.04562	3.26	0
586	18:49:44.58	0.0745	21.13013	20.68	41.50	1.0	0.998592	22.0941	1.29904	804.94	1.04563	3.26	0
587	18:49:44.88	0.0720	21.13111	20.68	41.53	1.0	0.998640	22.0947	1.29900	804.92	1.04560	3.26	0
588	18:49:45.18	0.0735	21.13034	20.68	41.53	1.0	0.998610	22.0949	1.29904	804.94	1.04564	3.26	0
589	18:49:45.48	0.0735	21.13048	20.68	41.53	1.0	0.998616	22.0942	1.29900	804.92	1.04561	3.26	0
590	18:49:45.79	0.0695	21.13202	20.68	41.53	1.0	0.998682	22.0951	1.29900	804.92	1.04558	3.26	0
591	18:49:46.08	0.0725	21.13076	20.68	41.56	1.0	0.998628	22.0947	1.29900	804.92	1.04561	3.26	0
592	18:49:46.38	0.0735	21.13041	20.68	41.56	1.0	0.998610	22.0951	1.29904	804.94	1.04565	3.26	0
593	18:49:46.69	0.0720	21.13097	20.68	41.63	1.0	0.998640	22.0946	1.29900	804.94	1.04560	3.26	0
594	18:49:46.98	0.0750	21.12964	20.68	41.63	1.0	0.998580	22.0944	1.29904	804.94	1.04566	3.26	0
595	18:49:47.28	0.0700	21.13167	20.68	41.63	1.0	0.998676	22.0955	1.29900	804.94	1.04561	3.26	0
596	18:49:47.58	0.0695	21.13195	20.68	41.63	1.0	0.998688	22.0957	1.29900	804.94	1.04561	3.26	0
597	18:49:47.88	0.0700	21.13160	20.68	41.67	1.0	0.998670	22.0952	1.29900	804.94	1.04560	3.26	0
598	18:49:48.18	0.0725	21.13069	20.68	41.67	1.0	0.998628	22.0949	1.29904	804.94	1.04563	3.26	0
599	18:49:48.48	0.0730	21.13048	20.68	41.67	1.0	0.998622	22.0954	1.29904	804.96	1.04567	3.26	0
600	18:49:48.78	0.0720	21.13083	20.68	41.67	1.0	0.998640	22.0948	1.29904	804.92	1.04561	3.26	0
601	18:49:49.08	0.0710	21.13125	20.68	41.70	1.0	0.998658	22.0951	1.29904	804.92	1.04561	3.26	0
602	18:49:49.38	0.0720	21.13069	20.68	41.70	1.0	0.998634	22.0943	1.29900	804.92	1.04560	3.26	0
603	18:49:49.68	0.0715	21.13097	20.68	41.70	1.0	0.998646	22.0942	1.29900	804.92	1.04558	3.26	0
604	18:49:49.98	0.0720	21.13076	20.68	41.70	1.0	0.998634	22.0949	1.29904	804.94	1.04563	3.26	0
605	18:49:50.28	0.0710	21.13125	20.68	41.70	1.0	0.998658	22.0950	1.29900	804.94	1.04561	3.26	0
606	18:49:50.58	0.0710	21.13111	20.68	41.70	1.0	0.998652	22.0949	1.29900	804.94	1.04561	3.26	0
607	18:49:50.88	0.0710	21.13125	20.68	41.70	1.0	0.998658	22.0948	1.29900	804.92	1.04560	3.26	0
608	18:49:51.18	0.0715	21.13090	20.68	41.70	1.0	0.998640	22.0949	1.29900	804.94	1.04563	3.26	0
609	18:49:51.48	0.0730	21.13041	20.68	41.73	1.0	0.998622	22.0954	1.29904	804.94	1.04567	3.26	0
610	18:49:51.78	0.0700	21.13160	20.68	41.73	1.0	0.998676	22.0951	1.29900	804.92	1.04560	3.26	0
611	18:49:52.08	0.0730	21.13041	20.68	41.73	1.0	0.998622	22.0948	1.29904	804.94	1.04564	3.26	0
612	18:49:52.38	0.0730	21.13027	20.68	41.73	1.0	0.998616	22.0944	1.29904	804.94	1.04563	3.26	0
613	18:49:52.68	0.0710	21.13111	20.68	41.77	1.0	0.998658	22.0945	1.29900	804.92	1.04559	3.26	0
614	18:49:52.98	0.0720	21.13076	20.68	41.77	1.0	0.998640	22.0953	1.29904	804.94	1.04564	3.26	0
615	18:49:53.28	0.0720	21.13062	20.68	41.77	1.0	0.998634	22.0944	1.29900	804.94	1.04561	3.26	0
616	18:49:53.58	0.0690	21.13181	20.68	41.77	1.0	0.998688	22.0949	1.29900	804.92	1.04558	3.26	0
617	18:49:53.88	0.0710	21.13118	20.68	41.77	1.0	0.998658	22.0951	1.29900	804.94	1.04562	3.26	0
618	18:49:54.18	0.0695	21.13167	20.68	41.77	1.0	0.998682	22.0949	1.29900	804.92	1.04558	3.26	0
619	18:49:54.48	0.0705	21.13132	20.68	41.77	1.0	0.998670	22.0951	1.29900	804.92	1.04561	3.26	0
620	18:49:54.78	0.0720	21.13076	20.68	41.77	1.0	0.998640	22.0944	1.29900	804.92	1.04561	3.26	0
621	18:49:55.08	0.0725	21.13048	20.68	41.80	1.0	0.998628	22.0947	1.29904	804.94	1.04563	3.26	0
622	18:49:55.38	0.0735	21.13013	20.68	41.80	1.0	0.998610	22.0946	1.29904	804.94	1.04564	3.26	0
623	18:49:55.68	0.0710	21.13097	20.68	41.80	1.0	0.998652	22.0951	1.29904	804.94	1.04563	3.26	0
624	18:49:55.98	0.0700	21.13139	20.68	41.80	1.0	0.998670	22.0955	1.29904	804.94	1.04563	3.26	0
625	18:49:56.28	0.0720	21.13055	20.68	41.80	1.0	0.998634	22.0954	1.29904	804.94	1.04566	3.26	0
626	18:49:56.58	0.0695	21.13174	20.68	41.80	1.0	0.998688	22.0954	1.29900	804.94	1.04560	3.26	0
627	18:49:56.88	0.0700	21.13153	20.68	41.80	1.0	0.998676	22.0960	1.29904	804.94	1.04564	3.26	0
628	18:49:57.18	0.0715	21.13090	20.68	41.80	1.0	0.998646	22.0958	1.29904	804.96	1.04567	3.26	0
629	18:49:57.48	0.0720	21.13069	20.68	41.83	1.0	0.998640	22.0953	1.29904	804.94	1.04565	3.26	0
630	18:49:57.78	0.0705	21.13125	20.68	41.83	1.0	0.998664	22.0964	1.29904	804.96	1.04567	3.26	0
631	18:49:58.08	0.0700	21.13139	20.68	41.83	1.0	0.998670	22.0956	1.29900	804.94	1.04563	3.26	0
632	18:49:58.38	0.0690	21.13181	20.68	41.83	1.0	0.998694	22.0963	1.29904	804.94	1.04564	3.26	0
633	18:49:58.68	0.0695	21.13160	20.68	41.83	1.0	0.998682	22.0956	1.29900	804.94	1.04561	3.26	0
634	18:49:58.98	0.0700	21.13139	20.68	41.83	1.0	0.998676	22.0958	1.29904	804.94	1.04564	3.26	0
635	18:49:59.28	0.0705	21.13125	20.68	41.83	1.0	0.998664	22.0959	1.29904	804.94	1.04565	3.26	0
636	18:49:59.58	0.0690	21.13195	20.68	41.83	1.0	0.998700	22.0959	1.29900	804.94	1.04562	3.26	0
637	18:49:59.88	0.0735	21.12999	20.68	41.83	1.0	0.998610	22.0954	1.29904	804.96	1.04569	3.26	0
638	18:50:00.18	0.0695	21.13160	20.68	41.83	1.0	0.998682	22.0961	1.29904	804.94	1.04564	3.26	0
639	18:50:00.48	0.0735	21.13006	20.68	41.83	1.0	0.998610	22.0955	1.29904	804.96	1.04569	3.26	0
640	18:50:00.78	0.0690	21.13174	20.68	41.83	1.0	0.998688	22.0961	1.29900	804.94	1.04563	3.26	0
641	18:50:01.08	0.0700	21.13139	20.68	41.87	1.0	0.998676	22.0958	1.29900	804.94	1.04564	3.26	0
642	18:50:01.38	0.0705	21.13111	20.68	41.87	1.0	0.998664	22.0954	1.29904	804.94	1.04563	3.26	0
643	18:50:01.68	0.0730	21.13013	20.68	41.87	1.0	0.998616	22.0955	1.29904	804.96	1.04569	3.26	0
644	18:50:01.98	0.0695	21.13160	20.68	41.87	1.0	0.998688	22.0962	1.29904	804.94	1.04564	3.26	0
645	18:50:02.28	0.0725	21.13041	20.68	41.87	1.0	0.998628	22.0956	1.29904	804.96	1.04568	3.26	0
646	18:50:02.58	0.0705	21.13118	20.68	41.87	1.0	0.998664	22.0961	1.29904	804.96	1.04566	3.26	0
647	18:50:02.88	0.0725	21.13034	20.68	41.87	1.0	0.998628	22.0956	1.29904	804.96	1.04568	3.26	0
648	18:50:03.18	0.0730	21.13027	20.68	41.87	1.0	0.998622	22.0955	1.29904	804.96	1.04568	3.26	0
649	18:50:03.48	0.0700	21.13132	20.68	41.87	1.0	0.998676	22.0960	1.29904	804.94	1.04565	3.26	0
650	18:50:03.78	0.0725	21.13048	20.68	41.87	1.0	0.998634	22.0959	1.29904	804.96	1.04569	3.26	0
651	18:50:04.08	0.0740	21.12964	20.68	41.90	1.0	0.998598	22.0963	1.29908	804.98	1.04575	3.26	0
652	18:50:04.38	0.0680	21.13223	20.68	41.90	1.0	0.998718	22.0963	1.29900	804.94	1.04563	3.26	0
653	18:50:04.68	0.0695	21.13160	20.68	41.90	1.0	0.998688	22.0963	1.29904	804.94	1.04565	3.26	0
654	18:50:04.98	0.0705	21.13118	20.68	41.90	1.0	0.998664	22.0953	1.29904	804.94	1.04563	3.26	0
655	18:50:05.28	0.0705	21.13118	20.68	41.90	1.0	0.998664	22.0956	1.29904	804.94	1.04564	3.26	0
656	18:50:05.58	0.0705	21.13104	20.68	41.90	1.0	0.998664	22.0958	1.29904	804.94	1.04566	3.26	0
657	18:50:05.88	0.0705	21.13104	20.68	41.90	1.0	0.998664	22.0952	1.29904	804.94	1.04563	3.26	0
658	18:50:06.18	0.0700	21.13132	20.68	41.90	1.0	0.998670	22.0951	1.29900	804.94	1.04561	3.26	0
659	18:50:06.48	0.0700	21.13146	20.68	41.90	1.0	0.998682	22.0958	1.29904	804.94	1.04564	3.26	0
660	18:50:06.78	0.0700	21.13125	20.68	41.90	1.0	0.998670	22.0958	1.29900	804.94	1.04564	3.26	0
661	18:50:07.08	0.0695	21.13153	20.68	41.90	1.0	0.998688	22.0952	1.29900	804.92	1.04560	3.26	0
662	18:50:07.38	0.0720	21.13055	20.68	41.90	1.0	0.998640	22.0958	1.29904	804.96	1.04567	3.26	0
663	18:50:07.68	0.0700	21.13146	20.68	41.90	1.0	0.998676	22.0963	1.29904	804.94	1.04566	3.26	0
664	18:50:07.98	0.0710	21.13090	20.68	41.90	1.0	0.998652	22.0955	1.29904	804.94	1.04565	3.26	0
665	18:50:08.28	0.0690	21.13174	20.68	41.93	1.0	0.998694	22.0963	1.29904	804.94	1.04564	3.26	0
666	18:50:08.58	0.0700	21.13125	20.68	41.93	1.0	0.998670	22.0959	1.29904	804.94	1.04566	3.26	0
667	18:50:08.88	0.0700	21.13125	20.68	41.93	1.0	0.998670	22.0952	1.29900	804.92	1.04562	3.26	0
668	18:50:09.18	0.0695	21.13153	20.68	41.93	1.0	0.998688	22.0954	1.29900	804.94	1.04561	3.26	0
669	18:50:09.48	0.0680	21.13216	20.68	41.93	1.0	0.998712	22.0965	1.29900	804.94	1.04563	3.26	0
670	18:50:09.78	0.0710	21.13090	20.68	41.93	1.0	0.998652	22.0956	1.29904	804.96	1.04565	3.26	0
671	18:50:10.08	0.0710	21.13097	20.68	41.93	1.0	0.998658	22.0955	1.29904	804.94	1.04564	3.26	0
672	18:50:10.38	0.0705	21.13118	20.68	41.93	1.0	0.998670	22.0959	1.29904	804.96	1.04566	3.26	0
673	18:50:10.68	0.0705	21.13104	20.68	41.96	1.0	0.998664	22.0956	1.29904	804.94	1.04565	3.26	0
674	18:50:10.98	0.0675	21.13216	20.68	41.96	1.0	0.998718	22.0963	1.29900	804.94	1.04562	3.26	0
675	18:50:11.28	0.0690	21.13167	20.68	41.96	1.0	0.998694	22.0956	1.29900	804.94	1.04561	3.26	0
676	18:50:11.58	0.0715	21.13069	20.68	41.96	1.0	0.998646	22.0954	1.29904	804.96	1.04566	3.26	0
677	18:50:11.88	0.0695	21.13153	20.68	41.96	1.0	0.998688	22.0962	1.29904	804.94	1.04565	3.26	0
678	18:50:12.18	0.0690	21.13160	20.68	41.96	1.0	0.998688	22.0951	1.29900	804.92	1.04560	3.26	0
679	18:50:12.48	0.0685	21.13195	20.68	41.96	1.0	0.998706	22.0965	1.29900	804.94	1.04564	3.26	0
680	18:50:12.78	0.0705	21.13104	20.68	41.96	1.0	0.998664	22.0958	1.29904	804.94	1.04566	3.26	0
681	18:50:13.08	0.0705	21.13111	20.68	41.96	1.0	0.998664	22.0964	1.29904	804.96	1.04569	3.26	0
682	18:50:13.38	0.0695	21.13153	20.68	41.96	1.0	0.998688	22.0958	1.29900	804.94	1.04563	3.26	0
683	18:50:13.68	0.0710	21.13083	20.68	41.96	1.0	0.998652	22.0954	1.29904	804.94	1.04565	3.26	0
684	18:50:13.98	0.0720	21.13055	20.68	41.96	1.0	0.998640	22.0949	1.29904	804.94	1.04564	3.26	0
685	18:50:14.28	0.0675	21.13230	20.68	42.00	1.0	0.998724	22.0961	1.29900	804.94	1.04561	3.26	0
686	18:50:14.58	0.0690	21.13153	20.68	42.00	1.0	0.998688	22.0958	1.29904	804.94	1.04563	3.26	0
687	18:50:14.88	0.0705	21.13111	20.68	42.00	1.0	0.998670	22.0956	1.29904	804.94	1.04564	3.26	0
688	18:50:15.18	0.0695	21.13153	20.68	42.00	1.0	0.998688	22.0958	1.29904	804.94	1.04564	3.26	0
689	18:50:15.48	0.0690	21.13174	20.68	41.96	1.0	0.998694	22.0951	1.29900	804.92	1.04559	3.26	0
690	18:50:15.78	0.0695	21.13146	20.68	41.96	1.0	0.998682	22.0948	1.29900	804.92	1.04559	3.26	0
691	18:50:16.08	0.0670	21.13237	20.68	42.00	1.0	0.998730	22.0959	1.29900	804.92	1.04560	3.26	0
692	18:50:16.38	0.0725	21.13027	20.68	42.00	1.0	0.998628	22.0947	1.29904	804.94	1.04564	3.26	0
693	18:50:16.68	0.0705	21.13111	20.68	41.96	1.0	0.998670	22.0950	1.29900	804.94	1.04561	3.26	0
694	18:50:16.98	0.0680	21.13209	20.68	41.96	1.0	0.998712	22.0951	1.29900	804.92	1.04557	3.26	0
695	18:50:17.28	0.0700	21.13125	20.68	41.96	1.0	0.998676	22.0953	1.29900	804.94	1.04562	3.26	0
696	18:50:17.58	0.0690	21.13174	20.68	41.96	1.0	0.998694	22.0961	1.29904	804.94	1.04564	3.26	0
697	18:50:17.88	0.0680	21.13202	20.68	41.96	1.0	0.998712	22.0958	1.29900	804.92	1.04561	3.26	0
698	18:50:18.18	0.0705	21.13118	20.68	41.96	1.0	0.998670	22.0961	1.29904	804.94	1.04566	3.26	0
699	18:50:18.48	0.0695	21.13153	20.68	41.96	1.0	0.998688	22.0965	1.29904	804.94	1.04566	3.26	0
700	18:50:18.78	0.0695	21.13139	20.68	41.96	1.0	0.998682	22.0954	1.29900	804.94	1.04562	3.26	0
701	18:50:19.08	0.0710	21.13097	20.68	41.96	1.0	0.998658	22.0953	1.29904	804.94	1.04564	3.26	0
702	18:50:19.38	0.0715	21.13069	20.68	41.96	1.0	0.998646	22.0964	1.29908	804.96	1.04570	3.26	0
703	18:50:19.68	0.0690	21.13160	20.68	41.96	1.0	0.998688	22.0965	1.29904	804.96	1.04566	3.26	0
704	18:50:19.98	0.0695	21.13139	20.68	41.96	1.0	0.998682	22.0959	1.29904	804.94	1.04564	3.26	0
705	18:50:20.28	0.0685	21.13181	20.68	41.96	1.0	0.998700	22.0960	1.29900	804.94	1.04563	3.26	0
706	18:50:20.58	0.0715	21.13076	20.68	41.96	1.0	0.998652	22.0953	1.29904	804.94	1.04564	3.26	0
707	18:50:20.88	0.0715	21.13062	20.68	41.96	1.0	0.998646	22.0956	1.29904	804.96	1.04566	3.26	0
708	18:50:21.18	0.0685	21.13188	20.68	41.96	1.0	0.998706	22.0962	1.29900	804.94	1.04563	3.26	0
709	18:50:21.48	0.0690	21.13160	20.68	41.96	1.0	0.998688	22.0961	1.29904	804.94	1.04564	3.26	0
710	18:50:21.78	0.0685	21.13188	20.68	41.96	1.0	0.998706	22.0959	1.29900	804.94	1.04562	3.26	0
711	18:50:22.08	0.0685	21.13188	20.68	41.96	1.0	0.998706	22.0957	1.29900	804.94	1.04561	3.26	0
712	18:50:22.38	0.0675	21.13237	20.68	41.96	1.0	0.998730	22.0961	1.29900	804.94	1.04561	3.26	0
713	18:50:22.68	0.0710	21.13083	20.68	41.96	1.0	0.998652	22.0950	1.29900	804.94	1.04563	3.26	0
714	18:50:22.98	0.0695	21.13146	20.68	41.96	1.0	0.998682	22.0956	1.29900	804.94	1.04563	3.26	0
715	18:50:23.28	0.0720	21.13055	20.68	41.96	1.0	0.998640	22.0958	1.29904	804.96	1.04568	3.26	0
716	18:50:23.58	0.0680	21.13202	20.68	41.96	1.0	0.998712	22.0956	1.29900	804.92	1.04560	3.26	0
717	18:50:23.88	0.0675	21.13230	20.68	41.96	1.0	0.998724	22.0958	1.29900	804.92	1.04559	3.26	0
718	18:50:24.18	0.0700	21.13139	20.68	41.96	1.0	0.998682	22.0954	1.29904	804.92	1.04562	3.26	0
719	18:50:24.48	0.0675	21.13237	20.68	41.96	1.0	0.998724	22.0958	1.29900	804.92	1.04559	3.26	0
720	18:50:24.78	0.0685	21.13181	20.68	41.96	1.0	0.998700	22.0956	1.29900	804.94	1.04561	3.26	0
721	18:50:25.08	0.0705	21.13111	20.68	41.96	1.0	0.998664	22.0955	1.29904	804.94	1.04564	3.26	0
722	18:50:25.38	0.0680	21.13216	20.68	41.96	1.0	0.998718	22.0951	1.29900	804.90	1.04557	3.26	0
723	18:50:25.68	0.0680	21.13209	20.68	41.96	1.0	0.998712	22.0956	1.29900	804.92	1.04560	3.26	0
724	18:50:25.98	0.0700	21.13125	20.68	41.96	1.0	0.998670	22.0959	1.29904	804.94	1.04566	3.26	0
725	18:50:26.28	0.0690	21.13160	20.68	41.96	1.0	0.998694	22.0954	1.29900	804.92	1.04561	3.26	0
726	18:50:26.58	0.0690	21.13160	20.68	41.96	1.0	0.998688	22.0965	1.29904	804.96	1.04566	3.26	0
727	18:50:26.88	0.0690	21.13160	20.68	41.96	1.0	0.998688	22.0952	1.29900	804.92	1.04560	3.26	0
728	18:50:27.18	0.0705	21.13111	20.68	41.96	1.0	0.998670	22.0951	1.29904	804.92	1.04562	3.26	0
729	18:50:27.48	0.0710	21.13090	20.68	41.96	1.0	0.998658	22.0951	1.29904	804.94	1.04563	3.26	0
730	18:50:27.78	0.0685	21.13188	20.68	41.96	1.0	0.998706	22.0954	1.29900	804.92	1.04560	3.26	0
731	18:50:28.08	0.0695	21.13146	20.68	42.00	1.0	0.998688	22.0952	1.29900	804.92	1.04561	3.26	0
732	18:50:28.38	0.0690	21.13167	20.68	42.00	1.0	0.998694	22.0959	1.29904	804.94	1.04563	3.26	0
733	18:50:28.68	0.0700	21.13125	20.68	42.00	1.0	0.998676	22.0956	1.29904	804.94	1.04563	3.26	0
734	18:50:28.98	0.0695	21.13153	20.68	42.00	1.0	0.998688	22.0961	1.29904	804.94	1.04564	3.26	0
735	18:50:29.28	0.0685	21.13188	20.68	42.00	1.0	0.998706	22.0961	1.29904	804.94	1.04563	3.26	0
736	18:50:29.58	0.0700	21.13118	20.68	42.00	1.0	0.998670	22.0960	1.29904	804.94	1.04566	3.26	0
737	18:50:29.88	0.0675	21.13223	20.68	42.00	1.0	0.998724	22.0958	1.29900	804.92	1.04560	3.26	0
738	18:50:30.18	0.0680	21.13209	20.68	42.00	1.0	0.998712	22.0961	1.29904	804.92	1.04562	3.26	0
739	18:50:30.48	0.0695	21.13146	20.68	42.00	1.0	0.998682	22.0959	1.29904	804.94	1.04564	3.26	0
740	18:50:30.78	0.0700	21.13111	20.68	42.00	1.0	0.998670	22.0964	1.29904	804.96	1.04568	3.26	0
741	18:50:31.08	0.0700	21.13132	20.68	42.00	1.0	0.998676	22.0961	1.29904	804.94	1.04566	3.26	0
742	18:50:31.38	0.0680	21.13202	20.68	42.00	1.0	0.998712	22.0960	1.29900	804.94	1.04562	3.26	0
743	18:50:31.68	0.0690	21.13167	20.68	42.00	1.0	0.998694	22.0960	1.29904	804.94	1.04563	3.26	0
744	18:50:31.98	0.0675	21.13230	20.68	42.00	1.0	0.998724	22.0961	1.29900	804.94	1.04561	3.26	0
745	18:50:32.28	0.0685	21.13181	20.68	42.00	1.0	0.998700	22.0957	1.29900	804.92	1.04561	3.26	0
746	18:50:32.58	0.0680	21.13209	20.68	42.00	1.0	0.998718	22.0968	1.29904	804.94	1.04565	3.26	0
747	18:50:32.88	0.0675	21.13230	20.68	42.00	1.0	0.998724	22.0961	1.29900	804.92	1.04561	3.26	0
748	18:50:33.18	0.0715	21.13062	20.68	42.00	1.0	0.998646	22.0949	1.29904	804.94	1.04563	3.26	0
749	18:50:33.48	0.0695	21.13153	20.68	42.00	1.0	0.998688	22.0959	1.29904	804.94	1.04564	3.26	0
750	18:50:33.78	0.0685	21.13174	20.68	42.00	1.0	0.998700	22.0961	1.29900	804.94	1.04563	3.26	0
751	18:50:34.08	0.0700	21.13132	20.68	42.00	1.0	0.998676	22.0952	1.29904	804.92	1.04561	3.26	0
752	18:50:34.38	0.0680	21.13195	20.68	42.00	1.0	0.998706	22.0960	1.29900	804.92	1.04562	3.26	0
753	18:50:34.68	0.0695	21.13139	20.68	42.03	1.0	0.998682	22.0955	1.29904	804.92	1.04563	3.26	0
754	18:50:34.98	0.0700	21.13118	20.68	42.03	1.0	0.998676	22.0953	1.29900	804.94	1.04563	3.26	0
755	18:50:35.28	0.0685	21.13174	20.68	42.03	1.0	0.998700	22.0952	1.29900	804.92	1.04560	3.26	0
756	18:50:35.58	0.0695	21.13139	20.68	42.03	1.0	0.998688	22.0960	1.29904	804.94	1.04564	3.26	0
757	18:50:35.88	0.0700	21.13118	20.68	42.03	1.0	0.998676	22.0958	1.29904	804.94	1.04565	3.26	0
758	18:50:36.18	0.0670	21.13237	20.68	42.03	1.0	0.998730	22.0958	1.29900	804.92	1.04559	3.26	0
759	18:50:36.48	0.0680	21.13209	20.68	42.03	1.0	0.998718	22.0953	1.29900	804.92	1.04558	3.26	0
760	18:50:36.78	0.0685	21.13181	20.68	42.03	1.0	0.998706	22.0957	1.29904	804.92	1.04561	3.26	0
761	18:50:37.08	0.0685	21.13181	20.68	42.03	1.0	0.998700	22.0954	1.29900	804.92	1.04560	3.26	0
762	18:50:37.38	0.0680	21.13202	20.68	42.03	1.0	0.998712	22.0951	1.29896	804.92	1.04558	3.26	0
763	18:50:37.68	0.0690	21.13153	20.68	42.03	1.0	0.998694	22.0960	1.29904	804.94	1.04564	3.26	0
764	18:50:37.98	0.0690	21.13167	20.68	42.03	1.0	0.998694	22.0953	1.29900	804.92	1.04560	3.26	0
765	18:50:38.28	0.0695	21.13146	20.68	42.03	1.0	0.998688	22.0955	1.29900	804.94	1.04562	3.26	0
766	18:50:38.58	0.0685	21.13174	20.68	42.03	1.0	0.998700	22.0958	1.29900	804.94	1.04562	3.26	0
767	18:50:38.88	0.0690	21.13160	20.68	42.03	1.0	0.998694	22.0958	1.29900	804.94	1.04563	3.26	0
768	18:50:39.18	0.0680	21.13202	20.68	42.03	1.0	0.998712	22.0958	1.29900	804.92	1.04561	3.26	0
769	18:50:39.48	0.0685	21.13181	20.68	42.03	1.0	0.998706	22.0961	1.29904	804.94	1.04563	3.26	0
770	18:50:39.78	0.0695	21.13139	20.68	42.03	1.0	0.998682	22.0958	1.29904	804.94	1.04564	3.26	0
771	18:50:40.08	0.0695	21.13146	20.68	42.03	1.0	0.998688	22.0957	1.29904	804.94	1.04563	3.26	0
772	18:50:40.38	0.0690	21.13160	20.68	42.03	1.0	0.998694	22.0962	1.29904	804.94	1.04565	3.26	0
773	18:50:40.68	0.0695	21.13146	20.68	42.03	1.0	0.998688	22.0959	1.29900	804.94	1.04564	3.26	0
774	18:50:40.98	0.0695	21.13146	20.68	42.03	1.0	0.998688	22.0959	1.29904	804.94	1.04564	3.26	0
775	18:50:41.28	0.0685	21.13188	20.68	42.03	1.0	0.998706	22.0953	1.29900	804.92	1.04559	3.26	0
776	18:50:41.58	0.0675	21.13230	20.68	42.03	1.0	0.998724	22.0956	1.29900	804.92	1.04559	3.26	0
777	18:50:41.88	0.0715	21.13069	20.68	42.03	1.0	0.998652	22.0949	1.29900	804.94	1.04563	3.26	0
778	18:50:42.18	0.0685	21.13181	20.68	42.03	1.0	0.998700	22.0965	1.29904	804.96	1.04565	3.26	0
779	18:50:42.48	0.0710	21.13090	20.68	42.03	1.0	0.998658	22.0959	1.29904	804.96	1.04567	3.26	0
780	18:50:42.78	0.0685	21.13181	20.68	42.03	1.0	0.998700	22.0954	1.29900	804.92	1.04560	3.26	0
781	18:50:43.08	0.0700	21.13118	20.68	42.03	1.0	0.998676	22.0962	1.29904	804.94	1.04567	3.26	0
782	18:50:43.38	0.0680	21.13195	20.68	42.03	1.0	0.998712	22.0963	1.29904	804.94	1.04563	3.26	0
783	18:50:43.68	0.0685	21.13181	20.68	42.10	1.0	0.998706	22.0960	1.29904	804.94	1.04563	3.26	0
784	18:50:43.98	0.0690	21.13153	20.68	42.10	1.0	0.998694	22.0954	1.29900	804.92	1.04561	3.26	0
785	18:50:44.28	0.0690	21.13167	20.68	42.03	1.0	0.998700	22.0949	1.29900	804.92	1.04558	3.26	0
786	18:50:44.58	0.0680	21.13188	20.68	42.03	1.0	0.998706	22.0961	1.29904	804.94	1.04563	3.26	0
787	18:50:44.88	0.0675	21.13223	20.68	42.03	1.0	0.998724	22.0954	1.29900	804.92	1.04558	3.26	0
788	18:50:45.18	0.0710	21.13076	20.68	42.03	1.0	0.998652	22.0954	1.29904	804.94	1.04565	3.26	0
789	18:50:45.48	0.0690	21.13146	20.68	42.10	1.0	0.998694	22.0951	1.29900	804.92	1.04560	3.26	0
790	18:50:45.78	0.0680	21.13202	20.68	42.10	1.0	0.998718	22.0956	1.29900	804.92	1.04560	3.26	0
791	18:50:46.08	0.0680	21.13195	20.68	42.10	1.0	0.998718	22.0955	1.29900	804.92	1.04560	3.26	0
792	18:50:46.38	0.0695	21.13125	20.68	42.10	1.0	0.998682	22.0945	1.29900	804.92	1.04558	3.26	0
793	18:50:46.68	0.0710	21.13090	20.68	42.03	1.0	0.998658	22.0948	1.29900	804.94	1.04562	3.26	0
794	18:50:46.98	0.0695	21.13146	20.68	42.03	1.0	0.998688	22.0958	1.29904	804.94	1.04564	3.26	0
795	18:50:47.28	0.0675	21.13223	20.68	42.03	1.0	0.998724	22.0954	1.29900	804.92	1.04558	3.26	0
796	18:50:47.58	0.0685	21.13181	20.68	42.03	1.0	0.998706	22.0946	1.29896	804.92	1.04556	3.26	0
797	18:50:47.88	0.0675	21.13223	20.68	42.03	1.0	0.998724	22.0953	1.29900	804.90	1.04557	3.26	0
798	18:50:48.18	0.0705	21.13097	20.68	42.03	1.0	0.998664	22.0954	1.29904	804.94	1.04564	3.26	0
799	18:50:48.48	0.0690	21.13160	20.68	42.03	1.0	0.998694	22.0944	1.29900	804.90	1.04557	3.26	0
800	18:50:48.78	0.0680	21.13202	20.68	42.03	1.0	0.998712	22.0950	1.29896	804.92	1.04557	3.26	0
801	18:50:49.08	0.0680	21.13188	20.68	42.03	1.0	0.998706	22.0951	1.29900	804.92	1.04558	3.26	0
802	18:50:49.38	0.0680	21.13202	20.68	42.03	1.0	0.998712	22.0949	1.29896	804.92	1.04556	3.26	0
803	18:50:49.68	0.0690	21.13167	20.68	42.03	1.0	0.998694	22.0952	1.29900	804.92	1.04560	3.26	0
804	18:50:49.98	0.0695	21.13139	20.68	42.03	1.0	0.998688	22.0954	1.29904	804.92	1.04562	3.26	0
805	18:50:50.28	0.0690	21.13160	20.68	42.03	1.0	0.998694	22.0954	1.29900	804.92	1.04561	3.26	0
806	18:50:50.58	0.0685	21.13174	20.68	42.03	1.0	0.998700	22.0953	1.29900	804.92	1.04560	3.26	0
807	18:50:50.88	0.0685	21.13181	20.68	42.03	1.0	0.998706	22.0961	1.29900	804.94	1.04563	3.26	0
808	18:50:51.18	0.0670	21.13244	20.68	42.03	1.0	0.998730	22.0956	1.29900	804.92	1.04558	3.26	0
809	18:50:51.48	0.0695	21.13139	20.68	42.03	1.0	0.998682	22.0947	1.29900	804.92	1.04559	3.26	0
810	18:50:51.78	0.0685	21.13181	20.68	42.03	1.0	0.998706	22.0949	1.29900	804.92	1.04558	3.26	0
811	18:50:52.08	0.0685	21.13174	20.68	42.03	1.0	0.998700	22.0957	1.29900	804.94	1.04561	3.26	0
812	18:50:52.38	0.0675	21.13216	20.68	42.03	1.0	0.998718	22.0950	1.29900	804.90	1.04557	3.26	0
813	18:50:52.68	0.0695	21.13132	20.68	42.03	1.0	0.998682	22.0958	1.29904	804.94	1.04564	3.26	0
814	18:50:52.98	0.0700	21.13125	20.68	42.03	1.0	0.998676	22.0954	1.29904	804.94	1.04563	3.26	0
815	18:50:53.28	0.0695	21.13146	20.68	42.03	1.0	0.998688	22.0955	1.29900	804.94	1.04562	3.26	0
816	18:50:53.58	0.0690	21.13167	20.68	42.03	1.0	0.998700	22.0963	1.29904	804.94	1.04565	3.26	0
817	18:50:53.88	0.0680	21.13209	20.68	42.03	1.0	0.998718	22.0954	1.29900	804.92	1.04559	3.26	0
818	18:50:54.18	0.0700	21.13111	20.68	42.03	1.0	0.998670	22.0958	1.29904	804.94	1.04565	3.26	0
819	18:50:54.48	0.0700	21.13118	20.68	42.03	1.0	0.998676	22.0954	1.29904	804.94	1.04563	3.26	0
820	18:50:54.78	0.0700	21.13125	20.68	42.03	1.0	0.998676	22.0958	1.29904	804.94	1.04564	3.26	0
821	18:50:55.08	0.0695	21.13132	20.68	42.03	1.0	0.998682	22.0958	1.29904	804.94	1.04564	3.26	0
822	18:50:55.38	0.0680	21.13195	20.68	42.03	1.0	0.998712	22.0965	1.29904	804.94	1.04564	3.26	0
823	18:50:55.68	0.0680	21.13195	20.68	42.03	1.0	0.998712	22.0968	1.29904	804.94	1.04566	3.26	0
824	18:50:55.98	0.0690	21.13160	20.68	42.03	1.0	0.998694	22.0961	1.29900	804.94	1.04564	3.26	0
825	18:50:56.28	0.0695	21.13146	20.68	42.03	1.0	0.998688	22.0959	1.29904	804.94	1.04564	3.26	0
826	18:50:56.58	0.0670	21.13237	20.68	42.03	1.0	0.998730	22.0961	1.29900	804.94	1.04561	3.26	0
827	18:50:56.88	0.0705	21.13097	20.68	42.03	1.0	0.998664	22.0960	1.29904	804.96	1.04567	3.26	0
828	18:50:57.18	0.0670	21.13230	20.68	42.03	1.0	0.998730	22.0965	1.29900	804.94	1.04563	3.26	0
829	18:50:57.48	0.0685	21.13181	20.68	42.03	1.0	0.998706	22.0970	1.29904	804.94	1.04567	3.26	0
830	18:50:57.78	0.0700	21.13118	20.68	42.03	1.0	0.998676	22.0972	1.29908	804.96	1.04572	3.26	0
831	18:50:58.08	0.0695	21.13132	20.68	42.10	1.0	0.998682	22.0965	1.29904	804.96	1.04567	3.26	0
832	18:50:58.38	0.0705	21.13090	20.68	42.10	1.0	0.998664	22.0963	1.29908	804.96	1.04569	3.26	0
833	18:50:58.68	0.0710	21.13076	20.68	42.10	1.0	0.998658	22.0963	1.29908	804.96	1.04569	3.26	0
834	18:50:58.98	0.0700	21.13118	20.68	42.10	1.0	0.998676	22.0963	1.29904	804.96	1.04567	3.26	0
835	18:50:59.28	0.0730	21.12992	20.68	42.10	1.0	0.998616	22.0961	1.29908	804.96	1.04572	3.26	0
836	18:50:59.58	0.0680	21.13202	20.68	42.10	1.0	0.998718	22.0965	1.29904	804.94	1.04564	3.26	0
837	18:50:59.88	0.0690	21.13153	20.68	42.10	1.0	0.998694	22.0968	1.29904	804.96	1.04568	3.26	0
838	18:51:00.18	0.0680	21.13188	20.68	42.10	1.0	0.998712	22.0968	1.29904	804.94	1.04566	3.26	0
839	18:51:00.48	0.0675	21.13209	20.68	42.10	1.0	0.998724	22.0970	1.29904	804.96	1.04566	3.26	0
840	18:51:00.78	0.0705	21.13097	20.68	42.10	1.0	0.998670	22.0965	1.29904	804.96	1.04569	3.26	0
841	18:51:01.08	0.0685	21.13174	20.68	42.10	1.0	0.998706	22.0968	1.29904	804.96	1.04567	3.26	0
842	18:51:01.38	0.0685	21.13160	20.68	42.10	1.0	0.998700	22.0956	1.29900	804.94	1.04562	3.26	0
843	18:51:01.68	0.0675	21.13202	20.68	42.10	1.0	0.998718	22.0966	1.29904	804.94	1.04564	3.26	0
844	18:51:01.98	0.0690	21.13146	20.68	42.10	1.0	0.998688	22.0963	1.29904	804.94	1.04566	3.26	0
845	18:51:02.28	0.0685	21.13181	20.68	42.10	1.0	0.998706	22.0968	1.29904	804.94	1.04567	3.26	0
846	18:51:02.58	0.0690	21.13153	20.68	42.10	1.0	0.998694	22.0966	1.29904	804.96	1.04567	3.26	0
847	18:51:02.88	0.0690	21.13160	20.68	42.10	1.0	0.998694	22.0960	1.29904	804.94	1.04564	3.26	0
848	18:51:03.18	0.0675	21.13209	20.68	42.10	1.0	0.998718	22.0966	1.29904	804.94	1.04564	3.26	0
849	18:51:03.48	0.0700	21.13104	20.68	42.10	1.0	0.998670	22.0963	1.29904	804.96	1.04568	3.26	0
850	18:51:03.78	0.0695	21.13132	20.68	42.10	1.0	0.998688	22.0958	1.29904	804.94	1.04564	3.26	0
851	18:51:04.08	0.0705	21.13104	20.68	42.10	1.0	0.998670	22.0964	1.29904	804.96	1.04569	3.26	0
852	18:51:04.38	0.0700	21.13118	20.68	42.10	1.0	0.998676	22.0959	1.29904	804.94	1.04566	3.26	0
853	18:51:04.68	0.0695	21.13139	20.68	42.10	1.0	0.998688	22.0959	1.29904	804.94	1.04564	3.26	0
854	18:51:04.98	0.0690	21.13153	20.68	42.10	1.0	0.998694	22.0964	1.29904	804.94	1.04566	3.26	0
855	18:51:05.28	0.0680	21.13188	20.68	42.10	1.0	0.998712	22.0963	1.29904	804.94	1.04564	3.26	0
856	18:51:05.58	0.0685	21.13167	20.68	42.10	1.0	0.998700	22.0963	1.29904	804.94	1.04565	3.26	0
857	18:51:05.88	0.0680	21.13202	20.68	42.10	1.0	0.998718	22.0962	1.29904	804.94	1.04563	3.26	0
858	18:51:06.18	0.0670	21.13237	20.68	42.10	1.0	0.998736	22.0961	1.29900	804.92	1.04560	3.26	0
859	18:51:06.48	0.0670	21.13237	20.68	42.10	1.0	0.998736	22.0968	1.29904	804.94	1.04564	3.26	0
860	18:51:06.78	0.0685	21.13174	20.68	42.10	1.0	0.998706	22.0968	1.29904	804.96	1.04567	3.26	0
861	18:51:07.08	0.0695	21.13132	20.68	42.10	1.0	0.998682	22.0961	1.29904	804.94	1.04566	3.26	0
862	18:51:07.38	0.0680	21.13188	20.68	42.10	1.0	0.998712	22.0957	1.29904	804.92	1.04561	3.26	0
863	18:51:07.68	0.0675	21.13216	20.68	42.10	1.0	0.998724	22.0966	1.29904	804.94	1.04564	3.26	0
864	18:51:07.98	0.0695	21.13139	20.68	42.10	1.0	0.998688	22.0963	1.29904	804.94	1.04566	3.26	0
865	18:51:08.28	0.0675	21.13202	20.68	42.10	1.0	0.998718	22.0965	1.29904	804.94	1.04564	3.26	0
866	18:51:08.58	0.0685	21.13174	20.68	42.10	1.0	0.998700	22.0963	1.29904	804.94	1.04564	3.26	0
867	18:51:08.88	0.0695	21.13132	20.68	42.10	1.0	0.998688	22.0963	1.29904	804.94	1.04566	3.26	0
868	18:51:09.18	0.0685	21.13181	20.68	42.10	1.0	0.998706	22.0954	1.29900	804.92	1.04560	3.26	0
869	18:51:09.48	0.0675	21.13202	20.68	42.10	1.0	0.998718	22.0959	1.29904	804.92	1.04561	3.26	0
870	18:51:09.78	0.0670	21.13230	20.68	42.10	1.0	0.998730	22.0963	1.29900	804.94	1.04561	3.26	0
871	18:51:10.08	0.0670	21.13230	20.68	42.10	1.0	0.998730	22.0961	1.29900	804.92	1.04561	3.26	0
872	18:51:10.38	0.0665	21.13258	20.68	42.10	1.0	0.998742	22.0957	1.29900	804.92	1.04558	3.26	0
873	18:51:10.68	0.0670	21.13223	20.68	42.10	1.0	0.998730	22.0961	1.29904	804.92	1.04561	3.26	0
874	18:51:10.98	0.0670	21.13230	20.68	42.10	1.0	0.998730	22.0966	1.29900	804.94	1.04563	3.26	0
875	18:51:11.28	0.0685	21.13181	20.68	42.10	1.0	0.998706	22.0960	1.29904	804.94	1.04563	3.26	0
876	18:51:11.58	0.0695	21.13139	20.68	42.10	1.0	0.998688	22.0957	1.29904	804.94	1.04563	3.26	0
877	18:51:11.88	0.0670	21.13230	20.68	42.10	1.0	0.998730	22.0954	1.29900	804.90	1.04558	3.26	0
878	18:51:12.18	0.0685	21.13174	20.68	42.10	1.0	0.998706	22.0958	1.29904	804.92	1.04562	3.26	0
879	18:51:12.48	0.0700	21.13104	20.68	42.10	1.0	0.998670	22.0955	1.29904	804.94	1.04564	3.26	0
880	18:51:12.78	0.0695	21.13139	20.68	42.10	1.0	0.998688	22.0955	1.29904	804.94	1.04563	3.26	0
881	18:51:13.08	0.0680	21.13195	20.68	42.10	1.0	0.998712	22.0959	1.29904	804.92	1.04562	3.26	0
882	18:51:13.38	0.0690	21.13160	20.68	42.10	1.0	0.998700	22.0959	1.29904	804.94	1.04563	3.26	0
883	18:51:13.68	0.0695	21.13139	20.68	42.10	1.0	0.998688	22.0956	1.29904	804.94	1.04563	3.26	0
884	18:51:13.98	0.0675	21.13216	20.68	42.10	1.0	0.998724	22.0964	1.29904	804.92	1.04563	3.26	0
885	18:51:14.28	0.0695	21.13125	20.68	42.10	1.0	0.998682	22.0962	1.29904	804.94	1.04567	3.26	0
886	18:51:14.58	0.0675	21.13209	20.68	42.10	1.0	0.998724	22.0962	1.29900	804.94	1.04563	3.26	0
887	18:51:14.88	0.0680	21.13181	20.68	42.10	1.0	0.998712	22.0958	1.29904	804.92	1.04562	3.26	0
888	18:51:15.18	0.0700	21.13104	20.68	42.10	1.0	0.998670	22.0957	1.29904	804.94	1.04565	3.26	0
889	18:51:15.48	0.0685	21.13174	20.68	42.10	1.0	0.998706	22.0961	1.29904	804.94	1.04563	3.26	0
890	18:51:15.78	0.0685	21.13181	20.68	42.10	1.0	0.998706	22.0958	1.29900	804.94	1.04562	3.26	0
891	18:51:16.08	0.0700	21.13111	20.68	42.10	1.0	0.998676	22.0953	1.29904	804.94	1.04563	3.26	0
892	18:51:16.38	0.0675	21.13216	20.68	42.10	1.0	0.998724	22.0966	1.29904	804.94	1.04564	3.26	0
893	18:51:16.68	0.0685	21.13167	20.68	42.10	1.0	0.998700	22.0965	1.29904	804.94	1.04566	3.26	0
894	18:51:16.98	0.0675	21.13209	20.68	42.10	1.0	0.998718	22.0961	1.29900	804.94	1.04562	3.26	0
895	18:51:17.28	0.0700	21.13111	20.68	42.10	1.0	0.998676	22.0958	1.29904	804.94	1.04565	3.26	0
896	18:51:17.58	0.0700	21.13104	20.68	42.10	1.0	0.998670	22.0956	1.29904	804.94	1.04565	3.26	0
897	18:51:17.88	0.0685	21.13167	20.68	42.10	1.0	0.998700	22.0957	1.29900	804.94	1.04562	3.26	0
898	18:51:18.18	0.0665	21.13258	20.68	42.10	1.0	0.998742	22.0959	1.29900	804.92	1.04559	3.26	0
899	18:51:18.48	0.0680	21.13188	20.68	42.10	1.0	0.998712	22.0966	1.29904	804.94	1.04565	3.26	0
900	18:51:18.78	0.0670	21.13230	20.68	42.10	1.0	0.998730	22.0961	1.29900	804.92	1.04561	3.26	0
901	18:51:19.08	0.0695	21.13132	20.68	42.10	1.0	0.998688	22.0956	1.29904	804.94	1.04563	3.26	0
902	18:51:19.38	0.0690	21.13160	20.68	42.10	1.0	0.998700	22.0961	1.29904	804.94	1.04564	3.26	0
903	18:51:19.68	0.0680	21.13188	20.68	42.10	1.0	0.998712	22.0967	1.29904	804.94	1.04566	3.26	0
904	18:51:19.98	0.0695	21.13132	20.68	42.10	1.0	0.998682	22.0963	1.29904	804.94	1.04567	3.26	0
905	18:51:20.28	0.0670	21.13237	20.68	42.10	1.0	0.998736	22.0961	1.29900	804.94	1.04560	3.26	0
906	18:51:20.58	0.0690	21.13146	20.68	42.10	1.0	0.998694	22.0953	1.29900	804.92	1.04561	3.26	0
907	18:51:20.88	0.0695	21.13139	20.68	42.10	1.0	0.998688	22.0963	1.29904	804.96	1.04566	3.26	0
908	18:51:21.18	0.0660	21.13279	20.68	42.10	1.0	0.998754	22.0961	1.29900	804.92	1.04558	3.26	0
909	18:51:21.48	0.0680	21.13188	20.68	42.10	1.0	0.998712	22.0954	1.29900	804.92	1.04559	3.26	0
910	18:51:21.78	0.0695	21.13125	20.68	42.10	1.0	0.998682	22.0949	1.29900	804.92	1.04560	3.26	0
911	18:51:22.08	0.0670	21.13230	20.68	42.10	1.0	0.998730	22.0956	1.29900	804.92	1.04558	3.26	0
912	18:51:22.38	0.0675	21.13223	20.68	42.10	1.0	0.998724	22.0954	1.29900	804.90	1.04558	3.26	0
913	18:51:22.68	0.0695	21.13132	20.68	42.10	1.0	0.998688	22.0950	1.29900	804.92	1.04560	3.26	0
914	18:51:22.98	0.0680	21.13188	20.68	42.10	1.0	0.998712	22.0953	1.29900	804.92	1.04559	3.26	0
915	18:51:23.28	0.0695	21.13132	20.68	42.10	1.0	0.998682	22.0961	1.29904	804.94	1.04566	3.26	0
916	18:51:23.58	0.0670	21.13230	20.68	42.10	1.0	0.998730	22.0963	1.29904	804.92	1.04562	3.26	0
917	18:51:23.88	0.0665	21.13251	20.68	42.10	1.0	0.998742	22.0967	1.29904	804.92	1.04563	3.26	0
918	18:51:24.18	0.0695	21.13132	20.68	42.10	1.0	0.998688	22.0961	1.29904	804.94	1.04566	3.26	0
919	18:51:24.48	0.0680	21.13202	20.68	42.10	1.0	0.998718	22.0961	1.29904	804.92	1.04562	3.26	0
920	18:51:24.78	0.0680	21.13202	20.68	42.10	1.0	0.998718	22.0952	1.29900	804.92	1.04558	3.26	0
921	18:51:25.08	0.0680	21.13195	20.68	42.10	1.0	0.998718	22.0960	1.29904	804.92	1.04562	3.26	0
922	18:51:25.38	0.0700	21.13111	20.68	42.10	1.0	0.998676	22.0963	1.29904	804.94	1.04567	3.26	0
923	18:51:25.68	0.0695	21.13139	20.68	42.10	1.0	0.998688	22.0963	1.29904	804.96	1.04566	3.26	0
924	18:51:25.98	0.0685	21.13167	20.68	42.10	1.0	0.998700	22.0961	1.29904	804.94	1.04564	3.26	0
925	18:51:26.28	0.0680	21.13188	20.68	42.10	1.0	0.998712	22.0964	1.29904	804.94	1.04564	3.26	0
926	18:51:26.58	0.0670	21.13237	20.68	42.10	1.0	0.998736	22.0963	1.29900	804.94	1.04561	3.26	0
927	18:51:26.88	0.0665	21.13251	20.68	42.13	1.0	0.998742	22.0972	1.29904	804.94	1.04565	3.26	0
928	18:51:27.18	0.0690	21.13139	20.68	42.13	1.0	0.998694	22.0957	1.29904	804.94	1.04563	3.26	0
929	18:51:27.48	0.0705	21.13090	20.68	42.13	1.0	0.998664	22.0956	1.29904	804.94	1.04565	3.26	0
930	18:51:27.78	0.0680	21.13195	20.68	42.13	1.0	0.998718	22.0958	1.29900	804.92	1.04561	3.26	0
931	18:51:28.08	0.0675	21.13202	20.68	42.13	1.0	0.998718	22.0965	1.29904	804.94	1.04564	3.26	0
932	18:51:28.38	0.0665	21.13251	20.68	42.13	1.0	0.998742	22.0959	1.29900	804.92	1.04559	3.26	0
933	18:51:28.68	0.0675	21.13202	20.68	42.13	1.0	0.998718	22.0965	1.29904	804.94	1.04564	3.26	0
934	18:51:28.98	0.0675	21.13209	20.68	42.13	1.0	0.998724	22.0964	1.29904	804.94	1.04563	3.26	0
935	18:51:29.28	0.0690	21.13146	20.68	42.13	1.0	0.998694	22.0957	1.29904	804.94	1.04563	3.26	0
936	18:51:29.58	0.0680	21.13188	20.68	42.13	1.0	0.998712	22.0963	1.29900	804.94	1.04564	3.26	0
937	18:51:29.88	0.0680	21.13188	20.68	42.13	1.0	0.998712	22.0964	1.29904	804.94	1.04564	3.26	0
938	18:51:30.18	0.0690	21.13146	20.68	42.13	1.0	0.998694	22.0958	1.29900	804.94	1.04564	3.26	0
939	18:51:30.48	0.0675	21.13202	20.68	42.13	1.0	0.998718	22.0957	1.29900	804.94	1.04561	3.26	0
940	18:51:30.78	0.0680	21.13181	20.68	42.13	1.0	0.998706	22.0962	1.29904	804.94	1.04564	3.26	0
941	18:51:31.08	0.0675	21.13202	20.68	42.13	1.0	0.998718	22.0965	1.29904	804.94	1.04564	3.26	0
942	18:51:31.38	0.0695	21.13125	20.68	42.13	1.0	0.998682	22.0963	1.29904	804.94	1.04567	3.26	0
943	18:51:31.68	0.0685	21.13174	20.68	42.13	1.0	0.998706	22.0961	1.29904	804.94	1.04564	3.26	0
944	18:51:31.98	0.0675	21.13202	20.68	42.13	1.0	0.998718	22.0966	1.29904	804.94	1.04564	3.26	0
945	18:51:32.28	0.0685	21.13174	20.68	42.13	1.0	0.998706	22.0969	1.29904	804.96	1.04567	3.26	0
946	18:51:32.58	0.0685	21.13160	20.68	42.13	1.0	0.998700	22.0960	1.29904	804.94	1.04564	3.26	0
947	18:51:32.88	0.0670	21.13216	20.68	42.16	1.0	0.998730	22.0970	1.29904	804.94	1.04566	3.26	0
948	18:51:33.18	0.0670	21.13230	20.68	42.16	1.0	0.998736	22.0965	1.29904	804.94	1.04563	3.26	0
949	18:51:33.48	0.0690	21.13146	20.68	42.16	1.0	0.998694	22.0958	1.29904	804.94	1.04564	3.26	0
950	18:51:33.78	0.0685	21.13167	20.68	42.16	1.0	0.998706	22.0970	1.29904	804.96	1.04568	3.26	0
951	18:51:34.08	0.0680	21.13188	20.68	42.16	1.0	0.998712	22.0966	1.29904	804.96	1.04566	3.26	0
952	18:51:34.38	0.0665	21.13244	20.68	42.16	1.0	0.998742	22.0968	1.29904	804.92	1.04563	3.26	0
953	18:51:34.68	0.0675	21.13195	20.68	42.16	1.0	0.998718	22.0961	1.29900	804.94	1.04563	3.26	0
954	18:51:34.98	0.0670	21.13223	20.68	42.16	1.0	0.998730	22.0968	1.29904	804.94	1.04564	3.26	0
955	18:51:35.28	0.0680	21.13181	20.68	42.16	1.0	0.998712	22.0964	1.29904	804.94	1.04564	3.26	0
956	18:51:35.58	0.0675	21.13209	20.68	42.16	1.0	0.998724	22.0965	1.29904	804.94	1.04563	3.26	0
957	18:51:35.88	0.0685	21.13174	20.68	42.16	1.0	0.998706	22.0968	1.29904	804.94	1.04567	3.26	0
958	18:51:36.18	0.0685	21.13160	20.68	42.16	1.0	0.998700	22.0964	1.29904	804.94	1.04566	3.26	0
959	18:51:36.48	0.0690	21.13132	20.68	42.16	1.0	0.998688	22.0964	1.29904	804.96	1.04567	3.26	0
960	18:51:36.78	0.0670	21.13223	20.68	42.16	1.0	0.998730	22.0965	1.29904	804.94	1.04563	3.26	0
961	18:51:37.08	0.0680	21.13181	20.68	42.16	1.0	0.998712	22.0969	1.29904	804.96	1.04567	3.26	0
962	18:51:37.38	0.0670	21.13223	20.68	42.16	1.0	0.998730	22.0965	1.29904	804.94	1.04563	3.26	0
963	18:51:37.68	0.0685	21.13160	20.68	42.16	1.0	0.998700	22.0962	1.29904	804.94	1.04565	3.26	0
964	18:51:37.98	0.0685	21.13153	20.68	42.16	1.0	0.998700	22.0958	1.29900	804.94	1.04563	3.26	0
965	18:51:38.28	0.0700	21.13104	20.68	42.19	1.0	0.998676	22.0958	1.29904	804.94	1.04566	3.26	0
966	18:51:38.58	0.0655	21.13272	20.68	42.19	1.0	0.998760	22.0972	1.29900	804.94	1.04564	3.26	0
967	18:51:38.88	0.0655	21.13272	20.68	42.19	1.0	0.998760	22.0971	1.29904	804.94	1.04563	3.26	0
968	18:51:39.18	0.0665	21.13230	20.68	42.19	1.0	0.998736	22.0956	1.29900	804.92	1.04558	3.26	0
969	18:51:39.48	0.0700	21.13090	20.68	42.19	1.0	0.998670	22.0956	1.29904	804.94	1.04566	3.26	0
970	18:51:39.78	0.0675	21.13202	20.68	42.19	1.0	0.998724	22.0962	1.29900	804.94	1.04563	3.26	0
971	18:51:40.08	0.0690	21.13146	20.68	42.19	1.0	0.998700	22.0961	1.29904	804.94	1.04564	3.26	0
972	18:51:40.38	0.0685	21.13167	20.68	42.19	1.0	0.998706	22.0961	1.29900	804.94	1.04564	3.26	0
973	18:51:40.68	0.0695	21.13125	20.68	42.19	1.0	0.998688	22.0961	1.29904	804.94	1.04566	3.26	0
974	18:51:40.98	0.0695	21.13125	20.68	42.19	1.0	0.998688	22.0959	1.29904	804.94	1.04565	3.26	0
975	18:51:41.28	0.0665	21.13237	20.68	42.19	1.0	0.998742	22.0961	1.29900	804.94	1.04560	3.26	0
976	18:51:41.58	0.0685	21.13160	20.68	42.19	1.0	0.998700	22.0971	1.29908	804.96	1.04569	3.26	0
977	18:51:41.88	0.0680	21.13181	20.68	42.19	1.0	0.998712	22.0965	1.29904	804.94	1.04565	3.26	0
978	18:51:42.18	0.0675	21.13209	20.68	42.19	1.0	0.998724	22.0961	1.29900	804.94	1.04562	3.26	0
979	18:51:42.48	0.0690	21.13146	20.68	42.19	1.0	0.998694	22.0961	1.29904	804.94	1.04565	3.26	0
980	18:51:42.78	0.0660	21.13251	20.68	42.19	1.0	0.998748	22.0965	1.29904	804.92	1.04562	3.26	0
981	18:51:43.08	0.0690	21.13139	20.68	42.19	1.0	0.998694	22.0964	1.29904	804.96	1.04567	3.26	0
982	18:51:43.38	0.0685	21.13167	20.68	42.19	1.0	0.998706	22.0961	1.29904	804.94	1.04564	3.26	0
983	18:51:43.68	0.0690	21.13146	20.68	42.19	1.0	0.998700	22.0963	1.29904	804.96	1.04566	3.26	0
984	18:51:43.98	0.0685	21.13167	20.68	42.19	1.0	0.998706	22.0965	1.29904	804.94	1.04566	3.26	0
985	18:51:44.28	0.0685	21.13160	20.68	42.19	1.0	0.998700	22.0960	1.29904	804.94	1.04564	3.26	0
986	18:51:44.58	0.0690	21.13146	20.68	42.19	1.0	0.998700	22.0954	1.29904	804.92	1.04561	3.26	0
987	18:51:44.88	0.0680	21.13174	20.68	42.19	1.0	0.998712	22.0959	1.29904	804.94	1.04563	3.26	0
988	18:51:45.18	0.0680	21.13181	20.68	42.19	1.0	0.998712	22.0956	1.29900	804.92	1.04561	3.26	0
989	18:51:45.48	0.0655	21.13272	20.68	42.23	1.0	0.998760	22.0966	1.29900	804.94	1.04561	3.26	0
990	18:51:45.78	0.0690	21.13132	20.68	42.23	1.0	0.998694	22.0968	1.29904	804.96	1.04569	3.26	0
991	18:51:46.08	0.0675	21.13202	20.68	42.23	1.0	0.998724	22.0957	1.29900	804.92	1.04560	3.26	0
992	18:51:46.38	0.0680	21.13174	20.68	42.23	1.0	0.998712	22.0964	1.29904	804.94	1.04565	3.26	0
993	18:51:46.68	0.0685	21.13160	20.68	42.23	1.0	0.998706	22.0962	1.29904	804.94	1.04565	3.26	0
994	18:51:46.98	0.0670	21.13209	20.68	42.23	1.0	0.998730	22.0958	1.29900	804.92	1.04561	3.26	0
995	18:51:47.28	0.0700	21.13104	20.68	42.19	1.0	0.998676	22.0963	1.29904	804.96	1.04568	3.26	0
996	18:51:47.58	0.0685	21.13153	20.68	42.19	1.0	0.998700	22.0963	1.29904	804.94	1.04565	3.26	0
997	18:51:47.88	0.0700	21.13104	20.68	42.23	1.0	0.998676	22.0958	1.29904	804.94	1.04566	3.26	0
998	18:51:48.18	0.0685	21.13153	20.68	42.23	1.0	0.998706	22.0958	1.29900	804.94	1.04563	3.26	0
999	18:51:48.48	0.0690	21.13132	20.68	42.23	1.0	0.998688	22.0955	1.29904	804.94	1.04563	3.26	0
1000	18:51:48.78	0.0665	21.13237	20.68	42.23	1.0	0.998742	22.0963	1.29900	804.92	1.04561	3.26	0
1001	18:51:49.08	0.0675	21.13195	20.68	42.23	1.0	0.998724	22.0963	1.29904	804.94	1.04564	3.26	0
1002	18:51:49.38	0.0685	21.13160	20.68	42.23	1.0	0.998706	22.0962	1.29904	804.94	1.04564	3.26	0
1003	18:51:49.68	0.0670	21.13216	20.68	42.23	1.0	0.998730	22.0964	1.29904	804.94	1.04563	3.26	0
1004	18:51:49.98	0.0680	21.13174	20.68	42.23	1.0	0.998712	22.0961	1.29904	804.94	1.04564	3.26	0
1005	18:51:50.28	0.0690	21.13139	20.68	42.23	1.0	0.998694	22.0962	1.29904	804.94	1.04566	3.26	0
1006	18:51:50.58	0.0685	21.13160	20.68	42.23	1.0	0.998706	22.0956	1.29900	804.92	1.04561	3.26	0
1007	18:51:50.88	0.0700	21.13104	20.68	42.23	1.0	0.998682	22.0954	1.29904	804.94	1.04564	3.26	0
1008	18:51:51.18	0.0665	21.13237	20.68	42.23	1.0	0.998742	22.0963	1.29900	804.92	1.04561	3.26	0
1009	18:51:51.48	0.0685	21.13153	20.68	42.23	1.0	0.998706	22.0955	1.29900	804.94	1.04562	3.26	0
1010	18:51:51.78	0.0690	21.13139	20.68	42.23	1.0	0.998694	22.0957	1.29904	804.94	1.04563	3.26	0
1011	18:51:52.08	0.0670	21.13216	20.68	42.23	1.0	0.998730	22.0961	1.29900	804.92	1.04561	3.26	0
1012	18:51:52.38	0.0695	21.13111	20.68	42.23	1.0	0.998682	22.0954	1.29904	804.94	1.04564	3.26	0
1013	18:51:52.68	0.0690	21.13146	20.68	42.23	1.0	0.998700	22.0956	1.29900	804.94	1.04563	3.26	0
1014	18:51:52.98	0.0695	21.13111	20.68	42.23	1.0	0.998682	22.0954	1.29900	804.94	1.04563	3.26	0
1015	18:51:53.28	0.0675	21.13195	20.68	42.23	1.0	0.998724	22.0958	1.29900	804.94	1.04561	3.26	0
1016	18:51:53.58	0.0690	21.13139	20.68	42.23	1.0	0.998694	22.0966	1.29904	804.96	1.04568	3.26	0
1017	18:51:53.88	0.0680	21.13167	20.68	42.23	1.0	0.998712	22.0957	1.29900	804.92	1.04562	3.26	0
1018	18:51:54.18	0.0685	21.13153	20.68	42.23	1.0	0.998700	22.0965	1.29904	804.96	1.04566	3.26	0
1019	18:51:54.48	0.0685	21.13160	20.68	42.23	1.0	0.998706	22.0963	1.29904	804.96	1.04566	3.26	0
1020	18:51:54.78	0.0690	21.13139	20.68	42.23	1.0	0.998694	22.0963	1.29904	804.94	1.04566	3.26	0
1021	18:51:55.08	0.0680	21.13174	20.68	42.23	1.0	0.998712	22.0961	1.29904	804.94	1.04564	3.26	0
1022	18:51:55.38	0.0680	21.13181	20.68	42.23	1.0	0.998718	22.0967	1.29904	804.96	1.04566	3.26	0
1023	18:51:55.68	0.0720	21.13020	20.68	42.23	1.0	0.998640	22.0965	1.29912	804.96	1.04573	3.26	0
1024	18:51:55.98	0.0680	21.13188	20.68	42.23	1.0	0.998718	22.0958	1.29900	804.94	1.04562	3.26	0
1025	18:51:56.28	0.0690	21.13139	20.68	42.23	1.0	0.998694	22.0964	1.29904	804.96	1.04567	3.26	0
1026	18:51:56.58	0.0685	21.13153	20.68	42.23	1.0	0.998706	22.0968	1.29904	804.96	1.04568	3.26	0
1027	18:51:56.88	0.0670	21.13209	20.68	42.23	1.0	0.998730	22.0970	1.29904	804.96	1.04566	3.26	0
1028	18:51:57.18	0.0705	21.13076	20.68	42.23	1.0	0.998664	22.0966	1.29908	804.96	1.04571	3.26	0
1029	18:51:57.48	0.0670	21.13223	20.68	42.23	1.0	0.998736	22.0979	1.29904	804.96	1.04570	3.26	0
1030	18:51:57.78	0.0690	21.13132	20.68	42.23	1.0	0.998694	22.0975	1.29908	804.96	1.04572	3.26	0
1031	18:51:58.08	0.0685	21.13153	20.68	42.23	1.0	0.998700	22.0967	1.29904	804.96	1.04567	3.26	0
1032	18:51:58.38	0.0690	21.13139	20.68	42.23	1.0	0.998694	22.0961	1.29904	804.94	1.04565	3.26	0
1033	18:51:58.68	0.0695	21.13111	20.68	42.23	1.0	0.998682	22.0970	1.29908	804.96	1.04570	3.26	0
1034	18:51:58.98	0.0660	21.13251	20.68	42.23	1.0	0.998748	22.0968	1.29904	804.94	1.04563	3.26	0
1035	18:51:59.28	0.0685	21.13153	20.68	42.23	1.0	0.998700	22.0964	1.29904	804.94	1.04566	3.26	0
1036	18:51:59.58	0.0670	21.13216	20.68	42.23	1.0	0.998730	22.0971	1.29904	804.96	1.04566	3.26	0
1037	18:51:59.88	0.0680	21.13174	20.68	42.23	1.0	0.998712	22.0969	1.29904	804.96	1.04567	3.26	0
1038	18:52:00.18	0.0665	21.13230	20.68	42.23	1.0	0.998742	22.0970	1.29904	804.94	1.04565	3.26	0
1039	18:52:00.48	0.0680	21.13167	20.68	42.23	1.0	0.998712	22.0968	1.29904	804.94	1.04567	3.26	0
1040	18:52:00.78	0.0690	21.13132	20.68	42.23	1.0	0.998694	22.0961	1.29904	804.94	1.04566	3.26	0
1041	18:52:01.08	0.0685	21.13160	20.68	42.23	1.0	0.998706	22.0958	1.29900	804.94	1.04563	3.26	0
1042	18:52:01.38	0.0690	21.13146	20.68	42.23	1.0	0.998700	22.0966	1.29908	804.94	1.04567	3.26	0
1043	18:52:01.68	0.0690	21.13132	20.68	42.23	1.0	0.998694	22.0961	1.29904	804.94	1.04566	3.26	0
1044	18:52:01.98	0.0670	21.13216	20.68	42.23	1.0	0.998730	22.0965	1.29904	804.92	1.04563	3.26	0
1045	18:52:02.28	0.0690	21.13139	20.68	42.23	1.0	0.998694	22.0963	1.29904	804.94	1.04566	3.26	0
1046	18:52:02.58	0.0665	21.13244	20.68	42.23	1.0	0.998742	22.0968	1.29900	804.94	1.04563	3.26	0
1047	18:52:02.88	0.0675	21.13188	20.68	42.23	1.0	0.998718	22.0963	1.29904	804.94	1.04564	3.26	0
1048	18:52:03.18	0.0685	21.13153	20.68	42.23	1.0	0.998700	22.0970	1.29908	804.96	1.04569	3.26	0
1049	18:52:03.48	0.0685	21.13167	20.68	42.23	1.0	0.998706	22.0964	1.29904	804.94	1.04566	3.26	0
1050	18:52:03.78	0.0690	21.13146	20.68	42.23	1.0	0.998700	22.0959	1.29904	804.94	1.04564	3.26	0
1051	18:52:04.08	0.0685	21.13167	20.68	42.23	1.0	0.998706	22.0961	1.29900	804.94	1.04564	3.26	0
1052	18:52:04.38	0.0690	21.13132	20.68	42.23	1.0	0.998694	22.0962	1.29904	804.94	1.04566	3.26	0
1053	18:52:04.68	0.0685	21.13160	20.68	42.23	1.0	0.998706	22.0963	1.29904	804.94	1.04565	3.26	0
1054	18:52:04.98	0.0685	21.13153	20.68	42.23	1.0	0.998706	22.0963	1.29904	804.94	1.04566	3.26	0
1055	18:52:05.28	0.0675	21.13202	20.68	42.23	1.0	0.998724	22.0970	1.29904	804.96	1.04567	3.26	0
1056	18:52:05.58	0.0670	21.13209	20.68	42.23	1.0	0.998730	22.0970	1.29904	804.94	1.04566	3.26	0
1057	18:52:05.88	0.0705	21.13083	20.68	42.23	1.0	0.998670	22.0964	1.29908	804.96	1.04569	3.26	0
1058	18:52:06.18	0.0695	21.13118	20.68	42.23	1.0	0.998682	22.0967	1.29908	804.96	1.04569	3.26	0
1059	18:52:06.48	0.0675	21.13202	20.68	42.23	1.0	0.998724	22.0963	1.29900	804.94	1.04563	3.26	0
1060	18:52:06.78	0.0705	21.13083	20.68	42.23	1.0	0.998670	22.0960	1.29908	804.94	1.04567	3.26	0
1061	18:52:07.08	0.0670	21.13216	20.68	42.26	1.0	0.998730	22.0968	1.29904	804.94	1.04565	3.26	0
1062	18:52:07.38	0.0680	21.13160	20.68	42.26	1.0	0.998706	22.0966	1.29904	804.96	1.04567	3.26	0
1063	18:52:07.68	0.0680	21.13174	20.68	42.26	1.0	0.998712	22.0965	1.29904	804.94	1.04566	3.26	0
1064	18:52:07.98	0.0680	21.13167	20.68	42.26	1.0	0.998712	22.0963	1.29904	804.94	1.04564	3.26	0
1065	18:52:08.28	0.0665	21.13230	20.68	42.26	1.0	0.998742	22.0974	1.29904	804.96	1.04567	3.26	0
1066	18:52:08.58	0.0690	21.13146	20.68	42.26	1.0	0.998700	22.0971	1.29908	804.96	1.04570	3.26	0
1067	18:52:08.88	0.0690	21.13139	20.68	42.26	1.0	0.998694	22.0968	1.29904	804.96	1.04569	3.26	0
1068	18:52:09.18	0.0670	21.13202	20.68	42.26	1.0	0.998730	22.0965	1.29904	804.94	1.04564	3.26	0
1069	18:52:09.48	0.0665	21.13230	20.68	42.26	1.0	0.998736	22.0971	1.29904	804.94	1.04566	3.26	0
1070	18:52:09.78	0.0645	21.13314	20.68	42.26	1.0	0.998778	22.0969	1.29900	804.92	1.04560	3.26	0
1071	18:52:10.08	0.0690	21.13125	20.68	42.26	1.0	0.998694	22.0963	1.29904	804.96	1.04567	3.26	0
1072	18:52:10.38	0.0680	21.13174	20.68	42.26	1.0	0.998712	22.0969	1.29904	804.96	1.04567	3.26	0
1073	18:52:10.68	0.0670	21.13216	20.68	42.29	1.0	0.998736	22.0968	1.29904	804.94	1.04565	3.26	0
1074	18:52:10.98	0.0700	21.13090	20.68	42.29	1.0	0.998676	22.0960	1.29904	804.96	1.04567	3.26	0
1075	18:52:11.28	0.0690	21.13125	20.68	42.29	1.0	0.998694	22.0964	1.29904	804.96	1.04567	3.26	0
1076	18:52:11.58	0.0695	21.13104	20.68	42.29	1.0	0.998682	22.0961	1.29904	804.96	1.04567	3.26	0
1077	18:52:11.88	0.0680	21.13167	20.68	42.29	1.0	0.998712	22.0964	1.29904	804.94	1.04566	3.26	0
1078	18:52:12.18	0.0700	21.13097	20.68	42.29	1.0	0.998676	22.0961	1.29904	804.96	1.04567	3.26	0
1079	18:52:12.48	0.0670	21.13209	20.68	42.29	1.0	0.998730	22.0969	1.29904	804.94	1.04566	3.26	0
1080	18:52:12.78	0.0675	21.13188	20.68	42.29	1.0	0.998718	22.0962	1.29904	804.94	1.04563	3.26	0
1081	18:52:13.08	0.0695	21.13118	20.68	42.29	1.0	0.998688	22.0959	1.29904	804.94	1.04566	3.26	0
1082	18:52:13.38	0.0670	21.13202	20.68	42.29	1.0	0.998730	22.0966	1.29900	804.96	1.04565	3.26	0
1083	18:52:13.68	0.0685	21.13139	20.68	42.29	1.0	0.998700	22.0966	1.29904	804.96	1.04568	3.26	0
1084	18:52:13.98	0.0690	21.13125	20.68	42.29	1.0	0.998694	22.0960	1.29904	804.94	1.04566	3.26	0
1085	18:52:14.28	0.0670	21.13209	20.68	42.29	1.0	0.998730	22.0970	1.29904	804.96	1.04566	3.26	0
1086	18:52:14.58	0.0695	21.13111	20.68	42.29	1.0	0.998688	22.0970	1.29904	804.98	1.04571	3.26	0
1087	18:52:14.88	0.0690	21.13132	20.68	42.29	1.0	0.998694	22.0968	1.29908	804.96	1.04569	3.26	0
1088	18:52:15.18	0.0670	21.13202	20.68	42.29	1.0	0.998730	22.0970	1.29904	804.94	1.04566	3.26	0
1089	18:52:15.48	0.0680	21.13167	20.68	42.29	1.0	0.998712	22.0967	1.29904	804.96	1.04567	3.26	0
1090	18:52:15.78	0.0695	21.13111	20.68	42.29	1.0	0.998682	22.0965	1.29908	804.96	1.04569	3.26	0
1091	18:52:16.08	0.0675	21.13181	20.68	42.29	1.0	0.998718	22.0965	1.29904	804.94	1.04565	3.26	0
1092	18:52:16.38	0.0680	21.13160	20.68	42.29	1.0	0.998712	22.0968	1.29904	804.96	1.04567	3.26	0
1093	18:52:16.68	0.0695	21.13104	20.68	42.29	1.0	0.998682	22.0958	1.29904	804.94	1.04566	3.26	0
1094	18:52:16.98	0.0690	21.13125	20.68	42.29	1.0	0.998694	22.0958	1.29904	804.94	1.04564	3.26	0
1095	18:52:17.28	0.0680	21.13167	20.68	42.29	1.0	0.998712	22.0964	1.29904	804.94	1.04566	3.26	0
1096	18:52:17.58	0.0675	21.13181	20.68	42.29	1.0	0.998718	22.0962	1.29904	804.94	1.04564	3.26	0
1097	18:52:17.88	0.0680	21.13174	20.68	42.29	1.0	0.998712	22.0965	1.29904	804.94	1.04566	3.26	0
1098	18:52:18.18	0.0685	21.13153	20.68	42.29	1.0	0.998706	22.0963	1.29904	804.96	1.04566	3.26	0
1099	18:52:18.48	0.0690	21.13125	20.68	42.29	1.0	0.998694	22.0963	1.29904	804.96	1.04567	3.26	0
1100	18:52:18.78	0.0680	21.13160	20.68	42.29	1.0	0.998706	22.0963	1.29904	804.94	1.04565	3.26	0
1101	18:52:19.08	0.0725	21.12999	20.68	42.29	1.0	0.998634	22.0961	1.29908	804.98	1.04573	3.26	0
1102	18:52:19.38	0.0700	21.13090	20.68	42.29	1.0	0.998676	22.0965	1.29908	804.96	1.04569	3.26	0
1103	18:52:19.68	0.0680	21.13167	20.68	42.29	1.0	0.998712	22.0959	1.29900	804.94	1.04563	3.26	0
1104	18:52:19.98	0.0700	21.13090	20.68	42.29	1.0	0.998676	22.0961	1.29904	804.96	1.04568	3.26	0
1105	18:52:20.28	0.0705	21.13076	20.68	42.29	1.0	0.998670	22.0951	1.29904	804.94	1.04564	3.26	0
1106	18:52:20.58	0.0710	21.13041	20.68	42.29	1.0	0.998652	22.0956	1.29904	804.96	1.04568	3.26	0
1107	18:52:20.88	0.0695	21.13111	20.68	42.29	1.0	0.998688	22.0958	1.29904	804.94	1.04565	3.26	0
1108	18:52:21.18	0.0705	21.13062	20.68	42.29	1.0	0.998664	22.0962	1.29908	804.96	1.04569	3.26	0
1109	18:52:21.48	0.0695	21.13118	20.68	42.29	1.0	0.998688	22.0963	1.29904	804.96	1.04567	3.26	0
1110	18:52:21.78	0.0705	21.13076	20.68	42.29	1.0	0.998670	22.0959	1.29908	804.94	1.04567	3.26	0
1111	18:52:22.08	0.0695	21.13118	20.68	42.29	1.0	0.998688	22.0963	1.29904	804.96	1.04567	3.26	0
1112	18:52:22.38	0.0710	21.13055	20.68	42.29	1.0	0.998658	22.0958	1.29904	804.96	1.04568	3.26	0
1113	18:52:22.68	0.0700	21.13083	20.68	42.29	1.0	0.998676	22.0961	1.29904	804.96	1.04568	3.26	0
1114	18:52:22.98	0.0690	21.13118	20.68	42.29	1.0	0.998688	22.0964	1.29904	804.96	1.04567	3.26	0
1115	18:52:23.28	0.0710	21.13048	20.68	42.29	1.0	0.998658	22.0963	1.29908	804.96	1.04570	3.26	0
1116	18:52:23.58	0.0705	21.13076	20.68	42.29	1.0	0.998670	22.0954	1.29904	804.94	1.04565	3.26	0
1117	18:52:23.88	0.0695	21.13118	20.68	42.29	1.0	0.998688	22.0961	1.29904	804.94	1.04567	3.26	0
1118	18:52:24.18	0.0695	21.13111	20.68	42.29	1.0	0.998688	22.0960	1.29904	804.94	1.04566	3.26	0
1119	18:52:24.48	0.0695	21.13104	20.68	42.29	1.0	0.998682	22.0958	1.29904	804.96	1.04566	3.26	0
1120	18:52:24.78	0.0685	21.13146	20.68	42.29	1.0	0.998700	22.0960	1.29904	804.94	1.04564	3.26	0
1121	18:52:25.08	0.0695	21.13118	20.68	42.29	1.0	0.998688	22.0964	1.29904	804.96	1.04568	3.26	0
1122	18:52:25.38	0.0705	21.13069	20.68	42.29	1.0	0.998664	22.0965	1.29908	804.96	1.04570	3.26	0
1123	18:52:25.68	0.0690	21.13139	20.68	42.29	1.0	0.998700	22.0962	1.29904	804.94	1.04566	3.26	0
1124	18:52:25.98	0.0705	21.13069	20.68	42.29	1.0	0.998664	22.0963	1.29908	804.96	1.04570	3.26	0
1125	18:52:26.28	0.0700	21.13076	20.68	42.29	1.0	0.998670	22.0960	1.29904	804.96	1.04568	3.26	0
1126	18:52:26.58	0.0680	21.13174	20.68	42.29	1.0	0.998712	22.0958	1.29900	804.94	1.04563	3.26	0
1127	18:52:26.88	0.0705	21.13069	20.68	42.29	1.0	0.998664	22.0964	1.29908	804.96	1.04570	3.26	0
1128	18:52:27.18	0.0705	21.13076	20.68	42.29	1.0	0.998670	22.0961	1.29904	804.96	1.04569	3.26	0
1129	18:52:27.48	0.0705	21.13076	20.68	42.29	1.0	0.998670	22.0964	1.29908	804.96	1.04570	3.26	0
1130	18:52:27.78	0.0685	21.13139	20.68	42.29	1.0	0.998700	22.0956	1.29900	804.94	1.04563	3.26	0
1131	18:52:28.08	0.0715	21.13027	20.68	42.29	1.0	0.998646	22.0958	1.29908	804.96	1.04569	3.26	0
1132	18:52:28.38	0.0690	21.13118	20.68	42.29	1.0	0.998688	22.0960	1.29904	804.94	1.04566	3.26	0
1133	18:52:28.68	0.0700	21.13097	20.68	42.29	1.0	0.998676	22.0959	1.29904	804.96	1.04567	3.26	0
1134	18:52:28.98	0.0685	21.13146	20.68	42.29	1.0	0.998700	22.0963	1.29904	804.94	1.04566	3.26	0
1135	18:52:29.28	0.0690	21.13125	20.68	42.29	1.0	0.998694	22.0956	1.29900	804.94	1.04563	3.26	0
1136	18:52:29.58	0.0685	21.13146	20.68	42.29	1.0	0.998700	22.0971	1.29904	804.96	1.04570	3.26	0
1137	18:52:29.88	0.0700	21.13083	20.68	42.29	1.0	0.998676	22.0961	1.29904	804.96	1.04568	3.26	0
1138	18:52:30.18	0.0710	21.13055	20.68	42.29	1.0	0.998658	22.0958	1.29904	804.96	1.04568	3.26	0
1139	18:52:30.48	0.0705	21.13076	20.68	42.29	1.0	0.998670	22.0961	1.29904	804.96	1.04569	3.26	0
1140	18:52:30.78	0.0695	21.13104	20.68	42.29	1.0	0.998682	22.0958	1.29904	804.94	1.04566	3.26	0
1141	18:52:31.08	0.0710	21.13055	20.68	42.29	1.0	0.998658	22.0960	1.29908	804.96	1.04569	3.26	0
1142	18:52:31.38	0.0695	21.13118	20.68	42.29	1.0	0.998688	22.0963	1.29904	804.96	1.04567	3.26	0
1143	18:52:31.68	0.0690	21.13139	20.68	42.29	1.0	0.998700	22.0960	1.29900	804.96	1.04565	3.26	0
1144	18:52:31.98	0.0715	21.13034	20.68	42.29	1.0	0.998646	22.0960	1.29908	804.96	1.04570	3.26	0
1145	18:52:32.28	0.0715	21.13034	20.68	42.29	1.0	0.998646	22.0956	1.29908	804.96	1.04569	3.26	0
1146	18:52:32.58	0.0715	21.13027	20.68	42.29	1.0	0.998646	22.0954	1.29904	804.96	1.04567	3.26	0
1147	18:52:32.88	0.0680	21.13167	20.68	42.29	1.0	0.998712	22.0960	1.29900	804.94	1.04564	3.26	0
1148	18:52:33.18	0.0675	21.13195	20.68	42.29	1.0	0.998724	22.0964	1.29904	804.94	1.04564	3.26	0
1149	18:52:33.48	0.0690	21.13139	20.68	42.29	1.0	0.998700	22.0961	1.29904	804.96	1.04566	3.26	0
1150	18:52:33.78	0.0695	21.13118	20.68	42.29	1.0	0.998688	22.0965	1.29904	804.96	1.04568	3.26	0
1151	18:52:34.08	0.0705	21.13062	20.68	42.29	1.0	0.998664	22.0963	1.29904	804.96	1.04570	3.26	0
1152	18:52:34.38	0.0695	21.13111	20.68	42.29	1.0	0.998688	22.0953	1.29904	804.94	1.04563	3.26	0
1153	18:52:34.68	0.0695	21.13111	20.68	42.29	1.0	0.998688	22.0955	1.29904	804.94	1.04564	3.26	0
1154	18:52:34.98	0.0685	21.13139	20.68	42.29	1.0	0.998700	22.0958	1.29904	804.94	1.04564	3.26	0
1155	18:52:35.28	0.0695	21.13097	20.68	42.29	1.0	0.998682	22.0954	1.29904	804.94	1.04564	3.26	0
1156	18:52:35.58	0.0685	21.13153	20.68	42.29	1.0	0.998706	22.0962	1.29904	804.96	1.04565	3.26	0
1157	18:52:35.88	0.0695	21.13118	20.68	42.29	1.0	0.998688	22.0957	1.29904	804.94	1.04564	3.26	0
1158	18:52:36.18	0.0690	21.13132	20.68	42.29	1.0	0.998694	22.0962	1.29904	804.96	1.04566	3.26	0
1159	18:52:36.48	0.0670	21.13202	20.68	42.29	1.0	0.998730	22.0954	1.29900	804.92	1.04559	3.26	0
1160	18:52:36.78	0.0700	21.13083	20.68	42.29	1.0	0.998676	22.0951	1.29900	804.94	1.04563	3.26	0
1161	18:52:37.08	0.0685	21.13146	20.68	42.29	1.0	0.998700	22.0944	1.29896	804.92	1.04557	3.26	0
1162	18:52:37.38	0.0680	21.13160	20.68	42.29	1.0	0.998712	22.0957	1.29900	804.94	1.04562	3.26	0
1163	18:52:37.68	0.0685	21.13153	20.68	42.29	1.0	0.998706	22.0951	1.29900	804.92	1.04560	3.26	0
1164	18:52:37.98	0.0685	21.13146	20.68	42.29	1.0	0.998700	22.0956	1.29904	804.94	1.04563	3.26	0
1165	18:52:38.28	0.0695	21.13118	20.68	42.29	1.0	0.998688	22.0954	1.29900	804.94	1.04563	3.26	0
1166	18:52:38.58	0.0700	21.13083	20.68	42.29	1.0	0.998670	22.0957	1.29904	804.94	1.04566	3.26	0
1167	18:52:38.88	0.0700	21.13083	20.68	42.29	1.0	0.998676	22.0961	1.29904	804.96	1.04568	3.26	0
1168	18:52:39.18	0.0685	21.13160	20.68	42.29	1.0	0.998706	22.0956	1.29900	804.94	1.04562	3.26	0
1169	18:52:39.48	0.0700	21.13083	20.68	42.29	1.0	0.998676	22.0961	1.29904	804.96	1.04567	3.26	0
1170	18:52:39.78	0.0690	21.13118	20.68	42.29	1.0	0.998688	22.0955	1.29904	804.94	1.04564	3.26	0
1171	18:52:40.08	0.0690	21.13132	20.68	42.29	1.0	0.998694	22.0955	1.29904	804.94	1.04563	3.26	0
1172	18:52:40.38	0.0710	21.13055	20.68	42.29	1.0	0.998658	22.0955	1.29904	804.96	1.04567	3.26	0
1173	18:52:40.68	0.0680	21.13174	20.68	42.29	1.0	0.998712	22.0958	1.29900	804.94	1.04563	3.26	0
1174	18:52:40.98	0.0680	21.13174	20.68	42.29	1.0	0.998718	22.0962	1.29900	804.94	1.04564	3.26	0
1175	18:52:41.28	0.0695	21.13118	20.68	42.29	1.0	0.998688	22.0958	1.29904	804.96	1.04565	3.26	0
1176	18:52:41.58	0.0700	21.13090	20.68	42.29	1.0	0.998676	22.0955	1.29904	804.94	1.04565	3.26	0
1177	18:52:41.88	0.0720	21.13006	20.68	42.29	1.0	0.998634	22.0962	1.29908	804.98	1.04572	3.26	0
1178	18:52:42.18	0.0680	21.13167	20.68	42.29	1.0	0.998712	22.0958	1.29900	804.94	1.04563	3.26	0
1179	18:52:42.48	0.0700	21.13097	20.68	42.29	1.0	0.998682	22.0958	1.29904	804.96	1.04566	3.26	0
1180	18:52:42.78	0.0680	21.13160	20.68	42.29	1.0	0.998712	22.0956	1.29900	804.94	1.04562	3.26	0
1181	18:52:43.08	0.0690	21.13118	20.68	42.29	1.0	0.998688	22.0949	1.29900	804.92	1.04560	3.26	0
1182	18:52:43.38	0.0675	21.13195	20.68	42.29	1.0	0.998724	22.0957	1.29900	804.92	1.04561	3.26	0
1183	18:52:43.68	0.0705	21.13069	20.68	42.29	1.0	0.998664	22.0949	1.29904	804.94	1.04563	3.26	0
1184	18:52:43.98	0.0690	21.13118	20.68	42.29	1.0	0.998688	22.0956	1.29904	804.94	1.04564	3.26	0
1185	18:52:44.28	0.0700	21.13090	20.68	42.29	1.0	0.998676	22.0949	1.29904	804.94	1.04562	3.26	0
1186	18:52:44.58	0.0690	21.13118	20.68	42.29	1.0	0.998688	22.0953	1.29900	804.94	1.04562	3.26	0
1187	18:52:44.88	0.0685	21.13146	20.68	42.29	1.0	0.998700	22.0954	1.29900	804.94	1.04561	3.26	0
1188	18:52:45.18	0.0695	21.13104	20.68	42.29	1.0	0.998682	22.0956	1.29904	804.94	1.04564	3.26	0
1189	18:52:45.48	0.0685	21.13146	20.68	42.29	1.0	0.998700	22.0957	1.29904	804.94	1.04563	3.26	0
1190	18:52:45.78	0.0710	21.13048	20.68	42.29	1.0	0.998658	22.0959	1.29908	804.96	1.04569	3.26	0
1191	18:52:46.08	0.0685	21.13139	20.68	42.29	1.0	0.998700	22.0956	1.29904	804.94	1.04563	3.26	0
1192	18:52:46.38	0.0685	21.13153	20.68	42.29	1.0	0.998706	22.0961	1.29900	804.96	1.04564	3.26	0
1193	18:52:46.68	0.0710	21.13041	20.68	42.29	1.0	0.998652	22.0953	1.29904	804.96	1.04567	3.26	0
1194	18:52:46.98	0.0695	21.13097	20.68	42.29	1.0	0.998682	22.0953	1.29904	804.94	1.04564	3.26	0
1195	18:52:47.28	0.0675	21.13188	20.68	42.29	1.0	0.998724	22.0954	1.29900	804.94	1.04560	3.26	0
1196	18:52:47.58	0.0700	21.13083	20.68	42.29	1.0	0.998676	22.0952	1.29904	804.94	1.04564	3.26	0
1197	18:52:47.88	0.0710	21.13041	20.68	42.29	1.0	0.998652	22.0964	1.29908	804.98	1.04572	3.26	0
1198	18:52:48.18	0.0690	21.13132	20.68	42.29	1.0	0.998694	22.0961	1.29904	804.94	1.04566	3.26	0
1199	18:52:48.48	0.0695	21.13118	20.68	42.29	1.0	0.998688	22.0967	1.29904	804.96	1.04569	3.26	0
1200	18:52:48.78	0.0695	21.13104	20.68	42.29	1.0	0.998682	22.0962	1.29904	804.96	1.04568	3.26	0
1201	18:52:49.08	0.0700	21.13083	20.68	42.29	1.0	0.998670	22.0958	1.29904	804.96	1.04567	3.26	0
1202	18:52:49.38	0.0700	21.13090	20.68	42.29	1.0	0.998676	22.0964	1.29908	804.96	1.04569	3.26	0
1203	18:52:49.68	0.0725	21.12992	20.68	42.29	1.0	0.998628	22.0958	1.29908	804.96	1.04571	3.26	0
1204	18:52:49.98	0.0690	21.13125	20.68	42.29	1.0	0.998694	22.0961	1.29904	804.94	1.04566	3.26	0
1205	18:52:50.28	0.0700	21.13083	20.68	42.29	1.0	0.998670	22.0962	1.29904	804.96	1.04569	3.26	0
1206	18:52:50.58	0.0695	21.13104	20.68	42.29	1.0	0.998682	22.0959	1.29904	804.94	1.04566	3.26	0
1207	18:52:50.88	0.0695	21.13104	20.68	42.29	1.0	0.998682	22.0972	1.29908	804.98	1.04572	3.26	0
1208	18:52:51.18	0.0685	21.13146	20.68	42.29	1.0	0.998700	22.0964	1.29904	804.94	1.04566	3.26	0
1209	18:52:51.48	0.0685	21.13139	20.68	42.29	1.0	0.998700	22.0954	1.29900	804.94	1.04562	3.26	0
1210	18:52:51.78	0.0685	21.13153	20.68	42.29	1.0	0.998706	22.0970	1.29904	804.96	1.04569	3.26	0
1211	18:52:52.08	0.0680	21.13167	20.68	42.29	1.0	0.998712	22.0965	1.29904	804.96	1.04566	3.26	0
1212	18:52:52.38	0.0700	21.13097	20.68	42.29	1.0	0.998682	22.0958	1.29904	804.94	1.04566	3.26	0
1213	18:52:52.68	0.0685	21.13153	20.68	42.29	1.0	0.998706	22.0966	1.29904	804.96	1.04567	3.26	0
1214	18:52:52.98	0.0705	21.13076	20.68	42.29	1.0	0.998670	22.0968	1.29908	804.98	1.04572	3.26	0
1215	18:52:53.28	0.0705	21.13062	20.68	42.29	1.0	0.998664	22.0956	1.29904	804.94	1.04567	3.26	0
1216	18:52:53.58	0.0690	21.13118	20.68	42.29	1.0	0.998688	22.0963	1.29904	804.96	1.04567	3.26	0
1217	18:52:53.88	0.0685	21.13153	20.68	42.29	1.0	0.998706	22.0961	1.29904	804.94	1.04565	3.26	0
1218	18:52:54.18	0.0680	21.13181	20.68	42.29	1.0	0.998718	22.0963	1.29904	804.94	1.04564	3.26	0
1219	18:52:54.48	0.0670	21.13202	20.68	42.29	1.0	0.998730	22.0956	1.29900	804.92	1.04560	3.26	0
1220	18:52:54.78	0.0700	21.13097	20.68	42.29	1.0	0.998676	22.0956	1.29904	804.94	1.04566	3.26	0
1221	18:52:55.08	0.0690	21.13118	20.68	42.29	1.0	0.998688	22.0955	1.29900	804.94	1.04563	3.26	0
1222	18:52:55.38	0.0700	21.13090	20.68	42.29	1.0	0.998676	22.0953	1.29904	804.94	1.04564	3.26	0
1223	18:52:55.68	0.0675	21.13181	20.68	42.29	1.0	0.998718	22.0958	1.29900	804.94	1.04562	3.26	0
1224	18:52:55.98	0.0690	21.13139	20.68	42.29	1.0	0.998700	22.0963	1.29904	804.94	1.04567	3.26	0
1225	18:52:56.28	0.0710	21.13055	20.68	42.29	1.0	0.998658	22.0953	1.29904	804.94	1.04566	3.26	0
1226	18:52:56.58	0.0685	21.13146	20.68	42.29	1.0	0.998700	22.0959	1.29904	804.94	1.04564	3.26	0
1227	18:52:56.88	0.0705	21.13062	20.68	42.29	1.0	0.998664	22.0960	1.29904	804.96	1.04569	3.26	0
1228	18:52:57.18	0.0695	21.13111	20.68	42.29	1.0	0.998688	22.0963	1.29904	804.96	1.04568	3.26	0
1229	18:52:57.48	0.0865	21.12425	20.68	42.29	1.0	0.998364	22.0885	1.29904	804.94	1.04564	3.26	0
1230	18:52:57.78	0.0660	21.13251	20.68	42.29	1.0	0.998754	22.0973	1.29904	804.96	1.04566	3.26	0
1231	18:52:58.08	0.0675	21.13195	20.68	42.29	1.0	0.998724	22.0957	1.29900	804.92	1.04561	3.26	0
1232	18:52:58.38	0.0690	21.13125	20.68	42.29	1.0	0.998694	22.0954	1.29900	804.94	1.04563	3.26	0
1233	18:52:58.68	0.0690	21.13125	20.68	42.29	1.0	0.998694	22.0964	1.29904	804.96	1.04567	3.26	0
1234	18:52:58.98	0.0695	21.13111	20.68	42.29	1.0	0.998688	22.0954	1.29904	804.94	1.04563	3.26	0
1235	18:52:59.28	0.0680	21.13167	20.68	42.29	1.0	0.998712	22.0956	1.29900	804.94	1.04561	3.26	0
1236	18:52:59.58	0.0710	21.13048	20.68	42.29	1.0	0.998658	22.0961	1.29908	804.96	1.04570	3.26	0
1237	18:52:59.88	0.0695	21.13111	20.68	42.29	1.0	0.998688	22.0958	1.29904	804.94	1.04565	3.26	0
1238	18:53:00.18	0.0710	21.13055	20.68	42.29	1.0	0.998658	22.0947	1.29904	804.94	1.04563	3.26	0
1239	18:53:00.48	0.0690	21.13125	20.68	42.29	1.0	0.998694	22.0956	1.29900	804.94	1.04564	3.26	0
1240	18:53:00.78	0.0675	21.13195	20.68	42.29	1.0	0.998724	22.0957	1.29900	804.92	1.04560	3.26	0
1241	18:53:01.08	0.0690	21.13139	20.68	42.29	1.0	0.998700	22.0961	1.29904	804.94	1.04565	3.26	0
1242	18:53:01.38	0.0690	21.13132	20.68	42.29	1.0	0.998694	22.0956	1.29904	804.94	1.04564	3.26	0
1243	18:53:01.68	0.0700	21.13090	20.68	42.29	1.0	0.998676	22.0963	1.29904	804.96	1.04569	3.26	0
1244	18:53:01.98	0.0700	21.13083	20.68	42.29	1.0	0.998676	22.0962	1.29904	804.96	1.04569	3.26	0
1245	18:53:02.28	0.0700	21.13083	20.68	42.29	1.0	0.998670	22.0964	1.29908	804.96	1.04570	3.26	0
1246	18:53:02.58	0.0685	21.13153	20.68	42.29	1.0	0.998706	22.0958	1.29904	804.94	1.04563	3.26	0
1247	18:53:02.88	0.0690	21.13118	20.68	42.29	1.0	0.998688	22.0964	1.29904	804.96	1.04568	3.26	0
1248	18:53:03.18	0.0700	21.13083	20.68	42.29	1.0	0.998670	22.0970	1.29908	804.96	1.04572	3.26	0
1249	18:53:03.48	0.0705	21.13069	20.68	42.29	1.0	0.998664	22.0963	1.29908	804.96	1.04570	3.26	0
1250	18:53:03.78	0.0700	21.13090	20.68	42.29	1.0	0.998676	22.0963	1.29908	804.96	1.04569	3.26	0
1251	18:53:04.08	0.0705	21.13069	20.68	42.29	1.0	0.998664	22.0963	1.29908	804.96	1.04570	3.26	0
1252	18:53:04.38	0.0695	21.13111	20.68	42.29	1.0	0.998688	22.0962	1.29904	804.96	1.04567	3.26	0
1253	18:53:04.68	0.0690	21.13132	20.68	42.29	1.0	0.998694	22.0967	1.29908	804.96	1.04569	3.26	0
1254	18:53:04.98	0.0685	21.13139	20.68	42.29	1.0	0.998700	22.0960	1.29904	804.94	1.04565	3.26	0
1255	18:53:05.28	0.0685	21.13153	20.68	42.29	1.0	0.998706	22.0961	1.29904	804.96	1.04565	3.26	0
1256	18:53:05.58	0.0680	21.13174	20.68	42.29	1.0	0.998718	22.0968	1.29904	804.96	1.04567	3.26	0
1257	18:53:05.88	0.0700	21.13090	20.68	42.29	1.0	0.998676	22.0959	1.29904	804.96	1.04567	3.26	0
1258	18:53:06.18	0.0700	21.13083	20.68	42.29	1.0	0.998670	22.0956	1.29904	804.94	1.04566	3.26	0
1259	18:53:06.48	0.0690	21.13132	20.68	42.29	1.0	0.998694	22.0955	1.29900	804.94	1.04563	3.26	0
1260	18:53:06.78	0.0705	21.13069	20.68	42.29	1.0	0.998664	22.0962	1.29908	804.96	1.04569	3.26	0
1261	18:53:07.08	0.0700	21.13090	20.68	42.29	1.0	0.998676	22.0958	1.29904	804.94	1.04566	3.26	0
1262	18:53:07.38	0.0700	21.13083	20.68	42.29	1.0	0.998676	22.0966	1.29908	804.96	1.04570	3.26	0
1263	18:53:07.68	0.0700	21.13090	20.68	42.29	1.0	0.998676	22.0961	1.29904	804.96	1.04567	3.26	0
1264	18:53:07.98	0.0705	21.13069	20.68	42.29	1.0	0.998664	22.0961	1.29908	804.96	1.04569	3.26	0
1265	18:53:08.27	0.0695	21.13111	20.68	42.29	1.0	0.998688	22.0957	1.29904	804.94	1.04565	3.26	0
1266	18:53:08.58	0.0690	21.13139	20.68	42.29	1.0	0.998700	22.0958	1.29904	804.94	1.04564	3.26	0
1267	18:53:08.87	0.0690	21.13118	20.68	42.29	1.0	0.998688	22.0955	1.29900	804.94	1.04563	3.26	0
1268	18:53:09.17	0.0700	21.13083	20.68	42.29	1.0	0.998676	22.0961	1.29904	804.96	1.04567	3.26	0
1269	18:53:09.48	0.0715	21.13020	20.68	42.29	1.0	0.998646	22.0959	1.29904	804.98	1.04570	3.26	0
1270	18:53:09.77	0.0690	21.13125	20.68	42.29	1.0	0.998694	22.0958	1.29904	804.94	1.04564	3.26	0
1271	18:53:10.07	0.0705	21.13069	20.68	42.29	1.0	0.998664	22.0963	1.29908	804.96	1.04570	3.26	0
1272	18:53:10.37	0.0680	21.13160	20.68	42.29	1.0	0.998706	22.0967	1.29904	804.96	1.04567	3.26	0
1273	18:53:10.68	0.0705	21.13062	20.68	42.29	1.0	0.998664	22.0955	1.29904	804.96	1.04566	3.26	0
1274	18:53:10.97	0.0725	21.12992	20.68	42.29	1.0	0.998628	22.0950	1.29908	804.94	1.04567	3.26	0
1275	18:53:11.27	0.0715	21.13027	20.68	42.29	1.0	0.998646	22.0960	1.29908	804.98	1.04570	3.26	0
1276	18:53:11.58	0.0705	21.13069	20.68	42.29	1.0	0.998664	22.0959	1.29904	804.96	1.04568	3.26	0
1277	18:53:11.87	0.0700	21.13083	20.68	42.29	1.0	0.998676	22.0959	1.29904	804.96	1.04567	3.26	0
1278	18:53:12.18	0.0695	21.13097	20.68	42.29	1.0	0.998682	22.0961	1.29904	804.94	1.04567	3.26	0
1279	18:53:12.47	0.0700	21.13090	20.68	42.29	1.0	0.998676	22.0956	1.29904	804.94	1.04566	3.26	0
1280	18:53:12.77	0.0680	21.13167	20.68	42.29	1.0	0.998712	22.0958	1.29900	804.94	1.04563	3.26	0
1281	18:53:13.07	0.0690	21.13139	20.68	42.29	1.0	0.998700	22.0958	1.29900	804.96	1.04564	3.26	0
1282	18:53:13.37	0.0685	21.13146	20.68	42.29	1.0	0.998706	22.0954	1.29900	804.94	1.04561	3.26	0
1283	18:53:13.67	0.0720	21.13013	20.68	42.29	1.0	0.998640	22.0954	1.29904	804.96	1.04568	3.26	0
1284	18:53:13.97	0.0675	21.13181	20.68	42.29	1.0	0.998718	22.0949	1.29896	804.92	1.04558	3.26	0
1285	18:53:14.27	0.0685	21.13146	20.68	42.29	1.0	0.998700	22.0953	1.29900	804.94	1.04561	3.26	0
1286	18:53:14.58	0.0690	21.13118	20.68	42.29	1.0	0.998688	22.0955	1.29900	804.94	1.04563	3.26	0
1287	18:53:14.88	0.0680	21.13174	20.68	42.29	1.0	0.998718	22.0959	1.29900	804.94	1.04563	3.26	0
1288	18:53:15.17	0.0705	21.13076	20.68	42.29	1.0	0.998670	22.0951	1.29900	804.94	1.04564	3.26	0
1289	18:53:15.47	0.0710	21.13048	20.68	42.29	1.0	0.998658	22.0955	1.29904	804.96	1.04567	3.26	0
1290	18:53:15.77	0.0675	21.13188	20.68	42.29	1.0	0.998724	22.0958	1.29900	804.92	1.04561	3.26	0
1291	18:53:16.07	0.0690	21.13139	20.68	42.29	1.0	0.998700	22.0963	1.29904	804.96	1.04567	3.26	0
1292	18:53:16.37	0.0700	21.13090	20.68	42.29	1.0	0.998676	22.0957	1.29904	804.94	1.04566	3.26	0
1293	18:53:16.67	0.0690	21.13125	20.68	42.29	1.0	0.998694	22.0964	1.29904	804.96	1.04567	3.26	0
1294	18:53:16.97	0.0680	21.13167	20.68	42.29	1.0	0.998712	22.0963	1.29904	804.94	1.04565	3.26	0
1295	18:53:17.27	0.0685	21.13146	20.68	42.29	1.0	0.998700	22.0960	1.29904	804.94	1.04564	3.26	0
1296	18:53:17.57	0.0700	21.13097	20.68	42.29	1.0	0.998676	22.0961	1.29904	804.96	1.04567	3.26	0
1297	18:53:17.87	0.0690	21.13132	20.68	42.29	1.0	0.998694	22.0964	1.29904	804.96	1.04567	3.26	0
1298	18:53:18.18	0.0700	21.13090	20.68	42.29	1.0	0.998676	22.0961	1.29904	804.96	1.04567	3.26	0
1299	18:53:18.47	0.0670	21.13202	20.68	42.29	1.0	0.998730	22.0957	1.29900	804.92	1.04560	3.26	0
1300	18:53:18.77	0.0695	21.13097	20.68	42.29	1.0	0.998682	22.0962	1.29904	804.96	1.04567	3.26	0
1301	18:53:19.07	0.0715	21.13020	20.68	42.29	1.0	0.998646	22.0959	1.29908	804.96	1.04570	3.26	0
1302	18:53:19.37	0.0695	21.13111	20.68	42.29	1.0	0.998688	22.0960	1.29904	804.96	1.04566	3.26	0
1303	18:53:19.67	0.0695	21.13118	20.68	42.29	1.0	0.998688	22.0961	1.29904	804.96	1.04566	3.26	0
1304	18:53:19.97	0.0720	21.12999	20.68	42.29	1.0	0.998634	22.0956	1.29908	804.96	1.04570	3.26	0
1305	18:53:20.27	0.0685	21.13146	20.68	42.29	1.0	0.998700	22.0961	1.29904	804.94	1.04565	3.26	0
1306	18:53:20.57	0.0700	21.13097	20.68	42.29	1.0	0.998676	22.0956	1.29904	804.96	1.04566	3.26	0
1307	18:53:20.87	0.0670	21.13216	20.68	42.29	1.0	0.998736	22.0959	1.29900	804.94	1.04561	3.26	0
1308	18:53:21.17	0.0685	21.13146	20.68	42.29	1.0	0.998700	22.0954	1.29900	804.94	1.04562	3.26	0
1309	18:53:21.47	0.0690	21.13118	20.68	42.29	1.0	0.998688	22.0964	1.29904	804.96	1.04567	3.26	0
1310	18:53:21.78	0.0700	21.13090	20.68	42.29	1.0	0.998676	22.0958	1.29904	804.96	1.04566	3.26	0
1311	18:53:22.07	0.0685	21.13146	20.68	42.29	1.0	0.998700	22.0963	1.29904	804.94	1.04566	3.26	0
1312	18:53:22.37	0.0695	21.13111	20.68	42.29	1.0	0.998682	22.0959	1.29904	804.96	1.04566	3.26	0
1313	18:53:22.67	0.0705	21.13069	20.68	42.29	1.0	0.998664	22.0958	1.29904	804.96	1.04567	3.26	0
1314	18:53:22.97	0.0690	21.13125	20.68	42.29	1.0	0.998694	22.0963	1.29904	804.94	1.04567	3.26	0
1315	18:53:23.27	0.0680	21.13174	20.68	42.29	1.0	0.998712	22.0956	1.29900	804.92	1.04561	3.26	0
1316	18:53:23.57	0.0705	21.13062	20.68	42.29	1.0	0.998664	22.0956	1.29904	804.96	1.04567	3.26	0
1317	18:53:23.88	0.0685	21.13139	20.68	42.29	1.0	0.998700	22.0961	1.29904	804.94	1.04565	3.26	0
1318	18:53:24.17	0.0705	21.13069	20.68	42.29	1.0	0.998664	22.0956	1.29904	804.96	1.04567	3.26	0
1319	18:53:24.48	0.0695	21.13104	20.68	42.29	1.0	0.998682	22.0962	1.29904	804.96	1.04567	3.26	0
1320	18:53:24.77	0.0695	21.13118	20.68	42.29	1.0	0.998688	22.0955	1.29904	804.94	1.04564	3.26	0
1321	18:53:25.07	0.0685	21.13139	20.68	42.29	1.0	0.998700	22.0960	1.29904	804.94	1.04565	3.26	0
1322	18:53:25.37	0.0690	21.13132	20.68	42.29	1.0	0.998700	22.0956	1.29900	804.96	1.04563	3.26	0
1323	18:53:25.67	0.0690	21.13132	20.68	42.29	1.0	0.998694	22.0954	1.29900	804.94	1.04562	3.26	0
1324	18:53:25.97	0.0685	21.13146	20.68	42.29	1.0	0.998700	22.0954	1.29900	804.94	1.04562	3.26	0
1325	18:53:26.27	0.0720	21.13013	20.68	42.29	1.0	0.998640	22.0956	1.29904	804.96	1.04570	3.26	0
1326	18:53:26.57	0.0720	21.13006	20.68	42.29	1.0	0.998634	22.0958	1.29904	804.98	1.04571	3.26	0
1327	18:53:26.88	0.0685	21.13139	20.68	42.29	1.0	0.998700	22.0949	1.29900	804.92	1.04560	3.26	0
1328	18:53:27.17	0.0695	21.13111	20.68	42.29	1.0	0.998682	22.0960	1.29904	804.94	1.04566	3.26	0
1329	18:53:27.47	0.0695	21.13111	20.68	42.29	1.0	0.998688	22.0957	1.29904	804.94	1.04564	3.26	0
1330	18:53:27.77	0.0680	21.13160	20.68	42.29	1.0	0.998712	22.0961	1.29904	804.94	1.04564	3.26	0
1331	18:53:28.07	0.0700	21.13090	20.68	42.29	1.0	0.998676	22.0955	1.29904	804.94	1.04565	3.26	0
1332	18:53:28.37	0.0685	21.13160	20.68	42.29	1.0	0.998706	22.0956	1.29900	804.94	1.04562	3.26	0
1333	18:53:28.67	0.0695	21.13111	20.68	42.29	1.0	0.998688	22.0958	1.29904	804.94	1.04565	3.26	0
1334	18:53:28.98	0.0690	21.13125	20.68	42.29	1.0	0.998694	22.0963	1.29904	804.96	1.04567	3.26	0
1335	18:53:29.27	0.0695	21.13104	20.68	42.29	1.0	0.998682	22.0954	1.29904	804.94	1.04564	3.26	0
1336	18:53:29.57	0.0695	21.13097	20.68	42.29	1.0	0.998682	22.0954	1.29904	804.94	1.04564	3.26	0
1337	18:53:29.87	0.0690	21.13125	20.68	42.29	1.0	0.998694	22.0954	1.29904	804.94	1.04563	3.26	0
1338	18:53:30.17	0.0695	21.13104	20.68	42.29	1.0	0.998682	22.0956	1.29904	804.96	1.04565	3.26	0
1339	18:53:30.47	0.0715	21.13034	20.68	42.29	1.0	0.998652	22.0960	1.29904	804.98	1.04570	3.26	0
1340	18:53:30.77	0.0700	21.13083	20.68	42.29	1.0	0.998670	22.0949	1.29900	804.94	1.04563	3.26	0
1341	18:53:31.08	0.0690	21.13125	20.68	42.29	1.0	0.998694	22.0957	1.29904	804.94	1.04564	3.26	0
1342	18:53:31.38	0.0705	21.13062	20.68	42.29	1.0	0.998664	22.0955	1.29904	804.96	1.04566	3.26	0
1343	18:53:31.67	0.0705	21.13069	20.68	42.29	1.0	0.998664	22.0955	1.29904	804.94	1.04566	3.26	0
1344	18:53:31.97	0.0690	21.13139	20.68	42.29	1.0	0.998700	22.0958	1.29904	804.94	1.04564	3.26	0
1345	18:53:32.27	0.0705	21.13076	20.68	42.29	1.0	0.998670	22.0962	1.29904	804.96	1.04569	3.26	0
1346	18:53:32.57	0.0690	21.13125	20.68	42.29	1.0	0.998694	22.0956	1.29904	804.94	1.04564	3.26	0
1347	18:53:32.87	0.0700	21.13097	20.68	42.29	1.0	0.998676	22.0958	1.29904	804.96	1.04566	3.26	0
1348	18:53:33.17	0.0685	21.13153	20.68	42.29	1.0	0.998706	22.0963	1.29904	804.94	1.04566	3.26	0
1349	18:53:33.47	0.0705	21.13069	20.68	42.29	1.0	0.998664	22.0957	1.29904	804.96	1.04567	3.26	0
1350	18:53:33.77	0.0680	21.13167	20.68	42.29	1.0	0.998712	22.0961	1.29900	804.94	1.04564	3.26	0
1351	18:53:34.07	0.0700	21.13090	20.68	42.29	1.0	0.998676	22.0956	1.29904	804.94	1.04566	3.26	0
1352	18:53:34.37	0.0695	21.13111	20.68	42.29	1.0	0.998688	22.0961	1.29904	804.96	1.04567	3.26	0
1353	18:53:34.67	0.0675	21.13181	20.68	42.29	1.0	0.998718	22.0962	1.29900	804.94	1.04564	3.26	0
1354	18:53:34.97	0.0680	21.13167	20.68	42.29	1.0	0.998712	22.0954	1.29900	804.94	1.04561	3.26	0
1355	18:53:35.27	0.0705	21.13069	20.68	42.29	1.0	0.998664	22.0951	1.29904	804.94	1.04564	3.26	0
1356	18:53:35.58	0.0700	21.13083	20.68	42.29	1.0	0.998676	22.0957	1.29904	804.96	1.04566	3.26	0
1357	18:53:35.88	0.0685	21.13146	20.68	42.29	1.0	0.998700	22.0963	1.29904	804.96	1.04566	3.26	0
1358	18:53:36.17	0.0700	21.13090	20.68	42.29	1.0	0.998676	22.0952	1.29904	804.94	1.04564	3.26	0
1359	18:53:36.47	0.0700	21.13083	20.68	42.29	1.0	0.998676	22.0957	1.29904	804.96	1.04566	3.26	0
1360	18:53:36.77	0.0685	21.13153	20.68	42.29	1.0	0.998706	22.0963	1.29904	804.94	1.04565	3.26	0
1361	18:53:37.07	0.0665	21.13216	20.68	42.29	1.0	0.998736	22.0959	1.29900	804.94	1.04560	3.26	0
1362	18:53:37.37	0.0685	21.13153	20.68	42.29	1.0	0.998706	22.0963	1.29904	804.96	1.04565	3.26	0
1363	18:53:37.67	0.0675	21.13181	20.68	42.29	1.0	0.998718	22.0963	1.29904	804.94	1.04564	3.26	0
1364	18:53:37.97	0.0690	21.13132	20.68	42.29	1.0	0.998694	22.0961	1.29904	804.96	1.04566	3.26	0
1365	18:53:38.27	0.0715	21.13027	20.68	42.29	1.0	0.998646	22.0962	1.29908	804.96	1.04571	3.26	0
1366	18:53:38.57	0.0700	21.13097	20.68	42.29	1.0	0.998676	22.0965	1.29904	804.96	1.04569	3.26	0
1367	18:53:38.87	0.0700	21.13090	20.68	42.29	1.0	0.998676	22.0969	1.29908	804.98	1.04572	3.26	0
1368	18:53:39.17	0.0700	21.13090	20.68	42.29	1.0	0.998676	22.0970	1.29908	804.98	1.04572	3.26	0
1369	18:53:39.47	0.0675	21.13195	20.68	42.29	1.0	0.998724	22.0970	1.29904	804.96	1.04567	3.26	0
1370	18:53:39.77	0.0700	21.13083	20.68	42.29	1.0	0.998670	22.0964	1.29904	804.96	1.04570	3.26	0
1371	18:53:40.07	0.0700	21.13083	20.68	42.29	1.0	0.998676	22.0962	1.29904	804.96	1.04569	3.26	0
1372	18:53:40.37	0.0690	21.13125	20.68	42.29	1.0	0.998694	22.0966	1.29904	804.96	1.04569	3.26	0
1373	18:53:40.67	0.0690	21.13125	20.68	42.29	1.0	0.998694	22.0962	1.29904	804.96	1.04567	3.26	0
1374	18:53:40.97	0.0690	21.13118	20.68	42.29	1.0	0.998688	22.0960	1.29904	804.94	1.04566	3.26	0
1375	18:53:41.27	0.0695	21.13111	20.68	42.29	1.0	0.998688	22.0965	1.29904	804.96	1.04569	3.26	0
1376	18:53:41.57	0.0685	21.13153	20.68	42.29	1.0	0.998706	22.0960	1.29904	804.94	1.04564	3.26	0
1377	18:53:41.87	0.0695	21.13118	20.68	42.29	1.0	0.998688	22.0968	1.29908	804.96	1.04570	3.26	0
1378	18:53:42.17	0.0690	21.13139	20.68	42.29	1.0	0.998700	22.0969	1.29904	804.96	1.04569	3.26	0
1379	18:53:42.47	0.0680	21.13167	20.68	42.29	1.0	0.998712	22.0969	1.29904	804.96	1.04568	3.26	0
1380	18:53:42.77	0.0685	21.13160	20.68	42.29	1.0	0.998706	22.0966	1.29904	804.96	1.04567	3.26	0
1381	18:53:43.07	0.0685	21.13146	20.68	42.29	1.0	0.998706	22.0966	1.29904	804.96	1.04567	3.26	0
1382	18:53:43.37	0.0705	21.13069	20.68	42.29	1.0	0.998670	22.0967	1.29908	804.98	1.04571	3.26	0
1383	18:53:43.67	0.0665	21.13230	20.68	42.29	1.0	0.998742	22.0967	1.29900	804.94	1.04564	3.26	0
1384	18:53:43.97	0.0700	21.13097	20.68	42.29	1.0	0.998682	22.0965	1.29904	804.96	1.04569	3.26	0
1385	18:53:44.27	0.0725	21.12992	20.68	42.29	1.0	0.998628	22.0963	1.29908	804.98	1.04573	3.26	0
1386	18:53:44.57	0.0695	21.13111	20.68	42.29	1.0	0.998688	22.0967	1.29904	804.96	1.04569	3.26	0
1387	18:53:44.87	0.0710	21.13041	20.68	42.29	1.0	0.998652	22.0965	1.29908	804.96	1.04572	3.26	0
1388	18:53:45.17	0.0685	21.13139	20.68	42.29	1.0	0.998700	22.0961	1.29904	804.96	1.04566	3.26	0
1389	18:53:45.47	0.0680	21.13174	20.68	42.29	1.0	0.998712	22.0965	1.29904	804.96	1.04566	3.26	0
1390	18:53:45.77	0.0710	21.13055	20.68	42.29	1.0	0.998658	22.0961	1.29904	804.96	1.04569	3.26	0
1391	18:53:46.07	0.0695	21.13097	20.68	42.29	1.0	0.998682	22.0964	1.29904	804.96	1.04569	3.26	0
1392	18:53:46.37	0.0680	21.13167	20.68	42.29	1.0	0.998712	22.0965	1.29904	804.96	1.04566	3.26	0
1393	18:53:46.67	0.0700	21.13090	20.68	42.29	1.0	0.998676	22.0965	1.29904	804.98	1.04569	3.26	0
1394	18:53:46.97	0.0690	21.13118	20.68	42.29	1.0	0.998688	22.0968	1.29904	804.96	1.04570	3.26	0
1395	18:53:47.27	0.0690	21.13118	20.68	42.29	1.0	0.998688	22.0969	1.29908	804.96	1.04570	3.26	0
1396	18:53:47.57	0.0690	21.13132	20.68	42.29	1.0	0.998700	22.0963	1.29904	804.96	1.04566	3.26	0
1397	18:53:47.87	0.0695	21.13104	20.68	42.29	1.0	0.998682	22.0960	1.29904	804.96	1.04566	3.26	0
1398	18:53:48.17	0.0675	21.13188	20.68	42.29	1.0	0.998724	22.0970	1.29904	804.96	1.04567	3.26	0
1399	18:53:48.47	0.0685	21.13139	20.68	42.29	1.0	0.998700	22.0965	1.29904	804.96	1.04567	3.26	0
1400	18:53:48.77	0.0690	21.13139	20.68	42.29	1.0	0.998700	22.0963	1.29904	804.96	1.04566	3.26	0
1401	18:53:49.07	0.0690	21.13139	20.68	42.29	1.0	0.998700	22.0958	1.29904	804.94	1.04564	3.26	0
1402	18:53:49.37	0.0695	21.13111	20.68	42.29	1.0	0.998688	22.0967	1.29908	804.96	1.04569	3.26	0
1403	18:53:49.67	0.0690	21.13132	20.68	42.29	1.0	0.998694	22.0961	1.29904	804.94	1.04566	3.26	0
1404	18:53:49.97	0.0680	21.13160	20.68	42.29	1.0	0.998712	22.0957	1.29904	804.94	1.04563	3.26	0
1405	18:53:50.27	0.0685	21.13139	20.68	42.29	1.0	0.998700	22.0959	1.29904	804.94	1.04564	3.26	0
1406	18:53:50.57	0.0705	21.13069	20.68	42.29	1.0	0.998664	22.0965	1.29908	804.96	1.04570	3.26	0
1407	18:53:50.87	0.0680	21.13167	20.68	42.29	1.0	0.998712	22.0961	1.29904	804.94	1.04564	3.26	0
1408	18:53:51.17	0.0680	21.13174	20.68	42.29	1.0	0.998718	22.0963	1.29904	804.94	1.04565	3.26	0
1409	18:53:51.47	0.0715	21.13027	20.68	42.29	1.0	0.998646	22.0962	1.29908	804.96	1.04572	3.26	0
1410	18:53:51.77	0.0685	21.13146	20.68	42.29	1.0	0.998700	22.0961	1.29904	804.94	1.04565	3.26	0
1411	18:53:52.07	0.0705	21.13069	20.68	42.29	1.0	0.998670	22.0963	1.29908	804.96	1.04570	3.26	0
1412	18:53:52.37	0.0685	21.13146	20.68	42.29	1.0	0.998700	22.0965	1.29904	804.96	1.04567	3.26	0
1413	18:53:52.67	0.0685	21.13153	20.68	42.29	1.0	0.998706	22.0964	1.29904	804.96	1.04566	3.26	0
1414	18:53:52.97	0.0705	21.13062	20.68	42.29	1.0	0.998664	22.0959	1.29904	804.96	1.04568	3.26	0
1415	18:53:53.27	0.0685	21.13153	20.68	42.29	1.0	0.998706	22.0961	1.29904	804.94	1.04564	3.26	0
1416	18:53:53.57	0.0685	21.13153	20.68	42.29	1.0	0.998706	22.0972	1.29908	804.96	1.04570	3.26	0
1417	18:53:53.87	0.0685	21.13139	20.68	42.29	1.0	0.998700	22.0962	1.29904	804.96	1.04566	3.26	0
1418	18:53:54.17	0.0710	21.13048	20.68	42.29	1.0	0.998658	22.0960	1.29904	804.96	1.04569	3.26	0
1419	18:53:54.47	0.0710	21.13055	20.68	42.29	1.0	0.998658	22.0965	1.29908	804.98	1.04571	3.26	0
1420	18:53:54.77	0.0695	21.13104	20.68	42.29	1.0	0.998682	22.0963	1.29904	804.96	1.04568	3.26	0
1421	18:53:55.07	0.0690	21.13139	20.68	42.29	1.0	0.998700	22.0961	1.29904	804.94	1.04565	3.26	0
1422	18:53:55.37	0.0690	21.13125	20.68	42.29	1.0	0.998688	22.0961	1.29904	804.94	1.04566	3.26	0
1423	18:53:55.67	0.0685	21.13153	20.68	42.29	1.0	0.998706	22.0970	1.29904	804.96	1.04569	3.26	0
1424	18:53:55.97	0.0705	21.13069	20.68	42.29	1.0	0.998664	22.0963	1.29904	804.98	1.04570	3.26	0
1425	18:53:56.27	0.0695	21.13111	20.68	42.29	1.0	0.998688	22.0958	1.29904	804.96	1.04566	3.26	0
1426	18:53:56.57	0.0685	21.13146	20.68	42.29	1.0	0.998700	22.0967	1.29904	804.96	1.04568	3.26	0
1427	18:53:56.87	0.0700	21.13090	20.68	42.29	1.0	0.998676	22.0956	1.29904	804.94	1.04566	3.26	0
1428	18:53:57.17	0.0690	21.13132	20.68	42.29	1.0	0.998694	22.0961	1.29904	804.94	1.04566	3.26	0
1429	18:53:57.47	0.0695	21.13097	20.68	42.29	1.0	0.998682	22.0956	1.29904	804.94	1.04565	3.26	0
1430	18:53:57.77	0.0715	21.13034	20.68	42.29	1.0	0.998652	22.0965	1.29908	804.98	1.04572	3.26	0
1431	18:53:58.07	0.0680	21.13174	20.68	42.29	1.0	0.998712	22.0965	1.29904	804.94	1.04566	3.26	0
1432	18:53:58.37	0.0710	21.13055	20.68	42.29	1.0	0.998658	22.0958	1.29904	804.96	1.04568	3.26	0
1433	18:53:58.67	0.0700	21.13083	20.68	42.29	1.0	0.998676	22.0957	1.29904	804.96	1.04566	3.26	0
1434	18:53:58.97	0.0685	21.13153	20.68	42.29	1.0	0.998706	22.0957	1.29904	804.94	1.04563	3.26	0
1435	18:53:59.27	0.0700	21.13090	20.68	42.29	1.0	0.998676	22.0956	1.29904	804.96	1.04565	3.26	0
1436	18:53:59.57	0.0680	21.13160	20.68	42.29	1.0	0.998706	22.0952	1.29900	804.92	1.04560	3.26	0
1437	18:53:59.87	0.0685	21.13160	20.68	42.29	1.0	0.998706	22.0954	1.29900	804.92	1.04561	3.26	0
1438	18:54:00.17	0.0685	21.13146	20.68	42.29	1.0	0.998706	22.0961	1.29900	804.94	1.04564	3.26	0
1439	18:54:00.47	0.0695	21.13104	20.68	42.29	1.0	0.998682	22.0962	1.29904	804.96	1.04567	3.26	0
1440	18:54:00.77	0.0695	21.13111	20.68	42.29	1.0	0.998682	22.0966	1.29904	804.96	1.04569	3.26	0
1441	18:54:01.07	0.0675	21.13195	20.68	42.29	1.0	0.998724	22.0963	1.29904	804.94	1.04563	3.26	0
1442	18:54:01.37	0.0695	21.13111	20.68	42.29	1.0	0.998688	22.0958	1.29904	804.94	1.04565	3.26	0
1443	18:54:01.67	0.0700	21.13090	20.68	42.29	1.0	0.998676	22.0956	1.29904	804.94	1.04566	3.26	0
1444	18:54:01.97	0.0715	21.13034	20.68	42.29	1.0	0.998652	22.0961	1.29908	804.96	1.04570	3.26	0
1445	18:54:02.27	0.0685	21.13146	20.68	42.29	1.0	0.998700	22.0956	1.29900	804.94	1.04563	3.26	0
1446	18:54:02.57	0.0700	21.13083	20.68	42.29	1.0	0.998670	22.0954	1.29904	804.94	1.04565	3.26	0
1447	18:54:02.87	0.0670	21.13209	20.68	42.29	1.0	0.998736	22.0962	1.29900	804.94	1.04562	3.26	0
1448	18:54:03.17	0.0695	21.13118	20.68	42.29	1.0	0.998688	22.0961	1.29904	804.94	1.04567	3.26	0
1449	18:54:03.47	0.0695	21.13111	20.68	42.29	1.0	0.998688	22.0957	1.29904	804.94	1.04564	3.26	0
1450	18:54:03.77	0.0695	21.13111	20.68	42.29	1.0	0.998688	22.0954	1.29904	804.94	1.04563	3.26	0
1451	18:54:04.07	0.0700	21.13097	20.68	42.29	1.0	0.998676	22.0965	1.29908	804.96	1.04569	3.26	0
1452	18:54:04.37	0.0695	21.13104	20.68	42.29	1.0	0.998682	22.0965	1.29908	804.96	1.04569	3.26	0
1453	18:54:04.67	0.0690	21.13118	20.68	42.29	1.0	0.998688	22.0956	1.29904	804.94	1.04564	3.26	0
1454	18:54:04.97	0.0690	21.13125	20.68	42.29	1.0	0.998694	22.0965	1.29904	804.94	1.04567	3.26	0
1455	18:54:05.27	0.0710	21.13041	20.68	42.29	1.0	0.998652	22.0961	1.29908	804.96	1.04570	3.26	0
1456	18:54:05.57	0.0690	21.13132	20.68	42.29	1.0	0.998700	22.0960	1.29904	804.94	1.04565	3.26	0
1457	18:54:05.87	0.0695	21.13111	20.68	42.29	1.0	0.998688	22.0962	1.29904	804.94	1.04567	3.26	0
1458	18:54:06.17	0.0710	21.13055	20.68	42.29	1.0	0.998658	22.0958	1.29904	804.96	1.04568	3.26	0
1459	18:54:06.47	0.0680	21.13174	20.68	42.29	1.0	0.998718	22.0965	1.29904	804.94	1.04566	3.26	0
1460	18:54:06.77	0.0715	21.13034	20.68	42.29	1.0	0.998652	22.0959	1.29908	804.96	1.04570	3.26	0
1461	18:54:07.07	0.0695	21.13118	20.68	42.29	1.0	0.998688	22.0961	1.29904	804.94	1.04566	3.26	0
1462	18:54:07.37	0.0690	21.13132	20.68	42.29	1.0	0.998694	22.0965	1.29904	804.96	1.04567	3.26	0
1463	18:54:07.67	0.0705	21.13076	20.68	42.29	1.0	0.998670	22.0956	1.29904	804.96	1.04566	3.26	0
1464	18:54:07.97	0.0680	21.13167	20.68	42.29	1.0	0.998712	22.0958	1.29904	804.94	1.04563	3.26	0
1465	18:54:08.27	0.0710	21.13048	20.68	42.29	1.0	0.998658	22.0954	1.29904	804.96	1.04566	3.26	0
1466	18:54:08.57	0.0690	21.13132	20.68	42.29	1.0	0.998694	22.0962	1.29904	804.96	1.04566	3.26	0
1467	18:54:08.87	0.0690	21.13132	20.68	42.29	1.0	0.998694	22.0954	1.29900	804.94	1.04563	3.26	0
1468	18:54:09.17	0.0690	21.13139	20.68	42.29	1.0	0.998700	22.0962	1.29904	804.96	1.04566	3.26	0
1469	18:54:09.47	0.0695	21.13118	20.68	42.29	1.0	0.998688	22.0958	1.29904	804.94	1.04565	3.26	0
1470	18:54:09.77	0.0695	21.13104	20.68	42.29	1.0	0.998682	22.0960	1.29904	804.96	1.04566	3.26	0
1471	18:54:10.07	0.0695	21.13104	20.68	42.29	1.0	0.998682	22.0960	1.29904	804.94	1.04566	3.26	0
1472	18:54:10.37	0.0685	21.13146	20.68	42.29	1.0	0.998700	22.0961	1.29904	804.96	1.04565	3.26	0
1473	18:54:10.67	0.0700	21.13097	20.68	42.29	1.0	0.998682	22.0962	1.29904	804.96	1.04568	3.26	0
1474	18:54:10.97	0.0690	21.13125	20.68	42.29	1.0	0.998694	22.0956	1.29904	804.94	1.04564	3.26	0
1475	18:54:11.27	0.0700	21.13083	20.68	42.29	1.0	0.998670	22.0958	1.29904	804.94	1.04567	3.26	0
1476	18:54:11.57	0.0685	21.13153	20.68	42.29	1.0	0.998706	22.0958	1.29904	804.94	1.04564	3.26	0
1477	18:54:11.87	0.0690	21.13132	20.68	42.29	1.0	0.998694	22.0951	1.29900	804.92	1.04561	3.26	0
1478	18:54:12.17	0.0685	21.13146	20.68	42.29	1.0	0.998706	22.0953	1.29900	804.92	1.04561	3.26	0
1479	18:54:12.47	0.0695	21.13097	20.68	42.29	1.0	0.998682	22.0949	1.29900	804.94	1.04561	3.26	0
1480	18:54:12.77	0.0665	21.13230	20.68	42.29	1.0	0.998742	22.0949	1.29896	804.90	1.04555	3.26	0
1481	18:54:13.07	0.0700	21.13090	20.68	42.29	1.0	0.998676	22.0954	1.29904	804.94	1.04564	3.26	0
1482	18:54:13.37	0.0700	21.13090	20.68	42.29	1.0	0.998676	22.0955	1.29904	804.94	1.04565	3.26	0
1483	18:54:13.67	0.0695	21.13118	20.68	42.29	1.0	0.998688	22.0951	1.29900	804.94	1.04561	3.26	0
1484	18:54:13.97	0.0710	21.13048	20.68	42.29	1.0	0.998658	22.0946	1.29904	804.94	1.04563	3.26	0
1485	18:54:14.27	0.0690	21.13132	20.68	42.29	1.0	0.998694	22.0960	1.29904	804.94	1.04566	3.26	0
1486	18:54:14.57	0.0690	21.13132	20.68	42.29	1.0	0.998694	22.0951	1.29900	804.94	1.04561	3.26	0
1487	18:54:14.87	0.0680	21.13167	20.68	42.29	1.0	0.998712	22.0947	1.29900	804.92	1.04557	3.26	0
1488	18:54:15.17	0.0700	21.13090	20.68	42.29	1.0	0.998676	22.0953	1.29904	804.94	1.04564	3.26	0
1489	18:54:15.47	0.0695	21.13111	20.68	42.29	1.0	0.998688	22.0958	1.29904	804.96	1.04566	3.26	0
1490	18:54:15.77	0.0695	21.13118	20.68	42.29	1.0	0.998688	22.0961	1.29904	804.94	1.04567	3.26	0
1491	18:54:16.07	0.0695	21.13111	20.68	42.29	1.0	0.998688	22.0958	1.29904	804.96	1.04566	3.26	0
1492	18:54:16.37	0.0705	21.13076	20.68	42.29	1.0	0.998670	22.0963	1.29908	804.96	1.04569	3.26	0
1493	18:54:16.67	0.0690	21.13132	20.68	42.29	1.0	0.998694	22.0956	1.29904	804.94	1.04564	3.26	0
1494	18:54:16.97	0.0690	21.13139	20.68	42.29	1.0	0.998700	22.0958	1.29904	804.94	1.04564	3.26	0
1495	18:54:17.27	0.0675	21.13195	20.68	42.29	1.0	0.998724	22.0957	1.29900	804.92	1.04561	3.26	0
1496	18:54:17.57	0.0680	21.13167	20.68	42.29	1.0	0.998712	22.0956	1.29900	804.94	1.04561	3.26	0
1497	18:54:17.87	0.0695	21.13104	20.68	42.29	1.0	0.998682	22.0962	1.29904	804.96	1.04567	3.26	0
1498	18:54:18.17	0.0695	21.13118	20.68	42.29	1.0	0.998688	22.0955	1.29900	804.94	1.04563	3.26	0
1499	18:54:18.47	0.0705	21.13069	20.68	42.29	1.0	0.998664	22.0958	1.29904	804.94	1.04567	3.26	0
1500	18:54:18.77	0.0700	21.13090	20.68	42.29	1.0	0.998676	22.0963	1.29904	804.96	1.04569	3.26	0
1501	18:54:19.07	0.0685	21.13139	20.68	42.29	1.0	0.998700	22.0960	1.29904	804.94	1.04564	3.26	0
1502	18:54:19.37	0.0680	21.13167	20.68	42.29	1.0	0.998712	22.0961	1.29900	804.94	1.04564	3.26	0
1503	18:54:19.67	0.0690	21.13139	20.68	42.29	1.0	0.998700	22.0963	1.29904	804.94	1.04566	3.26	0
1504	18:54:19.97	0.0670	21.13202	20.68	42.29	1.0	0.998730	22.0957	1.29900	804.92	1.04560	3.26	0
1505	18:54:20.27	0.0690	21.13139	20.68	42.29	1.0	0.998700	22.0961	1.29904	804.94	1.04565	3.26	0
1506	18:54:20.57	0.0670	21.13202	20.68	42.29	1.0	0.998730	22.0961	1.29900	804.94	1.04562	3.26	0
1507	18:54:20.87	0.0680	21.13174	20.68	42.29	1.0	0.998718	22.0954	1.29904	804.92	1.04560	3.26	0
1508	18:54:21.17	0.0675	21.13181	20.68	42.29	1.0	0.998718	22.0961	1.29904	804.94	1.04563	3.26	0
1509	18:54:21.47	0.0705	21.13076	20.68	42.29	1.0	0.998670	22.0964	1.29904	804.96	1.04570	3.26	0
1510	18:54:21.77	0.0675	21.13188	20.68	42.29	1.0	0.998724	22.0961	1.29904	804.94	1.04563	3.26	0
1511	18:54:22.07	0.0675	21.13188	20.68	42.29	1.0	0.998724	22.0965	1.29904	804.94	1.04565	3.26	0
1512	18:54:22.37	0.0680	21.13167	20.68	42.29	1.0	0.998712	22.0958	1.29904	804.94	1.04563	3.26	0
1513	18:54:22.67	0.0670	21.13202	20.68	42.29	1.0	0.998730	22.0965	1.29904	804.94	1.04564	3.26	0
1514	18:54:22.97	0.0685	21.13139	20.68	42.29	1.0	0.998700	22.0963	1.29904	804.96	1.04566	3.26	0
1515	18:54:23.27	0.0690	21.13139	20.68	42.29	1.0	0.998700	22.0960	1.29904	804.94	1.04565	3.26	0
1516	18:54:23.57	0.0690	21.13132	20.68	42.29	1.0	0.998694	22.0964	1.29904	804.94	1.04567	3.26	0
1517	18:54:23.87	0.0695	21.13104	20.68	42.29	1.0	0.998682	22.0958	1.29904	804.94	1.04566	3.26	0
1518	18:54:24.17	0.0690	21.13125	20.68	42.29	1.0	0.998694	22.0954	1.29904	804.94	1.04563	3.26	0
1519	18:54:24.47	0.0690	21.13118	20.68	42.29	1.0	0.998688	22.0960	1.29904	804.96	1.04566	3.26	0
1520	18:54:24.77	0.0690	21.13139	20.68	42.29	1.0	0.998700	22.0963	1.29904	804.94	1.04567	3.26	0
1521	18:54:25.07	0.0690	21.13139	20.68	42.29	1.0	0.998700	22.0958	1.29904	804.94	1.04564	3.26	0
1522	18:54:25.37	0.0680	21.13160	20.68	42.29	1.0	0.998706	22.0961	1.29904	804.94	1.04564	3.26	0
1523	18:54:25.67	0.0695	21.13104	20.68	42.29	1.0	0.998682	22.0963	1.29908	804.96	1.04568	3.26	0
1524	18:54:25.97	0.0700	21.13090	20.68	42.29	1.0	0.998676	22.0951	1.29904	804.92	1.04563	3.26	0
1525	18:54:26.27	0.0665	21.13230	20.68	42.29	1.0	0.998742	22.0949	1.29896	804.90	1.04555	3.26	0
1526	18:54:26.57	0.0680	21.13167	20.68	42.29	1.0	0.998712	22.0945	1.29900	804.92	1.04557	3.26	0
1527	18:54:26.87	0.0705	21.13062	20.68	42.29	1.0	0.998664	22.0951	1.29904	804.94	1.04564	3.26	0
1528	18:54:27.17	0.0705	21.13069	20.68	42.29	1.0	0.998664	22.0955	1.29904	804.94	1.04566	3.26	0
1529	18:54:27.47	0.0680	21.13160	20.68	42.29	1.0	0.998712	22.0954	1.29904	804.92	1.04561	3.26	0
1530	18:54:27.77	0.0695	21.13111	20.68	42.29	1.0	0.998688	22.0958	1.29904	804.94	1.04565	3.26	0
1531	18:54:28.07	0.0695	21.13104	20.68	42.29	1.0	0.998682	22.0952	1.29904	804.94	1.04563	3.26	0
1532	18:54:28.37	0.0680	21.13167	20.68	42.29	1.0	0.998712	22.0958	1.29904	804.94	1.04563	3.26	0
1533	18:54:28.67	0.0680	21.13160	20.68	42.29	1.0	0.998712	22.0966	1.29904	804.94	1.04567	3.26	0
1534	18:54:28.97	0.0695	21.13104	20.68	42.29	1.0	0.998682	22.0954	1.29904	804.94	1.04564	3.26	0
1535	18:54:29.27	0.0680	21.13167	20.68	42.29	1.0	0.998712	22.0959	1.29904	804.94	1.04563	3.26	0
1536	18:54:29.57	0.0685	21.13139	20.68	42.29	1.0	0.998700	22.0951	1.29900	804.92	1.04561	3.26	0
1537	18:54:29.87	0.0685	21.13153	20.68	42.29	1.0	0.998706	22.0947	1.29900	804.92	1.04558	3.26	0
1538	18:54:30.17	0.0675	21.13188	20.68	42.29	1.0	0.998724	22.0958	1.29900	804.94	1.04561	3.26	0
1539	18:54:30.47	0.0680	21.13167	20.68	42.29	1.0	0.998712	22.0953	1.29900	804.94	1.04560	3.26	0
1540	18:54:30.77	0.0670	21.13216	20.68	42.29	1.0	0.998736	22.0947	1.29896	804.90	1.04555	3.26	0
1541	18:54:31.07	0.0695	21.13118	20.68	42.29	1.0	0.998688	22.0956	1.29904	804.94	1.04564	3.26	0
1542	18:54:31.37	0.0690	21.13132	20.68	42.29	1.0	0.998700	22.0958	1.29904	804.94	1.04564	3.26	0
1543	18:54:31.67	0.0680	21.13167	20.68	42.29	1.0	0.998712	22.0958	1.29904	804.92	1.04563	3.26	0
1544	18:54:31.97	0.0685	21.13139	20.68	42.29	1.0	0.998700	22.0959	1.29904	804.94	1.04564	3.26	0
1545	18:54:32.27	0.0680	21.13167	20.68	42.29	1.0	0.998712	22.0957	1.29904	804.92	1.04562	3.26	0
1546	18:54:32.57	0.0695	21.13104	20.68	42.29	1.0	0.998682	22.0956	1.29904	804.94	1.04565	3.26	0
1547	18:54:32.87	0.0700	21.13097	20.68	42.29	1.0	0.998682	22.0958	1.29904	804.94	1.04566	3.26	0
1548	18:54:33.17	0.0700	21.13083	20.68	42.29	1.0	0.998670	22.0946	1.29900	804.92	1.04561	3.26	0
1549	18:54:33.47	0.0705	21.13062	20.68	42.29	1.0	0.998664	22.0957	1.29904	804.94	1.04567	3.26	0
1550	18:54:33.77	0.0690	21.13132	20.68	42.29	1.0	0.998694	22.0956	1.29904	804.94	1.04564	3.26	0
1551	18:54:34.07	0.0690	21.13132	20.68	42.29	1.0	0.998694	22.0956	1.29904	804.94	1.04563	3.26	0
1552	18:54:34.37	0.0685	21.13153	20.68	42.29	1.0	0.998706	22.0960	1.29904	804.94	1.04564	3.26	0
1553	18:54:34.67	0.0680	21.13167	20.68	42.29	1.0	0.998712	22.0956	1.29904	804.92	1.04562	3.26	0
1554	18:54:34.97	0.0690	21.13132	20.68	42.29	1.0	0.998694	22.0958	1.29904	804.92	1.04564	3.26	0
1555	18:54:35.27	0.0680	21.13160	20.68	42.29	1.0	0.998712	22.0954	1.29900	804.92	1.04561	3.26	0
1556	18:54:35.57	0.0685	21.13153	20.68	42.29	1.0	0.998706	22.0951	1.29900	804.92	1.04560	3.26	0
1557	18:54:35.87	0.0660	21.13244	20.68	42.29	1.0	0.998748	22.0949	1.29896	804.90	1.04555	3.26	0
1558	18:54:36.17	0.0690	21.13125	20.68	42.29	1.0	0.998694	22.0946	1.29900	804.92	1.04559	3.26	0
1559	18:54:36.47	0.0680	21.13174	20.68	42.29	1.0	0.998712	22.0949	1.29900	804.92	1.04558	3.26	0
1560	18:54:36.77	0.0685	21.13153	20.68	42.29	1.0	0.998706	22.0949	1.29900	804.92	1.04560	3.26	0
1561	18:54:37.07	0.0675	21.13181	20.68	42.29	1.0	0.998718	22.0947	1.29900	804.90	1.04557	3.26	0
1562	18:54:37.37	0.0680	21.13174	20.68	42.29	1.0	0.998718	22.0950	1.29900	804.92	1.04558	3.26	0
1563	18:54:37.67	0.0690	21.13132	20.68	42.29	1.0	0.998694	22.0953	1.29904	804.92	1.04562	3.26	0
1564	18:54:37.97	0.0680	21.13167	20.68	42.29	1.0	0.998712	22.0956	1.29900	804.92	1.04561	3.26	0
1565	18:54:38.27	0.0675	21.13181	20.68	42.29	1.0	0.998718	22.0958	1.29900	804.94	1.04562	3.26	0
1566	18:54:38.57	0.0690	21.13132	20.68	42.29	1.0	0.998694	22.0954	1.29904	804.92	1.04562	3.26	0
1567	18:54:38.87	0.0695	21.13118	20.68	42.29	1.0	0.998688	22.0952	1.29904	804.92	1.04563	3.26	0
1568	18:54:39.17	0.0670	21.13216	20.68	42.29	1.0	0.998736	22.0954	1.29900	804.92	1.04558	3.26	0
1569	18:54:39.47	0.0675	21.13188	20.68	42.29	1.0	0.998724	22.0960	1.29904	804.92	1.04562	3.26	0
1570	18:54:39.77	0.0695	21.13118	20.68	42.29	1.0	0.998688	22.0950	1.29904	804.92	1.04561	3.26	0
1571	18:54:40.07	0.0675	21.13188	20.68	42.29	1.0	0.998724	22.0953	1.29900	804.92	1.04559	3.26	0
1572	18:54:40.37	0.0685	21.13153	20.68	42.29	1.0	0.998706	22.0949	1.29900	804.92	1.04559	3.26	0
1573	18:54:40.67	0.0690	21.13125	20.68	42.29	1.0	0.998694	22.0956	1.29904	804.94	1.04564	3.26	0
1574	18:54:40.97	0.0685	21.13146	20.68	42.29	1.0	0.998700	22.0946	1.29900	804.92	1.04558	3.26	0
1575	18:54:41.27	0.0675	21.13181	20.68	42.32	1.0	0.998718	22.0956	1.29900	804.92	1.04561	3.26	0
1576	18:54:41.57	0.0675	21.13181	20.68	42.32	1.0	0.998724	22.0956	1.29904	804.92	1.04561	3.26	0
1577	18:54:41.87	0.0705	21.13062	20.68	42.29	1.0	0.998664	22.0949	1.29904	804.92	1.04563	3.26	0
1578	18:54:42.17	0.0685	21.13153	20.68	42.29	1.0	0.998706	22.0958	1.29904	804.92	1.04564	3.26	0
1579	18:54:42.47	0.0700	21.13083	20.68	42.32	1.0	0.998676	22.0950	1.29904	804.92	1.04563	3.26	0
1580	18:54:42.77	0.0690	21.13125	20.68	42.32	1.0	0.998694	22.0954	1.29904	804.92	1.04563	3.26	0
1581	18:54:43.07	0.0695	21.13097	20.68	42.32	1.0	0.998682	22.0951	1.29904	804.94	1.04563	3.26	0
1582	18:54:43.37	0.0695	21.13097	20.68	42.32	1.0	0.998682	22.0955	1.29904	804.94	1.04564	3.26	0
1583	18:54:43.67	0.0675	21.13195	20.68	42.32	1.0	0.998724	22.0952	1.29900	804.92	1.04558	3.26	0
1584	18:54:43.97	0.0685	21.13139	20.68	42.32	1.0	0.998700	22.0948	1.29900	804.92	1.04559	3.26	0
1585	18:54:44.27	0.0670	21.13209	20.68	42.32	1.0	0.998736	22.0956	1.29900	804.92	1.04560	3.26	0
1586	18:54:44.57	0.0690	21.13118	20.68	42.32	1.0	0.998694	22.0951	1.29904	804.92	1.04561	3.26	0
1587	18:54:44.87	0.0665	21.13223	20.68	42.32	1.0	0.998742	22.0952	1.29900	804.90	1.04557	3.26	0
1588	18:54:45.17	0.0685	21.13139	20.68	42.32	1.0	0.998700	22.0944	1.29900	804.90	1.04557	3.26	0
1589	18:54:45.47	0.0670	21.13195	20.68	42.32	1.0	0.998730	22.0954	1.29900	804.92	1.04559	3.26	0
1590	18:54:45.77	0.0695	21.13111	20.68	42.32	1.0	0.998688	22.0953	1.29904	804.94	1.04563	3.26	0
1591	18:54:46.07	0.0690	21.13132	20.68	42.32	1.0	0.998694	22.0947	1.29900	804.92	1.04559	3.26	0
1592	18:54:46.37	0.0675	21.13195	20.68	42.32	1.0	0.998724	22.0954	1.29900	804.92	1.04559	3.26	0
1593	18:54:46.67	0.0685	21.13153	20.68	42.32	1.0	0.998706	22.0949	1.29900	804.92	1.04559	3.26	0
1594	18:54:46.97	0.0650	21.13286	20.68	42.32	1.0	0.998772	22.0949	1.29896	804.88	1.04552	3.26	0
1595	18:54:47.27	0.0685	21.13153	20.68	42.32	1.0	0.998706	22.0948	1.29900	804.92	1.04558	3.26	0
1596	18:54:47.57	0.0695	21.13097	20.68	42.32	1.0	0.998682	22.0949	1.29904	804.92	1.04562	3.26	0
1597	18:54:47.87	0.0675	21.13195	20.68	42.32	1.0	0.998724	22.0951	1.29900	804.92	1.04558	3.26	0
1598	18:54:48.17	0.0690	21.13132	20.68	42.32	1.0	0.998700	22.0951	1.29900	804.92	1.04561	3.26	0
1599	18:54:48.47	0.0685	21.13139	20.68	42.32	1.0	0.998700	22.0955	1.29904	804.92	1.04563	3.26	0
1600	18:54:48.77	0.0680	21.13174	20.68	42.32	1.0	0.998718	22.0948	1.29900	804.90	1.04557	3.26	0
1601	18:54:49.07	0.0685	21.13153	20.68	42.32	1.0	0.998706	22.0951	1.29904	804.92	1.04560	3.26	0
1602	18:54:49.37	0.0680	21.13174	20.68	42.32	1.0	0.998718	22.0957	1.29900	804.94	1.04562	3.26	0
1603	18:54:49.67	0.0705	21.13069	20.68	42.32	1.0	0.998670	22.0947	1.29904	804.92	1.04562	3.26	0
1604	18:54:49.97	0.0675	21.13188	20.68	42.32	1.0	0.998724	22.0951	1.29900	804.90	1.04558	3.26	0
1605	18:54:50.27	0.0695	21.13104	20.68	42.32	1.0	0.998682	22.0954	1.29904	804.94	1.04564	3.26	0
1606	18:54:50.57	0.0685	21.13132	20.68	42.32	1.0	0.998700	22.0958	1.29904	804.94	1.04564	3.26	0
1607	18:54:50.87	0.0670	21.13202	20.68	42.32	1.0	0.998730	22.0958	1.29904	804.92	1.04561	3.26	0
1608	18:54:51.17	0.0680	21.13167	20.68	42.32	1.0	0.998712	22.0955	1.29904	804.92	1.04561	3.26	0
1609	18:54:51.47	0.0680	21.13174	20.68	42.32	1.0	0.998718	22.0958	1.29904	804.92	1.04562	3.26	0
1610	18:54:51.77	0.0700	21.13090	20.68	42.32	1.0	0.998676	22.0955	1.29904	804.94	1.04565	3.26	0
1611	18:54:52.07	0.0675	21.13195	20.68	42.32	1.0	0.998724	22.0962	1.29904	804.92	1.04563	3.26	0
1612	18:54:52.37	0.0675	21.13181	20.68	42.32	1.0	0.998718	22.0963	1.29904	804.94	1.04564	3.26	0
1613	18:54:52.67	0.0675	21.13188	20.68	42.32	1.0	0.998724	22.0953	1.29900	804.92	1.04560	3.26	0
1614	18:54:52.97	0.0685	21.13146	20.68	42.32	1.0	0.998706	22.0964	1.29904	804.94	1.04566	3.26	0
1615	18:54:53.27	0.0680	21.13160	20.68	42.32	1.0	0.998712	22.0949	1.29904	804.90	1.04558	3.26	0
1616	18:54:53.57	0.0690	21.13118	20.68	42.32	1.0	0.998688	22.0958	1.29904	804.94	1.04565	3.26	0
1617	18:54:53.87	0.0680	21.13174	20.68	42.32	1.0	0.998718	22.0961	1.29904	804.94	1.04563	3.26	0
1618	18:54:54.17	0.0695	21.13111	20.68	42.32	1.0	0.998688	22.0951	1.29904	804.92	1.04562	3.26	0
1619	18:54:54.47	0.0685	21.13139	20.68	42.32	1.0	0.998700	22.0946	1.29904	804.90	1.04558	3.26	0
1620	18:54:54.77	0.0675	21.13181	20.68	42.32	1.0	0.998724	22.0956	1.29904	804.92	1.04561	3.26	0
1621	18:54:55.07	0.0710	21.13041	20.68	42.32	1.0	0.998658	22.0951	1.29904	804.94	1.04566	3.26	0
1622	18:54:55.37	0.0660	21.13258	20.68	42.32	1.0	0.998754	22.0949	1.29900	804.90	1.04554	3.26	0
1623	18:54:55.67	0.0680	21.13160	20.68	42.32	1.0	0.998712	22.0947	1.29900	804.90	1.04558	3.26	0
1624	18:54:55.97	0.0670	21.13209	20.68	42.32	1.0	0.998730	22.0945	1.29900	804.90	1.04554	3.26	0
1625	18:54:56.27	0.0680	21.13160	20.68	42.32	1.0	0.998712	22.0944	1.29900	804.90	1.04557	3.26	0
1626	18:54:56.57	0.0670	21.13209	20.68	42.32	1.0	0.998736	22.0946	1.29900	804.90	1.04554	3.26	0
1627	18:54:56.87	0.0670	21.13209	20.68	42.32	1.0	0.998736	22.0951	1.29900	804.92	1.04557	3.26	0
1628	18:54:57.17	0.0690	21.13132	20.68	42.32	1.0	0.998694	22.0948	1.29900	804.92	1.04560	3.26	0
1629	18:54:57.47	0.0680	21.13167	20.68	42.32	1.0	0.998712	22.0944	1.29900	804.90	1.04556	3.26	0
1630	18:54:57.77	0.0680	21.13167	20.68	42.32	1.0	0.998712	22.0951	1.29900	804.92	1.04560	3.26	0
1631	18:54:58.07	0.0675	21.13195	20.68	42.32	1.0	0.998730	22.0956	1.29900	804.92	1.04560	3.26	0
1632	18:54:58.37	0.0685	21.13146	20.68	42.32	1.0	0.998706	22.0950	1.29900	804.92	1.04560	3.26	0
1633	18:54:58.67	0.0665	21.13223	20.68	42.32	1.0	0.998742	22.0954	1.29900	804.92	1.04557	3.26	0
1634	18:54:58.97	0.0665	21.13223	20.68	42.32	1.0	0.998742	22.0956	1.29900	804.92	1.04558	3.26	0
1635	18:54:59.27	0.0685	21.13153	20.68	42.32	1.0	0.998706	22.0964	1.29904	804.94	1.04566	3.26	0
1636	18:54:59.57	0.0680	21.13160	20.68	42.32	1.0	0.998712	22.0959	1.29904	804.94	1.04563	3.26	0
1637	18:54:59.87	0.0655	21.13272	20.68	42.32	1.0	0.998766	22.0963	1.29904	804.92	1.04560	3.26	0
1638	18:55:00.17	0.0665	21.13223	20.68	42.32	1.0	0.998742	22.0960	1.29900	804.92	1.04561	3.26	0
1639	18:55:00.47	0.0635	21.13342	20.68	42.32	1.0	0.998796	22.0961	1.29896	804.90	1.04555	3.26	0
1640	18:55:00.77	0.0785	21.12740	20.68	42.32	1.0	0.998514	22.0908	1.29900	804.92	1.04560	3.26	0
1641	18:55:01.07	0.0685	21.13139	20.68	42.32	1.0	0.998700	22.0963	1.29904	804.94	1.04566	3.26	0
1642	18:55:01.37	0.0675	21.13188	20.68	42.32	1.0	0.998724	22.0959	1.29904	804.92	1.04562	3.26	0
1643	18:55:01.67	0.0685	21.13153	20.68	42.32	1.0	0.998706	22.0966	1.29904	804.94	1.04567	3.26	0
1644	18:55:01.97	0.0685	21.13153	20.68	42.32	1.0	0.998706	22.0952	1.29900	804.92	1.04560	3.26	0
1645	18:55:02.27	0.0680	21.13160	20.68	42.32	1.0	0.998712	22.0953	1.29900	804.92	1.04561	3.26	0
1646	18:55:02.57	0.0665	21.13230	20.68	42.32	1.0	0.998742	22.0965	1.29904	804.94	1.04563	3.26	0
1647	18:55:02.87	0.0670	21.13202	20.68	42.32	1.0	0.998730	22.0952	1.29900	804.92	1.04558	3.26	0
1648	18:55:03.17	0.0670	21.13209	20.68	42.32	1.0	0.998736	22.0954	1.29900	804.92	1.04558	3.26	0
1649	18:55:03.47	0.0670	21.13202	20.68	42.32	1.0	0.998730	22.0958	1.29900	804.92	1.04561	3.26	0
1650	18:55:03.77	0.0670	21.13202	20.68	42.32	1.0	0.998730	22.0959	1.29904	804.92	1.04561	3.26	0
1651	18:55:04.07	0.0660	21.13244	20.68	42.32	1.0	0.998748	22.0961	1.29900	804.92	1.04560	3.26	0
1652	18:55:04.37	0.0660	21.13237	20.68	42.32	1.0	0.998748	22.0954	1.29900	804.90	1.04557	3.26	0
1653	18:55:04.67	0.0660	21.13244	20.68	42.32	1.0	0.998754	22.0951	1.29900	804.90	1.04555	3.26	0
1654	18:55:04.97	0.0655	21.13272	20.68	42.32	1.0	0.998766	22.0972	1.29904	804.94	1.04564	3.26	0
1655	18:55:05.27	0.0680	21.13167	20.68	42.36	1.0	0.998712	22.0947	1.29900	804.90	1.04558	3.26	0
1656	18:55:05.57	0.0700	21.13076	20.68	42.36	1.0	0.998670	22.0951	1.29904	804.94	1.04564	3.26	0
1657	18:55:05.87	0.0695	21.13097	20.68	42.36	1.0	0.998682	22.0950	1.29904	804.92	1.04563	3.26	0
1658	18:55:06.17	0.0640	21.13321	20.68	42.36	1.0	0.998790	22.0971	1.29904	804.92	1.04561	3.26	0
1659	18:55:06.47	0.0675	21.13188	20.68	42.36	1.0	0.998724	22.0962	1.29904	804.92	1.04563	3.26	0
1660	18:55:06.77	0.0675	21.13188	20.68	42.36	1.0	0.998724	22.0958	1.29904	804.92	1.04561	3.26	0
1661	18:55:07.07	0.0680	21.13167	20.68	42.36	1.0	0.998718	22.0956	1.29904	804.92	1.04561	3.26	0
1662	18:55:07.37	0.0690	21.13125	20.68	42.36	1.0	0.998694	22.0953	1.29904	804.92	1.04562	3.26	0
1663	18:55:07.67	0.0670	21.13195	20.68	42.36	1.0	0.998730	22.0958	1.29904	804.92	1.04561	3.26	0
1664	18:55:07.97	0.0680	21.13160	20.68	42.36	1.0	0.998712	22.0950	1.29900	804.92	1.04559	3.26	0
1665	18:55:08.27	0.0770	21.12803	20.68	42.36	1.0	0.998544	22.0905	1.29900	804.90	1.04556	3.26	0
1666	18:55:08.57	0.0930	21.12159	20.68	42.36	1.0	0.998238	22.0839	1.29900	804.90	1.04556	3.26	0
1667	18:55:08.87	0.1130	21.11347	20.68	42.39	1.0	0.997860	22.0765	1.29904	804.92	1.04561	3.26	0
1668	18:55:09.17	0.1275	21.10773	20.68	42.39	1.0	0.997590	22.0699	1.29900	804.90	1.04558	3.26	0
1669	18:55:09.48	0.1350	21.10472	20.68	42.39	1.0	0.997446	22.0674	1.29904	804.92	1.04561	3.26	0
1670	18:55:09.77	0.1365	21.10409	20.68	42.39	1.0	0.997416	22.0670	1.29904	804.92	1.04563	3.26	0
1671	18:55:10.07	0.1295	21.10696	20.68	42.42	1.0	0.997554	22.0688	1.29900	804.90	1.04557	3.26	0
1672	18:55:10.37	0.1270	21.10794	20.68	42.42	1.0	0.997596	22.0699	1.29900	804.90	1.04557	3.26	0
1673	18:55:10.67	0.1210	21.11004	20.68	42.58	1.0	0.997710	22.0713	1.29900	804.88	1.04554	3.26	0
1674	18:55:10.97	0.1175	21.11151	20.68	42.58	1.0	0.997776	22.0739	1.29900	804.92	1.04559	3.26	0
1675	18:55:11.27	0.1145	21.11249	20.68	42.85	1.0	0.997836	22.0748	1.29904	804.90	1.04558	3.26	0
1676	18:55:11.57	0.1110	21.11382	20.68	42.85	1.0	0.997896	22.0765	1.29900	804.92	1.04560	3.26	0
1677	18:55:11.87	0.1065	21.11508	20.68	43.35	1.1	0.997986	22.0774	1.29900	804.90	1.04557	3.26	0
1678	18:55:12.17	0.1055	21.11543	20.68	43.35	1.1	0.998004	22.0783	1.29904	804.90	1.04560	3.26	0
1679	18:55:12.47	0.1025	21.11592	20.68	44.03	1.1	0.998064	22.0782	1.29900	804.90	1.04557	3.26	0
1680	18:55:12.77	0.1020	21.11599	20.68	44.03	1.1	0.998070	22.0786	1.29900	804.92	1.04559	3.26	0
1681	18:55:13.07	0.1005	21.11564	20.68	44.90	1.1	0.998100	22.0779	1.29900	804.90	1.04557	3.26	0
1682	18:55:13.37	0.1010	21.11529	20.68	44.90	1.1	0.998082	22.0786	1.29904	804.92	1.04562	3.26	0
1683	18:55:13.67	0.0970	21.11592	20.68	45.85	1.1	0.998166	22.0790	1.29904	804.92	1.04561	3.26	0
1684	18:55:13.97	0.0955	21.11648	20.68	45.85	1.1	0.998190	22.0782	1.29900	804.88	1.04554	3.26	0
1685	18:55:14.27	0.0930	21.11620	20.68	46.87	1.1	0.998238	22.0779	1.29900	804.90	1.04554	3.26	0
1686	18:55:14.57	0.0950	21.11550	20.68	46.87	1.1	0.998202	22.0787	1.29904	804.92	1.04561	3.26	0
1687	18:55:14.87	0.0905	21.11606	20.68	47.89	1.2	0.998286	22.0776	1.29900	804.90	1.04554	3.26	0
1688	18:55:15.17	0.0925	21.11536	20.68	47.89	1.2	0.998256	22.0774	1.29900	804.90	1.04556	3.26	0
1689	18:55:15.47	0.0905	21.11473	20.68	48.98	1.2	0.998286	22.0769	1.29900	804.90	1.04557	3.26	0
1690	18:55:15.77	0.0915	21.11445	20.68	48.98	1.2	0.998268	22.0771	1.29904	804.90	1.04559	3.26	0
1691	18:55:16.07	0.0860	21.11543	20.68	50.03	1.2	0.998376	22.0767	1.29896	804.88	1.04552	3.26	0
1692	18:55:16.37	0.0900	21.11375	20.68	50.03	1.2	0.998292	22.0769	1.29904	804.92	1.04561	3.26	0
1693	18:55:16.67	0.0885	21.11333	20.68	50.97	1.2	0.998328	22.0763	1.29904	804.92	1.04561	3.26	0
1694	18:55:16.97	0.0885	21.11326	20.68	50.97	1.2	0.998328	22.0761	1.29904	804.90	1.04560	3.26	0
1695	18:55:17.27	0.0895	21.11193	20.68	51.81	1.3	0.998310	22.0756	1.29908	804.92	1.04564	3.26	0
1696	18:55:17.57	0.0850	21.11382	20.68	51.81	1.3	0.998394	22.0761	1.29900	804.90	1.04558	3.26	0
1697	18:55:17.87	0.0855	21.11263	20.68	52.62	1.3	0.998388	22.0751	1.29900	804.90	1.04558	3.26	0
1698	18:55:18.17	0.0845	21.11284	20.68	52.62	1.3	0.998394	22.0754	1.29900	804.90	1.04559	3.26	0
1699	18:55:18.47	0.0825	21.11291	20.68	53.40	1.3	0.998442	22.0754	1.29900	804.90	1.04559	3.26	0
1700	18:55:18.77	0.0845	21.11207	20.68	53.40	1.3	0.998406	22.0757	1.29904	804.92	1.04564	3.26	0
1701	18:55:19.07	0.0810	21.11263	20.68	54.13	1.3	0.998466	22.0750	1.29904	804.90	1.04558	3.26	0
1702	18:55:19.37	0.0805	21.11270	20.68	54.13	1.3	0.998472	22.0755	1.29904	804.92	1.04561	3.26	0
1703	18:55:19.67	0.0795	21.11242	20.68	54.79	1.3	0.998496	22.0745	1.29900	804.90	1.04557	3.26	0
1704	18:55:19.97	0.0795	21.11242	20.68	54.79	1.3	0.998496	22.0748	1.29900	804.90	1.04558	3.26	0
1705	18:55:20.27	0.0810	21.11102	20.68	55.45	1.3	0.998466	22.0741	1.29904	804.92	1.04562	3.26	0
1706	18:55:20.57	0.0795	21.11165	20.68	55.45	1.3	0.998496	22.0732	1.29900	804.88	1.04554	3.26	0
1707	18:55:20.87	0.0785	21.11137	20.68	56.00	1.4	0.998514	22.0740	1.29904	804.90	1.04560	3.26	0
1708	18:55:21.17	0.0780	21.11158	20.68	56.00	1.4	0.998520	22.0739	1.29904	804.90	1.04558	3.26	0
1709	18:55:21.47	0.0770	21.11130	20.68	56.58	1.4	0.998538	22.0733	1.29900	804.90	1.04557	3.26	0
1710	18:55:21.77	0.0755	21.11193	20.68	56.58	1.4	0.998568	22.0737	1.29900	804.90	1.04555	3.26	0
1711	18:55:22.07	0.0730	21.11228	20.68	57.10	1.4	0.998616	22.0740	1.29900	804.90	1.04555	3.26	0
1712	18:55:22.37	0.0780	21.11032	20.68	57.10	1.4	0.998520	22.0737	1.29904	804.92	1.04563	3.26	0
1713	18:55:22.67	0.0745	21.11123	20.68	57.57	1.4	0.998592	22.0738	1.29900	804.92	1.04560	3.26	0
1714	18:55:22.97	0.0765	21.11046	20.68	57.57	1.4	0.998556	22.0730	1.29904	804.90	1.04560	3.26	0
1715	18:55:23.27	0.0755	21.11025	20.68	58.00	1.4	0.998568	22.0736	1.29904	804.92	1.04564	3.26	0
1716	18:55:23.57	0.0730	21.11123	20.68	58.00	1.4	0.998616	22.0739	1.29900	804.92	1.04560	3.26	0
1717	18:55:23.87	0.0740	21.11046	20.68	58.38	1.4	0.998598	22.0729	1.29904	804.90	1.04559	3.26	0
1718	18:55:24.17	0.0740	21.11039	20.68	58.38	1.4	0.998598	22.0727	1.29904	804.90	1.04559	3.26	0
1719	18:55:24.47	0.0730	21.11046	20.68	58.73	1.4	0.998622	22.0725	1.29904	804.90	1.04557	3.26	0
1720	18:55:24.77	0.0720	21.11081	20.68	58.73	1.4	0.998634	22.0735	1.29904	804.92	1.04560	3.26	0
1721	18:55:25.07	0.0730	21.11011	20.68	59.04	1.4	0.998616	22.0727	1.29904	804.90	1.04560	3.26	0
1722	18:55:25.37	0.0720	21.11053	20.68	59.04	1.4	0.998640	22.0725	1.29900	804.90	1.04557	3.26	0
1723	18:55:25.67	0.0735	21.10962	20.68	59.31	1.4	0.998610	22.0720	1.29904	804.90	1.04559	3.26	0
1724	18:55:25.97	0.0730	21.10983	20.68	59.31	1.4	0.998622	22.0716	1.29900	804.90	1.04556	3.26	0
1725	18:55:26.27	0.0705	21.11060	20.68	59.57	1.4	0.998670	22.0716	1.29900	804.88	1.04552	3.26	0
1726	18:55:26.57	0.0715	21.11018	20.68	59.57	1.4	0.998652	22.0728	1.29904	804.92	1.04560	3.26	0
1727	18:55:26.87	0.0710	21.11004	20.68	59.83	1.5	0.998658	22.0723	1.29900	804.90	1.04558	3.26	0
1728	18:55:27.17	0.0700	21.11039	20.68	59.83	1.5	0.998676	22.0725	1.29900	804.90	1.04557	3.26	0
1729	18:55:27.47	0.0715	21.10962	20.68	59.99	1.5	0.998646	22.0717	1.29904	804.90	1.04557	3.26	0
1730	18:55:27.77	0.0700	21.11025	20.68	59.99	1.5	0.998676	22.0719	1.29900	804.90	1.04555	3.26	0
1731	18:55:28.07	0.0700	21.10983	20.68	60.26	1.5	0.998670	22.0719	1.29900	804.90	1.04557	3.26	0
1732	18:55:28.37	0.0705	21.10962	20.68	60.26	1.5	0.998664	22.0718	1.29900	804.90	1.04558	3.26	0
1733	18:55:28.67	0.0710	21.10927	20.68	60.41	1.5	0.998652	22.0721	1.29904	804.92	1.04561	3.26	0
1734	18:55:28.97	0.0685	21.11025	20.68	60.41	1.5	0.998700	22.0720	1.29900	804.88	1.04555	3.26	0
1735	18:55:29.27	0.0685	21.11018	20.68	60.54	1.5	0.998700	22.0723	1.29900	804.90	1.04558	3.26	0
1736	18:55:29.57	0.0680	21.11039	20.68	60.54	1.5	0.998712	22.0728	1.29904	804.90	1.04559	3.26	0
1737	18:55:29.87	0.0685	21.11004	20.68	60.70	1.5	0.998706	22.0733	1.29904	804.92	1.04563	3.26	0
1738	18:55:30.17	0.0670	21.11060	20.68	60.70	1.5	0.998730	22.0735	1.29900	804.92	1.04561	3.26	0
1739	18:55:30.47	0.0680	21.10997	20.68	60.81	1.5	0.998706	22.0723	1.29904	804.90	1.04558	3.26	0
1740	18:55:30.77	0.0695	21.10941	20.68	60.81	1.5	0.998682	22.0734	1.29908	804.92	1.04566	3.26	0
1741	18:55:31.07	0.0695	21.10941	20.68	60.86	1.5	0.998688	22.0721	1.29904	804.92	1.04560	3.26	0
1742	18:55:31.37	0.0670	21.11046	20.68	60.86	1.5	0.998736	22.0729	1.29904	804.90	1.04559	3.26	0
1743	18:55:31.67	0.0685	21.10976	20.68	60.93	1.5	0.998706	22.0730	1.29904	804.92	1.04563	3.26	0
1744	18:55:31.97	0.0675	21.11011	20.68	60.93	1.5	0.998718	22.0731	1.29904	804.92	1.04561	3.26	0
1745	18:55:32.27	0.0660	21.11074	20.68	60.98	1.5	0.998754	22.0728	1.29900	804.90	1.04557	3.26	0
1746	18:55:32.57	0.0675	21.11011	20.68	60.98	1.5	0.998724	22.0732	1.29904	804.92	1.04562	3.26	0
1747	18:55:32.87	0.0680	21.10990	20.68	61.04	1.5	0.998718	22.0723	1.29904	804.90	1.04559	3.26	0
1748	18:55:33.17	0.0690	21.10941	20.68	61.04	1.5	0.998694	22.0725	1.29904	804.92	1.04563	3.26	0
1749	18:55:33.47	0.0690	21.10934	20.68	61.07	1.5	0.998694	22.0718	1.29904	804.90	1.04560	3.26	0
1750	18:55:33.77	0.0665	21.11032	20.68	61.07	1.5	0.998736	22.0732	1.29904	804.90	1.04561	3.26	0
1751	18:55:34.07	0.0670	21.11018	20.68	61.07	1.5	0.998730	22.0732	1.29904	804.92	1.04562	3.26	0
1752	18:55:34.37	0.0670	21.11018	20.68	61.07	1.5	0.998730	22.0716	1.29900	804.88	1.04555	3.26	0
1753	18:55:34.67	0.0650	21.11102	20.68	61.07	1.5	0.998772	22.0727	1.29900	804.88	1.04555	3.26	0
1754	18:55:34.97	0.0665	21.11039	20.68	61.07	1.5	0.998742	22.0725	1.29900	804.90	1.04557	3.26	0
1755	18:55:35.27	0.0650	21.11095	20.68	61.04	1.5	0.998766	22.0728	1.29900	804.90	1.04557	3.26	0
1756	18:55:35.57	0.0670	21.11018	20.68	61.04	1.5	0.998730	22.0730	1.29904	804.90	1.04561	3.26	0
1757	18:55:35.87	0.0670	21.11032	20.68	60.98	1.5	0.998736	22.0730	1.29904	804.90	1.04560	3.26	0
1758	18:55:36.17	0.0630	21.11186	20.68	60.98	1.5	0.998808	22.0730	1.29900	804.88	1.04552	3.26	0
1759	18:55:36.47	0.0655	21.11088	20.68	60.96	1.5	0.998760	22.0733	1.29904	804.90	1.04559	3.26	0
1760	18:55:36.77	0.0665	21.11053	20.68	60.96	1.5	0.998742	22.0726	1.29900	804.90	1.04557	3.26	0
1761	18:55:37.07	0.0660	21.11074	20.68	60.89	1.5	0.998748	22.0733	1.29904	804.90	1.04560	3.26	0
1762	18:55:37.37	0.0665	21.11060	20.68	60.89	1.5	0.998742	22.0730	1.29904	804.90	1.04559	3.26	0
1763	18:55:37.67	0.0665	21.11060	20.68	60.84	1.5	0.998742	22.0739	1.29904	804.92	1.04563	3.26	0
1764	18:55:37.97	0.0650	21.11130	20.68	60.84	1.5	0.998772	22.0736	1.29904	804.90	1.04558	3.26	0
1765	18:55:38.27	0.0665	21.11067	20.68	60.81	1.5	0.998742	22.0739	1.29904	804.92	1.04563	3.26	0
1766	18:55:38.57	0.0670	21.11046	20.68	60.81	1.5	0.998730	22.0732	1.29904	804.92	1.04560	3.26	0
1767	18:55:38.87	0.0650	21.11130	20.68	60.75	1.5	0.998766	22.0734	1.29900	804.90	1.04558	3.26	0
1768	18:55:39.17	0.0670	21.11060	20.68	60.75	1.5	0.998736	22.0731	1.29904	804.90	1.04559	3.26	0
1769	18:55:39.47	0.0650	21.11144	20.68	60.72	1.5	0.998772	22.0727	1.29900	804.88	1.04554	3.26	0
1770	18:55:39.77	0.0665	21.11074	20.68	60.72	1.5	0.998742	22.0728	1.29904	804.90	1.04557	3.26	0
1771	18:55:40.07	0.0690	21.10976	20.68	60.72	1.5	0.998694	22.0726	1.29904	804.90	1.04561	3.26	0
1772	18:55:40.37	0.0680	21.11025	20.68	60.72	1.5	0.998718	22.0724	1.29900	804.90	1.04558	3.26	0
1773	18:55:40.67	0.0670	21.11067	20.68	60.70	1.5	0.998736	22.0723	1.29900	804.90	1.04555	3.26	0
1774	18:55:40.97	0.0680	21.11011	20.68	60.70	1.5	0.998706	22.0729	1.29904	804.90	1.04561	3.26	0
1775	18:55:41.27	0.0645	21.11158	20.68	60.70	1.5	0.998778	22.0723	1.29896	804.88	1.04551	3.26	0
1776	18:55:41.57	0.0680	21.11025	20.68	60.70	1.5	0.998718	22.0727	1.29900	804.92	1.04559	3.26	0
1777	18:55:41.87	0.0680	21.11011	20.68	60.70	1.5	0.998712	22.0727	1.29900	804.92	1.04560	3.26	0
1778	18:55:42.17	0.0660	21.11109	20.68	60.70	1.5	0.998754	22.0724	1.29900	804.88	1.04554	3.26	0
1779	18:55:42.47	0.0685	21.11011	20.68	60.72	1.5	0.998706	22.0722	1.29900	804.90	1.04558	3.26	0
1780	18:55:42.77	0.0685	21.10990	20.68	60.72	1.5	0.998700	22.0726	1.29904	804.92	1.04560	3.26	0
1781	18:55:43.07	0.0675	21.11039	20.68	60.72	1.5	0.998724	22.0726	1.29900	804.90	1.04558	3.26	0
1782	18:55:43.37	0.0665	21.11074	20.68	60.72	1.5	0.998742	22.0727	1.29900	804.90	1.04557	3.26	0
1783	18:55:43.67	0.0660	21.11095	20.68	60.75	1.5	0.998754	22.0718	1.29896	804.88	1.04551	3.26	0
1784	18:55:43.97	0.0680	21.11011	20.68	60.75	1.5	0.998712	22.0720	1.29900	804.90	1.04557	3.26	0
1785	18:55:44.27	0.0670	21.11060	20.68	60.78	1.5	0.998736	22.0727	1.29900	804.90	1.04558	3.26	0
1786	18:55:44.57	0.0695	21.10948	20.68	60.78	1.5	0.998682	22.0718	1.29904	804.90	1.04559	3.26	0
1787	18:55:44.87	0.0675	21.11025	20.68	60.81	1.5	0.998724	22.0723	1.29900	804.90	1.04557	3.26	0
1788	18:55:45.17	0.0690	21.10969	20.68	60.81	1.5	0.998694	22.0718	1.29900	804.90	1.04558	3.26	0
1789	18:55:45.47	0.0670	21.11039	20.68	60.86	1.5	0.998730	22.0722	1.29900	804.88	1.04556	3.26	0
1790	18:55:45.77	0.0675	21.11025	20.68	60.86	1.5	0.998724	22.0727	1.29904	804.90	1.04560	3.26	0
1791	18:55:46.07	0.0670	21.11046	20.68	60.89	1.5	0.998736	22.0722	1.29900	804.88	1.04556	3.26	0
1792	18:55:46.37	0.0670	21.11039	20.68	60.89	1.5	0.998730	22.0720	1.29900	804.88	1.04555	3.26	0
1793	18:55:46.67	0.0675	21.11018	20.68	60.96	1.5	0.998724	22.0724	1.29904	804.90	1.04558	3.26	0
1794	18:55:46.97	0.0675	21.11018	20.68	60.96	1.5	0.998724	22.0720	1.29900	804.90	1.04556	3.26	0
1795	18:55:47.27	0.0695	21.10941	20.68	60.98	1.5	0.998688	22.0721	1.29904	804.90	1.04561	3.26	0
1796	18:55:47.57	0.0675	21.11004	20.68	60.98	1.5	0.998718	22.0720	1.29900	804.90	1.04557	3.26	0
1797	18:55:47.87	0.0670	21.11018	20.68	61.04	1.5	0.998730	22.0720	1.29900	804.88	1.04557	3.26	0
1798	18:55:48.17	0.0680	21.10983	20.68	61.04	1.5	0.998712	22.0725	1.29904	804.92	1.04560	3.26	0
1799	18:55:48.47	0.0685	21.10962	20.68	61.07	1.5	0.998706	22.0711	1.29900	804.88	1.04554	3.26	0
1800	18:55:48.77	0.0660	21.11053	20.68	61.07	1.5	0.998748	22.0718	1.29900	804.88	1.04554	3.26	0
1801	18:55:49.07	0.0690	21.10948	20.68	61.07	1.5	0.998700	22.0721	1.29904	804.90	1.04560	3.26	0
1802	18:55:49.37	0.0680	21.10969	20.68	61.07	1.5	0.998712	22.0720	1.29900	804.90	1.04558	3.26	0
1803	18:55:49.67	0.0660	21.11053	20.68	61.07	1.5	0.998748	22.0727	1.29904	804.90	1.04558	3.26	0
1804	18:55:49.97	0.0660	21.11060	20.68	61.07	1.5	0.998748	22.0729	1.29900	804.90	1.04558	3.26	0
1805	18:55:50.27	0.0640	21.11137	20.68	61.07	1.5	0.998790	22.0726	1.29900	804.88	1.04553	3.26	0
1806	18:55:50.57	0.0655	21.11081	20.68	61.07	1.5	0.998760	22.0723	1.29900	804.88	1.04555	3.26	0
1807	18:55:50.87	0.0675	21.10997	20.68	61.07	1.5	0.998718	22.0725	1.29904	804.90	1.04560	3.26	0
1808	18:55:51.17	0.0660	21.11053	20.68	61.07	1.5	0.998748	22.0731	1.29904	804.90	1.04560	3.26	0
1809	18:55:51.47	0.0635	21.11151	20.68	61.04	1.5	0.998796	22.0734	1.29900	804.88	1.04557	3.26	0
1810	18:55:51.77	0.0655	21.11074	20.68	61.04	1.5	0.998760	22.0732	1.29904	804.90	1.04559	3.26	0
1811	18:55:52.07	0.0675	21.11018	20.68	60.96	1.5	0.998724	22.0720	1.29900	804.88	1.04556	3.26	0
1812	18:55:52.37	0.0655	21.11095	20.68	60.96	1.5	0.998766	22.0735	1.29904	804.90	1.04560	3.26	0
1813	18:55:52.67	0.0640	21.11151	20.68	60.86	1.5	0.998784	22.0730	1.29900	804.88	1.04554	3.26	0
1814	18:55:52.97	0.0630	21.11193	20.68	60.86	1.5	0.998802	22.0744	1.29904	804.90	1.04559	3.26	0
1815	18:55:53.27	0.0620	21.11249	20.68	60.75	1.5	0.998826	22.0744	1.29900	804.90	1.04556	3.26	0
1816	18:55:53.57	0.0620	21.11256	20.68	60.75	1.5	0.998826	22.0744	1.29900	804.90	1.04555	3.26	0
1817	18:55:53.87	0.0620	21.11270	20.68	60.57	1.5	0.998826	22.0736	1.29896	804.88	1.04551	3.26	0
1818	18:55:54.17	0.0625	21.11249	20.68	60.57	1.5	0.998814	22.0739	1.29900	804.88	1.04554	3.26	0
1819	18:55:54.47	0.0620	21.11291	20.68	60.43	1.5	0.998826	22.0741	1.29900	804.88	1.04553	3.26	0
1820	18:55:54.77	0.0635	21.11242	20.68	60.43	1.5	0.998802	22.0742	1.29904	804.88	1.04556	3.26	0
1821	18:55:55.07	0.0635	21.11256	20.68	60.26	1.5	0.998802	22.0742	1.29900	804.88	1.04555	3.26	0
1822	18:55:55.37	0.0625	21.11291	20.68	60.26	1.5	0.998814	22.0741	1.29900	804.88	1.04553	3.26	0
1823	18:55:55.67	0.0625	21.11319	20.68	60.06	1.5	0.998820	22.0747	1.29900	804.88	1.04554	3.26	0
1824	18:55:55.97	0.0635	21.11270	20.68	60.06	1.5	0.998796	22.0744	1.29900	804.88	1.04555	3.26	0
1825	18:55:56.27	0.0670	21.11158	20.68	59.91	1.5	0.998736	22.0749	1.29908	804.92	1.04563	3.26	0
1826	18:55:56.57	0.0645	21.11256	20.68	59.91	1.5	0.998784	22.0748	1.29900	804.90	1.04558	3.26	0
1827	18:55:56.87	0.0655	21.11228	20.68	59.73	1.5	0.998760	22.0744	1.29904	804.88	1.04557	3.26	0
1828	18:55:57.17	0.0645	21.11270	20.68	59.73	1.5	0.998778	22.0750	1.29904	804.90	1.04558	3.26	0
1829	18:55:57.47	0.0645	21.11291	20.68	59.59	1.5	0.998778	22.0744	1.29900	804.88	1.04554	3.26	0
1830	18:55:57.77	0.0640	21.11298	20.68	59.59	1.5	0.998784	22.0736	1.29896	804.88	1.04550	3.26	0
1831	18:55:58.07	0.0660	21.11242	20.68	59.48	1.4	0.998754	22.0739	1.29900	804.88	1.04554	3.26	0
1832	18:55:58.37	0.0640	21.11326	20.68	59.48	1.4	0.998790	22.0741	1.29900	804.86	1.04551	3.26	0
1833	18:55:58.67	0.0650	21.11298	20.68	59.36	1.4	0.998772	22.0756	1.29904	804.90	1.04560	3.26	0
1834	18:55:58.97	0.0665	21.11235	20.68	59.36	1.4	0.998742	22.0750	1.29904	804.90	1.04560	3.26	0
1835	18:55:59.27	0.0635	21.11361	20.68	59.28	1.4	0.998796	22.0750	1.29900	804.88	1.04553	3.26	0
1836	18:55:59.57	0.0650	21.11312	20.68	59.28	1.4	0.998772	22.0744	1.29900	804.86	1.04552	3.26	0
1837	18:55:59.87	0.0655	21.11291	20.68	59.16	1.4	0.998754	22.0753	1.29904	804.90	1.04559	3.26	0
1838	18:56:00.17	0.0655	21.11305	20.68	59.16	1.4	0.998766	22.0751	1.29900	804.90	1.04557	3.26	0
1839	18:56:00.47	0.0650	21.11326	20.68	59.07	1.4	0.998766	22.0755	1.29904	804.90	1.04558	3.26	0
1840	18:56:00.77	0.0650	21.11340	20.68	59.07	1.4	0.998772	22.0748	1.29900	804.88	1.04554	3.26	0
1841	18:56:01.07	0.0660	21.11298	20.68	58.93	1.4	0.998748	22.0747	1.29900	804.88	1.04555	3.26	0
1842	18:56:01.37	0.0660	21.11305	20.68	58.93	1.4	0.998748	22.0752	1.29900	804.90	1.04557	3.26	0
1843	18:56:01.67	0.0645	21.11368	20.68	58.84	1.4	0.998778	22.0757	1.29900	804.90	1.04556	3.26	0
1844	18:56:01.97	0.0655	21.11340	20.68	58.84	1.4	0.998766	22.0750	1.29900	804.88	1.04554	3.26	0
1845	18:56:02.27	0.0670	21.11277	20.68	58.73	1.4	0.998730	22.0753	1.29904	804.90	1.04559	3.26	0
1846	18:56:02.57	0.0655	21.11340	20.68	58.73	1.4	0.998754	22.0751	1.29900	804.90	1.04555	3.26	0
1847	18:56:02.87	0.0650	21.11382	20.68	58.64	1.4	0.998772	22.0755	1.29900	804.88	1.04555	3.26	0
1848	18:56:03.17	0.0670	21.11291	20.68	58.64	1.4	0.998730	22.0751	1.29904	804.88	1.04557	3.26	0
1849	18:56:03.47	0.0660	21.11340	20.68	58.55	1.4	0.998748	22.0751	1.29900	804.88	1.04555	3.26	0
1850	18:56:03.77	0.0685	21.11256	20.68	58.55	1.4	0.998706	22.0745	1.29900	804.90	1.04557	3.26	0
1851	18:56:04.07	0.0675	21.11284	20.68	58.49	1.4	0.998718	22.0754	1.29904	804.90	1.04559	3.26	0
1852	18:56:04.37	0.0665	21.11347	20.68	58.49	1.4	0.998748	22.0753	1.29900	804.88	1.04555	3.26	0
1853	18:56:04.67	0.0675	21.11298	20.68	58.46	1.4	0.998724	22.0748	1.29900	804.88	1.04555	3.26	0
1854	18:56:04.97	0.0670	21.11326	20.68	58.46	1.4	0.998736	22.0752	1.29900	804.90	1.04557	3.26	0
1855	18:56:05.27	0.0675	21.11291	20.68	58.46	1.4	0.998718	22.0751	1.29904	804.88	1.04557	3.26	0
1856	18:56:05.57	0.0685	21.11263	20.68	58.46	1.4	0.998706	22.0755	1.29904	804.90	1.04560	3.26	0
1857	18:56:05.87	0.0665	21.11333	20.68	58.46	1.4	0.998742	22.0763	1.29904	804.90	1.04561	3.26	0
1858	18:56:06.17	0.0675	21.11298	20.68	58.46	1.4	0.998724	22.0761	1.29904	804.92	1.04561	3.26	0
1859	18:56:06.47	0.0675	21.11291	20.68	58.46	1.4	0.998718	22.0753	1.29904	804.88	1.04558	3.26	0
1860	18:56:06.77	0.0655	21.11375	20.68	58.46	1.4	0.998760	22.0762	1.29904	804.90	1.04558	3.26	0
1861	18:56:07.07	0.0670	21.11326	20.68	58.44	1.4	0.998736	22.0760	1.29904	804.90	1.04560	3.26	0
1862	18:56:07.37	0.0680	21.11291	20.68	58.44	1.4	0.998718	22.0762	1.29904	804.92	1.04563	3.26	0
1863	18:56:07.67	0.0665	21.11354	20.68	58.41	1.4	0.998742	22.0758	1.29904	804.90	1.04557	3.26	0
1864	18:56:07.97	0.0670	21.11319	20.68	58.41	1.4	0.998730	22.0760	1.29904	804.90	1.04561	3.26	0
1865	18:56:08.27	0.0660	21.11382	20.68	58.35	1.4	0.998754	22.0762	1.29904	804.90	1.04558	3.26	0
1866	18:56:08.57	0.0665	21.11347	20.68	58.35	1.4	0.998736	22.0767	1.29904	804.92	1.04563	3.26	0
1867	18:56:08.87	0.0670	21.11340	20.68	58.29	1.4	0.998730	22.0755	1.29904	804.88	1.04557	3.26	0
1868	18:56:09.17	0.0680	21.11305	20.68	58.29	1.4	0.998718	22.0754	1.29904	804.90	1.04558	3.26	0
1869	18:56:09.47	0.0685	21.11277	20.68	58.23	1.4	0.998700	22.0751	1.29904	804.90	1.04558	3.26	0
1870	18:56:09.77	0.0680	21.11312	20.68	58.23	1.4	0.998718	22.0751	1.29900	804.90	1.04557	3.26	0
1871	18:56:10.07	0.0675	21.11333	20.68	58.15	1.4	0.998724	22.0753	1.29904	804.88	1.04556	3.26	0
1872	18:56:10.37	0.0690	21.11284	20.68	58.15	1.4	0.998700	22.0752	1.29904	804.90	1.04558	3.26	0
1873	18:56:10.67	0.0660	21.11396	20.68	58.12	1.4	0.998748	22.0757	1.29900	804.88	1.04555	3.26	0
1874	18:56:10.97	0.0660	21.11403	20.68	58.12	1.4	0.998754	22.0749	1.29896	804.88	1.04551	3.26	0
1875	18:56:11.27	0.0650	21.11445	20.68	58.09	1.4	0.998772	22.0753	1.29896	804.88	1.04551	3.26	0
1876	18:56:11.57	0.0685	21.11312	20.68	58.09	1.4	0.998706	22.0746	1.29900	804.88	1.04554	3.26	0
1877	18:56:11.87	0.0675	21.11347	20.68	58.06	1.4	0.998724	22.0753	1.29900	804.88	1.04555	3.26	0
1878	18:56:12.17	0.0665	21.11389	20.68	58.06	1.4	0.998742	22.0747	1.29896	804.88	1.04551	3.26	0
1879	18:56:12.47	0.0695	21.11270	20.68	58.03	1.4	0.998688	22.0746	1.29900	804.88	1.04556	3.26	0
1880	18:56:12.77	0.0690	21.11291	20.68	58.03	1.4	0.998694	22.0750	1.29900	804.90	1.04557	3.26	0
1881	18:56:13.07	0.0680	21.11333	20.68	58.03	1.4	0.998712	22.0751	1.29900	804.88	1.04555	3.26	0
1882	18:56:13.37	0.0690	21.11298	20.68	58.03	1.4	0.998700	22.0744	1.29900	804.88	1.04554	3.26	0
1883	18:56:13.67	0.0675	21.11347	20.68	58.03	1.4	0.998724	22.0745	1.29896	804.88	1.04552	3.26	0
1884	18:56:13.97	0.0685	21.11312	20.68	58.03	1.4	0.998706	22.0747	1.29900	804.88	1.04554	3.26	0
1885	18:56:14.27	0.0685	21.11312	20.68	58.06	1.4	0.998706	22.0740	1.29900	804.86	1.04551	3.26	0
1886	18:56:14.57	0.0680	21.11319	20.68	58.06	1.4	0.998712	22.0743	1.29900	804.88	1.04552	3.26	0
1887	18:56:14.87	0.0675	21.11347	20.68	58.06	1.4	0.998724	22.0746	1.29900	804.88	1.04552	3.26	0
1888	18:56:15.17	0.0685	21.11305	20.68	58.06	1.4	0.998700	22.0748	1.29900	804.88	1.04555	3.26	0
1889	18:56:15.47	0.0670	21.11354	20.68	58.09	1.4	0.998730	22.0746	1.29900	804.86	1.04552	3.26	0
1890	18:56:15.77	0.0695	21.11256	20.68	58.09	1.4	0.998682	22.0751	1.29904	804.90	1.04558	3.26	0
1891	18:56:16.07	0.0670	21.11354	20.68	58.09	1.4	0.998730	22.0750	1.29900	804.88	1.04554	3.26	0
1892	18:56:16.37	0.0665	21.11375	20.68	58.09	1.4	0.998736	22.0751	1.29900	804.88	1.04553	3.26	0
1893	18:56:16.67	0.0680	21.11326	20.68	58.06	1.4	0.998712	22.0748	1.29900	804.88	1.04554	3.26	0
1894	18:56:16.97	0.0665	21.11382	20.68	58.06	1.4	0.998736	22.0756	1.29900	804.88	1.04555	3.26	0
1895	18:56:17.27	0.0675	21.11340	20.68	58.06	1.4	0.998718	22.0755	1.29904	804.88	1.04557	3.26	0
1896	18:56:17.57	0.0680	21.11319	20.68	58.06	1.4	0.998706	22.0752	1.29904	804.88	1.04557	3.26	0
1897	18:56:17.87	0.0675	21.11361	20.68	58.00	1.4	0.998724	22.0751	1.29900	804.88	1.04554	3.26	0
1898	18:56:18.17	0.0670	21.11368	20.68	58.00	1.4	0.998730	22.0748	1.29900	804.88	1.04552	3.26	0
1899	18:56:18.47	0.0675	21.11361	20.68	58.00	1.4	0.998730	22.0753	1.29900	804.88	1.04555	3.26	0
1900	18:56:18.77	0.0670	21.11382	20.68	58.00	1.4	0.998736	22.0749	1.29900	804.88	1.04552	3.26	0
1901	18:56:19.07	0.0660	21.11403	20.68	57.97	1.4	0.998748	22.0754	1.29900	804.88	1.04553	3.26	0
1902	18:56:19.37	0.0680	21.11326	20.68	57.97	1.4	0.998712	22.0759	1.29904	804.90	1.04559	3.26	0
1903	18:56:19.67	0.0680	21.11333	20.68	57.91	1.4	0.998712	22.0755	1.29904	804.90	1.04557	3.26	0
1904	18:56:19.97	0.0680	21.11347	20.68	57.91	1.4	0.998712	22.0755	1.29900	804.90	1.04557	3.26	0
1905	18:56:20.27	0.0665	21.11410	20.68	57.91	1.4	0.998742	22.0750	1.29900	804.86	1.04551	3.26	0
1906	18:56:20.57	0.0680	21.11340	20.68	57.91	1.4	0.998712	22.0750	1.29900	804.88	1.04554	3.26	0
1907	18:56:20.87	0.0685	21.11319	20.68	57.91	1.4	0.998700	22.0753	1.29900	804.90	1.04557	3.26	0
1908	18:56:21.17	0.0685	21.11319	20.68	57.91	1.4	0.998700	22.0748	1.29900	804.88	1.04555	3.26	0
1909	18:56:21.47	0.0695	21.11291	20.68	57.91	1.4	0.998688	22.0748	1.29900	804.88	1.04556	3.26	0
1910	18:56:21.77	0.0680	21.11340	20.68	57.91	1.4	0.998712	22.0747	1.29900	804.88	1.04553	3.26	0
1911	18:56:22.07	0.0650	21.11452	20.68	57.91	1.4	0.998766	22.0747	1.29896	804.86	1.04548	3.26	0
1912	18:56:22.37	0.0665	21.11389	20.68	57.91	1.4	0.998736	22.0753	1.29900	804.88	1.04554	3.26	0
1913	18:56:22.67	0.0675	21.11354	20.68	57.91	1.4	0.998718	22.0752	1.29900	804.88	1.04555	3.26	0
1914	18:56:22.97	0.0690	21.11298	20.68	57.91	1.4	0.998694	22.0750	1.29900	804.90	1.04557	3.26	0
1915	18:56:23.27	0.0680	21.11333	20.68	57.91	1.4	0.998712	22.0750	1.29900	804.88	1.04555	3.26	0
1916	18:56:23.57	0.0685	21.11326	20.68	57.91	1.4	0.998706	22.0748	1.29900	804.88	1.04554	3.26	0
1917	18:56:23.87	0.0675	21.11368	20.68	57.89	1.4	0.998724	22.0751	1.29900	804.88	1.04554	3.26	0
1918	18:56:24.17	0.0695	21.11291	20.68	57.89	1.4	0.998688	22.0746	1.29900	804.88	1.04555	3.26	0
1919	18:56:24.47	0.0675	21.11361	20.68	57.89	1.4	0.998718	22.0746	1.29900	804.86	1.04552	3.26	0
1920	18:56:24.77	0.0680	21.11340	20.68	57.89	1.4	0.998712	22.0747	1.29900	804.88	1.04553	3.26	0
1921	18:56:25.07	0.0690	21.11312	20.68	57.86	1.4	0.998700	22.0754	1.29904	804.90	1.04558	3.26	0
1922	18:56:25.37	0.0680	21.11354	20.68	57.86	1.4	0.998718	22.0755	1.29900	804.90	1.04556	3.26	0
1923	18:56:25.67	0.0650	21.11466	20.68	57.86	1.4	0.998766	22.0759	1.29900	804.88	1.04552	3.26	0
1924	18:56:25.97	0.0675	21.11368	20.68	57.86	1.4	0.998724	22.0753	1.29900	804.88	1.04555	3.26	0
1925	18:56:26.27	0.0675	21.11361	20.68	57.83	1.4	0.998718	22.0753	1.29900	804.88	1.04555	3.26	0
1926	18:56:26.57	0.0680	21.11361	20.68	57.83	1.4	0.998718	22.0757	1.29904	804.88	1.04557	3.26	0
1927	18:56:26.87	0.0675	21.11368	20.68	57.80	1.4	0.998718	22.0750	1.29900	804.86	1.04553	3.26	0
1928	18:56:27.17	0.0725	21.11172	20.68	57.80	1.4	0.998628	22.0727	1.29900	804.86	1.04552	3.26	0
1929	18:56:27.47	0.0800	21.10885	20.68	57.77	1.4	0.998490	22.0695	1.29900	804.86	1.04551	3.26	0
1930	18:56:27.77	0.0920	21.10402	20.68	57.77	1.4	0.998262	22.0655	1.29904	804.88	1.04556	3.26	0
1931	18:56:28.07	0.1015	21.10024	20.68	57.71	1.4	0.998082	22.0618	1.29904	804.90	1.04557	3.26	0
1932	18:56:28.37	0.1155	21.09464	20.68	57.71	1.4	0.997812	22.0555	1.29900	804.88	1.04555	3.26	0
1933	18:56:28.67	0.1285	21.08946	20.68	57.71	1.4	0.997572	22.0501	1.29904	804.88	1.04555	3.26	0
1934	18:56:28.97	0.1400	21.08491	20.68	57.71	1.4	0.997356	22.0452	1.29900	804.88	1.04554	3.26	0
1935	18:56:29.27	0.1500	21.08078	20.68	57.71	1.4	0.997158	22.0404	1.29900	804.86	1.04552	3.26	0
1936	18:56:29.57	0.1605	21.07658	20.68	57.71	1.4	0.996960	22.0355	1.29900	804.84	1.04550	3.26	0
1937	18:56:29.87	0.1685	21.07329	20.68	57.80	1.4	0.996810	22.0326	1.29900	804.86	1.04552	3.26	0
1938	18:56:30.17	0.1780	21.06958	20.68	57.80	1.4	0.996636	22.0284	1.29900	804.86	1.04551	3.26	0
1939	18:56:30.47	0.1840	21.06699	20.68	57.83	1.4	0.996516	22.0257	1.29900	804.86	1.04551	3.26	0
1940	18:56:30.77	0.1905	21.06461	20.68	57.83	1.4	0.996396	22.0238	1.29900	804.86	1.04554	3.26	0
1941	18:56:31.07	0.1940	21.06293	20.68	57.91	1.4	0.996324	22.0209	1.29900	804.84	1.04548	3.26	0
1942	18:56:31.37	0.2010	21.06020	20.68	57.91	1.4	0.996198	22.0191	1.29904	804.86	1.04553	3.26	0
1943	18:56:31.67	0.2015	21.05985	20.68	58.00	1.4	0.996186	22.0173	1.29896	804.84	1.04546	3.26	0
1944	18:56:31.97	0.2060	21.05810	20.68	58.00	1.4	0.996102	22.0166	1.29900	804.86	1.04552	3.26	0
1945	18:56:32.27	0.2095	21.05663	20.68	58.06	1.4	0.996036	22.0154	1.29904	804.86	1.04553	3.26	0
1946	18:56:32.57	0.2080	21.05733	20.68	58.06	1.4	0.996066	22.0147	1.29900	804.84	1.04547	3.26	0
1947	18:56:32.87	0.2120	21.05565	20.68	58.15	1.4	0.995994	22.0135	1.29900	804.84	1.04549	3.26	0
1948	18:56:33.17	0.2135	21.05495	20.68	58.15	1.4	0.995958	22.0135	1.29904	804.86	1.04552	3.26	0
1949	18:56:33.47	0.2145	21.05446	20.68	58.23	1.4	0.995940	22.0123	1.29900	804.84	1.04549	3.26	0
1950	18:56:33.77	0.2180	21.05306	20.68	58.23	1.4	0.995874	22.0109	1.29900	804.84	1.04549	3.26	0
1951	18:56:34.07	0.2190	21.05264	20.68	58.26	1.4	0.995856	22.0107	1.29900	804.84	1.04551	3.26	0
1952	18:56:34.37	0.2215	21.05152	20.68	58.26	1.4	0.995802	22.0096	1.29904	804.84	1.04551	3.26	0
1953	18:56:34.67	0.2230	21.05103	20.68	58.26	1.4	0.995784	22.0091	1.29900	804.84	1.04551	3.26	0
1954	18:56:34.97	0.2215	21.05152	20.68	58.26	1.4	0.995802	22.0092	1.29900	804.84	1.04549	3.26	0
1955	18:56:35.27	0.2210	21.05173	20.68	58.26	1.4	0.995814	22.0092	1.29900	804.84	1.04548	3.26	0
1956	18:56:35.57	0.2200	21.05229	20.68	58.26	1.4	0.995838	22.0100	1.29900	804.84	1.04549	3.26	0
1957	18:56:35.87	0.2195	21.05229	20.68	58.26	1.4	0.995844	22.0104	1.29900	804.84	1.04551	3.26	0
1958	18:56:36.17	0.2155	21.05390	20.68	58.26	1.4	0.995916	22.0119	1.29900	804.86	1.04551	3.26	0
1959	18:56:36.47	0.2125	21.05530	20.68	58.23	1.4	0.995982	22.0137	1.29900	804.86	1.04552	3.26	0
1960	18:56:36.77	0.2075	21.05733	20.68	58.23	1.4	0.996078	22.0154	1.29900	804.84	1.04550	3.26	0
1961	18:56:37.07	0.2040	21.05859	20.68	58.20	1.4	0.996132	22.0169	1.29900	804.86	1.04551	3.26	0
1962	18:56:37.37	0.1980	21.06118	20.68	58.20	1.4	0.996258	22.0197	1.29900	804.84	1.04551	3.26	0
1963	18:56:37.67	0.1925	21.06328	20.68	58.15	1.4	0.996354	22.0216	1.29900	804.84	1.04550	3.26	0
1964	18:56:37.97	0.1890	21.06461	20.68	58.15	1.4	0.996420	22.0231	1.29900	804.84	1.04550	3.26	0
1965	18:56:38.27	0.1890	21.06482	20.68	58.12	1.4	0.996426	22.0236	1.29900	804.86	1.04551	3.26	0
1966	18:56:38.57	0.1880	21.06524	20.68	58.12	1.4	0.996444	22.0235	1.29900	804.84	1.04549	3.26	0
1967	18:56:38.87	0.1895	21.06461	20.68	58.09	1.4	0.996414	22.0228	1.29900	804.84	1.04549	3.26	0
1968	18:56:39.17	0.1910	21.06405	20.68	58.09	1.4	0.996384	22.0228	1.29900	804.86	1.04552	3.26	0
1969	18:56:39.47	0.1920	21.06370	20.68	58.03	1.4	0.996366	22.0211	1.29896	804.84	1.04545	3.26	0
1970	18:56:39.77	0.1950	21.06251	20.68	58.03	1.4	0.996312	22.0210	1.29900	804.84	1.04551	3.26	0
1971	18:56:40.07	0.1975	21.06153	20.68	58.00	1.4	0.996264	22.0202	1.29900	804.86	1.04552	3.26	0
1972	18:56:40.37	0.1995	21.06076	20.68	58.00	1.4	0.996228	22.0184	1.29900	804.84	1.04547	3.26	0
1973	18:56:40.67	0.2025	21.05950	20.68	57.91	1.4	0.996162	22.0171	1.29900	804.84	1.04547	3.26	0
1974	18:56:40.97	0.2080	21.05747	20.68	57.91	1.4	0.996066	22.0152	1.29900	804.84	1.04548	3.26	0
1975	18:56:41.27	0.2120	21.05593	20.68	57.83	1.4	0.995988	22.0146	1.29904	804.86	1.04554	3.26	0
1976	18:56:41.57	0.2140	21.05516	20.68	57.83	1.4	0.995952	22.0132	1.29900	804.84	1.04550	3.26	0
1977	18:56:41.87	0.2160	21.05439	20.68	57.71	1.4	0.995910	22.0125	1.29900	804.84	1.04551	3.26	0
1978	18:56:42.17	0.2190	21.05327	20.68	57.71	1.4	0.995856	22.0108	1.29900	804.84	1.04548	3.26	0
1979	18:56:42.49	0.2230	21.05173	20.68	57.63	1.4	0.995778	22.0090	1.29900	804.84	1.04548	3.26	0
1980	18:56:42.77	0.2200	21.05299	20.68	57.63	1.4	0.995838	22.0103	1.29900	804.84	1.04547	3.26	0
1981	18:56:43.07	0.2180	21.05390	20.68	57.54	1.4	0.995874	22.0114	1.29900	804.84	1.04548	3.26	0
1982	18:56:43.37	0.2135	21.05558	20.68	57.54	1.4	0.995958	22.0133	1.29900	804.84	1.04549	3.26	0
1983	18:56:43.67	0.2095	21.05733	20.68	57.45	1.4	0.996036	22.0152	1.29900	804.84	1.04549	3.26	0
1984	18:56:43.97	0.2055	21.05894	20.68	57.45	1.4	0.996114	22.0170	1.29900	804.84	1.04549	3.26	0
1985	18:56:44.28	0.2020	21.06055	20.68	57.31	1.4	0.996180	22.0193	1.29900	804.86	1.04552	3.26	0
1986	18:56:44.70	0.1955	21.06307	20.68	57.31	1.4	0.996300	22.0215	1.29900	804.84	1.04551	3.26	0
1987	18:56:44.87	0.1935	21.06405	20.68	57.22	1.4	0.996342	22.0235	1.29904	804.86	1.04555	3.26	0
1988	18:56:45.17	0.1855	21.06720	20.68	57.22	1.4	0.996492	22.0268	1.29904	804.86	1.04555	3.26	0
1989	18:56:45.47	0.1785	21.07014	20.68	57.13	1.4	0.996624	22.0294	1.29904	804.86	1.04553	3.26	0
1990	18:56:45.77	0.1720	21.07273	20.68	57.13	1.4	0.996744	22.0315	1.29900	804.86	1.04550	3.26	0
1991	18:56:46.07	0.1670	21.07476	20.68	57.02	1.4	0.996834	22.0328	1.29896	804.84	1.04546	3.26	0
1992	18:56:46.37	0.1655	21.07546	20.68	57.02	1.4	0.996870	22.0340	1.29900	804.84	1.04548	3.26	0
1993	18:56:46.67	0.1630	21.07658	20.68	56.90	1.4	0.996918	22.0357	1.29900	804.84	1.04551	3.26	0
Device address	Device ID	Factory Device ID	Firmware	Measurement mode	Gain	Speed	Y_AH_Cal (-)	TF_Cal (V/W)	Temp_Cal (°C)																																				
FF46	D2	12J692	 C3.8	H2   	1.005	Norm 	 0.999466	21.182169	23.924849																																				
Iteration	Time	Output (%)	Transfer (V/W)	Tsens (°C)	RH (%)	AH (kPa)	Corr transfer (-)	Utp (mV)	Ih (mA)	Uh (mV)	Ph (mW)	Usyst (V)	Alarm																																
0	10:45:32.37	0.0620	21.11480	22.71	43.67	1.2	0.998820	22.1576	1.30008	807.16	1.04939	3.26	0
1	10:45:32.49	0.0620	21.11501	22.71	43.67	1.2	0.998832	22.1579	1.30008	807.16	1.04939	3.26	0
2	10:45:32.79	0.0615	21.11522	22.71	43.67	1.2	0.998838	22.1581	1.30008	807.16	1.04939	3.26	0
3	10:45:33.09	0.0605	21.11557	22.71	43.67	1.2	0.998862	22.1586	1.30008	807.18	1.04939	3.26	0
4	10:45:33.59	0.0620	21.11494	22.70	43.67	1.2	0.998826	22.1586	1.30012	807.18	1.04942	3.26	0
5	10:45:33.69	0.0620	21.11501	22.70	43.67	1.2	0.998826	22.1582	1.30012	807.18	1.04941	3.26	0
6	10:45:33.99	0.0625	21.11480	22.70	43.67	1.2	0.998814	22.1576	1.30008	807.18	1.04939	3.26	0
7	10:45:34.29	0.0625	21.11487	22.70	43.67	1.2	0.998820	22.1585	1.30012	807.18	1.04942	3.26	0
8	10:45:34.59	0.0630	21.11452	22.70	43.67	1.2	0.998802	22.1583	1.30012	807.18	1.04944	3.26	0
9	10:45:34.89	0.0620	21.11501	22.70	43.67	1.2	0.998826	22.1583	1.30012	807.18	1.04941	3.26	0
10	10:45:35.20	0.0620	21.11494	22.70	43.67	1.2	0.998826	22.1583	1.30008	807.18	1.04941	3.26	0
11	10:45:35.49	0.0615	21.11529	22.70	43.67	1.2	0.998838	22.1588	1.30012	807.18	1.04942	3.26	0
12	10:45:35.79	0.0610	21.11543	22.70	43.67	1.2	0.998844	22.1586	1.30008	807.18	1.04941	3.26	0
13	10:45:36.09	0.0610	21.11543	22.70	43.67	1.2	0.998850	22.1584	1.30008	807.16	1.04939	3.26	0
14	10:45:36.39	0.0610	21.11543	22.70	43.67	1.2	0.998844	22.1585	1.30008	807.18	1.04940	3.26	0
15	10:45:36.69	0.0615	21.11529	22.70	43.67	1.2	0.998838	22.1584	1.30008	807.18	1.04940	3.26	0
16	10:45:36.99	0.0620	21.11487	22.70	43.67	1.2	0.998820	22.1581	1.30008	807.18	1.04941	3.26	0
17	10:45:37.29	0.0615	21.11529	22.70	43.67	1.2	0.998838	22.1583	1.30008	807.16	1.04940	3.26	0
18	10:45:37.59	0.0630	21.11452	22.70	43.67	1.2	0.998802	22.1585	1.30012	807.20	1.04945	3.26	0
19	10:45:37.89	0.0635	21.11438	22.70	43.67	1.2	0.998796	22.1588	1.30012	807.20	1.04947	3.26	0
20	10:45:38.19	0.0625	21.11480	22.70	43.67	1.2	0.998814	22.1584	1.30012	807.18	1.04942	3.26	0
21	10:45:38.49	0.0625	21.11487	22.70	43.67	1.2	0.998820	22.1583	1.30012	807.18	1.04942	3.26	0
22	10:45:38.79	0.0610	21.11529	22.70	43.67	1.2	0.998844	22.1584	1.30008	807.18	1.04940	3.26	0
23	10:45:39.09	0.0610	21.11543	22.70	43.67	1.2	0.998844	22.1582	1.30008	807.16	1.04939	3.26	0
24	10:45:39.39	0.0615	21.11508	22.70	43.67	1.2	0.998832	22.1584	1.30008	807.18	1.04941	3.26	0
25	10:45:39.69	0.0625	21.11473	22.70	43.71	1.2	0.998814	22.1581	1.30012	807.18	1.04942	3.26	0
26	10:45:39.99	0.0610	21.11536	22.71	43.71	1.2	0.998850	22.1584	1.30012	807.16	1.04939	3.26	0
27	10:45:40.29	0.0620	21.11480	22.71	43.71	1.2	0.998826	22.1584	1.30012	807.18	1.04942	3.26	0
28	10:45:40.59	0.0605	21.11550	22.70	43.71	1.2	0.998850	22.1588	1.30012	807.18	1.04941	3.26	0
29	10:45:40.89	0.0640	21.11417	22.70	43.67	1.2	0.998790	22.1584	1.30012	807.20	1.04945	3.26	0
30	10:45:41.19	0.0620	21.11494	22.70	43.67	1.2	0.998826	22.1583	1.30008	807.18	1.04941	3.26	0
31	10:45:41.49	0.0630	21.11452	22.70	43.71	1.2	0.998808	22.1585	1.30012	807.18	1.04945	3.26	0
32	10:45:41.79	0.0635	21.11431	22.70	43.71	1.2	0.998796	22.1584	1.30012	807.20	1.04945	3.26	0
33	10:45:42.09	0.0610	21.11529	22.70	43.71	1.2	0.998844	22.1579	1.30008	807.18	1.04938	3.26	0
34	10:45:42.39	0.0605	21.11543	22.70	43.71	1.2	0.998850	22.1584	1.30008	807.16	1.04939	3.26	0
35	10:45:42.69	0.0645	21.11403	22.70	43.71	1.2	0.998784	22.1572	1.30012	807.16	1.04941	3.26	0
36	10:45:42.99	0.0590	21.11613	22.71	43.71	1.2	0.998886	22.1579	1.30008	807.14	1.04933	3.26	0
37	10:45:43.29	0.0610	21.11529	22.71	43.71	1.2	0.998850	22.1574	1.30008	807.16	1.04935	3.26	0
38	10:45:43.59	0.0610	21.11515	22.71	43.71	1.2	0.998844	22.1574	1.30008	807.16	1.04936	3.26	0
39	10:45:43.89	0.0620	21.11480	22.71	43.67	1.2	0.998826	22.1585	1.30012	807.18	1.04942	3.26	0
40	10:45:44.19	0.0605	21.11550	22.70	43.67	1.2	0.998850	22.1575	1.30008	807.16	1.04935	3.26	0
41	10:45:44.49	0.0625	21.11466	22.70	43.71	1.2	0.998814	22.1577	1.30008	807.18	1.04939	3.26	0
42	10:45:44.79	0.0630	21.11452	22.70	43.71	1.2	0.998808	22.1579	1.30012	807.18	1.04941	3.26	0
43	10:45:45.09	0.0620	21.11494	22.70	43.71	1.2	0.998826	22.1579	1.30008	807.18	1.04940	3.26	0
44	10:45:45.39	0.0615	21.11515	22.70	43.71	1.2	0.998838	22.1586	1.30012	807.18	1.04942	3.26	0
45	10:45:45.69	0.0625	21.11480	22.70	43.71	1.2	0.998820	22.1586	1.30012	807.18	1.04944	3.26	0
46	10:45:45.99	0.0605	21.11557	22.70	43.71	1.2	0.998856	22.1581	1.30008	807.16	1.04937	3.26	0
47	10:45:46.29	0.0610	21.11543	22.70	43.71	1.2	0.998850	22.1580	1.30008	807.16	1.04938	3.26	0
48	10:45:46.59	0.0630	21.11459	22.70	43.71	1.2	0.998808	22.1576	1.30008	807.18	1.04939	3.26	0
49	10:45:46.89	0.0615	21.11522	22.70	43.71	1.2	0.998838	22.1577	1.30008	807.16	1.04937	3.26	0
50	10:45:47.19	0.0620	21.11487	22.70	43.71	1.2	0.998826	22.1581	1.30012	807.16	1.04941	3.26	0
51	10:45:47.49	0.0610	21.11536	22.70	43.71	1.2	0.998844	22.1577	1.30008	807.16	1.04936	3.26	0
52	10:45:47.79	0.0600	21.11578	22.70	43.71	1.2	0.998868	22.1586	1.30008	807.18	1.04938	3.26	0
53	10:45:48.09	0.0620	21.11508	22.70	43.67	1.2	0.998832	22.1579	1.30008	807.18	1.04939	3.26	0
54	10:45:48.39	0.0625	21.11473	22.70	43.67	1.2	0.998814	22.1577	1.30008	807.18	1.04939	3.26	0
55	10:45:48.69	0.0610	21.11536	22.70	43.67	1.2	0.998844	22.1585	1.30012	807.16	1.04940	3.26	0
56	10:45:48.99	0.0600	21.11578	22.70	43.67	1.2	0.998862	22.1584	1.30008	807.16	1.04938	3.26	0
57	10:45:49.29	0.0625	21.11473	22.70	43.71	1.2	0.998814	22.1578	1.30008	807.18	1.04940	3.26	0
58	10:45:49.59	0.0625	21.11487	22.70	43.71	1.2	0.998820	22.1579	1.30008	807.18	1.04939	3.26	0
59	10:45:49.89	0.0630	21.11466	22.70	43.67	1.2	0.998814	22.1579	1.30012	807.18	1.04941	3.26	0
60	10:45:50.19	0.0635	21.11438	22.70	43.67	1.2	0.998796	22.1577	1.30012	807.18	1.04942	3.26	0
61	10:45:50.49	0.0615	21.11522	22.70	43.71	1.2	0.998838	22.1577	1.30008	807.16	1.04938	3.26	0
62	10:45:50.79	0.0595	21.11599	22.70	43.71	1.2	0.998874	22.1590	1.30008	807.18	1.04939	3.26	0
63	10:45:51.09	0.0615	21.11522	22.70	43.71	1.2	0.998838	22.1583	1.30008	807.18	1.04940	3.26	0
64	10:45:51.39	0.0630	21.11459	22.70	43.71	1.2	0.998808	22.1587	1.30012	807.20	1.04945	3.26	0
65	10:45:51.69	0.0610	21.11536	22.70	43.67	1.2	0.998844	22.1574	1.30008	807.16	1.04935	3.26	0
66	10:45:51.99	0.0635	21.11438	22.70	43.67	1.2	0.998796	22.1575	1.30008	807.18	1.04941	3.26	0
67	10:45:52.29	0.0615	21.11508	22.70	43.67	1.2	0.998832	22.1575	1.30008	807.16	1.04937	3.26	0
68	10:45:52.59	0.0630	21.11452	22.70	43.67	1.2	0.998808	22.1579	1.30008	807.18	1.04941	3.26	0
69	10:45:52.89	0.0615	21.11522	22.70	43.71	1.2	0.998838	22.1583	1.30008	807.16	1.04940	3.26	0
70	10:45:53.19	0.0620	21.11501	22.70	43.71	1.2	0.998832	22.1577	1.30008	807.18	1.04938	3.26	0
71	10:45:53.49	0.0635	21.11438	22.70	43.67	1.2	0.998796	22.1575	1.30012	807.16	1.04940	3.26	0
72	10:45:53.79	0.0610	21.11543	22.70	43.67	1.2	0.998844	22.1580	1.30008	807.16	1.04938	3.26	0
73	10:45:54.09	0.0610	21.11536	22.70	43.67	1.2	0.998844	22.1577	1.30008	807.16	1.04936	3.26	0
74	10:45:54.39	0.0630	21.11452	22.70	43.67	1.2	0.998808	22.1581	1.30012	807.18	1.04942	3.26	0
75	10:45:54.69	0.0630	21.11452	22.70	43.71	1.2	0.998808	22.1576	1.30008	807.18	1.04940	3.26	0
76	10:45:54.99	0.0615	21.11522	22.70	43.71	1.2	0.998838	22.1584	1.30012	807.16	1.04941	3.26	0
77	10:45:55.29	0.0600	21.11578	22.70	43.67	1.2	0.998868	22.1580	1.30008	807.14	1.04936	3.26	0
78	10:45:55.59	0.0615	21.11515	22.70	43.67	1.2	0.998832	22.1573	1.30008	807.14	1.04936	3.26	0
79	10:45:55.89	0.0675	21.11277	22.70	43.67	1.2	0.998724	22.1560	1.30012	807.18	1.04941	3.26	0
80	10:45:56.19	0.1325	21.08680	22.69	43.67	1.2	0.997488	22.1278	1.30008	807.14	1.04936	3.26	0
81	10:45:56.49	0.4530	20.95590	22.69	43.67	1.2	0.991296	21.9876	1.30008	807.06	1.04923	3.26	0
82	10:45:56.79	1.0870	20.68038	22.69	43.67	1.2	0.978264	21.6948	1.30008	806.92	1.04905	3.26	0
83	10:45:57.09	2.5725	20.07348	22.69	43.67	1.2	0.949554	21.0506	1.30012	806.60	1.04867	3.26	0
84	10:45:57.39	4.6695	19.26687	22.69	43.67	1.2	0.911400	20.1920	1.30008	806.12	1.04801	3.26	0
85	10:45:57.69	7.1745	18.37150	22.69	43.67	1.2	0.869046	19.2430	1.30008	805.66	1.04744	3.26	0
86	10:45:57.99	9.9605	17.45352	22.69	43.67	1.2	0.825618	18.2709	1.30012	805.18	1.04684	3.26	0
87	10:45:58.29	12.7735	16.55325	22.69	43.61	1.2	0.783030	17.3176	1.30012	804.68	1.04618	3.26	0
88	10:45:58.59	15.6275	15.72606	22.69	43.61	1.2	0.743898	16.4424	1.30008	804.22	1.04555	3.26	0
89	10:45:58.89	18.3685	14.98609	22.69	43.44	1.2	0.708894	15.6617	1.30016	803.82	1.04508	3.26	0
90	10:45:59.19	20.8630	14.35364	22.69	43.44	1.2	0.678978	14.9941	1.30016	803.46	1.04462	3.26	0
91	10:45:59.49	23.1350	13.80659	22.69	43.18	1.2	0.653088	14.4169	1.30012	803.14	1.04420	3.26	0
92	10:45:59.79	25.2130	13.33031	22.69	43.18	1.2	0.630558	13.9152	1.30016	802.88	1.04388	3.26	0
93	10:46:00.09	27.0385	12.92907	22.69	42.87	1.2	0.611568	13.4927	1.30020	802.64	1.04360	3.26	0
94	10:46:00.39	28.6260	12.59118	22.69	42.87	1.2	0.595584	13.1358	1.30016	802.40	1.04326	3.26	0
95	10:46:00.69	29.9215	12.32385	22.69	42.48	1.2	0.582924	12.8550	1.30020	802.28	1.04310	3.26	0
96	10:46:00.99	30.9830	12.11112	22.69	42.48	1.2	0.572862	12.6315	1.30020	802.16	1.04297	3.26	0
97	10:46:01.29	31.8390	11.94130	22.69	42.05	1.2	0.564816	12.4524	1.30020	802.02	1.04279	3.26	0
98	10:46:01.59	32.5320	11.80655	22.69	42.05	1.2	0.558438	12.3103	1.30016	801.94	1.04267	3.26	0
99	10:46:01.89	33.1035	11.69812	22.69	41.62	1.1	0.553296	12.1967	1.30020	801.90	1.04262	3.26	0
100	10:46:02.19	33.5475	11.61363	22.69	41.62	1.1	0.549300	12.1074	1.30016	801.84	1.04252	3.26	0
101	10:46:02.49	33.8970	11.54727	22.69	41.23	1.1	0.546150	12.0371	1.30016	801.76	1.04242	3.26	0
102	10:46:02.79	34.1750	11.49442	22.68	41.23	1.1	0.543642	11.9823	1.30020	801.76	1.04245	3.26	0
103	10:46:03.09	34.3895	11.45522	22.68	40.86	1.1	0.541776	11.9412	1.30020	801.74	1.04242	3.26	0
104	10:46:03.39	34.5140	11.43226	22.69	40.86	1.1	0.540696	11.9166	1.30016	801.72	1.04237	3.26	0
105	10:46:03.69	34.5505	11.42582	22.69	40.56	1.1	0.540378	11.9100	1.30020	801.72	1.04238	3.26	0
106	10:46:03.99	34.4625	11.44206	22.68	40.56	1.1	0.541146	11.9274	1.30020	801.74	1.04243	3.26	0
107	10:46:04.29	34.2335	11.48434	22.68	40.23	1.1	0.543132	11.9715	1.30020	801.74	1.04242	3.26	0
108	10:46:04.59	33.8745	11.55231	22.69	40.23	1.1	0.546354	12.0424	1.30016	801.78	1.04243	3.26	0
109	10:46:04.89	33.4230	11.63855	22.69	39.93	1.1	0.550422	12.1337	1.30016	801.86	1.04254	3.26	0
110	10:46:05.19	32.8785	11.74229	22.68	39.93	1.1	0.555324	12.2434	1.30020	801.94	1.04268	3.26	0
111	10:46:05.49	32.2655	11.85919	22.68	39.67	1.1	0.560844	12.3656	1.30016	801.98	1.04270	3.26	0
112	10:46:05.79	31.6605	11.97861	22.69	39.67	1.1	0.566496	12.4914	1.30016	802.06	1.04280	3.26	0
113	10:46:06.09	31.0055	12.10895	22.69	39.40	1.1	0.572646	12.6289	1.30020	802.14	1.04294	3.26	0
114	10:46:06.39	30.2160	12.26589	22.69	39.40	1.1	0.580068	12.7942	1.30016	802.26	1.04307	3.26	0
115	10:46:06.69	29.3915	12.43592	22.69	39.20	1.1	0.588102	12.9724	1.30012	802.34	1.04314	3.26	0
116	10:46:06.99	28.5455	12.61064	22.69	39.20	1.1	0.596364	13.1576	1.30020	802.48	1.04337	3.26	0
117	10:46:07.29	27.7445	12.78004	22.69	38.98	1.1	0.604368	13.3355	1.30016	802.56	1.04346	3.26	0
118	10:46:07.59	27.0200	12.93628	22.69	38.98	1.1	0.611754	13.5000	1.30016	802.66	1.04358	3.26	0
119	10:46:07.89	26.3195	13.08741	22.69	38.88	1.1	0.618900	13.6591	1.30016	802.74	1.04368	3.26	0
120	10:46:08.19	25.7060	13.22335	22.69	38.88	1.1	0.625326	13.8026	1.30016	802.84	1.04380	3.26	0
121	10:46:08.49	25.2040	13.33612	22.69	38.71	1.1	0.630654	13.9215	1.30016	802.90	1.04389	3.26	0
122	10:46:08.79	24.8060	13.42530	22.69	38.71	1.1	0.634872	14.0150	1.30012	802.94	1.04393	3.26	0
123	10:46:09.09	24.4815	13.49824	22.69	38.54	1.1	0.638310	14.0922	1.30016	802.98	1.04401	3.26	0
124	10:46:09.39	24.1970	13.56201	22.69	38.54	1.1	0.641328	14.1595	1.30016	803.02	1.04405	3.26	0
125	10:46:09.69	23.9060	13.62963	22.69	38.41	1.1	0.644520	14.2312	1.30016	803.08	1.04413	3.26	0
126	10:46:09.99	23.5815	13.70593	22.69	38.41	1.1	0.648132	14.3118	1.30016	803.12	1.04420	3.26	0
127	10:46:10.29	23.2000	13.79560	22.69	38.31	1.1	0.652368	14.4055	1.30012	803.16	1.04421	3.26	0
128	10:46:10.59	22.8020	13.88919	22.68	38.31	1.1	0.656790	14.5049	1.30016	803.24	1.04434	3.26	0
129	10:46:10.89	22.3930	13.98530	22.68	38.21	1.1	0.661332	14.6056	1.30016	803.26	1.04435	3.26	0
130	10:46:11.19	22.0240	14.07301	22.69	38.21	1.1	0.665478	14.6987	1.30016	803.34	1.04446	3.26	0
131	10:46:11.49	21.6950	14.15400	22.69	38.08	1.0	0.669306	14.7840	1.30016	803.36	1.04451	3.26	0
132	10:46:11.79	21.4205	14.22148	22.69	38.08	1.0	0.672498	14.8560	1.30016	803.44	1.04462	3.26	0
133	10:46:12.09	21.2110	14.27300	22.69	38.01	1.0	0.674928	14.9098	1.30016	803.46	1.04462	3.26	0
134	10:46:12.39	21.0640	14.30912	22.69	38.01	1.0	0.676638	14.9473	1.30012	803.46	1.04460	3.26	0
135	10:46:12.69	20.9660	14.33327	22.69	37.95	1.0	0.677778	14.9731	1.30016	803.48	1.04464	3.26	0
136	10:46:12.99	20.8715	14.35651	22.69	37.95	1.0	0.678876	14.9977	1.30016	803.50	1.04466	3.26	0
137	10:46:13.29	20.7500	14.38647	22.69	37.88	1.0	0.680292	15.0296	1.30016	803.52	1.04470	3.26	0
138	10:46:13.59	20.5960	14.42427	22.69	37.88	1.0	0.682080	15.0696	1.30016	803.54	1.04474	3.26	0
139	10:46:13.89	20.4170	14.46844	22.69	37.82	1.0	0.684162	15.1159	1.30016	803.56	1.04475	3.26	0
140	10:46:14.19	20.2220	14.51632	22.69	37.82	1.0	0.686424	15.1661	1.30012	803.58	1.04476	3.26	0
141	10:46:14.49	20.0240	14.56595	22.69	37.79	1.0	0.688770	15.2191	1.30016	803.62	1.04485	3.26	0
142	10:46:14.79	19.8400	14.61327	22.69	37.79	1.0	0.691008	15.2690	1.30016	803.66	1.04488	3.26	0
143	10:46:15.09	19.6790	14.65478	22.69	37.75	1.0	0.692970	15.3133	1.30016	803.70	1.04494	3.26	0
144	10:46:15.39	19.5425	14.68985	22.69	37.75	1.0	0.694626	15.3494	1.30012	803.68	1.04489	3.26	0
145	10:46:15.69	19.4280	14.71932	22.69	37.72	1.0	0.696018	15.3811	1.30016	803.72	1.04496	3.26	0
146	10:46:15.99	19.3180	14.74760	22.69	37.72	1.0	0.697356	15.4105	1.30012	803.72	1.04495	3.26	0
147	10:46:16.29	19.2165	14.77364	22.69	37.69	1.0	0.698586	15.4384	1.30016	803.74	1.04500	3.26	0
148	10:46:16.59	19.1255	14.79709	22.69	37.69	1.0	0.699696	15.4626	1.30012	803.74	1.04497	3.26	0
149	10:46:16.89	19.0495	14.81655	22.69	37.65	1.0	0.700614	15.4834	1.30016	803.76	1.04501	3.26	0
150	10:46:17.19	18.9815	14.83405	22.69	37.65	1.0	0.701442	15.5024	1.30016	803.80	1.04506	3.26	0
151	10:46:17.49	18.9180	14.85050	22.69	37.58	1.0	0.702216	15.5193	1.30016	803.78	1.04503	3.26	0
152	10:46:17.79	18.8550	14.86667	22.69	37.58	1.0	0.702984	15.5361	1.30016	803.78	1.04503	3.26	0
153	10:46:18.09	18.7885	14.88375	22.69	37.58	1.0	0.703794	15.5545	1.30016	803.80	1.04506	3.26	0
154	10:46:18.39	18.7255	14.89992	22.69	37.58	1.0	0.704556	15.5713	1.30016	803.80	1.04506	3.26	0
155	10:46:18.69	18.6655	14.91539	22.69	37.55	1.0	0.705282	15.5874	1.30012	803.82	1.04506	3.26	0
156	10:46:18.99	18.6145	14.92848	22.69	37.55	1.0	0.705906	15.6013	1.30012	803.82	1.04507	3.26	0
157	10:46:19.29	18.5645	14.94136	22.69	37.55	1.0	0.706512	15.6138	1.30008	803.80	1.04501	3.26	0
158	10:46:19.59	18.5315	14.94983	22.69	37.55	1.0	0.706914	15.6244	1.30016	803.84	1.04512	3.26	0
159	10:46:19.89	18.4970	14.95865	22.69	37.55	1.0	0.707334	15.6340	1.30016	803.86	1.04515	3.26	0
160	10:46:20.19	18.4580	14.96873	22.69	37.55	1.0	0.707808	15.6449	1.30016	803.88	1.04517	3.26	0
161	10:46:20.49	18.4050	14.98238	22.69	37.52	1.0	0.708450	15.6593	1.30020	803.88	1.04518	3.26	0
162	10:46:20.79	18.3430	14.99827	22.69	37.52	1.0	0.709206	15.6757	1.30016	803.88	1.04516	3.26	0
163	10:46:21.09	18.2720	15.01654	22.69	37.52	1.0	0.710064	15.6944	1.30012	803.88	1.04514	3.26	0
164	10:46:21.39	18.2065	15.03341	22.69	37.52	1.0	0.710862	15.7129	1.30016	803.90	1.04520	3.26	0
165	10:46:21.69	18.1430	15.04972	22.69	37.52	1.0	0.711636	15.7298	1.30016	803.90	1.04519	3.26	0
166	10:46:21.99	18.0875	15.06407	22.69	37.52	1.0	0.712314	15.7448	1.30012	803.90	1.04519	3.26	0
167	10:46:22.29	18.0375	15.07751	22.69	37.52	1.0	0.712950	15.7587	1.30016	803.90	1.04518	3.26	0
168	10:46:22.59	17.9945	15.08913	22.69	37.52	1.0	0.713502	15.7715	1.30012	803.94	1.04522	3.26	0
169	10:46:22.89	17.9625	15.09774	22.69	37.52	1.0	0.713904	15.7807	1.30016	803.94	1.04524	3.26	0
170	10:46:23.19	17.9320	15.10593	22.69	37.52	1.0	0.714294	15.7893	1.30016	803.94	1.04524	3.26	0
171	10:46:23.49	17.9060	15.11286	22.69	37.52	1.0	0.714618	15.7973	1.30016	803.96	1.04529	3.26	0
172	10:46:23.79	17.8765	15.12084	22.69	37.52	1.0	0.714996	15.8046	1.30012	803.94	1.04522	3.26	0
173	10:46:24.09	17.8550	15.12658	22.69	37.52	1.0	0.715272	15.8110	1.30016	803.94	1.04525	3.26	0
174	10:46:24.39	17.8360	15.13176	22.69	37.52	1.0	0.715512	15.8161	1.30012	803.94	1.04523	3.26	0
175	10:46:24.69	17.8230	15.13519	22.69	37.52	1.0	0.715674	15.8195	1.30012	803.94	1.04521	3.26	0
176	10:46:24.99	17.8065	15.13967	22.69	37.52	1.0	0.715890	15.8252	1.30016	803.96	1.04528	3.26	0
177	10:46:25.29	17.7880	15.14457	22.69	37.52	1.0	0.716124	15.8297	1.30012	803.94	1.04524	3.26	0
178	10:46:25.59	17.7705	15.14926	22.69	37.52	1.0	0.716340	15.8346	1.30012	803.96	1.04524	3.26	0
179	10:46:25.89	17.7540	15.15381	22.69	37.52	1.0	0.716556	15.8392	1.30012	803.96	1.04523	3.26	0
180	10:46:26.19	17.7380	15.15815	22.69	37.52	1.0	0.716760	15.8443	1.30016	803.96	1.04527	3.26	0
181	10:46:26.49	17.7190	15.16326	22.69	37.52	1.0	0.717006	15.8500	1.30012	803.98	1.04528	3.26	0
182	10:46:26.79	17.6970	15.16914	22.69	37.52	1.0	0.717282	15.8558	1.30016	803.96	1.04527	3.26	0
183	10:46:27.09	17.6750	15.17495	22.69	37.52	1.0	0.717558	15.8618	1.30012	803.96	1.04526	3.26	0
184	10:46:27.39	17.6460	15.18286	22.69	37.52	1.0	0.717930	15.8706	1.30016	803.98	1.04530	3.26	0
185	10:46:27.69	17.6045	15.19399	22.69	37.52	1.0	0.718458	15.8822	1.30012	803.98	1.04530	3.26	0
186	10:46:27.99	17.5575	15.20666	22.69	37.52	1.0	0.719058	15.8951	1.30012	803.98	1.04527	3.26	0
187	10:46:28.29	17.5080	15.21989	22.69	37.52	1.0	0.719682	15.9093	1.30012	804.00	1.04530	3.26	0
188	10:46:28.59	17.4520	15.23494	22.69	37.52	1.0	0.720396	15.9254	1.30016	804.00	1.04532	3.26	0
189	10:46:28.89	17.4015	15.24859	22.69	37.49	1.0	0.721038	15.9398	1.30012	804.02	1.04533	3.26	0
190	10:46:29.19	17.3565	15.26063	22.69	37.49	1.0	0.721608	15.9524	1.30016	804.02	1.04533	3.26	0
191	10:46:29.49	17.3250	15.26910	22.69	37.49	1.0	0.722010	15.9615	1.30012	804.02	1.04534	3.26	0
192	10:46:29.79	17.3020	15.27526	22.69	37.49	1.0	0.722298	15.9676	1.30012	804.02	1.04532	3.26	0
193	10:46:30.09	17.2935	15.27771	22.69	37.49	1.0	0.722412	15.9708	1.30016	804.04	1.04537	3.26	0
194	10:46:30.39	17.2940	15.27757	22.69	37.49	1.0	0.722406	15.9702	1.30012	804.02	1.04534	3.26	0
195	10:46:30.69	17.3060	15.27428	22.69	37.49	1.0	0.722250	15.9673	1.30016	804.04	1.04537	3.26	0
196	10:46:30.99	17.3195	15.27064	22.69	37.49	1.0	0.722076	15.9632	1.30016	804.02	1.04536	3.26	0
197	10:46:31.29	17.3350	15.26644	22.69	37.49	1.0	0.721884	15.9585	1.30012	804.02	1.04533	3.26	0
198	10:46:31.59	17.3490	15.26266	22.69	37.49	1.0	0.721704	15.9545	1.30012	804.02	1.04533	3.26	0
199	10:46:31.89	17.3500	15.26252	22.69	37.49	1.0	0.721692	15.9543	1.30016	804.00	1.04533	3.26	0
200	10:46:32.19	17.3440	15.26406	22.69	37.49	1.0	0.721770	15.9564	1.30016	804.02	1.04536	3.26	0
201	10:46:32.49	17.3240	15.26952	22.69	37.49	1.0	0.722028	15.9628	1.30020	804.04	1.04540	3.26	0
202	10:46:32.79	17.2890	15.27890	22.69	37.49	1.0	0.722472	15.9716	1.30012	804.04	1.04534	3.26	0
203	10:46:33.09	17.2460	15.29038	22.69	37.49	1.0	0.723012	15.9839	1.30016	804.02	1.04536	3.26	0
204	10:46:33.39	17.1930	15.30466	22.69	37.49	1.0	0.723690	15.9983	1.30012	804.02	1.04532	3.26	0
205	10:46:33.69	17.1440	15.31789	22.69	37.49	1.0	0.724314	16.0133	1.30016	804.06	1.04540	3.26	0
206	10:46:33.99	17.0875	15.33308	22.69	37.49	1.0	0.725034	16.0287	1.30012	804.06	1.04537	3.26	0
207	10:46:34.29	17.0335	15.34757	22.69	37.49	1.0	0.725718	16.0439	1.30012	804.06	1.04537	3.26	0
208	10:46:34.59	16.9835	15.36094	22.69	37.49	1.0	0.726348	16.0587	1.30012	804.08	1.04542	3.26	0
209	10:46:34.89	16.9440	15.37158	22.69	37.52	1.0	0.726858	16.0700	1.30016	804.08	1.04543	3.26	0
210	10:46:35.19	16.9140	15.37970	22.69	37.52	1.0	0.727236	16.0786	1.30016	804.10	1.04544	3.26	0
211	10:46:35.49	16.8860	15.38726	22.69	37.52	1.0	0.727596	16.0856	1.30012	804.08	1.04539	3.26	0
212	10:46:35.79	16.8570	15.39503	22.69	37.52	1.0	0.727962	16.0950	1.30016	804.10	1.04546	3.26	0
213	10:46:36.09	16.8160	15.40595	22.69	37.52	1.0	0.728484	16.1060	1.30012	804.10	1.04544	3.26	0
214	10:46:36.39	16.7740	15.41736	22.69	37.52	1.0	0.729018	16.1183	1.30016	804.12	1.04547	3.26	0
215	10:46:36.69	16.7285	15.42954	22.69	37.52	1.0	0.729594	16.1311	1.30016	804.10	1.04546	3.26	0
216	10:46:36.99	16.6860	15.44095	22.69	37.52	1.0	0.730134	16.1433	1.30016	804.12	1.04548	3.26	0
217	10:46:37.29	16.6440	15.45229	22.69	37.52	1.0	0.730674	16.1550	1.30016	804.12	1.04548	3.26	0
218	10:46:37.59	16.6125	15.46069	22.69	37.52	1.0	0.731070	16.1640	1.30016	804.14	1.04549	3.26	0
219	10:46:37.89	16.5910	15.46650	22.69	37.52	1.0	0.731340	16.1701	1.30016	804.14	1.04549	3.26	0
220	10:46:38.19	16.5820	15.46895	22.69	37.52	1.0	0.731460	16.1727	1.30012	804.14	1.04549	3.26	0
221	10:46:38.49	16.5830	15.46867	22.69	37.52	1.0	0.731442	16.1730	1.30016	804.16	1.04554	3.26	0
222	10:46:38.80	16.5755	15.47056	22.70	37.52	1.0	0.731538	16.1741	1.30012	804.14	1.04548	3.26	0
223	10:46:39.09	16.5665	15.47308	22.70	37.52	1.0	0.731658	16.1771	1.30016	804.14	1.04550	3.26	0
224	10:46:39.39	16.5550	15.47616	22.70	37.52	1.0	0.731802	16.1800	1.30012	804.14	1.04548	3.26	0
225	10:46:39.69	16.5430	15.47938	22.70	37.52	1.0	0.731958	16.1836	1.30016	804.14	1.04549	3.26	0
226	10:46:39.99	16.5290	15.48316	22.70	37.52	1.0	0.732132	16.1874	1.30012	804.14	1.04549	3.26	0
227	10:46:40.29	16.5230	15.48477	22.70	37.55	1.0	0.732210	16.1905	1.30020	804.18	1.04558	3.26	0
228	10:46:40.59	16.5155	15.48680	22.70	37.55	1.0	0.732306	16.1913	1.30012	804.14	1.04549	3.26	0
229	10:46:40.89	16.5160	15.48659	22.70	37.55	1.0	0.732300	16.1912	1.30012	804.14	1.04550	3.26	0
230	10:46:41.19	16.5185	15.48589	22.70	37.55	1.0	0.732264	16.1902	1.30012	804.14	1.04548	3.26	0
231	10:46:41.49	16.5255	15.48407	22.70	37.55	1.0	0.732180	16.1886	1.30016	804.14	1.04550	3.26	0
232	10:46:41.79	16.5230	15.48470	22.70	37.55	1.0	0.732210	16.1893	1.30016	804.14	1.04551	3.26	0
233	10:46:42.09	16.5180	15.48610	22.70	37.55	1.0	0.732276	16.1911	1.30012	804.16	1.04552	3.26	0
234	10:46:42.39	16.5080	15.48876	22.70	37.55	1.0	0.732396	16.1941	1.30016	804.16	1.04554	3.26	0
235	10:46:42.69	16.4985	15.49128	22.70	37.55	1.0	0.732516	16.1965	1.30016	804.16	1.04552	3.26	0
236	10:46:42.99	16.4855	15.49485	22.70	37.55	1.0	0.732690	16.1995	1.30012	804.14	1.04548	3.26	0
237	10:46:43.29	16.4780	15.49688	22.70	37.55	1.0	0.732780	16.2020	1.30012	804.16	1.04551	3.26	0
238	10:46:43.59	16.4665	15.49996	22.70	37.55	1.0	0.732930	16.2056	1.30012	804.16	1.04552	3.26	0
239	10:46:43.89	16.4465	15.50535	22.70	37.55	1.0	0.733182	16.2108	1.30012	804.16	1.04550	3.26	0
240	10:46:44.19	16.4195	15.51256	22.70	37.55	1.0	0.733524	16.2190	1.30016	804.16	1.04554	3.26	0
241	10:46:44.49	16.3900	15.52047	22.70	37.55	1.0	0.733902	16.2272	1.30012	804.18	1.04554	3.26	0
242	10:46:44.79	16.3655	15.52705	22.69	37.55	1.0	0.734208	16.2341	1.30012	804.18	1.04554	3.26	0
243	10:46:45.09	16.3540	15.53027	22.69	37.55	1.0	0.734358	16.2374	1.30012	804.18	1.04554	3.26	0
244	10:46:45.39	16.3575	15.52936	22.69	37.55	1.0	0.734316	16.2366	1.30016	804.18	1.04555	3.26	0
245	10:46:45.69	16.3700	15.52593	22.69	37.55	1.0	0.734154	16.2329	1.30012	804.18	1.04554	3.26	0
246	10:46:45.99	16.3890	15.52075	22.69	37.55	1.0	0.733908	16.2274	1.30012	804.16	1.04553	3.26	0
247	10:46:46.29	16.4105	15.51494	22.69	37.55	1.0	0.733638	16.2203	1.30012	804.14	1.04546	3.26	0
248	10:46:46.59	16.4390	15.50731	22.70	37.55	1.0	0.733278	16.2136	1.30016	804.18	1.04555	3.26	0
249	10:46:46.89	16.4555	15.50290	22.70	37.55	1.0	0.733068	16.2087	1.30012	804.16	1.04552	3.26	0
250	10:46:47.19	16.4655	15.50010	22.70	37.55	1.0	0.732936	16.2057	1.30012	804.16	1.04552	3.26	0
251	10:46:47.49	16.4690	15.49933	22.70	37.55	1.0	0.732900	16.2044	1.30012	804.14	1.04549	3.26	0
252	10:46:47.79	16.4620	15.50108	22.70	37.55	1.0	0.732984	16.2070	1.30012	804.18	1.04554	3.26	0
253	10:46:48.09	16.4450	15.50577	22.70	37.55	1.0	0.733200	16.2117	1.30012	804.16	1.04553	3.26	0
254	10:46:48.39	16.4225	15.51172	22.70	37.55	1.0	0.733482	16.2187	1.30016	804.18	1.04558	3.26	0
255	10:46:48.69	16.3930	15.51963	22.70	37.55	1.0	0.733860	16.2268	1.30016	804.18	1.04557	3.26	0
256	10:46:48.99	16.3685	15.52628	22.70	37.55	1.0	0.734172	16.2337	1.30016	804.20	1.04556	3.26	0
257	10:46:49.29	16.3455	15.53244	22.70	37.55	1.0	0.734466	16.2403	1.30016	804.20	1.04558	3.26	0
258	10:46:49.59	16.3265	15.53762	22.70	37.55	1.0	0.734712	16.2456	1.30016	804.18	1.04557	3.26	0
259	10:46:49.89	16.3120	15.54147	22.70	37.55	1.0	0.734892	16.2495	1.30012	804.20	1.04556	3.26	0
260	10:46:50.19	16.3035	15.54378	22.70	37.55	1.0	0.735000	16.2514	1.30012	804.18	1.04552	3.26	0
261	10:46:50.49	16.2925	15.54665	22.70	37.55	1.0	0.735138	16.2549	1.30016	804.18	1.04555	3.26	0
262	10:46:50.79	16.2785	15.55043	22.70	37.55	1.0	0.735318	16.2590	1.30012	804.20	1.04557	3.26	0
263	10:46:51.09	16.2610	15.55512	22.70	37.55	1.0	0.735540	16.2639	1.30016	804.18	1.04557	3.26	0
264	10:46:51.39	16.2380	15.56142	22.70	37.55	1.0	0.735834	16.2701	1.30012	804.18	1.04554	3.26	0
265	10:46:51.69	16.2135	15.56786	22.70	37.55	1.0	0.736140	16.2772	1.30016	804.20	1.04557	3.26	0
266	10:46:51.99	16.1900	15.57430	22.70	37.55	1.0	0.736446	16.2841	1.30012	804.20	1.04558	3.26	0
267	10:46:52.29	16.1635	15.58130	22.70	37.55	1.0	0.736776	16.2916	1.30012	804.20	1.04558	3.26	0
268	10:46:52.59	16.1410	15.58746	22.70	37.55	1.0	0.737070	16.2984	1.30012	804.22	1.04561	3.26	0
269	10:46:52.89	16.1165	15.59397	22.70	37.55	1.0	0.737376	16.3047	1.30012	804.20	1.04558	3.26	0
270	10:46:53.19	16.0975	15.59915	22.70	37.55	1.0	0.737622	16.3108	1.30012	804.24	1.04562	3.26	0
271	10:46:53.49	16.0845	15.60265	22.70	37.55	1.0	0.737784	16.3150	1.30016	804.24	1.04565	3.26	0
272	10:46:53.79	16.0760	15.60503	22.70	37.55	1.0	0.737898	16.3169	1.30016	804.22	1.04562	3.26	0
273	10:46:54.09	16.0750	15.60538	22.70	37.55	1.0	0.737916	16.3177	1.30016	804.24	1.04564	3.26	0
274	10:46:54.39	16.0710	15.60650	22.70	37.55	1.0	0.737964	16.3183	1.30016	804.22	1.04561	3.26	0
275	10:46:54.69	16.0710	15.60643	22.70	37.55	1.0	0.737964	16.3180	1.30012	804.22	1.04559	3.26	0
276	10:46:54.99	16.0675	15.60741	22.70	37.55	1.0	0.738012	16.3187	1.30012	804.22	1.04558	3.26	0
277	10:46:55.29	16.0630	15.60874	22.70	37.55	1.0	0.738072	16.3212	1.30016	804.24	1.04564	3.26	0
278	10:46:55.59	16.0535	15.61147	22.70	37.55	1.0	0.738204	16.3225	1.30008	804.20	1.04555	3.26	0
279	10:46:55.89	16.0495	15.61259	22.70	37.55	1.0	0.738258	16.3243	1.30012	804.22	1.04559	3.26	0
280	10:46:56.19	16.0420	15.61469	22.70	37.55	1.0	0.738354	16.3265	1.30012	804.22	1.04559	3.26	0
281	10:46:56.49	16.0350	15.61665	22.70	37.55	1.0	0.738450	16.3290	1.30016	804.24	1.04561	3.26	0
282	10:46:56.79	16.0280	15.61868	22.70	37.55	1.0	0.738540	16.3309	1.30012	804.22	1.04560	3.26	0
283	10:46:57.09	16.0190	15.62120	22.70	37.55	1.0	0.738660	16.3339	1.30016	804.24	1.04563	3.26	0
284	10:46:57.39	16.0120	15.62316	22.70	37.55	1.0	0.738756	16.3354	1.30012	804.22	1.04559	3.26	0
285	10:46:57.69	16.0100	15.62379	22.70	37.55	1.0	0.738786	16.3371	1.30016	804.24	1.04566	3.26	0
286	10:46:57.99	16.0060	15.62484	22.70	37.55	1.0	0.738834	16.3380	1.30016	804.24	1.04564	3.26	0
287	10:46:58.29	16.0035	15.62561	22.70	37.55	1.0	0.738870	16.3391	1.30016	804.24	1.04566	3.26	0
288	10:46:58.59	15.9980	15.62708	22.70	37.55	1.0	0.738942	16.3399	1.30016	804.22	1.04561	3.26	0
289	10:46:58.89	15.9940	15.62834	22.70	37.55	1.0	0.738996	16.3410	1.30012	804.24	1.04560	3.26	0
290	10:46:59.19	15.9910	15.62911	22.70	37.55	1.0	0.739038	16.3423	1.30016	804.24	1.04563	3.26	0
291	10:46:59.49	15.9860	15.63051	22.70	37.55	1.0	0.739104	16.3433	1.30012	804.22	1.04561	3.26	0
292	10:46:59.79	15.9815	15.63184	22.70	37.55	1.0	0.739164	16.3448	1.30012	804.22	1.04561	3.26	0
293	10:47:00.09	15.9790	15.63254	22.70	37.55	1.0	0.739200	16.3460	1.30016	804.24	1.04564	3.26	0
294	10:47:00.39	15.9765	15.63324	22.70	37.55	1.0	0.739230	16.3468	1.30016	804.26	1.04564	3.26	0
295	10:47:00.69	15.9770	15.63303	22.70	37.55	1.0	0.739224	16.3461	1.30012	804.24	1.04561	3.26	0
296	10:47:00.99	15.9780	15.63275	22.70	37.55	1.0	0.739212	16.3462	1.30016	804.24	1.04564	3.26	0
297	10:47:01.29	15.9785	15.63268	22.70	37.55	1.0	0.739206	16.3463	1.30016	804.24	1.04564	3.26	0
298	10:47:01.59	15.9800	15.63219	22.70	37.55	1.0	0.739182	16.3454	1.30016	804.24	1.04563	3.26	0
299	10:47:01.89	15.9800	15.63219	22.70	37.55	1.0	0.739182	16.3452	1.30016	804.22	1.04561	3.26	0
300	10:47:02.19	15.9815	15.63184	22.70	37.55	1.0	0.739164	16.3451	1.30012	804.24	1.04563	3.26	0
301	10:47:02.49	15.9825	15.63149	22.70	37.55	1.0	0.739146	16.3448	1.30016	804.24	1.04563	3.26	0
302	10:47:02.79	15.9835	15.63121	22.71	37.55	1.0	0.739140	16.3446	1.30016	804.24	1.04564	3.26	0
303	10:47:03.09	15.9840	15.63100	22.71	37.55	1.0	0.739128	16.3439	1.30012	804.24	1.04561	3.26	0
304	10:47:03.39	15.9825	15.63149	22.70	37.55	1.0	0.739152	16.3439	1.30012	804.22	1.04557	3.26	0
305	10:47:03.69	15.9850	15.63072	22.70	37.58	1.0	0.739116	16.3441	1.30012	804.26	1.04564	3.26	0
306	10:47:03.99	15.9805	15.63212	22.70	37.58	1.0	0.739182	16.3448	1.30012	804.24	1.04559	3.26	0
307	10:47:04.29	15.9785	15.63261	22.70	37.55	1.0	0.739200	16.3458	1.30016	804.24	1.04562	3.26	0
308	10:47:04.59	15.9780	15.63275	22.70	37.55	1.0	0.739206	16.3462	1.30016	804.24	1.04564	3.26	0
309	10:47:04.89	15.9770	15.63310	22.70	37.55	1.0	0.739224	16.3463	1.30012	804.24	1.04562	3.26	0
310	10:47:05.19	15.9765	15.63317	22.70	37.55	1.0	0.739230	16.3458	1.30012	804.22	1.04558	3.26	0
311	10:47:05.49	15.9790	15.63247	22.70	37.58	1.0	0.739200	16.3454	1.30012	804.24	1.04561	3.26	0
312	10:47:05.79	15.9755	15.63345	22.70	37.58	1.0	0.739242	16.3472	1.30016	804.26	1.04566	3.26	0
313	10:47:06.09	15.9760	15.63324	22.70	37.58	1.0	0.739236	16.3467	1.30016	804.24	1.04563	3.26	0
314	10:47:06.39	15.9770	15.63310	22.70	37.58	1.0	0.739224	16.3470	1.30016	804.26	1.04566	3.26	0
315	10:47:06.69	15.9770	15.63310	22.70	37.55	1.0	0.739224	16.3464	1.30012	804.24	1.04563	3.26	0
316	10:47:06.99	15.9785	15.63261	22.71	37.55	1.0	0.739206	16.3458	1.30016	804.24	1.04563	3.26	0
317	10:47:07.29	15.9780	15.63268	22.71	37.55	1.0	0.739206	16.3460	1.30012	804.24	1.04563	3.26	0
318	10:47:07.59	15.9830	15.63142	22.70	37.55	1.0	0.739146	16.3452	1.30016	804.26	1.04566	3.26	0
319	10:47:07.89	15.9810	15.63198	22.70	37.58	1.0	0.739176	16.3451	1.30016	804.24	1.04562	3.26	0
320	10:47:08.19	15.9815	15.63170	22.70	37.58	1.0	0.739158	16.3449	1.30012	804.24	1.04562	3.26	0
321	10:47:08.49	15.9840	15.63107	22.70	37.58	1.0	0.739134	16.3446	1.30016	804.26	1.04565	3.26	0
322	10:47:08.79	15.9855	15.63065	22.70	37.58	1.0	0.739110	16.3435	1.30016	804.22	1.04561	3.26	0
323	10:47:09.09	15.9845	15.63086	22.70	37.58	1.0	0.739122	16.3438	1.30012	804.24	1.04561	3.26	0
324	10:47:09.39	15.9880	15.62995	22.70	37.58	1.0	0.739080	16.3433	1.30016	804.24	1.04564	3.26	0
325	10:47:09.69	15.9860	15.63044	22.70	37.55	1.0	0.739098	16.3436	1.30012	804.24	1.04563	3.26	0
326	10:47:09.99	15.9860	15.63044	22.70	37.55	1.0	0.739104	16.3439	1.30016	804.26	1.04564	3.26	0
327	10:47:10.29	15.9895	15.62953	22.70	37.55	1.0	0.739056	16.3435	1.30020	804.26	1.04568	3.26	0
328	10:47:10.59	15.9895	15.62953	22.71	37.55	1.0	0.739062	16.3437	1.30020	804.26	1.04569	3.26	0
329	10:47:10.89	15.9880	15.62995	22.71	37.55	1.0	0.739080	16.3424	1.30012	804.22	1.04558	3.26	0
330	10:47:11.19	15.9895	15.62946	22.71	37.55	1.0	0.739056	16.3427	1.30016	804.24	1.04563	3.26	0
331	10:47:11.49	15.9880	15.62995	22.71	37.55	1.0	0.739080	16.3429	1.30012	804.24	1.04561	3.26	0
332	10:47:11.79	15.9890	15.62967	22.70	37.55	1.0	0.739062	16.3425	1.30012	804.24	1.04561	3.26	0
333	10:47:12.09	15.9860	15.63058	22.70	37.55	1.0	0.739104	16.3435	1.30012	804.24	1.04561	3.26	0
334	10:47:12.39	15.9860	15.63044	22.71	37.55	1.0	0.739104	16.3435	1.30016	804.24	1.04563	3.26	0
335	10:47:12.69	15.9855	15.63058	22.71	37.55	1.0	0.739110	16.3443	1.30016	804.26	1.04566	3.26	0
336	10:47:12.99	15.9835	15.63128	22.70	37.55	1.0	0.739140	16.3439	1.30012	804.22	1.04559	3.26	0
337	10:47:13.29	15.9835	15.63121	22.70	37.55	1.0	0.739134	16.3439	1.30012	804.22	1.04559	3.26	0
338	10:47:13.59	15.9830	15.63135	22.71	37.55	1.0	0.739146	16.3448	1.30016	804.26	1.04564	3.26	0
339	10:47:13.89	15.9795	15.63226	22.71	37.55	1.0	0.739188	16.3451	1.30012	804.24	1.04560	3.26	0
340	10:47:14.19	15.9795	15.63233	22.71	37.55	1.0	0.739194	16.3455	1.30012	804.24	1.04562	3.26	0
341	10:47:14.49	15.9790	15.63247	22.71	37.55	1.0	0.739194	16.3456	1.30012	804.24	1.04562	3.26	0
342	10:47:14.79	15.9785	15.63268	22.70	37.55	1.0	0.739206	16.3454	1.30012	804.22	1.04559	3.26	0
343	10:47:15.09	15.9775	15.63296	22.70	37.55	1.0	0.739218	16.3462	1.30012	804.24	1.04563	3.26	0
344	10:47:15.39	15.9745	15.63366	22.71	37.55	1.0	0.739254	16.3468	1.30012	804.22	1.04561	3.26	0
345	10:47:15.69	15.9750	15.63359	22.71	37.55	1.0	0.739254	16.3465	1.30012	804.22	1.04560	3.26	0
346	10:47:15.99	15.9720	15.63450	22.70	37.55	1.0	0.739290	16.3482	1.30016	804.24	1.04565	3.26	0
347	10:47:16.29	15.9720	15.63450	22.70	37.55	1.0	0.739290	16.3479	1.30016	804.24	1.04563	3.26	0
348	10:47:16.59	15.9720	15.63443	22.71	37.55	1.0	0.739290	16.3480	1.30016	804.24	1.04564	3.26	0
349	10:47:16.89	15.9710	15.63471	22.71	37.55	1.0	0.739302	16.3478	1.30012	804.24	1.04561	3.26	0
350	10:47:17.19	15.9715	15.63464	22.71	37.55	1.0	0.739302	16.3484	1.30016	804.26	1.04565	3.26	0
351	10:47:17.49	15.9720	15.63436	22.71	37.55	1.0	0.739290	16.3477	1.30016	804.24	1.04563	3.26	0
352	10:47:17.79	15.9715	15.63464	22.70	37.55	1.0	0.739296	16.3479	1.30012	804.24	1.04563	3.26	0
353	10:47:18.09	15.9725	15.63429	22.70	37.55	1.0	0.739278	16.3478	1.30016	804.24	1.04564	3.26	0
354	10:47:18.39	15.9675	15.63569	22.71	37.55	1.0	0.739350	16.3484	1.30012	804.22	1.04558	3.26	0
355	10:47:18.69	15.9705	15.63485	22.71	37.55	1.0	0.739314	16.3485	1.30016	804.24	1.04564	3.26	0
356	10:47:18.99	15.9700	15.63499	22.70	37.55	1.0	0.739314	16.3481	1.30012	804.24	1.04561	3.26	0
357	10:47:19.29	15.9695	15.63527	22.70	37.55	1.0	0.739326	16.3481	1.30012	804.24	1.04560	3.26	0
358	10:47:19.59	15.9695	15.63513	22.71	37.55	1.0	0.739326	16.3481	1.30012	804.22	1.04560	3.26	0
359	10:47:19.89	15.9705	15.63478	22.71	37.55	1.0	0.739308	16.3484	1.30016	804.26	1.04564	3.26	0
360	10:47:20.19	15.9695	15.63513	22.71	37.55	1.0	0.739326	16.3483	1.30012	804.24	1.04561	3.26	0
361	10:47:20.49	15.9690	15.63520	22.71	37.55	1.0	0.739326	16.3482	1.30012	804.22	1.04560	3.26	0
362	10:47:20.79	15.9705	15.63492	22.71	37.55	1.0	0.739314	16.3482	1.30012	804.24	1.04562	3.26	0
363	10:47:21.09	15.9695	15.63506	22.71	37.55	1.0	0.739320	16.3485	1.30016	804.24	1.04563	3.26	0
364	10:47:21.39	15.9680	15.63555	22.71	37.55	1.0	0.739344	16.3486	1.30012	804.24	1.04561	3.26	0
365	10:47:21.69	15.9675	15.63569	22.71	37.55	1.0	0.739350	16.3488	1.30012	804.24	1.04561	3.26	0
366	10:47:21.99	15.9680	15.63562	22.70	37.55	1.0	0.739344	16.3495	1.30016	804.26	1.04566	3.26	0
367	10:47:22.29	15.9665	15.63611	22.70	37.55	1.0	0.739368	16.3491	1.30012	804.22	1.04560	3.26	0
368	10:47:22.59	15.9650	15.63646	22.71	37.55	1.0	0.739386	16.3497	1.30012	804.24	1.04561	3.26	0
369	10:47:22.89	15.9660	15.63618	22.71	37.55	1.0	0.739374	16.3501	1.30016	804.26	1.04566	3.26	0
370	10:47:23.19	15.9640	15.63667	22.71	37.55	1.0	0.739398	16.3500	1.30012	804.24	1.04563	3.26	0
371	10:47:23.49	15.9635	15.63674	22.71	37.55	1.0	0.739404	16.3500	1.30012	804.24	1.04561	3.26	0
372	10:47:23.79	15.9635	15.63681	22.71	37.55	1.0	0.739404	16.3502	1.30012	804.24	1.04562	3.26	0
373	10:47:24.09	15.9615	15.63744	22.71	37.55	1.0	0.739434	16.3504	1.30012	804.22	1.04559	3.26	0
374	10:47:24.39	15.9610	15.63758	22.71	37.55	1.0	0.739440	16.3500	1.30008	804.22	1.04556	3.26	0
375	10:47:24.69	15.9615	15.63737	22.71	37.55	1.0	0.739428	16.3507	1.30012	804.24	1.04562	3.26	0
376	10:47:24.99	15.9605	15.63772	22.71	37.55	1.0	0.739446	16.3513	1.30016	804.24	1.04563	3.26	0
377	10:47:25.29	15.9605	15.63772	22.71	37.55	1.0	0.739446	16.3507	1.30012	804.24	1.04560	3.26	0
378	10:47:25.59	15.9620	15.63723	22.71	37.55	1.0	0.739422	16.3509	1.30016	804.24	1.04564	3.26	0
379	10:47:25.89	15.9595	15.63793	22.71	37.55	1.0	0.739458	16.3512	1.30012	804.24	1.04561	3.26	0
380	10:47:26.19	15.9620	15.63730	22.71	37.55	1.0	0.739428	16.3505	1.30012	804.24	1.04561	3.26	0
381	10:47:26.49	15.9595	15.63793	22.71	37.55	1.0	0.739458	16.3507	1.30012	804.24	1.04558	3.26	0
382	10:47:26.79	15.9625	15.63709	22.71	37.55	1.0	0.739416	16.3509	1.30012	804.26	1.04564	3.26	0
383	10:47:27.09	15.9600	15.63779	22.71	37.55	1.0	0.739452	16.3508	1.30012	804.24	1.04560	3.26	0
384	10:47:27.39	15.9615	15.63737	22.71	37.55	1.0	0.739428	16.3507	1.30012	804.24	1.04561	3.26	0
385	10:47:27.69	15.9595	15.63793	22.71	37.55	1.0	0.739458	16.3514	1.30012	804.24	1.04562	3.26	0
386	10:47:27.99	15.9585	15.63828	22.71	37.55	1.0	0.739476	16.3519	1.30016	804.24	1.04563	3.26	0
387	10:47:28.29	15.9600	15.63779	22.71	37.55	1.0	0.739452	16.3512	1.30012	804.24	1.04562	3.26	0
388	10:47:28.59	15.9595	15.63800	22.71	37.55	1.0	0.739458	16.3515	1.30012	804.26	1.04563	3.26	0
389	10:47:28.89	15.9610	15.63758	22.71	37.55	1.0	0.739440	16.3507	1.30012	804.24	1.04560	3.26	0
390	10:47:29.19	15.9610	15.63751	22.71	37.55	1.0	0.739434	16.3511	1.30012	804.26	1.04563	3.26	0
391	10:47:29.49	15.9630	15.63702	22.71	37.55	1.0	0.739416	16.3507	1.30012	804.26	1.04564	3.26	0
392	10:47:29.79	15.9635	15.63688	22.71	37.55	1.0	0.739410	16.3505	1.30016	804.24	1.04563	3.26	0
393	10:47:30.09	15.9635	15.63681	22.71	37.55	1.0	0.739404	16.3505	1.30016	804.26	1.04564	3.26	0
394	10:47:30.39	15.9640	15.63660	22.71	37.55	1.0	0.739392	16.3505	1.30016	804.26	1.04565	3.26	0
395	10:47:30.69	15.9645	15.63660	22.71	37.55	1.0	0.739392	16.3501	1.30016	804.24	1.04563	3.26	0
396	10:47:30.99	15.9625	15.63709	22.71	37.55	1.0	0.739416	16.3506	1.30012	804.24	1.04563	3.26	0
397	10:47:31.29	15.9605	15.63772	22.71	37.55	1.0	0.739446	16.3505	1.30008	804.24	1.04558	3.26	0
398	10:47:31.59	15.9630	15.63702	22.71	37.55	1.0	0.739416	16.3507	1.30016	804.26	1.04564	3.26	0
399	10:47:31.89	15.9625	15.63709	22.71	37.52	1.0	0.739416	16.3512	1.30016	804.26	1.04567	3.26	0
400	10:47:32.19	15.9600	15.63793	22.71	37.52	1.0	0.739452	16.3516	1.30016	804.24	1.04564	3.26	0
401	10:47:32.49	15.9575	15.63863	22.71	37.52	1.0	0.739488	16.3514	1.30012	804.24	1.04558	3.26	0
402	10:47:32.79	15.9605	15.63772	22.71	37.52	1.0	0.739446	16.3520	1.30016	804.26	1.04568	3.26	0
403	10:47:33.09	15.9595	15.63800	22.71	37.52	1.0	0.739458	16.3512	1.30012	804.24	1.04561	3.26	0
404	10:47:33.39	15.9580	15.63842	22.71	37.52	1.0	0.739476	16.3526	1.30016	804.26	1.04566	3.26	0
405	10:47:33.69	15.9560	15.63905	22.71	37.52	1.0	0.739506	16.3528	1.30016	804.24	1.04564	3.26	0
406	10:47:33.99	15.9575	15.63856	22.71	37.52	1.0	0.739488	16.3521	1.30012	804.24	1.04563	3.26	0
407	10:47:34.29	15.9575	15.63856	22.71	37.52	1.0	0.739482	16.3523	1.30016	804.26	1.04564	3.26	0
408	10:47:34.59	15.9590	15.63807	22.71	37.52	1.0	0.739464	16.3525	1.30016	804.26	1.04568	3.26	0
409	10:47:34.89	15.9540	15.63947	22.71	37.52	1.0	0.739530	16.3537	1.30016	804.28	1.04567	3.26	0
410	10:47:35.19	15.9550	15.63919	22.71	37.52	1.0	0.739518	16.3535	1.30016	804.28	1.04567	3.26	0
411	10:47:35.49	15.9520	15.64010	22.71	37.52	1.0	0.739560	16.3542	1.30016	804.26	1.04566	3.26	0
412	10:47:35.79	15.9495	15.64080	22.71	37.52	1.0	0.739590	16.3542	1.30012	804.24	1.04561	3.26	0
413	10:47:36.09	15.9505	15.64052	22.71	37.52	1.0	0.739578	16.3540	1.30012	804.24	1.04561	3.26	0
414	10:47:36.39	15.9525	15.63989	22.71	37.52	1.0	0.739548	16.3534	1.30012	804.24	1.04562	3.26	0
415	10:47:36.69	15.9510	15.64045	22.71	37.52	1.0	0.739572	16.3544	1.30016	804.26	1.04565	3.26	0
416	10:47:36.99	15.9490	15.64101	22.71	37.52	1.0	0.739602	16.3546	1.30012	804.24	1.04563	3.26	0
417	10:47:37.29	15.9510	15.64038	22.71	37.52	1.0	0.739572	16.3540	1.30012	804.24	1.04563	3.26	0
418	10:47:37.59	15.9525	15.63996	22.71	37.52	1.0	0.739548	16.3542	1.30016	804.26	1.04567	3.26	0
419	10:47:37.89	15.9520	15.64010	22.71	37.52	1.0	0.739560	16.3536	1.30012	804.24	1.04562	3.26	0
420	10:47:38.19	15.9525	15.63989	22.71	37.52	1.0	0.739548	16.3536	1.30012	804.24	1.04563	3.26	0
421	10:47:38.49	15.9495	15.64087	22.71	37.52	1.0	0.739596	16.3549	1.30016	804.26	1.04566	3.26	0
422	10:47:38.79	15.9360	15.64458	22.71	37.52	1.0	0.739770	16.3589	1.30016	804.26	1.04566	3.26	0
423	10:47:39.09	15.9220	15.64864	22.71	37.52	1.0	0.739962	16.3633	1.30016	804.26	1.04567	3.26	0
424	10:47:39.39	15.9005	15.65473	22.71	37.52	1.0	0.740250	16.3693	1.30012	804.26	1.04564	3.26	0
425	10:47:39.69	15.8995	15.65501	22.71	37.52	1.0	0.740262	16.3697	1.30012	804.26	1.04565	3.26	0
426	10:47:39.99	15.9040	15.65375	22.71	37.52	1.0	0.740202	16.3685	1.30016	804.26	1.04566	3.26	0
427	10:47:40.29	15.9105	15.65179	22.71	37.52	1.0	0.740112	16.3659	1.30012	804.24	1.04563	3.26	0
428	10:47:40.59	15.9060	15.65312	22.71	37.52	1.0	0.740172	16.3678	1.30012	804.26	1.04566	3.26	0
429	10:47:40.89	15.8835	15.65949	22.71	37.52	1.0	0.740478	16.3746	1.30016	804.28	1.04567	3.26	0
430	10:47:41.19	15.8660	15.66446	22.71	37.52	1.0	0.740712	16.3801	1.30016	804.28	1.04569	3.26	0
431	10:47:41.49	15.8520	15.66831	22.71	37.55	1.0	0.740892	16.3834	1.30012	804.26	1.04564	3.26	0
432	10:47:41.79	15.8535	15.66789	22.71	37.55	1.0	0.740874	16.3831	1.30012	804.26	1.04565	3.26	0
433	10:47:42.09	15.8570	15.66691	22.71	37.55	1.0	0.740826	16.3822	1.30016	804.26	1.04566	3.26	0
434	10:47:42.39	15.8040	15.68196	22.71	37.55	1.0	0.741540	16.3977	1.30012	804.28	1.04564	3.26	0
435	10:47:42.69	15.5385	15.75714	22.71	37.55	1.0	0.745092	16.4781	1.30016	804.34	1.04576	3.26	0
436	10:47:42.99	14.8205	15.96035	22.71	37.55	1.0	0.754704	16.6925	1.30012	804.44	1.04588	3.26	0
437	10:47:43.29	13.7665	16.26331	22.71	37.58	1.0	0.769026	17.0137	1.30012	804.64	1.04614	3.26	0
438	10:47:43.59	12.3830	16.67561	22.72	37.58	1.0	0.788532	17.4494	1.30012	804.84	1.04640	3.26	0
439	10:47:43.89	10.9700	17.12970	22.72	37.58	1.0	0.810000	17.9305	1.30012	805.10	1.04675	3.26	0
440	10:47:44.19	9.5225	17.59933	22.71	37.58	1.0	0.832206	18.4282	1.30012	805.38	1.04710	3.26	0
441	10:47:44.49	8.0215	18.09115	22.71	37.65	1.0	0.855468	18.9491	1.30012	805.64	1.04742	3.26	0
442	10:47:44.79	6.7045	18.54125	22.71	37.65	1.0	0.876750	19.4263	1.30012	805.88	1.04773	3.26	0
443	10:47:45.09	5.5945	18.93444	22.71	37.79	1.0	0.895350	19.8435	1.30012	806.08	1.04801	3.26	0
444	10:47:45.39	4.6070	19.29697	22.71	37.79	1.0	0.912492	20.2278	1.30012	806.28	1.04824	3.26	0
445	10:47:45.69	3.7960	19.60322	22.71	37.91	1.0	0.926982	20.5533	1.30012	806.42	1.04846	3.26	0
446	10:47:45.99	3.1415	19.85613	22.72	37.91	1.0	0.938946	20.8216	1.30012	806.56	1.04863	3.26	0
447	10:47:46.29	2.5755	20.07908	22.72	38.14	1.1	0.949500	21.0580	1.30012	806.66	1.04875	3.26	0
448	10:47:46.59	2.1205	20.26143	22.72	38.14	1.1	0.958122	21.2519	1.30012	806.76	1.04888	3.26	0
449	10:47:46.89	1.7155	20.42537	22.72	38.37	1.1	0.965892	21.4264	1.30012	806.86	1.04901	3.26	0
450	10:47:47.19	1.3925	20.55830	22.72	38.37	1.1	0.972174	21.5680	1.30012	806.92	1.04912	3.26	0
451	10:47:47.49	1.1520	20.65882	22.72	38.68	1.1	0.976950	21.6742	1.30012	806.96	1.04915	3.26	0
452	10:47:47.79	0.9675	20.73869	22.72	38.68	1.1	0.980724	21.7589	1.30012	807.00	1.04920	3.26	0
453	10:47:48.09	0.8195	20.80519	22.72	38.91	1.1	0.983886	21.8298	1.30012	807.04	1.04925	3.26	0
454	10:47:48.39	0.6855	20.86364	22.72	38.91	1.1	0.986652	21.8924	1.30012	807.08	1.04930	3.26	0
455	10:47:48.69	0.5790	20.90844	22.72	39.23	1.1	0.988788	21.9393	1.30012	807.10	1.04930	3.26	0
456	10:47:48.99	0.4910	20.94582	22.72	39.23	1.1	0.990558	21.9792	1.30012	807.12	1.04933	3.26	0
457	10:47:49.29	0.4140	20.97739	22.72	39.47	1.1	0.992064	22.0125	1.30012	807.12	1.04935	3.26	0
458	10:47:49.59	0.3505	21.00364	22.72	39.47	1.1	0.993306	22.0405	1.30012	807.14	1.04937	3.26	0
459	10:47:49.89	0.3005	21.02380	22.72	39.77	1.1	0.994278	22.0629	1.30012	807.16	1.04942	3.26	0
460	10:47:50.19	0.2585	21.04123	22.72	39.77	1.1	0.995100	22.0807	1.30012	807.16	1.04940	3.26	0
461	10:47:50.49	0.2250	21.05432	22.72	40.03	1.1	0.995736	22.0944	1.30008	807.16	1.04940	3.26	0
462	10:47:50.79	0.1965	21.06573	22.72	40.03	1.1	0.996276	22.1059	1.30008	807.16	1.04938	3.26	0
463	10:47:51.09	0.1745	21.07434	22.72	40.26	1.1	0.996702	22.1168	1.30012	807.20	1.04947	3.26	0
464	10:47:51.39	0.1555	21.08183	22.72	40.26	1.1	0.997056	22.1238	1.30012	807.18	1.04942	3.26	0
465	10:47:51.69	0.1385	21.08834	22.72	40.52	1.1	0.997380	22.1301	1.30008	807.18	1.04940	3.26	0
466	10:47:51.99	0.1280	21.09247	22.72	40.52	1.1	0.997572	22.1348	1.30012	807.18	1.04942	3.26	0
467	10:47:52.29	0.1195	21.09576	22.72	40.72	1.1	0.997740	22.1390	1.30012	807.20	1.04945	3.26	0
468	10:47:52.59	0.1095	21.09961	22.72	40.72	1.1	0.997926	22.1419	1.30008	807.18	1.04940	3.26	0
469	10:47:52.89	0.1045	21.10136	22.72	40.96	1.1	0.998022	22.1448	1.30012	807.20	1.04945	3.26	0
470	10:47:53.19	0.0990	21.10360	22.72	40.96	1.1	0.998130	22.1467	1.30008	807.20	1.04943	3.26	0
471	10:47:53.49	0.0935	21.10556	22.72	41.16	1.1	0.998232	22.1495	1.30012	807.22	1.04947	3.26	0
472	10:47:53.79	0.0910	21.10661	22.72	41.16	1.1	0.998280	22.1514	1.30016	807.22	1.04950	3.26	0
473	10:47:54.09	0.0865	21.10808	22.72	41.33	1.1	0.998364	22.1521	1.30012	807.20	1.04946	3.26	0
474	10:47:54.39	0.0860	21.10822	22.72	41.33	1.1	0.998370	22.1524	1.30012	807.22	1.04947	3.26	0
475	10:47:54.69	0.0805	21.11025	22.72	41.52	1.1	0.998478	22.1530	1.30008	807.18	1.04939	3.26	0
476	10:47:54.99	0.0820	21.10976	22.72	41.52	1.1	0.998454	22.1544	1.30012	807.22	1.04948	3.26	0
477	10:47:55.29	0.0775	21.11130	22.72	41.65	1.1	0.998532	22.1552	1.30012	807.20	1.04945	3.26	0
478	10:47:55.59	0.0765	21.11172	22.72	41.65	1.1	0.998556	22.1546	1.30008	807.18	1.04940	3.26	0
479	10:47:55.89	0.0760	21.11158	22.72	41.82	1.2	0.998556	22.1551	1.30008	807.20	1.04943	3.26	0
480	10:47:56.19	0.0755	21.11193	22.72	41.82	1.2	0.998574	22.1556	1.30008	807.20	1.04944	3.26	0
481	10:47:56.49	0.0755	21.11165	22.72	41.99	1.2	0.998568	22.1553	1.30012	807.20	1.04944	3.26	0
482	10:47:56.79	0.0750	21.11179	22.72	41.99	1.2	0.998580	22.1560	1.30012	807.20	1.04946	3.26	0
483	10:47:57.09	0.0760	21.11130	22.72	42.12	1.2	0.998562	22.1555	1.30012	807.20	1.04946	3.26	0
484	10:47:57.39	0.0720	21.11291	22.72	42.12	1.2	0.998640	22.1572	1.30012	807.20	1.04946	3.26	0
485	10:47:57.69	0.0740	21.11179	22.72	42.25	1.2	0.998598	22.1571	1.30016	807.22	1.04951	3.26	0
486	10:47:58.08	0.0700	21.11347	22.72	42.25	1.2	0.998676	22.1574	1.30012	807.20	1.04945	3.26	0
487	10:47:58.48	0.0710	21.11298	22.72	42.38	1.2	0.998658	22.1569	1.30012	807.20	1.04944	3.26	0
488	10:47:58.61	0.0705	21.11305	22.72	42.38	1.2	0.998664	22.1567	1.30008	807.20	1.04943	3.26	0
489	10:47:58.89	0.0715	21.11249	22.72	42.48	1.2	0.998640	22.1569	1.30012	807.20	1.04947	3.26	0
490	10:47:59.19	0.0705	21.11305	22.72	42.48	1.2	0.998670	22.1575	1.30012	807.20	1.04947	3.26	0
491	10:47:59.49	0.0700	21.11312	22.72	42.58	1.2	0.998676	22.1577	1.30012	807.22	1.04947	3.26	0
492	10:47:59.79	0.0690	21.11333	22.73	42.58	1.2	0.998694	22.1572	1.30012	807.20	1.04944	3.26	0
