Device address	Device ID	Factory Device ID	Firmware	Measurement mode	Gain	Speed	Y_AH_Cal (-)	TF_Cal (V/W)	Temp_Cal (°C)																																				
FF46	D2	12J692	 C3.8	H2   	1.005	Norm 	 0.999466	21.182169	23.924849																																				
Iteration	Time	Output (%)	Transfer (V/W)	Tsens (°C)	RH (%)	AH (kPa)	Corr transfer (-)	Utp (mV)	Ih (mA)	Uh (mV)	Ph (mW)	Usyst (V)	Alarm																																
0	11:44:54.43	0.0620	21.11795	21.84	47.28	1.2	0.998826	22.1263	1.29964	806.18	1.04774	3.26	0
		0.0000	0.00000	0.00	0.00	0.0	0.000000	0.0000	0.00000	0.00	0.00000	0.00	1800
2	11:44:55.17	0.0625	21.11760	21.84	47.35	1.2	0.998814	22.1255	1.29964	806.18	1.04773	3.26	0
3	11:44:55.48	0.0620	21.11788	21.84	47.35	1.2	0.998832	22.1259	1.29960	806.18	1.04773	3.26	0
4	11:44:55.92	0.0605	21.11837	21.84	47.35	1.2	0.998850	22.1259	1.29964	806.16	1.04771	3.26	0
5	11:44:56.07	0.0615	21.11802	21.84	47.35	1.2	0.998838	22.1254	1.29960	806.18	1.04770	3.26	0
6	11:44:56.55	0.0625	21.11774	21.84	47.35	1.2	0.998820	22.1264	1.29964	806.20	1.04777	3.26	0
7	11:44:57.14	0.0605	21.11837	21.84	47.35	1.2	0.998850	22.1259	1.29960	806.18	1.04771	3.26	0
8	11:44:57.27	0.0620	21.11788	21.84	47.35	1.2	0.998826	22.1252	1.29960	806.18	1.04770	3.26	0
9	11:44:57.57	0.0615	21.11802	21.83	47.35	1.2	0.998832	22.1257	1.29960	806.18	1.04772	3.26	0
10	11:44:57.87	0.0620	21.11795	21.83	47.35	1.2	0.998826	22.1260	1.29960	806.18	1.04774	3.26	0
11	11:44:58.17	0.0620	21.11788	21.84	47.35	1.2	0.998826	22.1263	1.29964	806.18	1.04776	3.26	0
12	11:44:58.47	0.0625	21.11767	21.84	47.35	1.2	0.998820	22.1257	1.29964	806.18	1.04774	3.26	0
13	11:44:58.77	0.0625	21.11753	21.84	47.35	1.2	0.998814	22.1252	1.29960	806.18	1.04772	3.26	0
14	11:44:59.07	0.0600	21.11858	21.84	47.35	1.2	0.998862	22.1259	1.29960	806.18	1.04770	3.26	0
15	11:44:59.37	0.0630	21.11732	21.84	47.35	1.2	0.998802	22.1254	1.29964	806.18	1.04774	3.26	0
16	11:44:59.67	0.0620	21.11788	21.84	47.35	1.2	0.998826	22.1257	1.29960	806.18	1.04773	3.26	0
17	11:44:59.97	0.0625	21.11767	21.84	47.35	1.2	0.998820	22.1261	1.29964	806.20	1.04775	3.26	0
18	11:45:00.27	0.0615	21.11802	21.84	47.35	1.2	0.998838	22.1257	1.29964	806.16	1.04772	3.26	0
19	11:45:00.57	0.0610	21.11823	21.84	47.35	1.2	0.998844	22.1252	1.29960	806.16	1.04768	3.26	0
20	11:45:00.87	0.0600	21.11858	21.84	47.35	1.2	0.998862	22.1252	1.29960	806.16	1.04767	3.26	0
21	11:45:01.17	0.0630	21.11746	21.84	47.35	1.2	0.998808	22.1255	1.29964	806.18	1.04774	3.26	0
22	11:45:01.47	0.0635	21.11732	21.84	47.35	1.2	0.998802	22.1260	1.29964	806.20	1.04777	3.26	0
23	11:45:01.77	0.0620	21.11795	21.83	47.35	1.2	0.998826	22.1259	1.29964	806.18	1.04773	3.26	0
24	11:45:02.07	0.0625	21.11774	21.83	47.35	1.2	0.998820	22.1257	1.29964	806.18	1.04773	3.26	0
25	11:45:02.37	0.0630	21.11760	21.83	47.35	1.2	0.998808	22.1250	1.29960	806.18	1.04771	3.26	0
26	11:45:02.70	0.0595	21.11900	21.83	47.35	1.2	0.998874	22.1262	1.29960	806.16	1.04769	3.26	0
27	11:45:02.97	0.0620	21.11788	21.83	47.35	1.2	0.998826	22.1258	1.29964	806.18	1.04773	3.26	0
28	11:45:03.28	0.0620	21.11795	21.83	47.38	1.2	0.998832	22.1256	1.29960	806.18	1.04771	3.26	0
29	11:45:03.58	0.0620	21.11788	21.83	47.38	1.2	0.998826	22.1264	1.29964	806.18	1.04776	3.26	0
30	11:45:03.87	0.0635	21.11725	21.83	47.38	1.2	0.998796	22.1264	1.29964	806.20	1.04779	3.26	0
31	11:45:04.17	0.0630	21.11760	21.83	47.38	1.2	0.998814	22.1262	1.29964	806.20	1.04776	3.26	0
32	11:45:04.47	0.0605	21.11858	21.83	47.38	1.2	0.998862	22.1269	1.29964	806.18	1.04775	3.26	0
33	11:45:04.77	0.0635	21.11725	21.83	47.38	1.2	0.998796	22.1259	1.29964	806.18	1.04776	3.26	0
34	11:45:05.07	0.0620	21.11795	21.83	47.38	1.2	0.998832	22.1259	1.29964	806.18	1.04773	3.26	0
35	11:45:05.37	0.0625	21.11760	21.84	47.38	1.2	0.998814	22.1264	1.29964	806.20	1.04777	3.26	0
36	11:45:05.67	0.0625	21.11767	21.84	47.38	1.2	0.998820	22.1267	1.29964	806.20	1.04778	3.26	0
37	11:45:05.97	0.0630	21.11746	21.83	47.38	1.2	0.998808	22.1262	1.29964	806.20	1.04777	3.26	0
38	11:45:06.27	0.0615	21.11809	21.83	47.38	1.2	0.998838	22.1263	1.29964	806.18	1.04774	3.26	0
39	11:45:06.57	0.0645	21.11676	21.83	47.38	1.2	0.998772	22.1259	1.29968	806.20	1.04779	3.26	0
40	11:45:06.88	0.0625	21.11767	21.83	47.38	1.2	0.998814	22.1260	1.29964	806.18	1.04775	3.26	0
41	11:45:07.18	0.0635	21.11739	21.83	47.38	1.2	0.998802	22.1260	1.29964	806.20	1.04776	3.26	0
42	11:45:07.47	0.0610	21.11823	21.83	47.38	1.2	0.998844	22.1253	1.29960	806.16	1.04769	3.26	0
43	11:45:07.77	0.0615	21.11802	21.83	47.38	1.2	0.998832	22.1261	1.29964	806.18	1.04774	3.26	0
44	11:45:08.07	0.0610	21.11823	21.83	47.38	1.2	0.998844	22.1262	1.29960	806.18	1.04773	3.26	0
45	11:45:08.37	0.0630	21.11753	21.83	47.38	1.2	0.998808	22.1259	1.29964	806.18	1.04775	3.26	0
46	11:45:08.67	0.0605	21.11844	21.83	47.38	1.2	0.998856	22.1270	1.29964	806.20	1.04776	3.26	0
47	11:45:09.00	0.0645	21.11690	21.83	47.38	1.2	0.998778	22.1264	1.29968	806.22	1.04781	3.26	0
48	11:45:09.27	0.0620	21.11788	21.83	47.38	1.2	0.998826	22.1253	1.29960	806.16	1.04770	3.26	0
49	11:45:09.57	0.0605	21.11844	21.83	47.38	1.2	0.998856	22.1255	1.29960	806.16	1.04768	3.26	0
50	11:45:09.87	0.0615	21.11802	21.83	47.38	1.2	0.998832	22.1253	1.29960	806.16	1.04770	3.26	0
51	11:45:10.17	0.0615	21.11795	21.84	47.38	1.2	0.998832	22.1258	1.29964	806.18	1.04773	3.26	0
52	11:45:10.47	0.0620	21.11781	21.84	47.38	1.2	0.998826	22.1252	1.29960	806.18	1.04771	3.26	0
53	11:45:10.77	0.0605	21.11844	21.83	47.38	1.2	0.998856	22.1262	1.29960	806.18	1.04772	3.26	0
54	11:45:11.07	0.0635	21.11725	21.83	47.38	1.2	0.998796	22.1256	1.29964	806.18	1.04775	3.26	0
55	11:45:11.37	0.0625	21.11781	21.83	47.38	1.2	0.998820	22.1257	1.29964	806.18	1.04773	3.26	0
56	11:45:11.67	0.0615	21.11816	21.83	47.38	1.2	0.998838	22.1256	1.29960	806.16	1.04770	3.26	0
57	11:45:11.97	0.0605	21.11844	21.83	47.38	1.2	0.998850	22.1262	1.29960	806.18	1.04772	3.26	0
58	11:45:12.27	0.0600	21.11865	21.83	47.38	1.2	0.998862	22.1263	1.29960	806.18	1.04771	3.26	0
59	11:45:12.57	0.0640	21.11718	21.83	47.38	1.2	0.998796	22.1255	1.29964	806.18	1.04775	3.26	0
60	11:45:12.87	0.0610	21.11830	21.83	47.38	1.2	0.998844	22.1264	1.29964	806.18	1.04773	3.26	0
61	11:45:13.17	0.0620	21.11788	21.83	47.38	1.2	0.998826	22.1256	1.29960	806.18	1.04772	3.26	0
62	11:45:13.47	0.0595	21.11879	21.83	47.38	1.2	0.998868	22.1262	1.29960	806.16	1.04770	3.26	0
63	11:45:13.77	0.0635	21.11725	21.83	47.38	1.2	0.998796	22.1255	1.29964	806.18	1.04774	3.26	0
64	11:45:14.07	0.0630	21.11753	21.83	47.38	1.2	0.998808	22.1259	1.29964	806.18	1.04776	3.26	0
65	11:45:14.37	0.0615	21.11816	21.83	47.38	1.2	0.998838	22.1260	1.29964	806.18	1.04773	3.26	0
66	11:45:14.67	0.0615	21.11802	21.83	47.38	1.2	0.998832	22.1259	1.29964	806.18	1.04773	3.26	0
67	11:45:14.97	0.0625	21.11774	21.83	47.38	1.2	0.998820	22.1251	1.29960	806.18	1.04770	3.26	0
68	11:45:15.27	0.0625	21.11753	21.83	47.42	1.2	0.998814	22.1261	1.29964	806.20	1.04776	3.26	0
69	11:45:15.57	0.0605	21.11837	21.83	47.42	1.2	0.998850	22.1257	1.29960	806.16	1.04770	3.26	0
70	11:45:15.87	0.0620	21.11788	21.83	47.42	1.2	0.998826	22.1254	1.29960	806.18	1.04771	3.26	0
71	11:45:16.17	0.0630	21.11753	21.83	47.42	1.2	0.998814	22.1249	1.29960	806.16	1.04770	3.26	0
72	11:45:16.47	0.0635	21.11718	21.83	47.42	1.2	0.998796	22.1250	1.29964	806.18	1.04773	3.26	0
73	11:45:16.77	0.0615	21.11809	21.83	47.42	1.2	0.998838	22.1249	1.29960	806.16	1.04767	3.26	0
74	11:45:17.08	0.0625	21.11760	21.83	47.42	1.2	0.998814	22.1252	1.29960	806.18	1.04771	3.26	0
75	11:45:17.37	0.0625	21.11760	21.83	47.42	1.2	0.998814	22.1256	1.29964	806.18	1.04773	3.26	0
76	11:45:17.68	0.0620	21.11788	21.83	47.42	1.2	0.998826	22.1255	1.29960	806.18	1.04772	3.26	0
77	11:45:17.97	0.0620	21.11788	21.83	47.42	1.2	0.998826	22.1258	1.29960	806.18	1.04773	3.26	0
78	11:45:18.27	0.0625	21.11760	21.83	47.42	1.2	0.998814	22.1249	1.29960	806.16	1.04770	3.26	0
79	11:45:18.57	0.0630	21.11753	21.83	47.42	1.2	0.998814	22.1255	1.29960	806.18	1.04773	3.26	0
80	11:45:18.87	0.0625	21.11767	21.83	47.42	1.2	0.998820	22.1260	1.29964	806.18	1.04775	3.26	0
81	11:45:19.17	0.0605	21.11851	21.83	47.42	1.2	0.998856	22.1257	1.29960	806.16	1.04770	3.26	0
82	11:45:19.47	0.0600	21.11858	21.83	47.42	1.2	0.998862	22.1261	1.29960	806.18	1.04771	3.26	0
83	11:45:19.77	0.0620	21.11781	21.83	47.42	1.2	0.998826	22.1254	1.29964	806.16	1.04771	3.26	0
84	11:45:20.08	0.0620	21.11781	21.83	47.42	1.2	0.998826	22.1255	1.29960	806.18	1.04771	3.26	0
85	11:45:20.38	0.0605	21.11837	21.83	47.42	1.2	0.998850	22.1253	1.29960	806.16	1.04768	3.26	0
86	11:45:20.67	0.0625	21.11760	21.83	47.42	1.2	0.998814	22.1249	1.29960	806.16	1.04770	3.26	0
87	11:45:20.97	0.0620	21.11774	21.83	47.42	1.2	0.998820	22.1254	1.29960	806.18	1.04772	3.26	0
88	11:45:21.27	0.0610	21.11823	21.83	47.42	1.2	0.998844	22.1255	1.29964	806.16	1.04770	3.26	0
89	11:45:21.57	0.0625	21.11760	21.83	47.42	1.2	0.998814	22.1253	1.29960	806.18	1.04772	3.26	0
90	11:45:21.87	0.0615	21.11795	21.83	47.42	1.2	0.998832	22.1252	1.29960	806.16	1.04770	3.26	0
91	11:45:22.17	0.0610	21.11816	21.83	47.42	1.2	0.998844	22.1255	1.29960	806.16	1.04770	3.26	0
92	11:45:22.47	0.0625	21.11760	21.83	47.42	1.2	0.998814	22.1243	1.29960	806.16	1.04767	3.26	0
93	11:45:22.77	0.0635	21.11718	21.83	47.42	1.2	0.998796	22.1244	1.29960	806.16	1.04770	3.26	0
94	11:45:23.07	0.0615	21.11802	21.83	47.42	1.2	0.998832	22.1252	1.29960	806.16	1.04770	3.26	0
95	11:45:23.37	0.0610	21.11830	21.83	47.42	1.2	0.998850	22.1257	1.29960	806.16	1.04770	3.26	0
96	11:45:23.67	0.0615	21.11802	21.83	47.42	1.2	0.998832	22.1252	1.29960	806.18	1.04770	3.26	0
97	11:45:23.97	0.0615	21.11809	21.83	47.42	1.2	0.998838	22.1253	1.29960	806.16	1.04770	3.26	0
98	11:45:24.27	0.0620	21.11774	21.83	47.42	1.2	0.998826	22.1252	1.29960	806.18	1.04770	3.26	0
99	11:45:24.57	0.0635	21.11725	21.83	47.42	1.2	0.998796	22.1255	1.29964	806.18	1.04774	3.26	0
100	11:45:24.87	0.0605	21.11844	21.83	47.42	1.2	0.998856	22.1257	1.29960	806.16	1.04770	3.26	0
101	11:45:25.17	0.0610	21.11823	21.83	47.42	1.2	0.998844	22.1258	1.29960	806.18	1.04771	3.26	0
102	11:45:25.47	0.0610	21.11830	21.83	47.42	1.2	0.998850	22.1261	1.29964	806.18	1.04772	3.26	0
103	11:45:25.77	0.0630	21.11739	21.83	47.42	1.2	0.998808	22.1254	1.29964	806.18	1.04773	3.26	0
104	11:45:26.07	0.0605	21.11851	21.83	47.42	1.2	0.998862	22.1253	1.29960	806.16	1.04767	3.26	0
105	11:45:26.37	0.0605	21.11851	21.83	47.42	1.2	0.998856	22.1255	1.29960	806.16	1.04768	3.26	0
106	11:45:26.67	0.0615	21.11802	21.83	47.42	1.2	0.998838	22.1259	1.29964	806.18	1.04773	3.26	0
107	11:45:26.97	0.0620	21.11774	21.83	47.42	1.2	0.998820	22.1255	1.29964	806.18	1.04772	3.26	0
108	11:45:27.27	0.0635	21.11718	21.83	47.42	1.2	0.998796	22.1252	1.29964	806.18	1.04773	3.26	0
109	11:45:27.57	0.0620	21.11781	21.83	47.42	1.2	0.998826	22.1252	1.29960	806.18	1.04770	3.26	0
110	11:45:27.87	0.0610	21.11823	21.83	47.42	1.2	0.998844	22.1251	1.29960	806.16	1.04768	3.26	0
111	11:45:28.17	0.0620	21.11788	21.83	47.42	1.2	0.998826	22.1252	1.29960	806.16	1.04770	3.26	0
112	11:45:28.47	0.0605	21.11837	21.83	47.45	1.2	0.998850	22.1257	1.29960	806.16	1.04770	3.26	0
113	11:45:28.77	0.0625	21.11753	21.83	47.45	1.2	0.998814	22.1254	1.29964	806.18	1.04773	3.26	0
114	11:45:29.07	0.0605	21.11837	21.83	47.45	1.2	0.998856	22.1252	1.29960	806.16	1.04767	3.26	0
115	11:45:29.37	0.0635	21.11711	21.83	47.45	1.2	0.998796	22.1257	1.29964	806.20	1.04776	3.26	0
116	11:45:29.67	0.0600	21.11851	21.83	47.45	1.2	0.998862	22.1259	1.29960	806.18	1.04770	3.26	0
117	11:45:29.97	0.0615	21.11802	21.83	47.45	1.2	0.998838	22.1255	1.29960	806.16	1.04771	3.26	0
118	11:45:30.27	0.0610	21.11809	21.83	47.45	1.2	0.998844	22.1257	1.29960	806.18	1.04771	3.26	0
119	11:45:30.57	0.0615	21.11795	21.83	47.45	1.2	0.998832	22.1255	1.29964	806.16	1.04771	3.26	0
120	11:45:30.87	0.0620	21.11774	21.83	47.45	1.2	0.998826	22.1257	1.29964	806.18	1.04773	3.26	0
121	11:45:31.17	0.0625	21.11753	21.83	47.45	1.2	0.998814	22.1254	1.29964	806.18	1.04773	3.26	0
122	11:45:31.47	0.0630	21.11746	21.83	47.45	1.2	0.998814	22.1255	1.29964	806.18	1.04773	3.26	0
123	11:45:31.77	0.0620	21.11774	21.83	47.45	1.2	0.998820	22.1257	1.29964	806.16	1.04773	3.26	0
124	11:45:32.07	0.0615	21.11795	21.83	47.45	1.2	0.998832	22.1261	1.29964	806.18	1.04774	3.26	0
125	11:45:32.37	0.0630	21.11746	21.83	47.45	1.2	0.998808	22.1252	1.29964	806.18	1.04772	3.26	0
126	11:45:32.67	0.0605	21.11844	21.83	47.45	1.2	0.998856	22.1262	1.29960	806.18	1.04772	3.26	0
127	11:45:32.97	0.0615	21.11795	21.83	47.45	1.2	0.998832	22.1259	1.29964	806.18	1.04773	3.26	0
128	11:45:33.27	0.0615	21.11788	21.83	47.45	1.2	0.998832	22.1260	1.29964	806.16	1.04774	3.26	0
129	11:45:33.57	0.0610	21.11830	21.83	47.45	1.2	0.998850	22.1252	1.29960	806.16	1.04768	3.26	0
130	11:45:33.87	0.0600	21.11865	21.83	47.45	1.2	0.998868	22.1258	1.29960	806.16	1.04769	3.26	0
131	11:45:34.17	0.0610	21.11802	21.84	47.45	1.2	0.998844	22.1259	1.29964	806.18	1.04773	3.26	0
132	11:45:34.47	0.0605	21.11830	21.84	47.45	1.2	0.998856	22.1259	1.29960	806.18	1.04771	3.26	0
133	11:45:34.77	0.0610	21.11823	21.83	47.45	1.2	0.998844	22.1262	1.29964	806.18	1.04773	3.26	0
134	11:45:35.07	0.0630	21.11739	21.83	47.45	1.2	0.998808	22.1262	1.29964	806.20	1.04777	3.26	0
135	11:45:35.37	0.0620	21.11774	21.83	47.45	1.2	0.998826	22.1260	1.29964	806.18	1.04774	3.26	0
136	11:45:35.67	0.0625	21.11760	21.83	47.45	1.2	0.998820	22.1256	1.29964	806.18	1.04773	3.26	0
137	11:45:35.97	0.0610	21.11816	21.83	47.45	1.2	0.998844	22.1253	1.29960	806.16	1.04769	3.26	0
138	11:45:36.27	0.0625	21.11760	21.83	47.45	1.2	0.998820	22.1255	1.29964	806.18	1.04773	3.26	0
139	11:45:36.57	0.0615	21.11795	21.83	47.45	1.2	0.998832	22.1256	1.29964	806.16	1.04772	3.26	0
140	11:45:36.87	0.0630	21.11746	21.83	47.45	1.2	0.998814	22.1264	1.29964	806.20	1.04778	3.26	0
141	11:45:37.17	0.0620	21.11781	21.83	47.45	1.2	0.998826	22.1252	1.29960	806.18	1.04771	3.26	0
142	11:45:37.47	0.0620	21.11781	21.83	47.45	1.2	0.998826	22.1260	1.29964	806.20	1.04774	3.26	0
143	11:45:37.77	0.0625	21.11760	21.83	47.45	1.2	0.998820	22.1251	1.29960	806.16	1.04771	3.26	0
144	11:45:38.07	0.0620	21.11774	21.83	47.45	1.2	0.998826	22.1255	1.29960	806.18	1.04772	3.26	0
145	11:45:38.37	0.0625	21.11753	21.84	47.45	1.2	0.998820	22.1257	1.29964	806.18	1.04774	3.26	0
146	11:45:38.67	0.0610	21.11809	21.84	47.45	1.2	0.998844	22.1255	1.29960	806.18	1.04770	3.26	0
147	11:45:38.97	0.0630	21.11746	21.83	47.45	1.2	0.998814	22.1252	1.29960	806.18	1.04772	3.26	0
148	11:45:39.27	0.0595	21.11872	21.83	47.45	1.2	0.998868	22.1255	1.29960	806.14	1.04767	3.26	0
149	11:45:39.57	0.0605	21.11837	21.83	47.45	1.2	0.998850	22.1255	1.29960	806.16	1.04769	3.26	0
150	11:45:39.87	0.0625	21.11760	21.83	47.45	1.2	0.998820	22.1256	1.29964	806.18	1.04773	3.26	0
151	11:45:40.17	0.0610	21.11823	21.83	47.45	1.2	0.998850	22.1260	1.29960	806.18	1.04772	3.26	0
152	11:45:40.49	0.0610	21.11823	21.83	47.45	1.2	0.998850	22.1257	1.29960	806.16	1.04770	3.26	0
153	11:45:40.77	0.0600	21.11851	21.83	47.45	1.2	0.998862	22.1261	1.29960	806.18	1.04771	3.26	0
154	11:45:41.07	0.0630	21.11732	21.83	47.45	1.2	0.998802	22.1255	1.29964	806.18	1.04774	3.26	0
155	11:45:41.37	0.0605	21.11837	21.83	47.45	1.2	0.998850	22.1255	1.29960	806.16	1.04769	3.26	0
156	11:45:41.67	0.0615	21.11802	21.83	47.45	1.2	0.998838	22.1250	1.29960	806.16	1.04768	3.26	0
157	11:45:41.97	0.0645	21.11683	21.83	47.45	1.2	0.998778	22.1255	1.29964	806.18	1.04776	3.26	0
158	11:45:42.27	0.0610	21.11816	21.83	47.45	1.2	0.998844	22.1257	1.29964	806.16	1.04771	3.26	0
159	11:45:42.57	0.0625	21.11753	21.83	47.45	1.2	0.998814	22.1257	1.29964	806.18	1.04774	3.26	0
160	11:45:42.87	0.0610	21.11816	21.83	47.45	1.2	0.998844	22.1255	1.29960	806.16	1.04770	3.26	0
161	11:45:43.17	0.0635	21.11732	21.83	47.45	1.2	0.998802	22.1259	1.29964	806.20	1.04776	3.26	0
162	11:45:43.47	0.0635	21.11732	21.83	47.45	1.2	0.998802	22.1257	1.29964	806.18	1.04775	3.26	0
163	11:45:43.77	0.0630	21.11746	21.83	47.45	1.2	0.998808	22.1255	1.29964	806.18	1.04773	3.26	0
164	11:45:44.07	0.0605	21.11851	21.83	47.45	1.2	0.998862	22.1257	1.29960	806.18	1.04770	3.26	0
165	11:45:44.37	0.0610	21.11809	21.83	47.45	1.2	0.998844	22.1255	1.29960	806.16	1.04770	3.26	0
166	11:45:44.67	0.0610	21.11823	21.83	47.45	1.2	0.998850	22.1259	1.29960	806.18	1.04772	3.26	0
167	11:45:44.97	0.0615	21.11802	21.83	47.45	1.2	0.998838	22.1251	1.29960	806.16	1.04769	3.26	0
168	11:45:45.27	0.0625	21.11760	21.83	47.45	1.2	0.998814	22.1253	1.29964	806.18	1.04772	3.26	0
169	11:45:45.57	0.0615	21.11809	21.83	47.45	1.2	0.998838	22.1256	1.29960	806.18	1.04771	3.26	0
170	11:45:45.87	0.0625	21.11760	21.83	47.45	1.2	0.998814	22.1252	1.29960	806.18	1.04771	3.26	0
171	11:45:46.17	0.0630	21.11732	21.83	47.45	1.2	0.998802	22.1254	1.29964	806.18	1.04774	3.26	0
172	11:45:46.47	0.0625	21.11767	21.83	47.45	1.2	0.998820	22.1257	1.29964	806.18	1.04773	3.26	0
173	11:45:46.77	0.0615	21.11788	21.83	47.45	1.2	0.998832	22.1250	1.29960	806.16	1.04769	3.26	0
174	11:45:47.07	0.0615	21.11795	21.83	47.45	1.2	0.998832	22.1254	1.29960	806.18	1.04771	3.26	0
175	11:45:47.37	0.0610	21.11830	21.83	47.45	1.2	0.998850	22.1257	1.29960	806.18	1.04771	3.26	0
176	11:45:47.67	0.0620	21.11788	21.83	47.45	1.2	0.998832	22.1257	1.29960	806.18	1.04773	3.26	0
177	11:45:47.97	0.0600	21.11872	21.83	47.45	1.2	0.998868	22.1259	1.29960	806.16	1.04770	3.26	0
178	11:45:48.27	0.0625	21.11767	21.83	47.45	1.2	0.998820	22.1254	1.29964	806.16	1.04771	3.26	0
179	11:45:48.57	0.0635	21.11725	21.83	47.45	1.2	0.998802	22.1250	1.29964	806.18	1.04772	3.26	0
180	11:45:48.87	0.0615	21.11802	21.83	47.45	1.2	0.998838	22.1252	1.29960	806.16	1.04770	3.26	0
181	11:45:49.17	0.0620	21.11774	21.83	47.45	1.2	0.998826	22.1257	1.29964	806.18	1.04773	3.26	0
182	11:45:49.47	0.0610	21.11816	21.83	47.45	1.2	0.998844	22.1257	1.29960	806.18	1.04771	3.26	0
183	11:45:49.77	0.0615	21.11809	21.83	47.45	1.2	0.998838	22.1257	1.29960	806.18	1.04771	3.26	0
184	11:45:50.07	0.0625	21.11760	21.83	47.45	1.2	0.998820	22.1257	1.29964	806.18	1.04774	3.26	0
185	11:45:50.37	0.0615	21.11795	21.83	47.45	1.2	0.998832	22.1259	1.29964	806.18	1.04773	3.26	0
186	11:45:50.67	0.0610	21.11823	21.83	47.45	1.2	0.998844	22.1250	1.29960	806.16	1.04768	3.26	0
187	11:45:50.97	0.0610	21.11816	21.83	47.45	1.2	0.998844	22.1255	1.29960	806.16	1.04770	3.26	0
188	11:45:51.27	0.0635	21.11718	21.83	47.45	1.2	0.998796	22.1253	1.29964	806.18	1.04774	3.26	0
189	11:45:51.57	0.0605	21.11851	21.83	47.45	1.2	0.998856	22.1259	1.29960	806.16	1.04770	3.26	0
190	11:45:51.87	0.0610	21.11816	21.83	47.45	1.2	0.998844	22.1250	1.29960	806.16	1.04768	3.26	0
191	11:45:52.17	0.0620	21.11781	21.83	47.45	1.2	0.998826	22.1252	1.29960	806.16	1.04770	3.26	0
192	11:45:52.47	0.0640	21.11704	21.83	47.45	1.2	0.998790	22.1249	1.29964	806.18	1.04773	3.26	0
193	11:45:52.77	0.0620	21.11788	21.83	47.45	1.2	0.998832	22.1249	1.29960	806.16	1.04768	3.26	0
194	11:45:53.07	0.0600	21.11865	21.83	47.45	1.2	0.998868	22.1256	1.29960	806.16	1.04768	3.26	0
195	11:45:53.37	0.0625	21.11760	21.83	47.45	1.2	0.998814	22.1248	1.29960	806.16	1.04770	3.26	0
196	11:45:53.67	0.0610	21.11809	21.83	47.48	1.2	0.998844	22.1250	1.29960	806.16	1.04768	3.26	0
197	11:45:53.97	0.0620	21.11788	21.83	47.48	1.2	0.998832	22.1248	1.29960	806.16	1.04768	3.26	0
198	11:45:54.27	0.0635	21.11725	21.83	47.45	1.2	0.998796	22.1250	1.29964	806.16	1.04773	3.26	0
199	11:45:54.57	0.0620	21.11781	21.83	47.45	1.2	0.998826	22.1254	1.29960	806.18	1.04771	3.26	0
200	11:45:54.87	0.0620	21.11774	21.83	47.48	1.2	0.998826	22.1261	1.29964	806.20	1.04775	3.26	0
201	11:45:55.17	0.0620	21.11781	21.83	47.48	1.2	0.998826	22.1264	1.29964	806.20	1.04776	3.26	0
202	11:45:55.47	0.0615	21.11788	21.83	47.45	1.2	0.998832	22.1257	1.29960	806.18	1.04773	3.26	0
203	11:45:55.77	0.0610	21.11830	21.83	47.45	1.2	0.998850	22.1254	1.29960	806.16	1.04769	3.26	0
204	11:45:56.07	0.0620	21.11788	21.83	47.45	1.2	0.998832	22.1261	1.29964	806.18	1.04774	3.26	0
205	11:45:56.37	0.0605	21.11844	21.83	47.45	1.2	0.998856	22.1261	1.29960	806.18	1.04772	3.26	0
206	11:45:56.67	0.0625	21.11760	21.83	47.48	1.2	0.998820	22.1258	1.29964	806.18	1.04774	3.26	0
207	11:45:56.97	0.0620	21.11774	21.83	47.48	1.2	0.998826	22.1253	1.29960	806.16	1.04771	3.26	0
208	11:45:57.27	0.0620	21.11767	21.83	47.48	1.2	0.998826	22.1254	1.29964	806.18	1.04772	3.26	0
209	11:45:57.57	0.0625	21.11746	21.83	47.48	1.2	0.998814	22.1252	1.29960	806.18	1.04772	3.26	0
210	11:45:57.87	0.0615	21.11795	21.83	47.48	1.2	0.998832	22.1259	1.29964	806.18	1.04773	3.26	0
211	11:45:58.17	0.0620	21.11774	21.83	47.48	1.2	0.998826	22.1262	1.29964	806.20	1.04775	3.26	0
212	11:45:58.47	0.0600	21.11851	21.83	47.48	1.2	0.998862	22.1268	1.29964	806.18	1.04774	3.26	0
213	11:45:58.77	0.0610	21.11816	21.83	47.48	1.2	0.998844	22.1259	1.29960	806.18	1.04772	3.26	0
214	11:45:59.07	0.0610	21.11816	21.83	47.48	1.2	0.998844	22.1252	1.29960	806.16	1.04769	3.26	0
215	11:45:59.37	0.0630	21.11732	21.83	47.48	1.2	0.998808	22.1254	1.29964	806.18	1.04773	3.26	0
216	11:45:59.67	0.0605	21.11844	21.83	47.48	1.2	0.998856	22.1255	1.29960	806.16	1.04769	3.26	0
217	11:45:59.97	0.0625	21.11753	21.83	47.48	1.2	0.998814	22.1257	1.29964	806.18	1.04774	3.26	0
218	11:46:00.27	0.0620	21.11767	21.83	47.48	1.2	0.998820	22.1251	1.29960	806.16	1.04771	3.26	0
219	11:46:00.57	0.0615	21.11802	21.83	47.48	1.2	0.998838	22.1260	1.29964	806.18	1.04773	3.26	0
220	11:46:00.87	0.0615	21.11795	21.83	47.48	1.2	0.998838	22.1252	1.29960	806.16	1.04770	3.26	0
221	11:46:01.17	0.0615	21.11802	21.83	47.48	1.2	0.998838	22.1256	1.29960	806.18	1.04771	3.26	0
222	11:46:01.47	0.0630	21.11732	21.83	47.48	1.2	0.998808	22.1251	1.29960	806.18	1.04772	3.26	0
223	11:46:01.77	0.0620	21.11781	21.83	47.48	1.2	0.998826	22.1253	1.29960	806.18	1.04771	3.26	0
224	11:46:02.07	0.0625	21.11760	21.83	47.48	1.2	0.998820	22.1255	1.29964	806.18	1.04773	3.26	0
225	11:46:02.37	0.0605	21.11830	21.83	47.48	1.2	0.998850	22.1255	1.29960	806.16	1.04769	3.26	0
226	11:46:02.67	0.0630	21.11732	21.83	47.48	1.2	0.998802	22.1257	1.29964	806.18	1.04775	3.26	0
227	11:46:02.97	0.0615	21.11802	21.83	47.48	1.2	0.998838	22.1255	1.29960	806.16	1.04771	3.26	0
228	11:46:03.27	0.0625	21.11753	21.83	47.48	1.2	0.998814	22.1248	1.29960	806.16	1.04770	3.26	0
229	11:46:03.57	0.0625	21.11767	21.83	47.48	1.2	0.998820	22.1251	1.29960	806.18	1.04771	3.26	0
230	11:46:03.87	0.0610	21.11823	21.83	47.48	1.2	0.998850	22.1257	1.29960	806.18	1.04770	3.26	0
231	11:46:04.17	0.0630	21.11732	21.83	47.48	1.2	0.998802	22.1250	1.29960	806.18	1.04772	3.26	0
232	11:46:04.47	0.0605	21.11830	21.83	47.48	1.2	0.998850	22.1255	1.29960	806.16	1.04769	3.26	0
233	11:46:04.77	0.0630	21.11732	21.83	47.48	1.2	0.998802	22.1251	1.29960	806.18	1.04773	3.26	0
234	11:46:05.07	0.0615	21.11788	21.83	47.48	1.2	0.998832	22.1252	1.29960	806.18	1.04770	3.26	0
235	11:46:05.37	0.0610	21.11809	21.83	47.48	1.2	0.998844	22.1254	1.29960	806.16	1.04770	3.26	0
236	11:46:05.67	0.0620	21.11774	21.83	47.48	1.2	0.998826	22.1250	1.29960	806.16	1.04770	3.26	0
237	11:46:05.97	0.0630	21.11739	21.83	47.48	1.2	0.998808	22.1243	1.29960	806.16	1.04768	3.26	0
238	11:46:06.27	0.0625	21.11753	21.83	47.48	1.2	0.998814	22.1255	1.29964	806.18	1.04773	3.26	0
239	11:46:06.57	0.0625	21.11760	21.83	47.48	1.2	0.998820	22.1249	1.29960	806.18	1.04770	3.26	0
240	11:46:06.87	0.0615	21.11788	21.83	47.48	1.2	0.998832	22.1256	1.29960	806.18	1.04772	3.26	0
241	11:46:07.17	0.0610	21.11816	21.83	47.48	1.2	0.998844	22.1252	1.29960	806.16	1.04768	3.26	0
242	11:46:07.47	0.0610	21.11816	21.83	47.48	1.2	0.998844	22.1259	1.29964	806.18	1.04772	3.26	0
243	11:46:07.77	0.0605	21.11830	21.83	47.48	1.2	0.998850	22.1264	1.29964	806.18	1.04773	3.26	0
244	11:46:08.07	0.0615	21.11788	21.83	47.48	1.2	0.998832	22.1260	1.29964	806.18	1.04774	3.26	0
245	11:46:08.37	0.0615	21.11802	21.83	47.48	1.2	0.998838	22.1258	1.29960	806.18	1.04773	3.26	0
246	11:46:08.67	0.0610	21.11809	21.83	47.48	1.2	0.998844	22.1257	1.29960	806.18	1.04771	3.26	0
247	11:46:08.97	0.0625	21.11760	21.83	47.48	1.2	0.998820	22.1253	1.29964	806.18	1.04772	3.26	0
248	11:46:09.27	0.0615	21.11802	21.83	47.48	1.2	0.998838	22.1256	1.29960	806.16	1.04771	3.26	0
249	11:46:09.57	0.0615	21.11795	21.83	47.48	1.2	0.998838	22.1248	1.29960	806.16	1.04768	3.26	0
250	11:46:09.87	0.0610	21.11823	21.83	47.48	1.2	0.998850	22.1249	1.29960	806.16	1.04767	3.26	0
251	11:46:10.17	0.0620	21.11774	21.83	47.48	1.2	0.998826	22.1257	1.29964	806.18	1.04773	3.26	0
252	11:46:10.47	0.0625	21.11760	21.83	47.48	1.2	0.998820	22.1248	1.29960	806.16	1.04769	3.26	0
253	11:46:10.77	0.0620	21.11774	21.83	47.48	1.2	0.998826	22.1257	1.29960	806.18	1.04773	3.26	0
254	11:46:11.07	0.0615	21.11795	21.83	47.48	1.2	0.998838	22.1255	1.29960	806.16	1.04771	3.26	0
255	11:46:11.37	0.0600	21.11851	21.83	47.48	1.2	0.998862	22.1258	1.29960	806.16	1.04770	3.26	0
256	11:46:11.67	0.0610	21.11816	21.83	47.48	1.2	0.998844	22.1250	1.29960	806.16	1.04768	3.26	0
257	11:46:11.97	0.0615	21.11795	21.83	47.48	1.2	0.998838	22.1252	1.29960	806.16	1.04770	3.26	0
258	11:46:12.27	0.0610	21.11816	21.83	47.48	1.2	0.998844	22.1252	1.29960	806.16	1.04768	3.26	0
259	11:46:12.57	0.0630	21.11739	21.83	47.48	1.2	0.998808	22.1245	1.29960	806.16	1.04770	3.26	0
260	11:46:12.87	0.0615	21.11795	21.83	47.48	1.2	0.998832	22.1253	1.29960	806.16	1.04770	3.26	0
261	11:46:13.17	0.0635	21.11718	21.83	47.48	1.2	0.998796	22.1249	1.29964	806.18	1.04772	3.26	0
262	11:46:13.47	0.0620	21.11781	21.83	47.48	1.2	0.998832	22.1257	1.29964	806.18	1.04773	3.26	0
263	11:46:13.77	0.0630	21.11725	21.83	47.48	1.2	0.998802	22.1256	1.29964	806.18	1.04775	3.26	0
264	11:46:14.07	0.0625	21.11746	21.83	47.48	1.2	0.998814	22.1257	1.29964	806.18	1.04774	3.26	0
265	11:46:14.37	0.0600	21.11851	21.83	47.48	1.2	0.998862	22.1259	1.29960	806.16	1.04771	3.26	0
266	11:46:14.67	0.0620	21.11774	21.83	47.48	1.2	0.998826	22.1256	1.29964	806.18	1.04773	3.26	0
267	11:46:14.97	0.0615	21.11802	21.83	47.48	1.2	0.998838	22.1255	1.29960	806.18	1.04770	3.26	0
268	11:46:15.27	0.0620	21.11767	21.83	47.48	1.2	0.998820	22.1259	1.29964	806.18	1.04774	3.26	0
269	11:46:15.57	0.0620	21.11774	21.83	47.48	1.2	0.998826	22.1255	1.29964	806.16	1.04772	3.26	0
270	11:46:15.87	0.0635	21.11718	21.83	47.48	1.2	0.998796	22.1249	1.29964	806.16	1.04772	3.26	0
271	11:46:16.17	0.0615	21.11795	21.83	47.48	1.2	0.998838	22.1256	1.29964	806.16	1.04771	3.26	0
272	11:46:16.47	0.0600	21.11858	21.83	47.48	1.2	0.998862	22.1259	1.29960	806.16	1.04770	3.26	0
273	11:46:16.77	0.0635	21.11704	21.83	47.48	1.2	0.998796	22.1257	1.29964	806.20	1.04776	3.26	0
274	11:46:17.07	0.0620	21.11781	21.83	47.48	1.2	0.998826	22.1260	1.29964	806.18	1.04774	3.26	0
275	11:46:17.37	0.0610	21.11809	21.83	47.48	1.2	0.998844	22.1257	1.29960	806.18	1.04771	3.26	0
276	11:46:17.67	0.0635	21.11711	21.83	47.48	1.2	0.998796	22.1255	1.29964	806.18	1.04776	3.26	0
277	11:46:17.97	0.0615	21.11795	21.83	47.48	1.2	0.998838	22.1250	1.29960	806.16	1.04768	3.26	0
278	11:46:18.27	0.0620	21.11781	21.83	47.48	1.2	0.998832	22.1243	1.29960	806.16	1.04766	3.26	0
279	11:46:18.57	0.0620	21.11774	21.83	47.48	1.2	0.998826	22.1252	1.29960	806.16	1.04771	3.26	0
280	11:46:18.87	0.0615	21.11788	21.83	47.48	1.2	0.998832	22.1254	1.29960	806.16	1.04771	3.26	0
281	11:46:19.17	0.0615	21.11802	21.83	47.48	1.2	0.998838	22.1257	1.29960	806.18	1.04771	3.26	0
282	11:46:19.47	0.0600	21.11851	21.83	47.48	1.2	0.998862	22.1249	1.29960	806.14	1.04765	3.26	0
283	11:46:19.77	0.0630	21.11746	21.83	47.48	1.2	0.998814	22.1243	1.29960	806.16	1.04768	3.26	0
284	11:46:20.07	0.0605	21.11830	21.83	47.48	1.2	0.998850	22.1245	1.29956	806.16	1.04765	3.26	0
285	11:46:20.37	0.0600	21.11865	21.83	47.48	1.2	0.998868	22.1244	1.29956	806.14	1.04762	3.26	0
286	11:46:20.67	0.0620	21.11774	21.83	47.48	1.2	0.998826	22.1251	1.29960	806.16	1.04770	3.26	0
287	11:46:20.97	0.0610	21.11809	21.83	47.48	1.2	0.998844	22.1248	1.29960	806.16	1.04767	3.26	0
288	11:46:21.27	0.0615	21.11788	21.83	47.48	1.2	0.998832	22.1260	1.29964	806.18	1.04774	3.26	0
289	11:46:21.57	0.0615	21.11795	21.83	47.48	1.2	0.998832	22.1250	1.29960	806.16	1.04768	3.26	0
290	11:46:21.87	0.0610	21.11809	21.83	47.48	1.2	0.998844	22.1255	1.29960	806.18	1.04771	3.26	0
291	11:46:22.17	0.0620	21.11781	21.83	47.48	1.2	0.998832	22.1249	1.29960	806.16	1.04769	3.26	0
292	11:46:22.47	0.0620	21.11788	21.83	47.48	1.2	0.998832	22.1251	1.29960	806.16	1.04770	3.26	0
293	11:46:22.77	0.0620	21.11788	21.83	47.48	1.2	0.998832	22.1250	1.29960	806.16	1.04769	3.26	0
294	11:46:23.07	0.0635	21.11718	21.83	47.51	1.2	0.998802	22.1249	1.29964	806.16	1.04772	3.26	0
295	11:46:23.37	0.0600	21.11858	21.83	47.51	1.2	0.998868	22.1254	1.29960	806.16	1.04767	3.26	0
296	11:46:23.67	0.0620	21.11781	21.83	47.51	1.2	0.998832	22.1250	1.29964	806.16	1.04770	3.26	0
297	11:46:23.97	0.0610	21.11802	21.83	47.51	1.2	0.998844	22.1248	1.29960	806.16	1.04767	3.26	0
298	11:46:24.27	0.0610	21.11809	21.83	47.51	1.2	0.998844	22.1245	1.29960	806.14	1.04766	3.26	0
299	11:46:24.57	0.0620	21.11774	21.83	47.51	1.2	0.998826	22.1251	1.29960	806.16	1.04770	3.26	0
300	11:46:24.87	0.0615	21.11795	21.83	47.51	1.2	0.998838	22.1254	1.29960	806.16	1.04770	3.26	0
301	11:46:25.17	0.0610	21.11816	21.83	47.51	1.2	0.998844	22.1249	1.29956	806.16	1.04767	3.26	0
302	11:46:25.47	0.0605	21.11830	21.83	47.51	1.2	0.998856	22.1243	1.29956	806.14	1.04764	3.26	0
303	11:46:25.77	0.0625	21.11753	21.83	47.51	1.2	0.998814	22.1246	1.29960	806.16	1.04769	3.26	0
304	11:46:26.07	0.0630	21.11732	21.83	47.51	1.2	0.998808	22.1242	1.29960	806.16	1.04768	3.26	0
305	11:46:26.37	0.0620	21.11767	21.83	47.51	1.2	0.998820	22.1241	1.29960	806.14	1.04766	3.26	0
306	11:46:26.67	0.0620	21.11781	21.83	47.51	1.2	0.998832	22.1245	1.29956	806.16	1.04767	3.26	0
307	11:46:26.97	0.0615	21.11795	21.83	47.51	1.2	0.998838	22.1252	1.29960	806.16	1.04770	3.26	0
308	11:46:27.27	0.0635	21.11718	21.83	47.51	1.2	0.998802	22.1244	1.29964	806.16	1.04770	3.26	0
309	11:46:27.57	0.0610	21.11823	21.83	47.51	1.2	0.998850	22.1254	1.29960	806.16	1.04770	3.26	0
310	11:46:27.87	0.0615	21.11795	21.83	47.51	1.2	0.998838	22.1244	1.29960	806.16	1.04766	3.26	0
311	11:46:28.17	0.0610	21.11809	21.83	47.51	1.2	0.998844	22.1252	1.29960	806.16	1.04769	3.26	0
312	11:46:28.47	0.0625	21.11753	21.83	47.51	1.2	0.998820	22.1251	1.29964	806.16	1.04771	3.26	0
313	11:46:28.77	0.0655	21.11627	21.83	47.51	1.2	0.998760	22.1253	1.29964	806.20	1.04779	3.26	0
314	11:46:29.07	0.0620	21.11774	21.83	47.51	1.2	0.998826	22.1246	1.29960	806.16	1.04768	3.26	0
315	11:46:29.37	0.0630	21.11732	21.83	47.51	1.2	0.998808	22.1254	1.29964	806.18	1.04773	3.26	0
316	11:46:29.67	0.0610	21.11816	21.83	47.51	1.2	0.998850	22.1247	1.29960	806.14	1.04766	3.26	0
317	11:46:29.97	0.0620	21.11781	21.83	47.51	1.2	0.998832	22.1245	1.29960	806.16	1.04767	3.26	0
318	11:46:30.27	0.0635	21.11718	21.83	47.51	1.2	0.998802	22.1241	1.29960	806.16	1.04768	3.26	0
319	11:46:30.57	0.0605	21.11837	21.83	47.51	1.2	0.998856	22.1248	1.29960	806.14	1.04766	3.26	0
320	11:46:30.87	0.0630	21.11739	21.83	47.51	1.2	0.998808	22.1251	1.29964	806.18	1.04772	3.26	0
321	11:46:31.17	0.0620	21.11788	21.82	47.51	1.2	0.998832	22.1249	1.29960	806.16	1.04768	3.26	0
322	11:46:31.47	0.0620	21.11788	21.82	47.51	1.2	0.998832	22.1254	1.29960	806.16	1.04771	3.26	0
323	11:46:31.77	0.0625	21.11746	21.83	47.51	1.2	0.998814	22.1249	1.29960	806.16	1.04771	3.26	0
324	11:46:32.07	0.0620	21.11774	21.83	47.51	1.2	0.998826	22.1246	1.29960	806.16	1.04768	3.26	0
325	11:46:32.37	0.0615	21.11788	21.83	47.51	1.2	0.998832	22.1239	1.29956	806.14	1.04764	3.26	0
326	11:46:32.67	0.0615	21.11795	21.83	47.51	1.2	0.998838	22.1245	1.29960	806.14	1.04767	3.26	0
327	11:46:32.97	0.0625	21.11753	21.83	47.51	1.2	0.998820	22.1250	1.29964	806.16	1.04771	3.26	0
328	11:46:33.27	0.0625	21.11760	21.83	47.51	1.2	0.998820	22.1246	1.29960	806.16	1.04768	3.26	0
329	11:46:33.57	0.0610	21.11816	21.83	47.51	1.2	0.998844	22.1243	1.29960	806.14	1.04765	3.26	0
330	11:46:33.87	0.0625	21.11760	21.83	47.51	1.2	0.998820	22.1250	1.29960	806.18	1.04770	3.26	0
331	11:46:34.17	0.0615	21.11802	21.83	47.51	1.2	0.998838	22.1252	1.29960	806.16	1.04769	3.26	0
332	11:46:34.47	0.0615	21.11788	21.83	47.51	1.2	0.998832	22.1257	1.29964	806.18	1.04772	3.26	0
333	11:46:34.77	0.0610	21.11809	21.83	47.51	1.2	0.998844	22.1250	1.29960	806.16	1.04768	3.26	0
334	11:46:35.07	0.0620	21.11767	21.83	47.51	1.2	0.998820	22.1253	1.29964	806.18	1.04771	3.26	0
335	11:46:35.37	0.0615	21.11788	21.83	47.51	1.2	0.998832	22.1243	1.29960	806.14	1.04766	3.26	0
336	11:46:35.67	0.0625	21.11746	21.83	47.51	1.2	0.998814	22.1247	1.29960	806.16	1.04770	3.26	0
337	11:46:35.97	0.0620	21.11781	21.83	47.51	1.2	0.998832	22.1251	1.29960	806.18	1.04770	3.26	0
338	11:46:36.27	0.0615	21.11788	21.83	47.51	1.2	0.998832	22.1252	1.29960	806.16	1.04770	3.26	0
339	11:46:36.57	0.0615	21.11802	21.83	47.51	1.2	0.998838	22.1251	1.29960	806.16	1.04769	3.26	0
340	11:46:36.87	0.0625	21.11746	21.83	47.51	1.2	0.998814	22.1245	1.29960	806.16	1.04768	3.26	0
341	11:46:37.17	0.0635	21.11718	21.83	47.51	1.2	0.998802	22.1244	1.29960	806.16	1.04770	3.26	0
342	11:46:37.47	0.0615	21.11781	21.83	47.51	1.2	0.998832	22.1249	1.29960	806.16	1.04768	3.26	0
343	11:46:37.77	0.0610	21.11823	21.83	47.51	1.2	0.998850	22.1253	1.29960	806.16	1.04769	3.26	0
344	11:46:38.07	0.0615	21.11781	21.83	47.51	1.2	0.998832	22.1256	1.29964	806.18	1.04772	3.26	0
345	11:46:38.37	0.0635	21.11704	21.83	47.51	1.2	0.998796	22.1247	1.29960	806.18	1.04771	3.26	0
346	11:46:38.67	0.0620	21.11781	21.83	47.51	1.2	0.998832	22.1248	1.29960	806.16	1.04768	3.26	0
347	11:46:38.97	0.0610	21.11816	21.83	47.51	1.2	0.998844	22.1251	1.29960	806.16	1.04768	3.26	0
348	11:46:39.27	0.0630	21.11725	21.83	47.51	1.2	0.998802	22.1249	1.29960	806.18	1.04772	3.26	0
349	11:46:39.57	0.0625	21.11753	21.82	47.51	1.2	0.998814	22.1247	1.29960	806.16	1.04769	3.26	0
350	11:46:39.87	0.0635	21.11711	21.82	47.51	1.2	0.998796	22.1243	1.29960	806.16	1.04770	3.26	0
351	11:46:40.17	0.0615	21.11795	21.83	47.51	1.2	0.998838	22.1254	1.29960	806.16	1.04770	3.26	0
352	11:46:40.47	0.0615	21.11795	21.83	47.51	1.2	0.998838	22.1252	1.29960	806.16	1.04770	3.26	0
353	11:46:40.77	0.0625	21.11753	21.83	47.51	1.2	0.998820	22.1243	1.29960	806.16	1.04768	3.26	0
354	11:46:41.07	0.0625	21.11746	21.83	47.51	1.2	0.998814	22.1250	1.29960	806.16	1.04771	3.26	0
355	11:46:41.37	0.0605	21.11830	21.83	47.51	1.2	0.998850	22.1253	1.29960	806.16	1.04768	3.26	0
356	11:46:41.67	0.0620	21.11774	21.83	47.51	1.2	0.998826	22.1247	1.29960	806.16	1.04768	3.26	0
357	11:46:41.97	0.0625	21.11760	21.82	47.51	1.2	0.998814	22.1246	1.29960	806.16	1.04769	3.26	0
358	11:46:42.27	0.0625	21.11774	21.82	47.51	1.2	0.998820	22.1250	1.29960	806.16	1.04770	3.26	0
359	11:46:42.57	0.0620	21.11774	21.83	47.51	1.2	0.998826	22.1257	1.29964	806.18	1.04773	3.26	0
360	11:46:42.87	0.0625	21.11746	21.83	47.51	1.2	0.998814	22.1251	1.29964	806.16	1.04772	3.26	0
361	11:46:43.17	0.0600	21.11865	21.82	47.51	1.2	0.998868	22.1252	1.29956	806.16	1.04766	3.26	0
362	11:46:43.47	0.0630	21.11739	21.82	47.51	1.2	0.998808	22.1247	1.29960	806.16	1.04770	3.26	0
363	11:46:43.77	0.0630	21.11725	21.83	47.51	1.2	0.998808	22.1253	1.29964	806.18	1.04774	3.26	0
364	11:46:44.07	0.0615	21.11788	21.83	47.51	1.2	0.998838	22.1248	1.29960	806.16	1.04768	3.26	0
365	11:46:44.37	0.0620	21.11781	21.82	47.51	1.2	0.998826	22.1250	1.29960	806.16	1.04770	3.26	0
366	11:46:44.67	0.0640	21.11704	21.82	47.51	1.2	0.998790	22.1250	1.29964	806.18	1.04773	3.26	0
367	11:46:44.97	0.0630	21.11725	21.83	47.51	1.2	0.998808	22.1255	1.29964	806.18	1.04774	3.26	0
368	11:46:45.27	0.0615	21.11795	21.83	47.51	1.2	0.998838	22.1253	1.29960	806.16	1.04770	3.26	0
369	11:46:45.57	0.0620	21.11788	21.82	47.51	1.2	0.998832	22.1250	1.29960	806.16	1.04769	3.26	0
370	11:46:45.87	0.0625	21.11753	21.82	47.51	1.2	0.998814	22.1252	1.29964	806.16	1.04771	3.26	0
371	11:46:46.17	0.0640	21.11690	21.83	47.51	1.2	0.998790	22.1247	1.29964	806.16	1.04772	3.26	0
372	11:46:46.47	0.0625	21.11760	21.83	47.51	1.2	0.998820	22.1249	1.29960	806.16	1.04770	3.26	0
373	11:46:46.77	0.0625	21.11746	21.83	47.51	1.2	0.998814	22.1248	1.29964	806.16	1.04770	3.26	0
374	11:46:47.07	0.0610	21.11823	21.83	47.51	1.2	0.998850	22.1249	1.29960	806.14	1.04767	3.26	0
375	11:46:47.37	0.0615	21.11802	21.82	47.51	1.2	0.998838	22.1250	1.29960	806.16	1.04768	3.26	0
376	11:46:47.67	0.0615	21.11795	21.82	47.51	1.2	0.998832	22.1247	1.29960	806.16	1.04767	3.26	0
377	11:46:47.97	0.0630	21.11739	21.83	47.51	1.2	0.998808	22.1245	1.29960	806.16	1.04769	3.26	0
378	11:46:48.27	0.0630	21.11732	21.83	47.51	1.2	0.998808	22.1246	1.29960	806.16	1.04770	3.26	0
379	11:46:48.57	0.0635	21.11718	21.83	47.51	1.2	0.998802	22.1247	1.29964	806.16	1.04771	3.26	0
380	11:46:48.87	0.0620	21.11767	21.83	47.51	1.2	0.998826	22.1251	1.29960	806.16	1.04770	3.26	0
381	11:46:49.17	0.0625	21.11774	21.82	47.51	1.2	0.998820	22.1248	1.29960	806.16	1.04769	3.26	0
382	11:46:49.46	0.0615	21.11802	21.82	47.51	1.2	0.998838	22.1248	1.29960	806.16	1.04768	3.26	0
383	11:46:49.77	0.0615	21.11795	21.83	47.51	1.2	0.998838	22.1252	1.29960	806.16	1.04770	3.26	0
384	11:46:50.07	0.0625	21.11753	21.83	47.51	1.2	0.998820	22.1243	1.29960	806.16	1.04768	3.26	0
385	11:46:50.37	0.0635	21.11718	21.83	47.51	1.2	0.998802	22.1253	1.29964	806.18	1.04774	3.26	0
386	11:46:50.67	0.0615	21.11795	21.83	47.51	1.2	0.998838	22.1250	1.29960	806.16	1.04769	3.26	0
387	11:46:50.97	0.0605	21.11830	21.83	47.51	1.2	0.998856	22.1244	1.29956	806.14	1.04764	3.26	0
388	11:46:51.27	0.0595	21.11872	21.83	47.51	1.2	0.998874	22.1255	1.29960	806.16	1.04767	3.26	0
389	11:46:51.57	0.0620	21.11781	21.83	47.51	1.2	0.998832	22.1250	1.29960	806.16	1.04769	3.26	0
390	11:46:51.87	0.0620	21.11774	21.83	47.51	1.2	0.998826	22.1244	1.29960	806.16	1.04767	3.26	0
391	11:46:52.17	0.0620	21.11767	21.83	47.51	1.2	0.998826	22.1254	1.29960	806.18	1.04772	3.26	0
392	11:46:52.47	0.0605	21.11823	21.83	47.51	1.2	0.998850	22.1251	1.29960	806.16	1.04768	3.26	0
393	11:46:52.77	0.0620	21.11781	21.82	47.51	1.2	0.998826	22.1250	1.29960	806.16	1.04769	3.26	0
394	11:46:53.07	0.0625	21.11760	21.82	47.51	1.2	0.998814	22.1247	1.29960	806.16	1.04769	3.26	0
395	11:46:53.37	0.0645	21.11683	21.82	47.51	1.2	0.998778	22.1242	1.29960	806.16	1.04770	3.26	0
396	11:46:53.67	0.0625	21.11767	21.82	47.51	1.2	0.998820	22.1245	1.29960	806.16	1.04768	3.26	0
397	11:46:53.97	0.0615	21.11802	21.82	47.51	1.2	0.998838	22.1243	1.29960	806.14	1.04765	3.26	0
398	11:46:54.26	0.0630	21.11746	21.82	47.51	1.2	0.998814	22.1243	1.29960	806.16	1.04768	3.26	0
399	11:46:54.56	0.0630	21.11739	21.83	47.51	1.2	0.998808	22.1246	1.29960	806.16	1.04770	3.26	0
400	11:46:54.87	0.0620	21.11774	21.83	47.51	1.2	0.998826	22.1253	1.29964	806.16	1.04771	3.26	0
401	11:46:55.17	0.0620	21.11781	21.82	47.51	1.2	0.998826	22.1245	1.29960	806.14	1.04767	3.26	0
402	11:46:55.47	0.0615	21.11795	21.82	47.51	1.2	0.998832	22.1252	1.29960	806.16	1.04770	3.26	0
403	11:46:55.76	0.0610	21.11830	21.82	47.51	1.2	0.998850	22.1244	1.29956	806.14	1.04764	3.26	0
404	11:46:56.07	0.0620	21.11781	21.82	47.51	1.2	0.998826	22.1248	1.29960	806.16	1.04768	3.26	0
405	11:46:56.37	0.0605	21.11844	21.82	47.51	1.2	0.998856	22.1244	1.29956	806.14	1.04764	3.26	0
406	11:46:56.67	0.0615	21.11795	21.82	47.51	1.2	0.998832	22.1249	1.29960	806.16	1.04768	3.26	0
407	11:46:56.97	0.0620	21.11781	21.82	47.51	1.2	0.998826	22.1245	1.29960	806.16	1.04767	3.26	0
408	11:46:57.27	0.0620	21.11781	21.82	47.51	1.2	0.998826	22.1247	1.29960	806.14	1.04768	3.26	0
409	11:46:57.57	0.0590	21.11893	21.83	47.51	1.2	0.998886	22.1246	1.29956	806.14	1.04762	3.26	0
410	11:46:57.87	0.0600	21.11851	21.83	47.51	1.2	0.998862	22.1243	1.29956	806.14	1.04762	3.26	0
411	11:46:58.17	0.0620	21.11781	21.82	47.51	1.2	0.998826	22.1245	1.29960	806.14	1.04767	3.26	0
412	11:46:58.46	0.0640	21.11690	21.82	47.51	1.2	0.998784	22.1240	1.29960	806.16	1.04769	3.26	0
413	11:46:58.77	0.0625	21.11753	21.83	47.51	1.2	0.998814	22.1249	1.29960	806.16	1.04770	3.26	0
414	11:46:59.07	0.0625	21.11760	21.83	47.51	1.2	0.998820	22.1248	1.29960	806.16	1.04770	3.26	0
415	11:46:59.37	0.0615	21.11795	21.82	47.51	1.2	0.998832	22.1243	1.29956	806.16	1.04765	3.26	0
416	11:46:59.67	0.0625	21.11753	21.82	47.51	1.2	0.998814	22.1238	1.29960	806.14	1.04765	3.26	0
417	11:46:59.97	0.0615	21.11809	21.82	47.51	1.2	0.998838	22.1249	1.29960	806.16	1.04768	3.26	0
418	11:47:00.27	0.0625	21.11760	21.82	47.51	1.2	0.998814	22.1245	1.29960	806.16	1.04768	3.26	0
419	11:47:00.57	0.0635	21.11725	21.82	47.51	1.2	0.998802	22.1242	1.29960	806.16	1.04768	3.26	0
420	11:47:00.87	0.0620	21.11788	21.82	47.51	1.2	0.998826	22.1248	1.29960	806.16	1.04768	3.26	0
421	11:47:01.17	0.0630	21.11732	21.82	47.51	1.2	0.998802	22.1244	1.29960	806.16	1.04769	3.26	0
422	11:47:01.47	0.0635	21.11732	21.82	47.51	1.2	0.998802	22.1243	1.29960	806.16	1.04768	3.26	0
423	11:47:01.76	0.0630	21.11746	21.82	47.51	1.2	0.998808	22.1250	1.29960	806.16	1.04771	3.26	0
424	11:47:02.06	0.0625	21.11760	21.82	47.51	1.2	0.998820	22.1245	1.29960	806.16	1.04768	3.26	0
425	11:47:02.37	0.0610	21.11823	21.82	47.51	1.2	0.998844	22.1253	1.29960	806.16	1.04769	3.26	0
426	11:47:02.66	0.0620	21.11781	21.82	47.51	1.2	0.998826	22.1249	1.29960	806.16	1.04769	3.26	0
427	11:47:02.97	0.0615	21.11802	21.82	47.51	1.2	0.998838	22.1249	1.29960	806.16	1.04768	3.26	0
428	11:47:03.27	0.0615	21.11802	21.82	47.51	1.2	0.998838	22.1251	1.29960	806.16	1.04769	3.26	0
429	11:47:03.57	0.0625	21.11753	21.82	47.51	1.2	0.998814	22.1247	1.29960	806.16	1.04769	3.26	0
430	11:47:03.86	0.0615	21.11809	21.82	47.51	1.2	0.998838	22.1254	1.29964	806.16	1.04770	3.26	0
431	11:47:04.17	0.0620	21.11795	21.82	47.51	1.2	0.998832	22.1245	1.29960	806.14	1.04767	3.26	0
432	11:47:04.46	0.0615	21.11809	21.82	47.51	1.2	0.998838	22.1250	1.29960	806.16	1.04768	3.26	0
433	11:47:04.77	0.0630	21.11739	21.82	47.51	1.2	0.998808	22.1250	1.29964	806.16	1.04771	3.26	0
434	11:47:05.07	0.0625	21.11753	21.82	47.51	1.2	0.998814	22.1247	1.29960	806.16	1.04770	3.26	0
435	11:47:05.36	0.0615	21.11802	21.82	47.51	1.2	0.998838	22.1249	1.29960	806.16	1.04768	3.26	0
436	11:47:05.67	0.0625	21.11760	21.82	47.51	1.2	0.998814	22.1252	1.29960	806.18	1.04771	3.26	0
437	11:47:05.97	0.0615	21.11802	21.82	47.51	1.2	0.998838	22.1252	1.29964	806.16	1.04770	3.26	0
438	11:47:06.26	0.0615	21.11809	21.82	47.51	1.2	0.998838	22.1250	1.29960	806.16	1.04768	3.26	0
439	11:47:06.56	0.0625	21.11753	21.82	47.51	1.2	0.998814	22.1243	1.29960	806.16	1.04768	3.26	0
440	11:47:06.86	0.0620	21.11774	21.82	47.55	1.2	0.998826	22.1250	1.29960	806.16	1.04770	3.26	0
441	11:47:07.16	0.0605	21.11837	21.82	47.55	1.2	0.998856	22.1255	1.29960	806.16	1.04769	3.26	0
442	11:47:07.47	0.0625	21.11753	21.82	47.51	1.2	0.998814	22.1257	1.29964	806.18	1.04774	3.26	0
443	11:47:07.77	0.0615	21.11795	21.82	47.51	1.2	0.998832	22.1246	1.29960	806.16	1.04767	3.26	0
444	11:47:08.07	0.0615	21.11802	21.82	47.51	1.2	0.998832	22.1256	1.29960	806.18	1.04771	3.26	0
445	11:47:08.36	0.0620	21.11781	21.82	47.51	1.2	0.998826	22.1259	1.29964	806.18	1.04773	3.26	0
446	11:47:08.66	0.0625	21.11760	21.82	47.51	1.2	0.998814	22.1251	1.29960	806.16	1.04771	3.26	0
447	11:47:08.97	0.0610	21.11816	21.82	47.51	1.2	0.998844	22.1259	1.29964	806.18	1.04772	3.26	0
448	11:47:09.27	0.0615	21.11795	21.82	47.51	1.2	0.998832	22.1252	1.29960	806.16	1.04770	3.26	0
449	11:47:09.57	0.0610	21.11816	21.82	47.51	1.2	0.998844	22.1251	1.29960	806.16	1.04768	3.26	0
450	11:47:09.87	0.0625	21.11753	21.82	47.51	1.2	0.998814	22.1250	1.29964	806.16	1.04771	3.26	0
451	11:47:10.17	0.0615	21.11809	21.82	47.51	1.2	0.998838	22.1250	1.29960	806.16	1.04768	3.26	0
452	11:47:10.46	0.0625	21.11767	21.82	47.55	1.2	0.998820	22.1248	1.29960	806.16	1.04770	3.26	0
453	11:47:10.76	0.0625	21.11746	21.82	47.55	1.2	0.998814	22.1257	1.29964	806.18	1.04774	3.26	0
454	11:47:11.06	0.0620	21.11767	21.82	47.55	1.2	0.998820	22.1253	1.29964	806.18	1.04771	3.26	0
455	11:47:11.37	0.0595	21.11879	21.82	47.55	1.2	0.998874	22.1256	1.29960	806.16	1.04767	3.26	0
456	11:47:11.66	0.0625	21.11746	21.82	47.55	1.2	0.998814	22.1249	1.29960	806.16	1.04770	3.26	0
457	11:47:11.97	0.0615	21.11788	21.82	47.55	1.2	0.998832	22.1250	1.29960	806.16	1.04769	3.26	0
458	11:47:12.26	0.0635	21.11725	21.82	47.55	1.2	0.998802	22.1248	1.29964	806.16	1.04771	3.26	0
459	11:47:12.57	0.0630	21.11739	21.82	47.55	1.2	0.998808	22.1254	1.29964	806.16	1.04773	3.26	0
460	11:47:12.86	0.0635	21.11718	21.82	47.55	1.2	0.998796	22.1252	1.29964	806.18	1.04774	3.26	0
461	11:47:13.16	0.0610	21.11809	21.82	47.55	1.2	0.998838	22.1259	1.29964	806.16	1.04773	3.26	0
462	11:47:13.46	0.0630	21.11746	21.82	47.55	1.2	0.998814	22.1251	1.29964	806.18	1.04771	3.26	0
463	11:47:13.76	0.0625	21.11760	21.82	47.55	1.2	0.998820	22.1255	1.29964	806.16	1.04773	3.26	0
464	11:47:14.06	0.0620	21.11781	21.82	47.55	1.2	0.998832	22.1247	1.29960	806.14	1.04768	3.26	0
465	11:47:14.36	0.0630	21.11746	21.82	47.55	1.2	0.998814	22.1248	1.29964	806.16	1.04770	3.26	0
466	11:47:14.67	0.0610	21.11809	21.82	47.55	1.2	0.998844	22.1247	1.29960	806.14	1.04766	3.26	0
467	11:47:14.96	0.0590	21.11886	21.82	47.55	1.2	0.998880	22.1254	1.29960	806.14	1.04766	3.26	0
468	11:47:15.26	0.0625	21.11760	21.82	47.55	1.2	0.998820	22.1246	1.29960	806.16	1.04769	3.26	0
469	11:47:15.57	0.0610	21.11816	21.82	47.55	1.2	0.998844	22.1250	1.29960	806.16	1.04768	3.26	0
470	11:47:15.86	0.0650	21.11648	21.82	47.55	1.2	0.998766	22.1248	1.29964	806.18	1.04775	3.26	0
471	11:47:16.17	0.0615	21.11795	21.82	47.55	1.2	0.998838	22.1239	1.29956	806.14	1.04764	3.26	0
472	11:47:16.46	0.0610	21.11816	21.82	47.55	1.2	0.998844	22.1248	1.29960	806.14	1.04767	3.26	0
473	11:47:16.77	0.0615	21.11795	21.81	47.55	1.2	0.998832	22.1248	1.29960	806.16	1.04768	3.26	0
474	11:47:17.06	0.0640	21.11711	21.81	47.55	1.2	0.998790	22.1255	1.29964	806.18	1.04775	3.26	0
475	11:47:17.37	0.0635	21.11732	21.81	47.55	1.2	0.998802	22.1252	1.29964	806.18	1.04773	3.26	0
476	11:47:17.66	0.0635	21.11725	21.81	47.55	1.2	0.998796	22.1257	1.29964	806.18	1.04776	3.26	0
477	11:47:17.97	0.0620	21.11788	21.81	47.55	1.2	0.998826	22.1247	1.29960	806.14	1.04767	3.26	0
478	11:47:18.26	0.0620	21.11774	21.81	47.55	1.2	0.998820	22.1252	1.29960	806.16	1.04770	3.26	0
479	11:47:18.56	0.0625	21.11767	21.81	47.55	1.2	0.998820	22.1255	1.29964	806.18	1.04773	3.26	0
480	11:47:18.86	0.0625	21.11760	21.81	47.55	1.2	0.998814	22.1253	1.29964	806.16	1.04772	3.26	0
481	11:47:19.16	0.0630	21.11746	21.81	47.55	1.2	0.998808	22.1251	1.29964	806.18	1.04772	3.26	0
482	11:47:19.46	0.0620	21.11781	21.81	47.55	1.2	0.998826	22.1254	1.29964	806.16	1.04771	3.26	0
483	11:47:19.76	0.0625	21.11774	21.81	47.55	1.2	0.998820	22.1248	1.29960	806.16	1.04769	3.26	0
484	11:47:20.07	0.0620	21.11788	21.81	47.55	1.2	0.998826	22.1248	1.29960	806.16	1.04768	3.26	0
485	11:47:20.36	0.0605	21.11851	21.81	47.55	1.2	0.998856	22.1246	1.29956	806.14	1.04764	3.26	0
486	11:47:20.66	0.0610	21.11830	21.81	47.55	1.2	0.998850	22.1248	1.29960	806.14	1.04766	3.26	0
487	11:47:20.97	0.0590	21.11914	21.81	47.55	1.2	0.998886	22.1243	1.29956	806.12	1.04759	3.26	0
488	11:47:21.26	0.0635	21.11725	21.81	47.55	1.2	0.998796	22.1250	1.29964	806.18	1.04772	3.26	0
489	11:47:21.56	0.0615	21.11795	21.81	47.55	1.2	0.998832	22.1245	1.29960	806.14	1.04766	3.26	0
490	11:47:21.86	0.0620	21.11788	21.81	47.55	1.2	0.998826	22.1246	1.29960	806.16	1.04767	3.26	0
491	11:47:22.16	0.0615	21.11802	21.81	47.55	1.2	0.998832	22.1251	1.29960	806.16	1.04769	3.26	0
492	11:47:22.46	0.0620	21.11788	21.81	47.55	1.2	0.998826	22.1248	1.29960	806.16	1.04768	3.26	0
493	11:47:22.76	0.0605	21.11851	21.81	47.55	1.2	0.998856	22.1245	1.29956	806.14	1.04764	3.26	0
494	11:47:23.07	0.0615	21.11795	21.81	47.55	1.2	0.998832	22.1240	1.29956	806.14	1.04764	3.26	0
495	11:47:23.36	0.0625	21.11760	21.81	47.55	1.2	0.998814	22.1240	1.29960	806.14	1.04765	3.26	0
496	11:47:23.66	0.0630	21.11753	21.81	47.55	1.2	0.998814	22.1244	1.29960	806.16	1.04768	3.26	0
497	11:47:23.96	0.0615	21.11809	21.81	47.55	1.2	0.998838	22.1243	1.29960	806.14	1.04765	3.26	0
498	11:47:24.26	0.0625	21.11774	21.81	47.55	1.2	0.998820	22.1244	1.29960	806.14	1.04767	3.26	0
499	11:47:24.56	0.0630	21.11753	21.81	47.55	1.2	0.998814	22.1246	1.29960	806.16	1.04769	3.26	0
500	11:47:24.86	0.0630	21.11746	21.81	47.55	1.2	0.998808	22.1252	1.29964	806.16	1.04772	3.26	0
501	11:47:25.16	0.0630	21.11746	21.81	47.55	1.2	0.998808	22.1241	1.29960	806.16	1.04767	3.26	0
502	11:47:25.46	0.0620	21.11788	21.81	47.55	1.2	0.998826	22.1248	1.29960	806.16	1.04768	3.26	0
503	11:47:25.76	0.0615	21.11802	21.81	47.55	1.2	0.998832	22.1250	1.29960	806.16	1.04768	3.26	0
504	11:47:26.06	0.0615	21.11802	21.81	47.55	1.2	0.998832	22.1251	1.29960	806.16	1.04769	3.26	0
505	11:47:26.36	0.0630	21.11746	21.81	47.55	1.2	0.998808	22.1246	1.29960	806.16	1.04769	3.26	0
506	11:47:26.66	0.0605	21.11844	21.81	47.55	1.2	0.998850	22.1250	1.29960	806.14	1.04766	3.26	0
507	11:47:26.97	0.0640	21.11704	21.81	47.55	1.2	0.998784	22.1248	1.29964	806.16	1.04772	3.26	0
508	11:47:27.27	0.0605	21.11851	21.81	47.55	1.2	0.998856	22.1254	1.29960	806.14	1.04768	3.26	0
509	11:47:27.56	0.0630	21.11739	21.81	47.55	1.2	0.998802	22.1241	1.29960	806.16	1.04767	3.26	0
510	11:47:27.86	0.0630	21.11753	21.81	47.55	1.2	0.998814	22.1249	1.29964	806.16	1.04770	3.26	0
511	11:47:28.17	0.0610	21.11830	21.80	47.55	1.2	0.998844	22.1252	1.29960	806.16	1.04768	3.26	0
512	11:47:28.46	0.0610	21.11837	21.80	47.55	1.2	0.998844	22.1261	1.29964	806.16	1.04772	3.26	0
513	11:47:28.76	0.0635	21.11746	21.80	47.55	1.2	0.998802	22.1252	1.29964	806.18	1.04773	3.26	0
514	11:47:29.06	0.0620	21.11802	21.80	47.55	1.2	0.998832	22.1259	1.29964	806.16	1.04773	3.26	0
515	11:47:29.36	0.0645	21.11683	21.81	47.55	1.2	0.998778	22.1260	1.29968	806.18	1.04779	3.26	0
516	11:47:29.66	0.0610	21.11830	21.81	47.55	1.2	0.998844	22.1259	1.29964	806.16	1.04772	3.26	0
517	11:47:29.96	0.0625	21.11774	21.80	47.55	1.2	0.998814	22.1256	1.29964	806.18	1.04773	3.26	0
518	11:47:30.26	0.0615	21.11809	21.80	47.55	1.2	0.998832	22.1255	1.29960	806.16	1.04770	3.26	0
519	11:47:30.56	0.0620	21.11788	21.81	47.55	1.2	0.998826	22.1253	1.29964	806.16	1.04771	3.26	0
520	11:47:30.86	0.0615	21.11802	21.81	47.55	1.2	0.998832	22.1252	1.29960	806.16	1.04769	3.26	0
521	11:47:31.16	0.0615	21.11809	21.81	47.55	1.2	0.998838	22.1252	1.29964	806.14	1.04769	3.26	0
522	11:47:31.46	0.0625	21.11774	21.81	47.55	1.2	0.998820	22.1250	1.29964	806.16	1.04770	3.26	0
523	11:47:31.76	0.0635	21.11746	21.80	47.55	1.2	0.998802	22.1253	1.29964	806.18	1.04773	3.26	0
524	11:47:32.06	0.0625	21.11788	21.80	47.55	1.2	0.998820	22.1252	1.29964	806.16	1.04770	3.26	0
525	11:47:32.36	0.0600	21.11879	21.80	47.55	1.2	0.998862	22.1259	1.29960	806.16	1.04769	3.26	0
526	11:47:32.66	0.0620	21.11795	21.80	47.55	1.2	0.998826	22.1250	1.29960	806.16	1.04769	3.26	0
527	11:47:32.96	0.0615	21.11809	21.80	47.55	1.2	0.998832	22.1248	1.29960	806.14	1.04767	3.26	0
528	11:47:33.27	0.0625	21.11774	21.80	47.55	1.2	0.998820	22.1247	1.29960	806.14	1.04768	3.26	0
529	11:47:33.56	0.0630	21.11753	21.80	47.55	1.2	0.998808	22.1245	1.29960	806.16	1.04768	3.26	0
530	11:47:33.86	0.0625	21.11767	21.80	47.58	1.2	0.998814	22.1249	1.29960	806.16	1.04770	3.26	0
531	11:47:34.16	0.0630	21.11746	21.80	47.58	1.2	0.998802	22.1248	1.29964	806.16	1.04770	3.26	0
532	11:47:34.46	0.0630	21.11760	21.80	47.58	1.2	0.998814	22.1247	1.29960	806.16	1.04769	3.26	0
533	11:47:34.76	0.0625	21.11767	21.80	47.58	1.2	0.998814	22.1247	1.29960	806.16	1.04768	3.26	0
534	11:47:35.06	0.0635	21.11739	21.80	47.58	1.2	0.998802	22.1250	1.29964	806.16	1.04771	3.26	0
535	11:47:35.37	0.0635	21.11732	21.81	47.58	1.2	0.998802	22.1250	1.29964	806.16	1.04772	3.26	0
536	11:47:35.66	0.0600	21.11858	21.81	47.58	1.2	0.998862	22.1252	1.29960	806.16	1.04767	3.26	0
537	11:47:35.96	0.0605	21.11851	21.80	47.58	1.2	0.998856	22.1251	1.29960	806.14	1.04767	3.26	0
538	11:47:36.26	0.0615	21.11809	21.80	47.58	1.2	0.998832	22.1241	1.29956	806.14	1.04764	3.26	0
539	11:47:36.56	0.0615	21.11809	21.80	47.58	1.2	0.998832	22.1243	1.29960	806.14	1.04764	3.26	0
540	11:47:36.86	0.0635	21.11732	21.80	47.58	1.2	0.998802	22.1248	1.29964	806.16	1.04771	3.26	0
541	11:47:37.16	0.0615	21.11802	21.80	47.58	1.2	0.998832	22.1253	1.29964	806.16	1.04770	3.26	0
542	11:47:37.46	0.0640	21.11718	21.80	47.58	1.2	0.998796	22.1248	1.29964	806.16	1.04771	3.26	0
543	11:47:37.76	0.0615	21.11802	21.80	47.58	1.2	0.998832	22.1248	1.29960	806.16	1.04767	3.26	0
544	11:47:38.06	0.0625	21.11774	21.80	47.58	1.2	0.998820	22.1249	1.29964	806.14	1.04770	3.26	0
545	11:47:38.36	0.0620	21.11788	21.80	47.58	1.2	0.998826	22.1250	1.29960	806.16	1.04769	3.26	0
546	11:47:38.66	0.0645	21.11697	21.80	47.58	1.2	0.998784	22.1250	1.29964	806.18	1.04773	3.26	0
547	11:47:38.96	0.0635	21.11739	21.80	47.58	1.2	0.998802	22.1252	1.29964	806.16	1.04773	3.26	0
548	11:47:39.26	0.0625	21.11774	21.80	47.58	1.2	0.998820	22.1255	1.29964	806.16	1.04772	3.26	0
549	11:47:39.56	0.0620	21.11802	21.80	47.58	1.2	0.998832	22.1256	1.29964	806.16	1.04771	3.26	0
550	11:47:39.86	0.0625	21.11774	21.80	47.58	1.2	0.998820	22.1245	1.29960	806.14	1.04767	3.26	0
551	11:47:40.16	0.0630	21.11739	21.80	47.58	1.2	0.998802	22.1255	1.29964	806.18	1.04773	3.26	0
552	11:47:40.46	0.0630	21.11746	21.80	47.58	1.2	0.998802	22.1252	1.29964	806.16	1.04773	3.26	0
553	11:47:40.76	0.0635	21.11739	21.80	47.58	1.2	0.998802	22.1250	1.29964	806.16	1.04771	3.26	0
554	11:47:41.06	0.0620	21.11788	21.80	47.58	1.2	0.998826	22.1255	1.29964	806.16	1.04771	3.26	0
555	11:47:41.36	0.0630	21.11753	21.80	47.58	1.2	0.998808	22.1252	1.29964	806.16	1.04771	3.26	0
556	11:47:41.66	0.0650	21.11669	21.80	47.58	1.2	0.998766	22.1255	1.29968	806.18	1.04777	3.26	0
557	11:47:41.96	0.0640	21.11704	21.80	47.58	1.2	0.998784	22.1255	1.29964	806.18	1.04776	3.26	0
558	11:47:42.26	0.0645	21.11683	21.80	47.58	1.2	0.998778	22.1245	1.29964	806.16	1.04772	3.26	0
559	11:47:42.56	0.0615	21.11816	21.80	47.58	1.2	0.998838	22.1252	1.29964	806.14	1.04769	3.26	0
560	11:47:42.86	0.0625	21.11781	21.80	47.58	1.2	0.998820	22.1250	1.29960	806.16	1.04770	3.26	0
561	11:47:43.16	0.0615	21.11802	21.80	47.58	1.2	0.998832	22.1246	1.29960	806.14	1.04767	3.26	0
562	11:47:43.46	0.0610	21.11844	21.80	47.58	1.2	0.998850	22.1248	1.29960	806.14	1.04765	3.26	0
563	11:47:43.76	0.0620	21.11795	21.80	47.58	1.2	0.998826	22.1252	1.29964	806.16	1.04770	3.26	0
564	11:47:44.06	0.0630	21.11753	21.80	47.58	1.2	0.998808	22.1248	1.29964	806.16	1.04770	3.26	0
565	11:47:44.36	0.0620	21.11781	21.80	47.58	1.2	0.998820	22.1251	1.29964	806.14	1.04770	3.26	0
566	11:47:44.66	0.0625	21.11767	21.80	47.58	1.2	0.998814	22.1242	1.29960	806.14	1.04766	3.26	0
567	11:47:44.96	0.0620	21.11802	21.80	47.58	1.2	0.998832	22.1246	1.29960	806.14	1.04767	3.26	0
568	11:47:45.26	0.0610	21.11823	21.80	47.58	1.2	0.998844	22.1249	1.29960	806.14	1.04767	3.26	0
569	11:47:45.56	0.0620	21.11795	21.80	47.58	1.2	0.998826	22.1249	1.29960	806.16	1.04768	3.26	0
570	11:47:45.86	0.0620	21.11788	21.80	47.58	1.2	0.998826	22.1246	1.29960	806.16	1.04767	3.26	0
571	11:47:46.16	0.0630	21.11753	21.80	47.58	1.2	0.998808	22.1245	1.29960	806.14	1.04768	3.26	0
572	11:47:46.46	0.0615	21.11816	21.80	47.58	1.2	0.998838	22.1251	1.29960	806.16	1.04768	3.26	0
573	11:47:46.76	0.0620	21.11795	21.80	47.58	1.2	0.998826	22.1251	1.29964	806.16	1.04769	3.26	0
574	11:47:47.06	0.0625	21.11767	21.80	47.58	1.2	0.998814	22.1246	1.29960	806.16	1.04768	3.26	0
575	11:47:47.36	0.0620	21.11795	21.80	47.58	1.2	0.998826	22.1249	1.29960	806.16	1.04768	3.26	0
576	11:47:47.66	0.0625	21.11774	21.80	47.58	1.2	0.998820	22.1252	1.29964	806.16	1.04771	3.26	0
577	11:47:47.96	0.0660	21.11641	21.79	47.58	1.2	0.998748	22.1250	1.29968	806.18	1.04776	3.26	0
578	11:47:48.26	0.0620	21.11802	21.79	47.58	1.2	0.998826	22.1248	1.29960	806.14	1.04767	3.26	0
579	11:47:48.56	0.0615	21.11816	21.80	47.58	1.2	0.998838	22.1249	1.29960	806.14	1.04767	3.26	0
580	11:47:48.86	0.0615	21.11809	21.80	47.58	1.2	0.998832	22.1258	1.29964	806.16	1.04772	3.26	0
581	11:47:49.16	0.0625	21.11774	21.80	47.58	1.2	0.998814	22.1250	1.29960	806.16	1.04770	3.26	0
582	11:47:49.46	0.0615	21.11809	21.80	47.58	1.2	0.998832	22.1250	1.29960	806.16	1.04768	3.26	0
583	11:47:49.76	0.0620	21.11795	21.80	47.58	1.2	0.998826	22.1253	1.29964	806.16	1.04770	3.26	0
584	11:47:50.06	0.0625	21.11760	21.80	47.58	1.2	0.998814	22.1253	1.29964	806.16	1.04772	3.26	0
585	11:47:50.36	0.0630	21.11753	21.80	47.58	1.2	0.998808	22.1246	1.29964	806.14	1.04769	3.26	0
586	11:47:50.66	0.0635	21.11739	21.80	47.58	1.2	0.998802	22.1249	1.29964	806.16	1.04771	3.26	0
587	11:47:50.96	0.0630	21.11753	21.80	47.58	1.2	0.998808	22.1246	1.29960	806.16	1.04769	3.26	0
588	11:47:51.26	0.0615	21.11823	21.80	47.58	1.2	0.998838	22.1252	1.29960	806.16	1.04768	3.26	0
589	11:47:51.56	0.0610	21.11837	21.80	47.58	1.2	0.998850	22.1255	1.29960	806.16	1.04769	3.26	0
590	11:47:51.86	0.0625	21.11767	21.80	47.58	1.2	0.998814	22.1249	1.29960	806.16	1.04770	3.26	0
591	11:47:52.16	0.0625	21.11781	21.80	47.58	1.2	0.998820	22.1250	1.29964	806.16	1.04770	3.26	0
592	11:47:52.46	0.0615	21.11823	21.80	47.58	1.2	0.998838	22.1247	1.29960	806.14	1.04766	3.26	0
593	11:47:52.76	0.0595	21.11886	21.80	47.58	1.2	0.998874	22.1244	1.29956	806.14	1.04761	3.26	0
594	11:47:53.06	0.0645	21.11697	21.80	47.58	1.2	0.998784	22.1243	1.29964	806.16	1.04770	3.26	0
595	11:47:53.36	0.0610	21.11823	21.80	47.58	1.2	0.998838	22.1244	1.29956	806.14	1.04764	3.26	0
596	11:47:53.66	0.0630	21.11753	21.80	47.58	1.2	0.998808	22.1239	1.29960	806.14	1.04765	3.26	0
597	11:47:53.96	0.0595	21.11886	21.80	47.58	1.2	0.998868	22.1259	1.29960	806.16	1.04768	3.26	0
598	11:47:54.26	0.0605	21.11858	21.80	47.58	1.2	0.998856	22.1249	1.29960	806.14	1.04765	3.26	0
599	11:47:54.56	0.0620	21.11795	21.80	47.58	1.2	0.998826	22.1249	1.29964	806.14	1.04768	3.26	0
600	11:47:54.86	0.0645	21.11690	21.80	47.58	1.2	0.998778	22.1244	1.29960	806.16	1.04771	3.26	0
601	11:47:55.16	0.0625	21.11774	21.80	47.58	1.2	0.998820	22.1250	1.29960	806.16	1.04770	3.26	0
602	11:47:55.46	0.0590	21.11907	21.80	47.58	1.2	0.998880	22.1256	1.29960	806.14	1.04766	3.26	0
603	11:47:55.76	0.0610	21.11837	21.80	47.58	1.2	0.998850	22.1250	1.29960	806.14	1.04767	3.26	0
604	11:47:56.06	0.0640	21.11711	21.80	47.58	1.2	0.998790	22.1247	1.29964	806.16	1.04771	3.26	0
605	11:47:56.36	0.0650	21.11662	21.80	47.58	1.2	0.998766	22.1252	1.29968	806.18	1.04776	3.26	0
606	11:47:56.66	0.0615	21.11809	21.80	47.58	1.2	0.998832	22.1248	1.29960	806.14	1.04767	3.26	0
607	11:47:56.96	0.0625	21.11760	21.81	47.58	1.2	0.998814	22.1241	1.29960	806.14	1.04766	3.26	0
608	11:47:57.26	0.0630	21.11746	21.81	47.58	1.2	0.998808	22.1245	1.29964	806.14	1.04769	3.26	0
609	11:47:57.56	0.0615	21.11809	21.80	47.58	1.2	0.998832	22.1252	1.29960	806.16	1.04769	3.26	0
610	11:47:57.86	0.0610	21.11823	21.80	47.58	1.2	0.998844	22.1246	1.29960	806.14	1.04765	3.26	0
611	11:47:58.16	0.0620	21.11781	21.80	47.58	1.2	0.998820	22.1243	1.29960	806.14	1.04766	3.26	0
612	11:47:58.46	0.0620	21.11795	21.80	47.58	1.2	0.998826	22.1249	1.29960	806.16	1.04768	3.26	0
613	11:47:58.76	0.0605	21.11858	21.80	47.58	1.2	0.998856	22.1251	1.29960	806.14	1.04766	3.26	0
614	11:47:59.06	0.0600	21.11865	21.80	47.58	1.2	0.998862	22.1248	1.29960	806.12	1.04764	3.26	0
615	11:47:59.36	0.0630	21.11746	21.81	47.58	1.2	0.998808	22.1250	1.29964	806.16	1.04771	3.26	0
616	11:47:59.66	0.0625	21.11760	21.81	47.58	1.2	0.998814	22.1248	1.29960	806.16	1.04770	3.26	0
617	11:47:59.96	0.0625	21.11767	21.80	47.58	1.2	0.998814	22.1253	1.29964	806.16	1.04771	3.26	0
618	11:48:00.26	0.0630	21.11760	21.80	47.58	1.2	0.998814	22.1246	1.29960	806.16	1.04768	3.26	0
619	11:48:00.56	0.0610	21.11830	21.81	47.58	1.2	0.998850	22.1248	1.29960	806.14	1.04766	3.26	0
620	11:48:00.86	0.0625	21.11767	21.81	47.58	1.2	0.998820	22.1246	1.29964	806.14	1.04768	3.26	0
621	11:48:01.16	0.0630	21.11753	21.80	47.58	1.2	0.998808	22.1245	1.29960	806.16	1.04769	3.26	0
622	11:48:01.46	0.0630	21.11746	21.80	47.58	1.2	0.998802	22.1250	1.29964	806.16	1.04771	3.26	0
623	11:48:01.76	0.0635	21.11739	21.80	47.58	1.2	0.998802	22.1249	1.29964	806.16	1.04771	3.26	0
624	11:48:02.06	0.0615	21.11816	21.80	47.58	1.2	0.998838	22.1250	1.29960	806.14	1.04768	3.26	0
625	11:48:02.36	0.0615	21.11802	21.81	47.58	1.2	0.998832	22.1248	1.29960	806.14	1.04767	3.26	0
626	11:48:02.66	0.0610	21.11816	21.81	47.58	1.2	0.998844	22.1254	1.29960	806.16	1.04770	3.26	0
627	11:48:02.96	0.0610	21.11823	21.81	47.58	1.2	0.998844	22.1245	1.29960	806.14	1.04765	3.26	0
628	11:48:03.26	0.0630	21.11739	21.81	47.58	1.2	0.998808	22.1248	1.29960	806.16	1.04770	3.26	0
629	11:48:03.56	0.0625	21.11767	21.80	47.58	1.2	0.998814	22.1249	1.29960	806.16	1.04770	3.26	0
630	11:48:03.86	0.0605	21.11851	21.80	47.58	1.2	0.998856	22.1250	1.29960	806.14	1.04765	3.26	0
631	11:48:04.16	0.0630	21.11760	21.80	47.58	1.2	0.998808	22.1249	1.29964	806.16	1.04770	3.26	0
632	11:48:04.46	0.0615	21.11816	21.80	47.58	1.2	0.998838	22.1251	1.29960	806.14	1.04768	3.26	0
633	11:48:04.76	0.0625	21.11767	21.81	47.58	1.2	0.998820	22.1250	1.29964	806.16	1.04770	3.26	0
634	11:48:05.06	0.0600	21.11872	21.81	47.58	1.2	0.998868	22.1251	1.29960	806.14	1.04765	3.26	0
635	11:48:05.36	0.0630	21.11760	21.80	47.58	1.2	0.998814	22.1252	1.29964	806.16	1.04771	3.26	0
636	11:48:05.66	0.0625	21.11767	21.80	47.58	1.2	0.998814	22.1248	1.29964	806.16	1.04769	3.26	0
637	11:48:05.96	0.0625	21.11760	21.81	47.58	1.2	0.998814	22.1246	1.29960	806.16	1.04768	3.26	0
638	11:48:06.26	0.0615	21.11795	21.81	47.58	1.2	0.998832	22.1248	1.29960	806.14	1.04767	3.26	0
639	11:48:06.56	0.0615	21.11802	21.80	47.58	1.2	0.998832	22.1252	1.29960	806.16	1.04769	3.26	0
640	11:48:06.86	0.0635	21.11732	21.80	47.58	1.2	0.998796	22.1251	1.29964	806.16	1.04772	3.26	0
641	11:48:07.16	0.0605	21.11851	21.81	47.58	1.2	0.998856	22.1252	1.29960	806.14	1.04767	3.26	0
642	11:48:07.46	0.0615	21.11795	21.81	47.58	1.2	0.998832	22.1252	1.29964	806.16	1.04770	3.26	0
643	11:48:07.76	0.0620	21.11788	21.81	47.58	1.2	0.998826	22.1261	1.29964	806.18	1.04774	3.26	0
644	11:48:08.06	0.0635	21.11725	21.81	47.58	1.2	0.998802	22.1254	1.29964	806.18	1.04774	3.26	0
645	11:48:08.36	0.0615	21.11809	21.81	47.58	1.2	0.998838	22.1262	1.29964	806.18	1.04774	3.26	0
646	11:48:08.66	0.0625	21.11753	21.81	47.58	1.2	0.998814	22.1254	1.29964	806.16	1.04773	3.26	0
647	11:48:08.96	0.0605	21.11837	21.81	47.58	1.2	0.998850	22.1252	1.29960	806.16	1.04768	3.26	0
648	11:48:09.26	0.0635	21.11725	21.81	47.58	1.2	0.998802	22.1254	1.29964	806.18	1.04774	3.26	0
649	11:48:09.56	0.0625	21.11760	21.81	47.58	1.2	0.998814	22.1245	1.29960	806.16	1.04768	3.26	0
650	11:48:09.86	0.0610	21.11830	21.81	47.58	1.2	0.998850	22.1250	1.29960	806.16	1.04767	3.26	0
651	11:48:10.16	0.0640	21.11697	21.81	47.58	1.2	0.998784	22.1244	1.29960	806.16	1.04771	3.26	0
652	11:48:10.46	0.0625	21.11774	21.81	47.58	1.2	0.998820	22.1247	1.29960	806.16	1.04768	3.26	0
653	11:48:10.76	0.0625	21.11760	21.81	47.58	1.2	0.998814	22.1243	1.29960	806.14	1.04767	3.26	0
654	11:48:11.06	0.0635	21.11718	21.81	47.58	1.2	0.998796	22.1248	1.29964	806.16	1.04771	3.26	0
655	11:48:11.36	0.0625	21.11767	21.81	47.58	1.2	0.998820	22.1250	1.29960	806.16	1.04770	3.26	0
656	11:48:11.66	0.0620	21.11781	21.81	47.58	1.2	0.998826	22.1257	1.29964	806.16	1.04773	3.26	0
657	11:48:11.96	0.0600	21.11858	21.81	47.58	1.2	0.998862	22.1249	1.29956	806.14	1.04765	3.26	0
658	11:48:12.26	0.0615	21.11809	21.81	47.58	1.2	0.998838	22.1243	1.29956	806.14	1.04765	3.26	0
659	11:48:12.56	0.0640	21.11711	21.80	47.58	1.2	0.998790	22.1247	1.29964	806.16	1.04771	3.26	0
660	11:48:12.86	0.0635	21.11739	21.80	47.58	1.2	0.998802	22.1248	1.29964	806.16	1.04771	3.26	0
661	11:48:13.16	0.0610	21.11837	21.80	47.58	1.2	0.998850	22.1246	1.29960	806.12	1.04765	3.26	0
662	11:48:13.46	0.0630	21.11753	21.80	47.58	1.2	0.998808	22.1246	1.29960	806.16	1.04769	3.26	0
663	11:48:13.76	0.0615	21.11795	21.81	47.58	1.2	0.998832	22.1254	1.29960	806.16	1.04771	3.26	0
664	11:48:14.06	0.0600	21.11851	21.81	47.58	1.2	0.998862	22.1254	1.29960	806.16	1.04768	3.26	0
665	11:48:14.36	0.0620	21.11788	21.81	47.58	1.2	0.998826	22.1248	1.29960	806.16	1.04768	3.26	0
666	11:48:14.66	0.0625	21.11753	21.81	47.58	1.2	0.998814	22.1238	1.29960	806.14	1.04765	3.26	0
667	11:48:14.96	0.0625	21.11774	21.80	47.58	1.2	0.998820	22.1251	1.29960	806.16	1.04770	3.26	0
668	11:48:15.26	0.0625	21.11774	21.80	47.58	1.2	0.998820	22.1245	1.29960	806.14	1.04767	3.26	0
669	11:48:15.56	0.0645	21.11690	21.81	47.58	1.2	0.998784	22.1248	1.29964	806.18	1.04773	3.26	0
670	11:48:15.86	0.0595	21.11879	21.81	47.58	1.2	0.998874	22.1257	1.29960	806.16	1.04768	3.26	0
671	11:48:16.16	0.0620	21.11788	21.80	47.58	1.2	0.998826	22.1243	1.29960	806.14	1.04766	3.26	0
672	11:48:16.46	0.0625	21.11767	21.80	47.58	1.2	0.998814	22.1241	1.29960	806.14	1.04766	3.26	0
673	11:48:16.76	0.0615	21.11809	21.80	47.58	1.2	0.998832	22.1251	1.29960	806.16	1.04768	3.26	0
674	11:48:17.06	0.0625	21.11767	21.80	47.58	1.2	0.998814	22.1243	1.29960	806.14	1.04767	3.26	0
675	11:48:17.36	0.0635	21.11739	21.80	47.58	1.2	0.998802	22.1248	1.29960	806.16	1.04770	3.26	0
676	11:48:17.66	0.0600	21.11872	21.80	47.58	1.2	0.998862	22.1254	1.29960	806.14	1.04767	3.26	0
677	11:48:17.96	0.0625	21.11760	21.80	47.58	1.2	0.998814	22.1250	1.29964	806.16	1.04771	3.26	0
678	11:48:18.26	0.0615	21.11802	21.80	47.58	1.2	0.998832	22.1249	1.29960	806.14	1.04768	3.26	0
679	11:48:18.56	0.0620	21.11788	21.81	47.58	1.2	0.998826	22.1255	1.29964	806.16	1.04771	3.26	0
680	11:48:18.86	0.0615	21.11795	21.81	47.58	1.2	0.998832	22.1251	1.29964	806.14	1.04769	3.26	0
681	11:48:19.16	0.0620	21.11774	21.81	47.58	1.2	0.998820	22.1248	1.29960	806.14	1.04768	3.26	0
682	11:48:19.46	0.0615	21.11809	21.81	47.58	1.2	0.998838	22.1250	1.29960	806.14	1.04768	3.26	0
683	11:48:19.76	0.0600	21.11865	21.81	47.58	1.2	0.998868	22.1256	1.29960	806.16	1.04768	3.26	0
684	11:48:20.06	0.0620	21.11774	21.81	47.58	1.2	0.998826	22.1249	1.29960	806.16	1.04769	3.26	0
685	11:48:20.36	0.0590	21.11893	21.81	47.58	1.2	0.998880	22.1257	1.29960	806.14	1.04767	3.26	0
686	11:48:20.66	0.0630	21.11739	21.81	47.58	1.2	0.998808	22.1247	1.29960	806.16	1.04770	3.26	0
687	11:48:20.96	0.0625	21.11774	21.81	47.58	1.2	0.998820	22.1253	1.29960	806.16	1.04771	3.26	0
688	11:48:21.26	0.0615	21.11795	21.81	47.58	1.2	0.998832	22.1251	1.29960	806.16	1.04769	3.26	0
689	11:48:21.56	0.0640	21.11704	21.81	47.58	1.2	0.998790	22.1255	1.29964	806.18	1.04776	3.26	0
690	11:48:21.86	0.0625	21.11753	21.81	47.58	1.2	0.998814	22.1243	1.29960	806.14	1.04768	3.26	0
691	11:48:22.16	0.0620	21.11788	21.81	47.58	1.2	0.998832	22.1259	1.29964	806.16	1.04773	3.26	0
692	11:48:22.46	0.0620	21.11795	21.81	47.58	1.2	0.998832	22.1250	1.29960	806.16	1.04769	3.26	0
693	11:48:22.76	0.0625	21.11760	21.81	47.58	1.2	0.998814	22.1249	1.29964	806.16	1.04770	3.26	0
694	11:48:23.06	0.0625	21.11760	21.81	47.58	1.2	0.998814	22.1251	1.29964	806.16	1.04771	3.26	0
695	11:48:23.36	0.0630	21.11732	21.81	47.58	1.2	0.998802	22.1244	1.29960	806.16	1.04769	3.26	0
696	11:48:23.66	0.0620	21.11788	21.81	47.58	1.2	0.998832	22.1253	1.29960	806.16	1.04770	3.26	0
697	11:48:23.96	0.0620	21.11781	21.81	47.58	1.2	0.998826	22.1247	1.29960	806.16	1.04768	3.26	0
698	11:48:24.26	0.0625	21.11767	21.81	47.58	1.2	0.998820	22.1246	1.29960	806.16	1.04768	3.26	0
699	11:48:24.56	0.0625	21.11760	21.81	47.58	1.2	0.998814	22.1253	1.29964	806.16	1.04772	3.26	0
700	11:48:24.86	0.0625	21.11767	21.81	47.58	1.2	0.998820	22.1251	1.29964	806.16	1.04771	3.26	0
701	11:48:25.16	0.0635	21.11718	21.81	47.58	1.2	0.998796	22.1252	1.29964	806.18	1.04774	3.26	0
702	11:48:25.46	0.0620	21.11781	21.81	47.58	1.2	0.998826	22.1246	1.29960	806.14	1.04768	3.26	0
703	11:48:25.76	0.0625	21.11767	21.81	47.58	1.2	0.998820	22.1244	1.29960	806.14	1.04767	3.26	0
704	11:48:26.06	0.0615	21.11802	21.81	47.58	1.2	0.998838	22.1250	1.29960	806.16	1.04768	3.26	0
705	11:48:26.36	0.0615	21.11809	21.80	47.58	1.2	0.998838	22.1257	1.29964	806.16	1.04771	3.26	0
706	11:48:26.66	0.0620	21.11795	21.80	47.58	1.2	0.998826	22.1245	1.29960	806.14	1.04766	3.26	0
707	11:48:26.96	0.0605	21.11844	21.80	47.58	1.2	0.998850	22.1248	1.29960	806.14	1.04765	3.26	0
708	11:48:27.26	0.0620	21.11795	21.80	47.58	1.2	0.998826	22.1254	1.29964	806.16	1.04771	3.26	0
709	11:48:27.56	0.0610	21.11830	21.81	47.58	1.2	0.998850	22.1249	1.29960	806.14	1.04767	3.26	0
710	11:48:27.86	0.0600	21.11865	21.81	47.58	1.2	0.998868	22.1250	1.29956	806.14	1.04765	3.26	0
711	11:48:28.16	0.0625	21.11767	21.81	47.58	1.2	0.998820	22.1252	1.29964	806.16	1.04771	3.26	0
712	11:48:28.46	0.0620	21.11788	21.81	47.58	1.2	0.998832	22.1244	1.29960	806.14	1.04766	3.26	0
713	11:48:28.76	0.0620	21.11795	21.81	47.58	1.2	0.998832	22.1246	1.29960	806.14	1.04767	3.26	0
714	11:48:29.06	0.0645	21.11683	21.81	47.58	1.2	0.998778	22.1241	1.29964	806.16	1.04770	3.26	0
715	11:48:29.36	0.0620	21.11788	21.80	47.58	1.2	0.998826	22.1239	1.29960	806.14	1.04764	3.26	0
716	11:48:29.66	0.0610	21.11830	21.80	47.58	1.2	0.998844	22.1247	1.29960	806.14	1.04765	3.26	0
717	11:48:29.96	0.0620	21.11781	21.80	47.58	1.2	0.998820	22.1244	1.29960	806.16	1.04767	3.26	0
718	11:48:30.26	0.0635	21.11739	21.80	47.58	1.2	0.998802	22.1246	1.29964	806.16	1.04770	3.26	0
719	11:48:30.56	0.0625	21.11774	21.80	47.58	1.2	0.998820	22.1244	1.29960	806.14	1.04767	3.26	0
720	11:48:30.86	0.0620	21.11788	21.80	47.58	1.2	0.998826	22.1250	1.29960	806.16	1.04769	3.26	0
721	11:48:31.16	0.0625	21.11767	21.80	47.58	1.2	0.998814	22.1250	1.29960	806.16	1.04770	3.26	0
722	11:48:31.46	0.0650	21.11669	21.80	47.58	1.2	0.998766	22.1234	1.29960	806.14	1.04768	3.26	0
723	11:48:31.76	0.0600	21.11851	21.81	47.58	1.2	0.998862	22.1244	1.29960	806.12	1.04763	3.26	0
724	11:48:32.06	0.0620	21.11788	21.81	47.58	1.2	0.998832	22.1246	1.29960	806.14	1.04767	3.26	0
725	11:48:32.36	0.0610	21.11837	21.80	47.58	1.2	0.998850	22.1243	1.29956	806.14	1.04763	3.26	0
726	11:48:32.66	0.0610	21.11830	21.80	47.58	1.2	0.998844	22.1247	1.29960	806.14	1.04765	3.26	0
727	11:48:32.96	0.0620	21.11788	21.81	47.58	1.2	0.998826	22.1249	1.29960	806.16	1.04769	3.26	0
728	11:48:33.26	0.0645	21.11676	21.81	47.58	1.2	0.998778	22.1245	1.29964	806.16	1.04773	3.26	0
729	11:48:33.56	0.0620	21.11788	21.80	47.58	1.2	0.998826	22.1248	1.29960	806.14	1.04768	3.26	0
730	11:48:33.86	0.0640	21.11704	21.80	47.58	1.2	0.998784	22.1245	1.29960	806.16	1.04771	3.26	0
731	11:48:34.16	0.0625	21.11767	21.80	47.58	1.2	0.998814	22.1243	1.29960	806.16	1.04767	3.26	0
732	11:48:34.46	0.0625	21.11767	21.80	47.58	1.2	0.998814	22.1244	1.29960	806.14	1.04767	3.26	0
733	11:48:34.76	0.0635	21.11725	21.81	47.58	1.2	0.998796	22.1248	1.29964	806.16	1.04771	3.26	0
734	11:48:35.06	0.0595	21.11893	21.81	47.58	1.2	0.998880	22.1258	1.29960	806.14	1.04768	3.26	0
735	11:48:35.36	0.0610	21.11823	21.80	47.58	1.2	0.998844	22.1248	1.29960	806.14	1.04767	3.26	0
736	11:48:35.66	0.0630	21.11753	21.80	47.58	1.2	0.998808	22.1241	1.29960	806.14	1.04767	3.26	0
737	11:48:35.96	0.0605	21.11858	21.80	47.58	1.2	0.998856	22.1252	1.29960	806.14	1.04767	3.26	0
738	11:48:36.26	0.0615	21.11802	21.80	47.58	1.2	0.998832	22.1249	1.29960	806.14	1.04768	3.26	0
739	11:48:36.56	0.0630	21.11746	21.80	47.58	1.2	0.998802	22.1248	1.29964	806.16	1.04770	3.26	0
740	11:48:36.86	0.0630	21.11760	21.80	47.58	1.2	0.998814	22.1244	1.29960	806.16	1.04767	3.26	0
741	11:48:37.16	0.0620	21.11795	21.80	47.58	1.2	0.998826	22.1244	1.29960	806.14	1.04766	3.26	0
742	11:48:37.46	0.0620	21.11802	21.80	47.58	1.2	0.998832	22.1250	1.29960	806.16	1.04768	3.26	0
743	11:48:37.76	0.0630	21.11753	21.80	47.58	1.2	0.998808	22.1247	1.29960	806.16	1.04770	3.26	0
744	11:48:38.06	0.0610	21.11837	21.80	47.58	1.2	0.998850	22.1247	1.29960	806.14	1.04765	3.26	0
745	11:48:38.36	0.0610	21.11844	21.80	47.58	1.2	0.998850	22.1249	1.29960	806.14	1.04766	3.26	0
746	11:48:38.66	0.0610	21.11830	21.80	47.58	1.2	0.998844	22.1247	1.29960	806.14	1.04765	3.26	0
747	11:48:38.96	0.0625	21.11781	21.80	47.58	1.2	0.998820	22.1252	1.29964	806.16	1.04770	3.26	0
748	11:48:39.26	0.0605	21.11844	21.80	47.58	1.2	0.998850	22.1252	1.29960	806.14	1.04767	3.26	0
749	11:48:39.56	0.0630	21.11746	21.80	47.58	1.2	0.998802	22.1249	1.29964	806.16	1.04771	3.26	0
750	11:48:39.86	0.0630	21.11753	21.80	47.58	1.2	0.998808	22.1238	1.29960	806.14	1.04765	3.26	0
751	11:48:40.16	0.0620	21.11788	21.80	47.58	1.2	0.998826	22.1240	1.29960	806.14	1.04764	3.26	0
752	11:48:40.46	0.0635	21.11732	21.80	47.58	1.2	0.998802	22.1243	1.29960	806.16	1.04768	3.26	0
753	11:48:40.76	0.0610	21.11830	21.80	47.58	1.2	0.998844	22.1243	1.29960	806.14	1.04764	3.26	0
754	11:48:41.06	0.0630	21.11753	21.80	47.58	1.2	0.998808	22.1241	1.29960	806.14	1.04767	3.26	0
755	11:48:41.36	0.0625	21.11774	21.80	47.58	1.2	0.998820	22.1237	1.29960	806.12	1.04764	3.26	0
756	11:48:41.66	0.0625	21.11774	21.80	47.58	1.2	0.998820	22.1245	1.29960	806.14	1.04767	3.26	0
757	11:48:41.96	0.0600	21.11879	21.80	47.58	1.2	0.998868	22.1249	1.29960	806.12	1.04764	3.26	0
758	11:48:42.26	0.0615	21.11823	21.80	47.58	1.2	0.998838	22.1248	1.29960	806.14	1.04767	3.26	0
759	11:48:42.56	0.0610	21.11830	21.80	47.58	1.2	0.998844	22.1249	1.29960	806.16	1.04767	3.26	0
760	11:48:42.86	0.0630	21.11746	21.80	47.58	1.2	0.998808	22.1243	1.29960	806.14	1.04768	3.26	0
761	11:48:43.16	0.0630	21.11746	21.80	47.58	1.2	0.998808	22.1243	1.29960	806.16	1.04768	3.26	0
762	11:48:43.46	0.0625	21.11774	21.80	47.58	1.2	0.998820	22.1242	1.29960	806.14	1.04766	3.26	0
763	11:48:43.76	0.0630	21.11760	21.80	47.58	1.2	0.998808	22.1243	1.29960	806.14	1.04767	3.26	0
764	11:48:44.06	0.0635	21.11739	21.80	47.58	1.2	0.998802	22.1240	1.29960	806.14	1.04767	3.26	0
765	11:48:44.36	0.0620	21.11802	21.80	47.58	1.2	0.998832	22.1245	1.29960	806.14	1.04767	3.26	0
766	11:48:44.66	0.0610	21.11844	21.80	47.58	1.2	0.998850	22.1243	1.29956	806.14	1.04763	3.26	0
767	11:48:44.96	0.0625	21.11774	21.80	47.58	1.2	0.998820	22.1236	1.29956	806.14	1.04763	3.26	0
768	11:48:45.26	0.0610	21.11837	21.80	47.58	1.2	0.998850	22.1243	1.29960	806.14	1.04764	3.26	0
769	11:48:45.56	0.0620	21.11795	21.80	47.58	1.2	0.998826	22.1236	1.29960	806.12	1.04762	3.26	0
770	11:48:45.86	0.0610	21.11823	21.80	47.58	1.2	0.998838	22.1239	1.29956	806.14	1.04762	3.26	0
771	11:48:46.16	0.0630	21.11746	21.80	47.58	1.2	0.998808	22.1248	1.29960	806.16	1.04770	3.26	0
772	11:48:46.46	0.0610	21.11830	21.80	47.62	1.2	0.998850	22.1248	1.29960	806.14	1.04766	3.26	0
773	11:48:46.76	0.0610	21.11837	21.80	47.62	1.2	0.998850	22.1249	1.29960	806.14	1.04767	3.26	0
774	11:48:47.06	0.0630	21.11746	21.80	47.58	1.2	0.998802	22.1247	1.29960	806.16	1.04770	3.26	0
775	11:48:47.36	0.0620	21.11802	21.80	47.58	1.2	0.998832	22.1245	1.29960	806.14	1.04766	3.26	0
776	11:48:47.66	0.0630	21.11753	21.80	47.62	1.2	0.998808	22.1244	1.29960	806.14	1.04768	3.26	0
777	11:48:47.96	0.0630	21.11746	21.80	47.62	1.2	0.998808	22.1246	1.29960	806.16	1.04770	3.26	0
778	11:48:48.26	0.0615	21.11809	21.80	47.62	1.2	0.998838	22.1247	1.29960	806.14	1.04767	3.26	0
779	11:48:48.56	0.0630	21.11753	21.80	47.62	1.2	0.998808	22.1250	1.29964	806.16	1.04771	3.26	0
780	11:48:48.86	0.0615	21.11816	21.80	47.58	1.2	0.998838	22.1238	1.29956	806.12	1.04762	3.26	0
781	11:48:49.16	0.0640	21.11732	21.79	47.58	1.2	0.998790	22.1240	1.29960	806.14	1.04767	3.26	0
782	11:48:49.46	0.0645	21.11697	21.79	47.62	1.2	0.998778	22.1239	1.29960	806.14	1.04769	3.26	0
783	11:48:49.76	0.0635	21.11732	21.80	47.62	1.2	0.998802	22.1245	1.29964	806.14	1.04769	3.26	0
784	11:48:50.06	0.0600	21.11865	21.80	47.62	1.2	0.998862	22.1246	1.29956	806.14	1.04764	3.26	0
785	11:48:50.36	0.0620	21.11795	21.80	47.62	1.2	0.998832	22.1243	1.29960	806.14	1.04765	3.26	0
786	11:48:50.66	0.0640	21.11704	21.80	47.62	1.2	0.998790	22.1249	1.29964	806.18	1.04773	3.26	0
787	11:48:50.96	0.0640	21.11718	21.80	47.62	1.2	0.998790	22.1239	1.29960	806.14	1.04768	3.26	0
788	11:48:51.26	0.0625	21.11774	21.80	47.62	1.2	0.998820	22.1245	1.29960	806.14	1.04767	3.26	0
789	11:48:51.56	0.0620	21.11795	21.80	47.62	1.2	0.998832	22.1242	1.29960	806.14	1.04765	3.26	0
790	11:48:51.86	0.0620	21.11781	21.80	47.62	1.2	0.998820	22.1238	1.29960	806.12	1.04764	3.26	0
791	11:48:52.16	0.0610	21.11823	21.80	47.62	1.2	0.998844	22.1245	1.29960	806.14	1.04765	3.26	0
792	11:48:52.46	0.0640	21.11711	21.80	47.62	1.2	0.998790	22.1243	1.29964	806.16	1.04770	3.26	0
793	11:48:52.76	0.0630	21.11753	21.79	47.62	1.2	0.998802	22.1240	1.29960	806.14	1.04766	3.26	0
794	11:48:53.06	0.0615	21.11823	21.79	47.62	1.2	0.998838	22.1238	1.29956	806.12	1.04762	3.26	0
795	11:48:53.36	0.0610	21.11830	21.80	47.62	1.2	0.998844	22.1243	1.29960	806.14	1.04764	3.26	0
796	11:48:53.66	0.0615	21.11795	21.80	47.62	1.2	0.998832	22.1243	1.29960	806.14	1.04765	3.26	0
797	11:48:53.96	0.0615	21.11809	21.80	47.62	1.2	0.998838	22.1245	1.29956	806.16	1.04765	3.26	0
798	11:48:54.26	0.0615	21.11809	21.80	47.62	1.2	0.998838	22.1236	1.29956	806.12	1.04762	3.26	0
799	11:48:54.56	0.0620	21.11795	21.79	47.62	1.2	0.998826	22.1250	1.29960	806.16	1.04768	3.26	0
800	11:48:54.86	0.0635	21.11739	21.79	47.62	1.2	0.998802	22.1238	1.29960	806.14	1.04766	3.26	0
801	11:48:55.16	0.0625	21.11767	21.80	47.62	1.2	0.998814	22.1238	1.29956	806.14	1.04764	3.26	0
802	11:48:55.46	0.0630	21.11753	21.80	47.62	1.2	0.998808	22.1235	1.29960	806.14	1.04764	3.26	0
803	11:48:55.76	0.0630	21.11746	21.80	47.62	1.2	0.998808	22.1243	1.29960	806.14	1.04768	3.26	0
804	11:48:56.06	0.0605	21.11844	21.80	47.62	1.2	0.998856	22.1245	1.29960	806.14	1.04764	3.26	0
805	11:48:56.36	0.0625	21.11774	21.80	47.62	1.2	0.998820	22.1239	1.29960	806.14	1.04764	3.26	0
806	11:48:56.66	0.0620	21.11781	21.80	47.62	1.2	0.998826	22.1237	1.29960	806.12	1.04763	3.26	0
807	11:48:56.96	0.0635	21.11732	21.80	47.62	1.2	0.998802	22.1232	1.29956	806.14	1.04763	3.26	0
808	11:48:57.26	0.0605	21.11844	21.80	47.62	1.2	0.998856	22.1242	1.29960	806.12	1.04762	3.26	0
809	11:48:57.56	0.0630	21.11753	21.80	47.62	1.2	0.998808	22.1238	1.29960	806.14	1.04765	3.26	0
810	11:48:57.86	0.0625	21.11774	21.80	47.62	1.2	0.998820	22.1242	1.29960	806.14	1.04766	3.26	0
811	11:48:58.16	0.0635	21.11725	21.80	47.62	1.2	0.998796	22.1239	1.29960	806.14	1.04767	3.26	0
812	11:48:58.46	0.0635	21.11739	21.80	47.62	1.2	0.998802	22.1241	1.29960	806.14	1.04768	3.26	0
813	11:48:58.76	0.0620	21.11788	21.79	47.62	1.2	0.998826	22.1234	1.29956	806.12	1.04762	3.26	0
814	11:48:59.06	0.0635	21.11746	21.79	47.62	1.2	0.998802	22.1238	1.29960	806.14	1.04766	3.26	0
815	11:48:59.36	0.0630	21.11739	21.80	47.62	1.2	0.998802	22.1235	1.29960	806.12	1.04764	3.26	0
816	11:48:59.66	0.0610	21.11830	21.80	47.62	1.2	0.998844	22.1243	1.29960	806.12	1.04764	3.26	0
817	11:48:59.96	0.0610	21.11830	21.80	47.62	1.2	0.998844	22.1247	1.29960	806.14	1.04765	3.26	0
818	11:49:00.26	0.0610	21.11830	21.80	47.62	1.2	0.998844	22.1243	1.29960	806.14	1.04764	3.26	0
819	11:49:00.56	0.0610	21.11837	21.80	47.62	1.2	0.998850	22.1247	1.29960	806.14	1.04765	3.26	0
820	11:49:00.86	0.0625	21.11767	21.80	47.62	1.2	0.998820	22.1241	1.29960	806.14	1.04766	3.26	0
821	11:49:01.16	0.0600	21.11872	21.80	47.62	1.2	0.998868	22.1245	1.29956	806.12	1.04762	3.26	0
822	11:49:01.46	0.0620	21.11795	21.80	47.62	1.2	0.998832	22.1237	1.29960	806.12	1.04763	3.26	0
823	11:49:01.76	0.0630	21.11753	21.80	47.62	1.2	0.998808	22.1238	1.29960	806.12	1.04765	3.26	0
824	11:49:02.06	0.0615	21.11802	21.80	47.62	1.2	0.998832	22.1236	1.29960	806.12	1.04762	3.26	0
825	11:49:02.36	0.0620	21.11781	21.80	47.62	1.2	0.998820	22.1245	1.29960	806.14	1.04767	3.26	0
826	11:49:02.66	0.0625	21.11760	21.80	47.62	1.2	0.998814	22.1248	1.29960	806.16	1.04769	3.26	0
827	11:49:02.96	0.0610	21.11823	21.80	47.62	1.2	0.998844	22.1245	1.29960	806.14	1.04765	3.26	0
828	11:49:03.26	0.0615	21.11809	21.80	47.62	1.2	0.998838	22.1243	1.29960	806.12	1.04765	3.26	0
829	11:49:03.56	0.0610	21.11816	21.80	47.62	1.2	0.998844	22.1243	1.29960	806.14	1.04764	3.26	0
830	11:49:03.86	0.0625	21.11760	21.80	47.62	1.2	0.998814	22.1246	1.29964	806.14	1.04768	3.26	0
831	11:49:04.16	0.0630	21.11739	21.80	47.62	1.2	0.998802	22.1238	1.29960	806.14	1.04765	3.26	0
832	11:49:04.46	0.0620	21.11795	21.80	47.62	1.2	0.998832	22.1237	1.29956	806.12	1.04762	3.26	0
833	11:49:04.76	0.0630	21.11753	21.80	47.62	1.2	0.998808	22.1229	1.29956	806.12	1.04761	3.26	0
834	11:49:05.06	0.0625	21.11760	21.80	47.62	1.2	0.998814	22.1238	1.29960	806.14	1.04765	3.26	0
835	11:49:05.36	0.0615	21.11809	21.80	47.62	1.2	0.998838	22.1238	1.29960	806.12	1.04763	3.26	0
836	11:49:05.66	0.0630	21.11753	21.80	47.62	1.2	0.998814	22.1246	1.29960	806.16	1.04769	3.26	0
837	11:49:05.97	0.0635	21.11732	21.80	47.62	1.2	0.998802	22.1243	1.29960	806.14	1.04768	3.26	0
838	11:49:06.26	0.0625	21.11774	21.80	47.62	1.2	0.998820	22.1241	1.29960	806.14	1.04765	3.26	0
839	11:49:06.56	0.0625	21.11767	21.80	47.62	1.2	0.998814	22.1240	1.29960	806.14	1.04765	3.26	0
840	11:49:06.86	0.0645	21.11683	21.80	47.62	1.2	0.998778	22.1238	1.29964	806.14	1.04768	3.26	0
841	11:49:07.16	0.0635	21.11732	21.79	47.62	1.2	0.998796	22.1240	1.29960	806.14	1.04767	3.26	0
842	11:49:07.46	0.0615	21.11823	21.79	47.62	1.2	0.998838	22.1246	1.29960	806.14	1.04765	3.26	0
843	11:49:07.76	0.0630	21.11739	21.80	47.62	1.2	0.998802	22.1243	1.29960	806.16	1.04768	3.26	0
844	11:49:08.06	0.0615	21.11809	21.80	47.62	1.2	0.998838	22.1234	1.29956	806.12	1.04760	3.26	0
845	11:49:08.36	0.0625	21.11774	21.80	47.62	1.2	0.998820	22.1232	1.29960	806.12	1.04761	3.26	0
846	11:49:08.66	0.0645	21.11690	21.80	47.62	1.2	0.998784	22.1234	1.29960	806.14	1.04766	3.26	0
847	11:49:08.97	0.0625	21.11767	21.80	47.62	1.2	0.998814	22.1241	1.29960	806.14	1.04765	3.26	0
848	11:49:09.26	0.0615	21.11809	21.80	47.62	1.2	0.998838	22.1243	1.29960	806.14	1.04765	3.26	0
849	11:49:09.56	0.0585	21.11928	21.80	47.62	1.2	0.998892	22.1245	1.29956	806.12	1.04760	3.26	0
850	11:49:09.86	0.0630	21.11753	21.80	47.62	1.2	0.998808	22.1245	1.29964	806.14	1.04769	3.26	0
851	11:49:10.16	0.0615	21.11802	21.80	47.62	1.2	0.998832	22.1236	1.29960	806.12	1.04762	3.26	0
852	11:49:10.46	0.0620	21.11788	21.80	47.62	1.2	0.998826	22.1241	1.29960	806.14	1.04765	3.26	0
853	11:49:10.76	0.0620	21.11788	21.80	47.62	1.2	0.998826	22.1247	1.29960	806.16	1.04768	3.26	0
854	11:49:11.06	0.0615	21.11816	21.80	47.62	1.2	0.998838	22.1241	1.29956	806.14	1.04764	3.26	0
855	11:49:11.36	0.0630	21.11739	21.80	47.62	1.2	0.998808	22.1243	1.29960	806.14	1.04768	3.26	0
856	11:49:11.66	0.0630	21.11739	21.80	47.62	1.2	0.998802	22.1233	1.29960	806.14	1.04764	3.26	0
857	11:49:11.96	0.0630	21.11760	21.79	47.62	1.2	0.998808	22.1239	1.29960	806.14	1.04765	3.26	0
858	11:49:12.26	0.0620	21.11788	21.79	47.62	1.2	0.998826	22.1245	1.29960	806.14	1.04767	3.26	0
859	11:49:12.56	0.0610	21.11837	21.80	47.62	1.2	0.998850	22.1236	1.29956	806.12	1.04761	3.26	0
860	11:49:12.86	0.0610	21.11823	21.80	47.62	1.2	0.998844	22.1241	1.29960	806.12	1.04763	3.26	0
861	11:49:13.16	0.0630	21.11746	21.80	47.62	1.2	0.998808	22.1239	1.29960	806.14	1.04766	3.26	0
862	11:49:13.46	0.0630	21.11753	21.80	47.62	1.2	0.998808	22.1241	1.29960	806.14	1.04766	3.26	0
863	11:49:13.76	0.0630	21.11739	21.80	47.62	1.2	0.998802	22.1241	1.29960	806.14	1.04767	3.26	0
864	11:49:14.06	0.0630	21.11753	21.80	47.62	1.2	0.998808	22.1243	1.29960	806.14	1.04768	3.26	0
865	11:49:14.36	0.0625	21.11767	21.80	47.62	1.2	0.998814	22.1243	1.29960	806.14	1.04767	3.26	0
866	11:49:14.66	0.0615	21.11809	21.80	47.62	1.2	0.998838	22.1245	1.29960	806.14	1.04766	3.26	0
867	11:49:14.96	0.0620	21.11795	21.80	47.62	1.2	0.998832	22.1237	1.29956	806.12	1.04763	3.26	0
868	11:49:15.26	0.0610	21.11823	21.80	47.62	1.2	0.998844	22.1243	1.29960	806.12	1.04764	3.26	0
869	11:49:15.56	0.0630	21.11739	21.80	47.62	1.2	0.998802	22.1236	1.29960	806.14	1.04765	3.26	0
870	11:49:15.86	0.0630	21.11746	21.80	47.62	1.2	0.998808	22.1236	1.29960	806.14	1.04764	3.26	0
871	11:49:16.16	0.0610	21.11830	21.80	47.62	1.2	0.998844	22.1236	1.29956	806.12	1.04761	3.26	0
872	11:49:16.46	0.0625	21.11774	21.80	47.62	1.2	0.998820	22.1231	1.29956	806.12	1.04761	3.26	0
873	11:49:16.76	0.0625	21.11788	21.79	47.62	1.2	0.998820	22.1236	1.29956	806.12	1.04762	3.26	0
874	11:49:17.06	0.0610	21.11837	21.79	47.62	1.2	0.998844	22.1241	1.29956	806.14	1.04762	3.26	0
875	11:49:17.36	0.0630	21.11739	21.80	47.62	1.2	0.998802	22.1234	1.29960	806.12	1.04764	3.26	0
876	11:49:17.66	0.0630	21.11746	21.80	47.62	1.2	0.998808	22.1233	1.29960	806.12	1.04763	3.26	0
877	11:49:17.96	0.0595	21.11900	21.79	47.62	1.2	0.998874	22.1243	1.29956	806.12	1.04760	3.26	0
878	11:49:18.26	0.0620	21.11802	21.79	47.62	1.2	0.998832	22.1240	1.29960	806.12	1.04764	3.26	0
879	11:49:18.56	0.0615	21.11802	21.80	47.62	1.2	0.998832	22.1238	1.29960	806.12	1.04762	3.26	0
880	11:49:18.86	0.0615	21.11802	21.80	47.62	1.2	0.998832	22.1242	1.29960	806.12	1.04764	3.26	0
881	11:49:19.16	0.0615	21.11809	21.80	47.62	1.2	0.998838	22.1242	1.29960	806.12	1.04764	3.26	0
882	11:49:19.46	0.0615	21.11816	21.80	47.62	1.2	0.998838	22.1239	1.29956	806.12	1.04762	3.26	0
883	11:49:19.76	0.0620	21.11795	21.80	47.62	1.2	0.998832	22.1238	1.29960	806.12	1.04763	3.26	0
884	11:49:20.06	0.0630	21.11746	21.80	47.62	1.2	0.998808	22.1237	1.29960	806.12	1.04765	3.26	0
885	11:49:20.36	0.0620	21.11788	21.80	47.62	1.2	0.998826	22.1236	1.29956	806.12	1.04762	3.26	0
886	11:49:20.66	0.0630	21.11746	21.80	47.62	1.2	0.998808	22.1242	1.29960	806.14	1.04767	3.26	0
887	11:49:20.96	0.0630	21.11753	21.79	47.62	1.2	0.998802	22.1238	1.29960	806.14	1.04765	3.26	0
888	11:49:21.26	0.0625	21.11774	21.79	47.62	1.2	0.998814	22.1239	1.29960	806.14	1.04765	3.26	0
889	11:49:21.56	0.0595	21.11879	21.80	47.62	1.2	0.998868	22.1245	1.29956	806.12	1.04762	3.26	0
890	11:49:21.86	0.0625	21.11774	21.80	47.62	1.2	0.998820	22.1241	1.29960	806.14	1.04765	3.26	0
891	11:49:22.16	0.0615	21.11809	21.80	47.62	1.2	0.998838	22.1242	1.29960	806.14	1.04764	3.26	0
892	11:49:22.46	0.0620	21.11788	21.80	47.62	1.2	0.998826	22.1238	1.29960	806.12	1.04764	3.26	0
893	11:49:22.76	0.0630	21.11760	21.80	47.62	1.2	0.998814	22.1245	1.29960	806.16	1.04768	3.26	0
894	11:49:23.06	0.0630	21.11739	21.80	47.62	1.2	0.998802	22.1239	1.29960	806.14	1.04767	3.26	0
895	11:49:23.36	0.0610	21.11823	21.80	47.62	1.2	0.998844	22.1248	1.29960	806.14	1.04767	3.26	0
896	11:49:23.66	0.0615	21.11809	21.80	47.62	1.2	0.998838	22.1248	1.29964	806.14	1.04767	3.26	0
897	11:49:23.96	0.0630	21.11767	21.79	47.62	1.2	0.998808	22.1247	1.29964	806.14	1.04769	3.26	0
898	11:49:24.26	0.0625	21.11781	21.79	47.62	1.2	0.998820	22.1245	1.29960	806.14	1.04767	3.26	0
899	11:49:24.56	0.0620	21.11781	21.80	47.62	1.2	0.998826	22.1246	1.29960	806.14	1.04767	3.26	0
900	11:49:24.86	0.0630	21.11753	21.80	47.62	1.2	0.998814	22.1245	1.29960	806.14	1.04768	3.26	0
901	11:49:25.16	0.0620	21.11795	21.80	47.62	1.2	0.998826	22.1249	1.29960	806.16	1.04768	3.26	0
902	11:49:25.46	0.0615	21.11816	21.80	47.62	1.2	0.998838	22.1253	1.29964	806.14	1.04770	3.26	0
903	11:49:25.76	0.0635	21.11732	21.80	47.62	1.2	0.998802	22.1243	1.29960	806.14	1.04768	3.26	0
904	11:49:26.06	0.0625	21.11767	21.80	47.62	1.2	0.998820	22.1241	1.29960	806.14	1.04765	3.26	0
905	11:49:26.36	0.0625	21.11774	21.80	47.62	1.2	0.998820	22.1247	1.29960	806.14	1.04768	3.26	0
906	11:49:26.66	0.0620	21.11788	21.80	47.62	1.2	0.998826	22.1238	1.29960	806.14	1.04764	3.26	0
907	11:49:26.96	0.0625	21.11774	21.80	47.62	1.2	0.998820	22.1239	1.29960	806.14	1.04764	3.26	0
908	11:49:27.26	0.0620	21.11788	21.80	47.62	1.2	0.998826	22.1246	1.29960	806.14	1.04767	3.26	0
909	11:49:27.56	0.0615	21.11816	21.80	47.62	1.2	0.998838	22.1247	1.29960	806.14	1.04767	3.26	0
910	11:49:27.86	0.0605	21.11858	21.80	47.62	1.2	0.998862	22.1245	1.29960	806.14	1.04764	3.26	0
911	11:49:28.16	0.0630	21.11760	21.79	47.62	1.2	0.998808	22.1238	1.29960	806.14	1.04765	3.26	0
912	11:49:28.46	0.0625	21.11774	21.79	47.62	1.2	0.998814	22.1243	1.29960	806.14	1.04767	3.26	0
913	11:49:28.76	0.0610	21.11844	21.79	47.62	1.2	0.998850	22.1243	1.29960	806.12	1.04763	3.26	0
914	11:49:29.06	0.0620	21.11802	21.79	47.62	1.2	0.998832	22.1239	1.29960	806.12	1.04764	3.26	0
915	11:49:29.36	0.0615	21.11816	21.80	47.62	1.2	0.998838	22.1244	1.29960	806.12	1.04765	3.26	0
916	11:49:29.66	0.0605	21.11851	21.80	47.62	1.2	0.998856	22.1241	1.29956	806.12	1.04762	3.26	0
917	11:49:29.96	0.0640	21.11718	21.79	47.62	1.2	0.998790	22.1243	1.29960	806.16	1.04769	3.26	0
918	11:49:30.26	0.0620	21.11795	21.79	47.62	1.2	0.998826	22.1244	1.29960	806.14	1.04766	3.26	0
919	11:49:30.56	0.0625	21.11767	21.80	47.62	1.2	0.998820	22.1241	1.29960	806.14	1.04766	3.26	0
920	11:49:30.86	0.0620	21.11781	21.80	47.62	1.2	0.998826	22.1241	1.29960	806.14	1.04765	3.26	0
921	11:49:31.16	0.0645	21.11697	21.80	47.62	1.2	0.998784	22.1237	1.29960	806.14	1.04768	3.26	0
922	11:49:31.46	0.0620	21.11781	21.80	47.62	1.2	0.998820	22.1238	1.29960	806.14	1.04764	3.26	0
923	11:49:31.76	0.0630	21.11760	21.79	47.62	1.2	0.998808	22.1238	1.29960	806.14	1.04765	3.26	0
924	11:49:32.06	0.0610	21.11830	21.79	47.62	1.2	0.998844	22.1241	1.29956	806.12	1.04763	3.26	0
925	11:49:32.36	0.0625	21.11788	21.79	47.62	1.2	0.998820	22.1241	1.29960	806.14	1.04765	3.26	0
926	11:49:32.66	0.0630	21.11753	21.79	47.62	1.2	0.998802	22.1244	1.29964	806.14	1.04768	3.26	0
927	11:49:32.96	0.0630	21.11746	21.80	47.62	1.2	0.998808	22.1243	1.29960	806.14	1.04768	3.26	0
928	11:49:33.26	0.0620	21.11788	21.80	47.62	1.2	0.998826	22.1244	1.29960	806.14	1.04767	3.26	0
929	11:49:33.56	0.0630	21.11746	21.80	47.62	1.2	0.998808	22.1245	1.29960	806.16	1.04769	3.26	0
930	11:49:33.86	0.0615	21.11802	21.80	47.62	1.2	0.998832	22.1241	1.29960	806.14	1.04764	3.26	0
931	11:49:34.16	0.0635	21.11725	21.80	47.62	1.2	0.998796	22.1244	1.29964	806.16	1.04769	3.26	0
932	11:49:34.46	0.0600	21.11858	21.80	47.62	1.2	0.998862	22.1245	1.29960	806.12	1.04763	3.26	0
933	11:49:34.76	0.0630	21.11753	21.80	47.62	1.2	0.998808	22.1239	1.29960	806.14	1.04765	3.26	0
934	11:49:35.06	0.0635	21.11725	21.80	47.62	1.2	0.998796	22.1241	1.29960	806.14	1.04768	3.26	0
935	11:49:35.36	0.0620	21.11795	21.79	47.62	1.2	0.998826	22.1243	1.29960	806.14	1.04765	3.26	0
936	11:49:35.66	0.0645	21.11690	21.79	47.62	1.2	0.998778	22.1236	1.29960	806.14	1.04767	3.26	0
937	11:49:35.96	0.0610	21.11830	21.80	47.62	1.2	0.998850	22.1246	1.29960	806.14	1.04765	3.26	0
938	11:49:36.26	0.0610	21.11823	21.80	47.62	1.2	0.998844	22.1246	1.29960	806.14	1.04765	3.26	0
939	11:49:36.56	0.0625	21.11767	21.80	47.62	1.2	0.998814	22.1243	1.29960	806.14	1.04767	3.26	0
940	11:49:36.86	0.0600	21.11872	21.80	47.62	1.2	0.998868	22.1241	1.29956	806.12	1.04761	3.26	0
941	11:49:37.16	0.0625	21.11760	21.80	47.62	1.2	0.998814	22.1243	1.29960	806.14	1.04767	3.26	0
942	11:49:37.46	0.0625	21.11760	21.80	47.62	1.2	0.998814	22.1243	1.29960	806.14	1.04767	3.26	0
943	11:49:37.76	0.0610	21.11816	21.80	47.62	1.2	0.998844	22.1243	1.29960	806.14	1.04764	3.26	0
944	11:49:38.06	0.0630	21.11739	21.80	47.62	1.2	0.998802	22.1241	1.29960	806.14	1.04768	3.26	0
945	11:49:38.36	0.0620	21.11788	21.80	47.62	1.2	0.998826	22.1245	1.29960	806.14	1.04767	3.26	0
946	11:49:38.66	0.0640	21.11718	21.80	47.62	1.2	0.998790	22.1241	1.29960	806.14	1.04768	3.26	0
947	11:49:38.96	0.0635	21.11725	21.80	47.62	1.2	0.998796	22.1241	1.29964	806.14	1.04768	3.26	0
948	11:49:39.26	0.0625	21.11767	21.80	47.62	1.2	0.998820	22.1251	1.29964	806.16	1.04771	3.26	0
949	11:49:39.56	0.0645	21.11683	21.80	47.62	1.2	0.998778	22.1253	1.29964	806.18	1.04776	3.26	0
950	11:49:39.86	0.0610	21.11830	21.80	47.62	1.2	0.998844	22.1247	1.29960	806.14	1.04765	3.26	0
951	11:49:40.16	0.0605	21.11844	21.80	47.62	1.2	0.998856	22.1243	1.29956	806.12	1.04762	3.26	0
952	11:49:40.46	0.0620	21.11781	21.80	47.62	1.2	0.998820	22.1245	1.29960	806.14	1.04767	3.26	0
953	11:49:40.76	0.0630	21.11753	21.80	47.62	1.2	0.998808	22.1246	1.29964	806.14	1.04769	3.26	0
954	11:49:41.06	0.0630	21.11760	21.80	47.62	1.2	0.998814	22.1240	1.29960	806.14	1.04766	3.26	0
955	11:49:41.36	0.0600	21.11858	21.80	47.62	1.2	0.998862	22.1252	1.29960	806.16	1.04767	3.26	0
956	11:49:41.66	0.0625	21.11774	21.80	47.62	1.2	0.998820	22.1243	1.29960	806.14	1.04766	3.26	0
957	11:49:41.96	0.0630	21.11746	21.80	47.62	1.2	0.998808	22.1237	1.29960	806.14	1.04765	3.26	0
958	11:49:42.26	0.0625	21.11774	21.80	47.62	1.2	0.998820	22.1245	1.29960	806.14	1.04768	3.26	0
959	11:49:42.56	0.0635	21.11725	21.80	47.62	1.2	0.998796	22.1243	1.29960	806.16	1.04768	3.26	0
960	11:49:42.86	0.0625	21.11774	21.80	47.62	1.2	0.998820	22.1236	1.29960	806.12	1.04763	3.26	0
961	11:49:43.16	0.0605	21.11851	21.80	47.62	1.2	0.998856	22.1239	1.29956	806.12	1.04761	3.26	0
962	11:49:43.46	0.0600	21.11872	21.80	47.62	1.2	0.998868	22.1245	1.29956	806.12	1.04762	3.26	0
963	11:49:43.76	0.0620	21.11788	21.80	47.62	1.2	0.998826	22.1237	1.29960	806.12	1.04763	3.26	0
964	11:49:44.06	0.0650	21.11662	21.80	47.62	1.2	0.998766	22.1240	1.29964	806.16	1.04771	3.26	0
965	11:49:44.36	0.0630	21.11739	21.80	47.62	1.2	0.998802	22.1240	1.29960	806.14	1.04767	3.26	0
966	11:49:44.66	0.0625	21.11760	21.80	47.62	1.2	0.998814	22.1241	1.29960	806.14	1.04766	3.26	0
967	11:49:44.96	0.0615	21.11802	21.80	47.62	1.2	0.998832	22.1238	1.29960	806.12	1.04762	3.26	0
968	11:49:45.26	0.0610	21.11837	21.80	47.62	1.2	0.998850	22.1249	1.29960	806.14	1.04767	3.26	0
969	11:49:45.56	0.0625	21.11774	21.80	47.62	1.2	0.998820	22.1250	1.29964	806.16	1.04770	3.26	0
970	11:49:45.86	0.0625	21.11767	21.80	47.62	1.2	0.998814	22.1244	1.29960	806.14	1.04768	3.26	0
971	11:49:46.16	0.0630	21.11746	21.80	47.62	1.2	0.998808	22.1243	1.29960	806.14	1.04768	3.26	0
972	11:49:46.46	0.0640	21.11711	21.80	47.62	1.2	0.998790	22.1247	1.29964	806.16	1.04771	3.26	0
973	11:49:46.76	0.0645	21.11669	21.81	47.62	1.2	0.998778	22.1243	1.29964	806.16	1.04772	3.26	0
974	11:49:47.06	0.0635	21.11718	21.81	47.62	1.2	0.998796	22.1255	1.29964	806.18	1.04775	3.26	0
975	11:49:47.36	0.0620	21.11781	21.80	47.62	1.2	0.998820	22.1242	1.29960	806.14	1.04765	3.26	0
976	11:49:47.66	0.0630	21.11739	21.80	47.62	1.2	0.998802	22.1241	1.29960	806.14	1.04767	3.26	0
977	11:49:47.96	0.0625	21.11760	21.81	47.62	1.2	0.998814	22.1241	1.29960	806.14	1.04766	3.26	0
978	11:49:48.26	0.0625	21.11760	21.81	47.62	1.2	0.998820	22.1245	1.29960	806.14	1.04768	3.26	0
979	11:49:48.56	0.0620	21.11788	21.80	47.62	1.2	0.998826	22.1245	1.29960	806.14	1.04767	3.26	0
980	11:49:48.86	0.0620	21.11788	21.80	47.62	1.2	0.998826	22.1248	1.29960	806.14	1.04768	3.26	0
981	11:49:49.16	0.0605	21.11844	21.80	47.62	1.2	0.998850	22.1250	1.29960	806.14	1.04766	3.26	0
982	11:49:49.46	0.0630	21.11753	21.80	47.62	1.2	0.998808	22.1249	1.29964	806.16	1.04770	3.26	0
983	11:49:49.76	0.0615	21.11788	21.81	47.62	1.2	0.998832	22.1247	1.29960	806.14	1.04767	3.26	0
984	11:49:50.06	0.0615	21.11795	21.81	47.62	1.2	0.998838	22.1256	1.29964	806.16	1.04771	3.26	0
985	11:49:50.36	0.0635	21.11732	21.80	47.62	1.2	0.998802	22.1251	1.29964	806.16	1.04772	3.26	0
986	11:49:50.66	0.0600	21.11858	21.80	47.62	1.2	0.998862	22.1253	1.29960	806.14	1.04767	3.26	0
987	11:49:50.96	0.0635	21.11725	21.81	47.62	1.2	0.998802	22.1250	1.29964	806.16	1.04773	3.26	0
988	11:49:51.26	0.0620	21.11781	21.81	47.62	1.2	0.998826	22.1245	1.29960	806.14	1.04767	3.26	0
989	11:49:51.56	0.0615	21.11809	21.80	47.62	1.2	0.998838	22.1248	1.29960	806.14	1.04767	3.26	0
990	11:49:51.86	0.0625	21.11774	21.80	47.62	1.2	0.998820	22.1250	1.29960	806.16	1.04770	3.26	0
991	11:49:52.16	0.0620	21.11788	21.81	47.62	1.2	0.998832	22.1252	1.29960	806.16	1.04770	3.26	0
992	11:49:52.46	0.0615	21.11802	21.81	47.62	1.2	0.998838	22.1250	1.29960	806.16	1.04769	3.26	0
993	11:49:52.76	0.0620	21.11781	21.80	47.62	1.2	0.998820	22.1245	1.29960	806.14	1.04767	3.26	0
994	11:49:53.06	0.0630	21.11753	21.80	47.62	1.2	0.998808	22.1249	1.29964	806.16	1.04771	3.26	0
995	11:49:53.36	0.0620	21.11774	21.81	47.62	1.2	0.998826	22.1248	1.29960	806.16	1.04768	3.26	0
996	11:49:53.66	0.0615	21.11788	21.81	47.62	1.2	0.998832	22.1248	1.29960	806.14	1.04768	3.26	0
997	11:49:53.96	0.0615	21.11802	21.80	47.62	1.2	0.998832	22.1253	1.29964	806.16	1.04770	3.26	0
998	11:49:54.26	0.0615	21.11816	21.80	47.62	1.2	0.998838	22.1245	1.29960	806.14	1.04765	3.26	0
999	11:49:54.56	0.0625	21.11753	21.81	47.62	1.2	0.998814	22.1241	1.29960	806.14	1.04766	3.26	0
1000	11:49:54.86	0.0625	21.11760	21.81	47.62	1.2	0.998820	22.1250	1.29960	806.16	1.04770	3.26	0
1001	11:49:55.16	0.0595	21.11879	21.81	47.62	1.2	0.998874	22.1241	1.29956	806.12	1.04761	3.26	0
1002	11:49:55.46	0.0610	21.11809	21.81	47.62	1.2	0.998844	22.1246	1.29960	806.14	1.04766	3.26	0
1003	11:49:55.76	0.0635	21.11725	21.81	47.62	1.2	0.998802	22.1241	1.29960	806.14	1.04768	3.26	0
1004	11:49:56.06	0.0610	21.11823	21.81	47.62	1.2	0.998850	22.1252	1.29960	806.16	1.04768	3.26	0
1005	11:49:56.36	0.0625	21.11746	21.81	47.62	1.2	0.998814	22.1240	1.29960	806.14	1.04766	3.26	0
1006	11:49:56.66	0.0625	21.11753	21.81	47.62	1.2	0.998814	22.1248	1.29964	806.16	1.04770	3.26	0
1007	11:49:56.96	0.0630	21.11753	21.80	47.62	1.2	0.998808	22.1249	1.29964	806.16	1.04770	3.26	0
1008	11:49:57.26	0.0620	21.11788	21.80	47.62	1.2	0.998826	22.1248	1.29960	806.16	1.04768	3.26	0
1009	11:49:57.56	0.0635	21.11711	21.81	47.62	1.2	0.998796	22.1248	1.29964	806.16	1.04772	3.26	0
1010	11:49:57.86	0.0620	21.11788	21.81	47.62	1.2	0.998832	22.1247	1.29960	806.14	1.04768	3.26	0
1011	11:49:58.16	0.0620	21.11774	21.81	47.62	1.2	0.998826	22.1243	1.29960	806.14	1.04767	3.26	0
1012	11:49:58.46	0.0610	21.11823	21.81	47.62	1.2	0.998850	22.1250	1.29960	806.14	1.04767	3.26	0
1013	11:49:58.76	0.0620	21.11788	21.80	47.62	1.2	0.998826	22.1245	1.29960	806.14	1.04767	3.26	0
1014	11:49:59.06	0.0610	21.11823	21.80	47.62	1.2	0.998844	22.1245	1.29960	806.14	1.04765	3.26	0
1015	11:49:59.36	0.0630	21.11753	21.80	47.62	1.2	0.998814	22.1245	1.29960	806.16	1.04768	3.26	0
1016	11:49:59.66	0.0640	21.11704	21.80	47.62	1.2	0.998790	22.1250	1.29964	806.16	1.04773	3.26	0
1017	11:49:59.96	0.0625	21.11767	21.81	47.62	1.2	0.998820	22.1248	1.29960	806.16	1.04769	3.26	0
1018	11:50:00.26	0.0610	21.11823	21.81	47.62	1.2	0.998850	22.1252	1.29960	806.16	1.04768	3.26	0
1019	11:50:00.56	0.0615	21.11816	21.80	47.62	1.2	0.998838	22.1256	1.29964	806.16	1.04771	3.26	0
1020	11:50:00.86	0.0635	21.11718	21.80	47.62	1.2	0.998796	22.1257	1.29964	806.18	1.04776	3.26	0
1021	11:50:01.16	0.0620	21.11781	21.81	47.62	1.2	0.998832	22.1257	1.29964	806.16	1.04773	3.26	0
1022	11:50:01.46	0.0620	21.11774	21.81	47.62	1.2	0.998826	22.1249	1.29960	806.16	1.04770	3.26	0
1023	11:50:01.76	0.0620	21.11788	21.81	47.62	1.2	0.998832	22.1249	1.29960	806.16	1.04768	3.26	0
1024	11:50:02.06	0.0615	21.11788	21.81	47.62	1.2	0.998832	22.1252	1.29964	806.16	1.04770	3.26	0
1025	11:50:02.36	0.0635	21.11711	21.81	47.62	1.2	0.998796	22.1255	1.29964	806.18	1.04775	3.26	0
1026	11:50:02.66	0.0615	21.11802	21.81	47.62	1.2	0.998838	22.1257	1.29964	806.16	1.04772	3.26	0
1027	11:50:02.96	0.0625	21.11760	21.81	47.62	1.2	0.998820	22.1254	1.29964	806.16	1.04772	3.26	0
1028	11:50:03.26	0.0620	21.11781	21.81	47.62	1.2	0.998826	22.1249	1.29960	806.16	1.04769	3.26	0
1029	11:50:03.56	0.0620	21.11788	21.81	47.62	1.2	0.998832	22.1250	1.29960	806.16	1.04769	3.26	0
1030	11:50:03.86	0.0615	21.11788	21.81	47.62	1.2	0.998832	22.1249	1.29960	806.14	1.04768	3.26	0
1031	11:50:04.16	0.0615	21.11788	21.81	47.62	1.2	0.998832	22.1252	1.29960	806.16	1.04770	3.26	0
1032	11:50:04.46	0.0615	21.11795	21.81	47.62	1.2	0.998838	22.1252	1.29964	806.16	1.04770	3.26	0
1033	11:50:04.76	0.0615	21.11795	21.81	47.62	1.2	0.998838	22.1250	1.29964	806.14	1.04768	3.26	0
1034	11:50:05.06	0.0605	21.11830	21.81	47.62	1.2	0.998850	22.1249	1.29960	806.14	1.04766	3.26	0
1035	11:50:05.36	0.0620	21.11781	21.81	47.62	1.2	0.998832	22.1249	1.29960	806.16	1.04769	3.26	0
1036	11:50:05.66	0.0615	21.11795	21.81	47.62	1.2	0.998832	22.1248	1.29960	806.16	1.04768	3.26	0
1037	11:50:05.96	0.0610	21.11809	21.81	47.62	1.2	0.998844	22.1245	1.29960	806.14	1.04766	3.26	0
1038	11:50:06.26	0.0625	21.11753	21.81	47.62	1.2	0.998814	22.1250	1.29960	806.16	1.04771	3.26	0
1039	11:50:06.56	0.0620	21.11781	21.81	47.62	1.2	0.998826	22.1256	1.29964	806.18	1.04772	3.26	0
1040	11:50:06.86	0.0595	21.11879	21.81	47.62	1.2	0.998874	22.1250	1.29960	806.14	1.04765	3.26	0
1041	11:50:07.16	0.0615	21.11795	21.81	47.62	1.2	0.998838	22.1255	1.29964	806.16	1.04771	3.26	0
1042	11:50:07.46	0.0625	21.11746	21.81	47.62	1.2	0.998814	22.1253	1.29964	806.16	1.04773	3.26	0
1043	11:50:07.76	0.0620	21.11781	21.81	47.62	1.2	0.998826	22.1255	1.29964	806.18	1.04772	3.26	0
1044	11:50:08.06	0.0605	21.11837	21.81	47.62	1.2	0.998850	22.1252	1.29960	806.14	1.04768	3.26	0
1045	11:50:08.36	0.0615	21.11795	21.81	47.62	1.2	0.998832	22.1248	1.29960	806.16	1.04767	3.26	0
1046	11:50:08.66	0.0625	21.11753	21.81	47.62	1.2	0.998814	22.1250	1.29960	806.18	1.04771	3.26	0
1047	11:50:08.96	0.0630	21.11725	21.81	47.62	1.2	0.998802	22.1250	1.29964	806.16	1.04772	3.26	0
1048	11:50:09.26	0.0630	21.11739	21.81	47.62	1.2	0.998808	22.1253	1.29964	806.18	1.04773	3.26	0
1049	11:50:09.56	0.0620	21.11781	21.81	47.62	1.2	0.998826	22.1249	1.29960	806.16	1.04769	3.26	0
1050	11:50:09.86	0.0620	21.11774	21.81	47.62	1.2	0.998826	22.1256	1.29964	806.18	1.04773	3.26	0
1051	11:50:10.16	0.0635	21.11711	21.81	47.62	1.2	0.998796	22.1252	1.29964	806.18	1.04774	3.26	0
1052	11:50:10.46	0.0625	21.11760	21.81	47.62	1.2	0.998814	22.1255	1.29964	806.16	1.04773	3.26	0
1053	11:50:10.76	0.0625	21.11760	21.81	47.62	1.2	0.998814	22.1254	1.29964	806.18	1.04773	3.26	0
1054	11:50:11.06	0.0615	21.11809	21.81	47.62	1.2	0.998838	22.1259	1.29964	806.18	1.04773	3.26	0
1055	11:50:11.36	0.0640	21.11690	21.81	47.62	1.2	0.998784	22.1251	1.29964	806.18	1.04774	3.26	0
1056	11:50:11.66	0.0610	21.11816	21.81	47.62	1.2	0.998844	22.1259	1.29960	806.18	1.04772	3.26	0
1057	11:50:11.96	0.0620	21.11774	21.82	47.62	1.2	0.998832	22.1252	1.29964	806.16	1.04770	3.26	0
1058	11:50:12.26	0.0620	21.11774	21.82	47.62	1.2	0.998832	22.1252	1.29960	806.16	1.04771	3.26	0
1059	11:50:12.56	0.0610	21.11823	21.81	47.62	1.2	0.998850	22.1257	1.29964	806.16	1.04771	3.26	0
1060	11:50:12.86	0.0625	21.11753	21.81	47.62	1.2	0.998814	22.1250	1.29964	806.16	1.04771	3.26	0
1061	11:50:13.16	0.0630	21.11732	21.82	47.62	1.2	0.998808	22.1246	1.29964	806.16	1.04770	3.26	0
1062	11:50:13.46	0.0630	21.11732	21.82	47.62	1.2	0.998808	22.1251	1.29964	806.16	1.04773	3.26	0
1063	11:50:13.76	0.0620	21.11760	21.82	47.62	1.2	0.998826	22.1254	1.29964	806.16	1.04772	3.26	0
1064	11:50:14.06	0.0610	21.11816	21.82	47.62	1.2	0.998850	22.1252	1.29960	806.14	1.04768	3.26	0
1065	11:50:14.36	0.0625	21.11753	21.81	47.62	1.2	0.998814	22.1251	1.29964	806.16	1.04771	3.26	0
1066	11:50:14.66	0.0615	21.11802	21.81	47.62	1.2	0.998838	22.1257	1.29964	806.16	1.04772	3.26	0
1067	11:50:14.96	0.0605	21.11823	21.82	47.62	1.2	0.998856	22.1264	1.29964	806.18	1.04774	3.26	0
1068	11:50:15.26	0.0630	21.11725	21.82	47.62	1.2	0.998808	22.1257	1.29968	806.18	1.04776	3.26	0
1069	11:50:15.56	0.0635	21.11718	21.82	47.62	1.2	0.998802	22.1258	1.29964	806.18	1.04777	3.26	0
1070	11:50:15.86	0.0585	21.11914	21.82	47.62	1.2	0.998892	22.1259	1.29960	806.14	1.04768	3.26	0
1071	11:50:16.16	0.0610	21.11809	21.82	47.62	1.2	0.998844	22.1257	1.29964	806.16	1.04771	3.26	0
1072	11:50:16.46	0.0625	21.11746	21.82	47.62	1.2	0.998820	22.1257	1.29964	806.18	1.04774	3.26	0
1073	11:50:16.76	0.0605	21.11830	21.82	47.62	1.2	0.998856	22.1252	1.29960	806.16	1.04768	3.26	0
1074	11:50:17.06	0.0625	21.11760	21.82	47.62	1.2	0.998820	22.1262	1.29968	806.18	1.04776	3.26	0
1075	11:50:17.36	0.0610	21.11802	21.82	47.62	1.2	0.998844	22.1259	1.29964	806.18	1.04773	3.26	0
1076	11:50:17.66	0.0610	21.11802	21.82	47.62	1.2	0.998844	22.1263	1.29964	806.18	1.04774	3.26	0
1077	11:50:17.96	0.0635	21.11704	21.82	47.62	1.2	0.998796	22.1265	1.29968	806.20	1.04780	3.26	0
1078	11:50:18.26	0.0610	21.11809	21.82	47.62	1.2	0.998844	22.1261	1.29964	806.16	1.04773	3.26	0
1079	11:50:18.56	0.0605	21.11830	21.82	47.62	1.2	0.998856	22.1271	1.29964	806.20	1.04777	3.26	0
1080	11:50:18.86	0.0605	21.11823	21.82	47.62	1.2	0.998856	22.1262	1.29964	806.18	1.04773	3.26	0
1081	11:50:19.16	0.0630	21.11732	21.82	47.62	1.2	0.998808	22.1260	1.29968	806.18	1.04777	3.26	0
1082	11:50:19.46	0.0615	21.11781	21.82	47.62	1.2	0.998832	22.1259	1.29964	806.18	1.04774	3.26	0
1083	11:50:19.76	0.0600	21.11844	21.82	47.62	1.2	0.998862	22.1263	1.29964	806.18	1.04773	3.26	0
1084	11:50:20.06	0.0645	21.11669	21.82	47.62	1.2	0.998778	22.1253	1.29964	806.18	1.04777	3.26	0
1085	11:50:20.36	0.0620	21.11774	21.82	47.62	1.2	0.998832	22.1260	1.29964	806.18	1.04774	3.26	0
1086	11:50:20.66	0.0615	21.11781	21.82	47.62	1.2	0.998832	22.1262	1.29964	806.18	1.04775	3.26	0
1087	11:50:20.96	0.0615	21.11781	21.82	47.62	1.2	0.998832	22.1255	1.29964	806.16	1.04772	3.26	0
1088	11:50:21.26	0.0620	21.11767	21.82	47.62	1.2	0.998826	22.1252	1.29960	806.16	1.04771	3.26	0
1089	11:50:21.56	0.0630	21.11732	21.82	47.62	1.2	0.998808	22.1257	1.29964	806.18	1.04776	3.26	0
1090	11:50:21.86	0.0620	21.11774	21.82	47.62	1.2	0.998826	22.1262	1.29964	806.18	1.04775	3.26	0
1091	11:50:22.16	0.0615	21.11795	21.82	47.62	1.2	0.998838	22.1264	1.29964	806.18	1.04776	3.26	0
1092	11:50:22.46	0.0635	21.11704	21.82	47.62	1.2	0.998796	22.1252	1.29964	806.18	1.04774	3.26	0
1093	11:50:22.76	0.0630	21.11732	21.82	47.62	1.2	0.998808	22.1255	1.29964	806.18	1.04774	3.26	0
1094	11:50:23.06	0.0595	21.11865	21.82	47.62	1.2	0.998868	22.1262	1.29960	806.16	1.04771	3.26	0
1095	11:50:23.36	0.0625	21.11746	21.82	47.62	1.2	0.998814	22.1256	1.29964	806.18	1.04774	3.26	0
1096	11:50:23.66	0.0620	21.11760	21.82	47.62	1.2	0.998820	22.1259	1.29964	806.18	1.04775	3.26	0
1097	11:50:23.96	0.0650	21.11655	21.82	47.62	1.2	0.998772	22.1257	1.29968	806.20	1.04779	3.26	0
1098	11:50:24.26	0.0625	21.11746	21.82	47.62	1.2	0.998814	22.1257	1.29964	806.18	1.04775	3.26	0
1099	11:50:24.56	0.0605	21.11830	21.82	47.62	1.2	0.998856	22.1262	1.29964	806.18	1.04773	3.26	0
1100	11:50:24.86	0.0630	21.11725	21.82	47.58	1.2	0.998802	22.1258	1.29964	806.18	1.04776	3.26	0
1101	11:50:25.16	0.0620	21.11767	21.82	47.58	1.2	0.998826	22.1259	1.29964	806.18	1.04774	3.26	0
1102	11:50:25.46	0.0625	21.11760	21.82	47.62	1.2	0.998820	22.1257	1.29964	806.18	1.04774	3.26	0
1103	11:50:25.76	0.0620	21.11760	21.82	47.62	1.2	0.998820	22.1261	1.29964	806.18	1.04776	3.26	0
1104	11:50:26.06	0.0610	21.11802	21.82	47.62	1.2	0.998844	22.1262	1.29964	806.18	1.04774	3.26	0
1105	11:50:26.36	0.0615	21.11795	21.82	47.62	1.2	0.998838	22.1261	1.29964	806.18	1.04774	3.26	0
1106	11:50:26.66	0.0620	21.11767	21.82	47.62	1.2	0.998826	22.1264	1.29964	806.20	1.04777	3.26	0
1107	11:50:26.96	0.0620	21.11767	21.82	47.62	1.2	0.998826	22.1268	1.29968	806.20	1.04779	3.26	0
1108	11:50:27.26	0.0625	21.11739	21.82	47.62	1.2	0.998814	22.1269	1.29968	806.20	1.04780	3.26	0
1109	11:50:27.56	0.0620	21.11767	21.82	47.62	1.2	0.998826	22.1267	1.29964	806.20	1.04778	3.26	0
1110	11:50:27.86	0.0620	21.11767	21.82	47.62	1.2	0.998826	22.1263	1.29964	806.18	1.04776	3.26	0
1111	11:50:28.16	0.0635	21.11718	21.82	47.62	1.2	0.998802	22.1260	1.29968	806.18	1.04777	3.26	0
1112	11:50:28.46	0.0620	21.11760	21.82	47.62	1.2	0.998820	22.1259	1.29964	806.18	1.04775	3.26	0
1113	11:50:28.76	0.0615	21.11788	21.82	47.62	1.2	0.998838	22.1259	1.29964	806.18	1.04773	3.26	0
1114	11:50:29.06	0.0610	21.11823	21.82	47.58	1.2	0.998850	22.1264	1.29964	806.18	1.04774	3.26	0
1115	11:50:29.36	0.0625	21.11753	21.83	47.58	1.2	0.998820	22.1266	1.29968	806.20	1.04779	3.26	0
1116	11:50:29.66	0.0620	21.11760	21.83	47.58	1.2	0.998826	22.1261	1.29964	806.18	1.04776	3.26	0
1117	11:50:29.96	0.0635	21.11704	21.83	47.58	1.2	0.998796	22.1257	1.29968	806.18	1.04777	3.26	0
1118	11:50:30.26	0.0640	21.11697	21.83	47.58	1.2	0.998796	22.1259	1.29968	806.20	1.04778	3.26	0
1119	11:50:30.56	0.0620	21.11767	21.82	47.58	1.2	0.998826	22.1259	1.29964	806.18	1.04774	3.26	0
1120	11:50:30.86	0.0610	21.11809	21.82	47.58	1.2	0.998844	22.1262	1.29964	806.18	1.04774	3.26	0
1121	11:50:31.16	0.0610	21.11816	21.83	47.58	1.2	0.998850	22.1264	1.29964	806.18	1.04775	3.26	0
1122	11:50:31.46	0.0605	21.11816	21.83	47.62	1.2	0.998856	22.1265	1.29964	806.18	1.04774	3.26	0
1123	11:50:31.76	0.0620	21.11760	21.83	47.62	1.2	0.998826	22.1259	1.29964	806.18	1.04775	3.26	0
1124	11:50:32.06	0.0625	21.11753	21.83	47.58	1.2	0.998820	22.1255	1.29964	806.18	1.04774	3.26	0
1125	11:50:32.36	0.0620	21.11774	21.83	47.58	1.2	0.998832	22.1259	1.29964	806.18	1.04774	3.26	0
1126	11:50:32.66	0.0625	21.11732	21.83	47.62	1.2	0.998814	22.1262	1.29964	806.20	1.04777	3.26	0
1127	11:50:32.96	0.0610	21.11809	21.83	47.62	1.2	0.998850	22.1259	1.29960	806.18	1.04773	3.26	0
1128	11:50:33.26	0.0615	21.11781	21.83	47.58	1.2	0.998832	22.1259	1.29964	806.18	1.04774	3.26	0
1129	11:50:33.56	0.0640	21.11690	21.83	47.58	1.2	0.998790	22.1269	1.29968	806.22	1.04783	3.26	0
1130	11:50:33.86	0.0635	21.11711	21.83	47.62	1.2	0.998802	22.1255	1.29964	806.20	1.04776	3.26	0
1131	11:50:34.16	0.0605	21.11809	21.83	47.62	1.2	0.998850	22.1266	1.29964	806.18	1.04776	3.26	0
1132	11:50:34.46	0.0615	21.11774	21.83	47.58	1.2	0.998832	22.1265	1.29964	806.20	1.04777	3.26	0
1133	11:50:34.76	0.0620	21.11767	21.83	47.58	1.2	0.998826	22.1264	1.29964	806.20	1.04777	3.26	0
1134	11:50:35.06	0.0630	21.11718	21.83	47.58	1.2	0.998808	22.1265	1.29968	806.20	1.04780	3.26	0
1135	11:50:35.36	0.0625	21.11753	21.83	47.58	1.2	0.998820	22.1255	1.29964	806.18	1.04773	3.26	0
1136	11:50:35.66	0.0620	21.11760	21.83	47.58	1.2	0.998826	22.1261	1.29964	806.18	1.04776	3.26	0
1137	11:50:35.96	0.0635	21.11711	21.83	47.58	1.2	0.998802	22.1255	1.29964	806.18	1.04775	3.26	0
1138	11:50:36.26	0.0625	21.11746	21.83	47.58	1.2	0.998820	22.1262	1.29964	806.20	1.04777	3.26	0
1139	11:50:36.56	0.0610	21.11795	21.83	47.58	1.2	0.998844	22.1256	1.29960	806.18	1.04771	3.26	0
1140	11:50:36.86	0.0605	21.11816	21.83	47.58	1.2	0.998850	22.1259	1.29964	806.18	1.04772	3.26	0
1141	11:50:37.16	0.0610	21.11802	21.83	47.58	1.2	0.998844	22.1260	1.29964	806.18	1.04773	3.26	0
1142	11:50:37.46	0.0655	21.11620	21.83	47.58	1.2	0.998760	22.1257	1.29968	806.20	1.04780	3.26	0
1143	11:50:37.76	0.0630	21.11725	21.83	47.58	1.2	0.998808	22.1259	1.29964	806.18	1.04776	3.26	0
1144	11:50:38.06	0.0615	21.11781	21.83	47.58	1.2	0.998832	22.1257	1.29964	806.18	1.04773	3.26	0
1145	11:50:38.36	0.0600	21.11837	21.83	47.58	1.2	0.998862	22.1257	1.29960	806.16	1.04770	3.26	0
1146	11:50:38.66	0.0625	21.11739	21.83	47.58	1.2	0.998814	22.1259	1.29964	806.20	1.04776	3.26	0
1147	11:50:38.96	0.0625	21.11753	21.83	47.58	1.2	0.998820	22.1257	1.29964	806.18	1.04774	3.26	0
1148	11:50:39.26	0.0610	21.11802	21.83	47.58	1.2	0.998844	22.1261	1.29964	806.18	1.04774	3.26	0
1149	11:50:39.56	0.0625	21.11746	21.83	47.58	1.2	0.998820	22.1252	1.29964	806.18	1.04773	3.26	0
1150	11:50:39.86	0.0600	21.11837	21.83	47.58	1.2	0.998862	22.1253	1.29960	806.16	1.04768	3.26	0
1151	11:50:40.16	0.0605	21.11823	21.83	47.58	1.2	0.998856	22.1260	1.29960	806.18	1.04772	3.26	0
1152	11:50:40.46	0.0635	21.11704	21.83	47.58	1.2	0.998796	22.1257	1.29964	806.18	1.04777	3.26	0
1153	11:50:40.76	0.0625	21.11746	21.83	47.58	1.2	0.998820	22.1262	1.29968	806.18	1.04777	3.26	0
1154	11:50:41.06	0.0645	21.11655	21.83	47.58	1.2	0.998778	22.1264	1.29968	806.22	1.04782	3.26	0
1155	11:50:41.36	0.0615	21.11781	21.83	47.58	1.2	0.998832	22.1265	1.29964	806.20	1.04777	3.26	0
1156	11:50:41.66	0.0625	21.11746	21.83	47.58	1.2	0.998820	22.1259	1.29964	806.20	1.04775	3.26	0
1157	11:50:41.96	0.0630	21.11725	21.83	47.58	1.2	0.998808	22.1260	1.29964	806.20	1.04777	3.26	0
1158	11:50:42.26	0.0625	21.11746	21.83	47.58	1.2	0.998820	22.1256	1.29964	806.18	1.04774	3.26	0
1159	11:50:42.56	0.0650	21.11648	21.83	47.58	1.2	0.998772	22.1259	1.29968	806.20	1.04780	3.26	0
1160	11:50:42.86	0.0615	21.11774	21.83	47.58	1.2	0.998832	22.1262	1.29964	806.20	1.04776	3.26	0
1161	11:50:43.16	0.0610	21.11795	21.83	47.58	1.2	0.998838	22.1259	1.29964	806.18	1.04773	3.26	0
1162	11:50:43.46	0.0610	21.11795	21.83	47.58	1.2	0.998844	22.1262	1.29964	806.18	1.04774	3.26	0
1163	11:50:43.76	0.0625	21.11739	21.84	47.58	1.2	0.998820	22.1255	1.29964	806.18	1.04774	3.26	0
1164	11:50:44.06	0.0610	21.11802	21.84	47.58	1.2	0.998850	22.1259	1.29964	806.18	1.04773	3.26	0
1165	11:50:44.36	0.0610	21.11781	21.84	47.58	1.2	0.998838	22.1259	1.29960	806.18	1.04774	3.26	0
1166	11:50:44.66	0.0635	21.11697	21.84	47.58	1.2	0.998796	22.1258	1.29964	806.20	1.04777	3.26	0
1167	11:50:44.96	0.0625	21.11732	21.84	47.58	1.2	0.998820	22.1260	1.29964	806.18	1.04776	3.26	0
1168	11:50:45.26	0.0630	21.11718	21.84	47.58	1.2	0.998808	22.1262	1.29964	806.20	1.04778	3.26	0
1169	11:50:45.56	0.0615	21.11795	21.83	47.58	1.2	0.998838	22.1263	1.29964	806.18	1.04775	3.26	0
1170	11:50:45.86	0.0625	21.11739	21.83	47.58	1.2	0.998814	22.1270	1.29968	806.22	1.04781	3.26	0
1171	11:50:46.16	0.0610	21.11802	21.84	47.58	1.2	0.998850	22.1262	1.29964	806.18	1.04774	3.26	0
1172	11:50:46.46	0.0615	21.11767	21.84	47.58	1.2	0.998832	22.1266	1.29964	806.20	1.04778	3.26	0
1173	11:50:46.76	0.0610	21.11788	21.84	47.58	1.2	0.998844	22.1264	1.29964	806.20	1.04776	3.26	0
1174	11:50:47.06	0.0605	21.11809	21.84	47.58	1.2	0.998850	22.1266	1.29964	806.20	1.04776	3.26	0
1175	11:50:47.36	0.0615	21.11767	21.84	47.58	1.2	0.998832	22.1269	1.29968	806.20	1.04779	3.26	0
1176	11:50:47.66	0.0615	21.11781	21.84	47.58	1.2	0.998838	22.1272	1.29968	806.20	1.04780	3.26	0
1177	11:50:47.96	0.0655	21.11620	21.84	47.58	1.2	0.998760	22.1259	1.29968	806.22	1.04782	3.26	0
1178	11:50:48.26	0.0640	21.11683	21.84	47.58	1.2	0.998796	22.1264	1.29968	806.22	1.04781	3.26	0
1179	11:50:48.56	0.0615	21.11767	21.84	47.58	1.2	0.998832	22.1258	1.29964	806.18	1.04774	3.26	0
1180	11:50:48.86	0.0610	21.11795	21.84	47.58	1.2	0.998844	22.1260	1.29964	806.18	1.04773	3.26	0
1181	11:50:49.16	0.0615	21.11774	21.84	47.58	1.2	0.998838	22.1259	1.29964	806.20	1.04774	3.26	0
1182	11:50:49.46	0.0650	21.11641	21.84	47.58	1.2	0.998772	22.1248	1.29964	806.20	1.04776	3.26	0
1183	11:50:49.76	0.0635	21.11697	21.84	47.58	1.2	0.998796	22.1262	1.29964	806.20	1.04779	3.26	0
1184	11:50:50.06	0.0630	21.11725	21.84	47.58	1.2	0.998814	22.1263	1.29964	806.22	1.04779	3.26	0
1185	11:50:50.36	0.0625	21.11732	21.84	47.58	1.2	0.998814	22.1259	1.29964	806.20	1.04776	3.26	0
1186	11:50:50.66	0.0620	21.11746	21.84	47.58	1.2	0.998820	22.1257	1.29964	806.20	1.04775	3.26	0
1187	11:50:50.96	0.0610	21.11802	21.84	47.58	1.2	0.998850	22.1255	1.29960	806.18	1.04771	3.26	0
1188	11:50:51.26	0.0625	21.11739	21.84	47.58	1.2	0.998820	22.1264	1.29964	806.22	1.04778	3.26	0
1189	11:50:51.56	0.0600	21.11823	21.84	47.58	1.2	0.998862	22.1257	1.29960	806.18	1.04771	3.26	0
1190	11:50:51.86	0.0630	21.11718	21.84	47.58	1.2	0.998808	22.1264	1.29964	806.20	1.04779	3.26	0
1191	11:50:52.16	0.0625	21.11739	21.84	47.58	1.2	0.998820	22.1264	1.29964	806.20	1.04778	3.26	0
1192	11:50:52.46	0.0635	21.11690	21.84	47.58	1.2	0.998796	22.1264	1.29968	806.20	1.04780	3.26	0
1193	11:50:52.76	0.0620	21.11753	21.84	47.58	1.2	0.998826	22.1257	1.29964	806.18	1.04774	3.26	0
1194	11:50:53.06	0.0625	21.11746	21.84	47.58	1.2	0.998820	22.1257	1.29964	806.18	1.04774	3.26	0
1195	11:50:53.36	0.0635	21.11697	21.84	47.58	1.2	0.998796	22.1262	1.29964	806.22	1.04779	3.26	0
1196	11:50:53.66	0.0620	21.11746	21.84	47.58	1.2	0.998820	22.1259	1.29964	806.18	1.04776	3.26	0
1197	11:50:53.96	0.0625	21.11732	21.84	47.58	1.2	0.998820	22.1264	1.29964	806.22	1.04779	3.26	0
1198	11:50:54.26	0.0625	21.11732	21.84	47.58	1.2	0.998814	22.1266	1.29964	806.20	1.04779	3.26	0
1199	11:50:54.56	0.0610	21.11788	21.84	47.58	1.2	0.998844	22.1262	1.29964	806.18	1.04775	3.26	0
1200	11:50:54.86	0.0615	21.11781	21.84	47.58	1.2	0.998838	22.1265	1.29964	806.20	1.04777	3.26	0
1201	11:50:55.16	0.0625	21.11739	21.84	47.58	1.2	0.998820	22.1264	1.29964	806.20	1.04778	3.26	0
1202	11:50:55.46	0.0610	21.11788	21.84	47.58	1.2	0.998844	22.1262	1.29960	806.20	1.04775	3.26	0
1203	11:50:55.76	0.0615	21.11774	21.84	47.58	1.2	0.998838	22.1258	1.29964	806.18	1.04774	3.26	0
1204	11:50:56.06	0.0620	21.11746	21.84	47.58	1.2	0.998820	22.1263	1.29964	806.20	1.04777	3.26	0
1205	11:50:56.36	0.0625	21.11732	21.84	47.58	1.2	0.998814	22.1262	1.29964	806.20	1.04777	3.26	0
1206	11:50:56.66	0.0635	21.11704	21.84	47.58	1.2	0.998802	22.1259	1.29964	806.20	1.04778	3.26	0
1207	11:50:56.96	0.0620	21.11739	21.85	47.58	1.2	0.998820	22.1259	1.29964	806.20	1.04776	3.26	0
1208	11:50:57.26	0.0615	21.11760	21.85	47.58	1.2	0.998832	22.1263	1.29964	806.20	1.04776	3.26	0
1209	11:50:57.56	0.0635	21.11704	21.84	47.58	1.2	0.998802	22.1254	1.29964	806.18	1.04775	3.26	0
1210	11:50:57.86	0.0625	21.11746	21.84	47.58	1.2	0.998820	22.1252	1.29960	806.18	1.04772	3.26	0
1211	11:50:58.16	0.0605	21.11802	21.84	47.58	1.2	0.998850	22.1256	1.29960	806.18	1.04771	3.26	0
1212	11:50:58.46	0.0625	21.11732	21.84	47.58	1.2	0.998814	22.1257	1.29964	806.20	1.04776	3.26	0
1213	11:50:58.76	0.0620	21.11753	21.85	47.58	1.2	0.998832	22.1259	1.29964	806.18	1.04775	3.26	0
1214	11:50:59.06	0.0615	21.11767	21.85	47.58	1.2	0.998838	22.1263	1.29964	806.20	1.04776	3.26	0
1215	11:50:59.36	0.0640	21.11683	21.84	47.58	1.2	0.998790	22.1262	1.29968	806.20	1.04780	3.26	0
1216	11:50:59.66	0.0620	21.11760	21.84	47.58	1.2	0.998832	22.1265	1.29964	806.20	1.04778	3.26	0
1217	11:50:59.96	0.0635	21.11676	21.85	47.58	1.2	0.998796	22.1259	1.29964	806.20	1.04779	3.26	0
1218	11:51:00.26	0.0620	21.11746	21.85	47.58	1.2	0.998826	22.1259	1.29964	806.18	1.04776	3.26	0
1219	11:51:00.56	0.0615	21.11767	21.85	47.58	1.2	0.998838	22.1266	1.29964	806.20	1.04778	3.26	0
1220	11:51:00.86	0.0605	21.11816	21.85	47.58	1.2	0.998862	22.1259	1.29960	806.18	1.04772	3.26	0
1221	11:51:01.16	0.0610	21.11781	21.85	47.58	1.2	0.998844	22.1262	1.29964	806.20	1.04775	3.26	0
1222	11:51:01.46	0.0640	21.11662	21.85	47.58	1.2	0.998790	22.1264	1.29968	806.20	1.04782	3.26	0
1223	11:51:01.76	0.0620	21.11739	21.85	47.58	1.2	0.998826	22.1262	1.29964	806.20	1.04777	3.26	0
1224	11:51:02.06	0.0610	21.11795	21.85	47.58	1.2	0.998850	22.1266	1.29964	806.18	1.04777	3.26	0
1225	11:51:02.36	0.0625	21.11725	21.85	47.58	1.2	0.998814	22.1259	1.29964	806.20	1.04776	3.26	0
1226	11:51:02.66	0.0610	21.11774	21.85	47.58	1.2	0.998838	22.1269	1.29964	806.20	1.04779	3.26	0
1227	11:51:02.96	0.0605	21.11802	21.85	47.58	1.2	0.998856	22.1264	1.29964	806.20	1.04774	3.26	0
1228	11:51:03.26	0.0610	21.11781	21.85	47.58	1.2	0.998844	22.1262	1.29964	806.20	1.04775	3.26	0
1229	11:51:03.56	0.0645	21.11648	21.85	47.58	1.2	0.998778	22.1261	1.29964	806.22	1.04782	3.26	0
1230	11:51:03.86	0.0615	21.11767	21.85	47.58	1.2	0.998838	22.1264	1.29964	806.20	1.04777	3.26	0
1231	11:51:04.16	0.0660	21.11578	21.85	47.58	1.2	0.998748	22.1256	1.29968	806.22	1.04782	3.26	0
1232	11:51:04.46	0.0610	21.11781	21.85	47.58	1.2	0.998844	22.1265	1.29964	806.20	1.04776	3.26	0
1233	11:51:04.76	0.0620	21.11739	21.85	47.58	1.2	0.998826	22.1266	1.29964	806.22	1.04779	3.26	0
1234	11:51:05.06	0.0615	21.11774	21.85	47.58	1.2	0.998838	22.1258	1.29964	806.18	1.04774	3.26	0
1235	11:51:05.36	0.0620	21.11746	21.85	47.58	1.2	0.998826	22.1259	1.29964	806.20	1.04776	3.26	0
1236	11:51:05.66	0.0610	21.11788	21.85	47.58	1.2	0.998850	22.1262	1.29964	806.20	1.04775	3.26	0
1237	11:51:05.96	0.0630	21.11697	21.85	47.58	1.2	0.998808	22.1259	1.29964	806.20	1.04778	3.26	0
1238	11:51:06.26	0.0615	21.11774	21.85	47.58	1.2	0.998838	22.1264	1.29964	806.20	1.04776	3.26	0
1239	11:51:06.56	0.0620	21.11746	21.85	47.58	1.2	0.998826	22.1266	1.29964	806.20	1.04779	3.26	0
1240	11:51:06.86	0.0615	21.11760	21.85	47.58	1.2	0.998832	22.1253	1.29960	806.18	1.04772	3.26	0
1241	11:51:07.16	0.0610	21.11795	21.85	47.58	1.2	0.998850	22.1257	1.29960	806.18	1.04773	3.26	0
1242	11:51:07.46	0.0620	21.11739	21.85	47.58	1.2	0.998826	22.1253	1.29960	806.20	1.04773	3.26	0
1243	11:51:07.76	0.0605	21.11802	21.85	47.58	1.2	0.998856	22.1251	1.29956	806.18	1.04769	3.26	0
1244	11:51:08.06	0.0620	21.11753	21.85	47.58	1.2	0.998832	22.1251	1.29960	806.18	1.04771	3.26	0
1245	11:51:08.36	0.0630	21.11697	21.85	47.58	1.2	0.998808	22.1255	1.29964	806.20	1.04776	3.26	0
1246	11:51:08.66	0.0620	21.11739	21.85	47.58	1.2	0.998820	22.1256	1.29964	806.20	1.04774	3.26	0
1247	11:51:08.96	0.0610	21.11788	21.85	47.58	1.2	0.998844	22.1257	1.29960	806.18	1.04772	3.26	0
1248	11:51:09.26	0.0625	21.11725	21.85	47.58	1.2	0.998820	22.1260	1.29964	806.20	1.04777	3.26	0
1249	11:51:09.56	0.0630	21.11711	21.85	47.58	1.2	0.998814	22.1248	1.29960	806.18	1.04772	3.26	0
1250	11:51:09.86	0.0620	21.11739	21.85	47.58	1.2	0.998820	22.1255	1.29964	806.18	1.04774	3.26	0
1251	11:51:10.16	0.0625	21.11739	21.84	47.58	1.2	0.998820	22.1257	1.29964	806.18	1.04774	3.26	0
1252	11:51:10.46	0.0620	21.11760	21.84	47.58	1.2	0.998832	22.1261	1.29964	806.20	1.04776	3.26	0
1253	11:51:10.76	0.0605	21.11802	21.85	47.58	1.2	0.998856	22.1262	1.29960	806.20	1.04774	3.26	0
1254	11:51:11.06	0.0625	21.11732	21.85	47.58	1.2	0.998820	22.1258	1.29964	806.20	1.04776	3.26	0
1255	11:51:11.36	0.0610	21.11788	21.85	47.58	1.2	0.998850	22.1252	1.29960	806.18	1.04770	3.26	0
1256	11:51:11.66	0.0610	21.11795	21.85	47.58	1.2	0.998850	22.1255	1.29960	806.18	1.04771	3.26	0
1257	11:51:11.96	0.0615	21.11774	21.85	47.58	1.2	0.998838	22.1255	1.29960	806.18	1.04772	3.26	0
1258	11:51:12.26	0.0625	21.11725	21.85	47.58	1.2	0.998814	22.1252	1.29960	806.20	1.04773	3.26	0
1259	11:51:12.55	0.0640	21.11662	21.85	47.58	1.2	0.998790	22.1250	1.29964	806.20	1.04775	3.26	0
1260	11:51:12.86	0.0645	21.11648	21.85	47.58	1.2	0.998778	22.1259	1.29968	806.22	1.04780	3.26	0
1261	11:51:13.16	0.0630	21.11711	21.85	47.58	1.2	0.998808	22.1257	1.29964	806.20	1.04776	3.26	0
1262	11:51:13.46	0.0635	21.11683	21.85	47.58	1.2	0.998796	22.1257	1.29964	806.20	1.04778	3.26	0
1263	11:51:13.76	0.0645	21.11641	21.85	47.58	1.2	0.998778	22.1256	1.29964	806.20	1.04779	3.26	0
1264	11:51:14.06	0.0625	21.11732	21.85	47.58	1.2	0.998820	22.1255	1.29964	806.18	1.04774	3.26	0
1265	11:51:14.36	0.0600	21.11823	21.85	47.58	1.2	0.998862	22.1264	1.29960	806.20	1.04774	3.26	0
1266	11:51:14.65	0.0635	21.11690	21.85	47.55	1.2	0.998796	22.1261	1.29964	806.20	1.04779	3.26	0
1267	11:51:14.95	0.0635	21.11683	21.85	47.55	1.2	0.998796	22.1264	1.29964	806.22	1.04781	3.26	0
1268	11:51:15.25	0.0625	21.11718	21.85	47.58	1.2	0.998814	22.1264	1.29964	806.22	1.04779	3.26	0
1269	11:51:15.56	0.0635	21.11690	21.85	47.58	1.2	0.998802	22.1263	1.29964	806.22	1.04780	3.26	0
1270	11:51:15.86	0.0620	21.11746	21.85	47.58	1.2	0.998826	22.1261	1.29964	806.20	1.04776	3.26	0
1271	11:51:16.16	0.0625	21.11718	21.85	47.58	1.2	0.998814	22.1264	1.29964	806.20	1.04779	3.26	0
1272	11:51:16.46	0.0610	21.11781	21.85	47.58	1.2	0.998844	22.1271	1.29964	806.22	1.04779	3.26	0
1273	11:51:16.76	0.0625	21.11732	21.85	47.58	1.2	0.998820	22.1264	1.29964	806.22	1.04779	3.26	0
1274	11:51:17.06	0.0630	21.11711	21.85	47.55	1.2	0.998808	22.1264	1.29964	806.22	1.04779	3.26	0
1275	11:51:17.36	0.0615	21.11767	21.85	47.55	1.2	0.998832	22.1261	1.29960	806.20	1.04775	3.26	0
1276	11:51:17.66	0.0605	21.11816	21.85	47.58	1.2	0.998862	22.1266	1.29964	806.20	1.04776	3.26	0
1277	11:51:17.95	0.0615	21.11760	21.85	47.58	1.2	0.998832	22.1264	1.29964	806.20	1.04777	3.26	0
1278	11:51:18.26	0.0620	21.11739	21.85	47.58	1.2	0.998826	22.1261	1.29964	806.20	1.04777	3.26	0
1279	11:51:18.56	0.0625	21.11718	21.85	47.58	1.2	0.998814	22.1266	1.29968	806.22	1.04780	3.26	0
1280	11:51:18.86	0.0645	21.11655	21.85	47.55	1.2	0.998784	22.1256	1.29964	806.20	1.04779	3.26	0
1281	11:51:19.16	0.0640	21.11662	21.85	47.55	1.2	0.998784	22.1259	1.29964	806.22	1.04780	3.26	0
1282	11:51:19.46	0.0630	21.11704	21.85	47.58	1.2	0.998808	22.1255	1.29964	806.20	1.04776	3.26	0
1283	11:51:19.76	0.0640	21.11662	21.85	47.58	1.2	0.998784	22.1253	1.29964	806.20	1.04777	3.26	0
1284	11:51:20.05	0.0620	21.11753	21.85	47.55	1.2	0.998826	22.1268	1.29964	806.22	1.04779	3.26	0
1285	11:51:20.36	0.0615	21.11767	21.85	47.55	1.2	0.998832	22.1255	1.29960	806.18	1.04773	3.26	0
1286	11:51:20.66	0.0620	21.11753	21.85	47.58	1.2	0.998832	22.1267	1.29964	806.22	1.04779	3.26	0
1287	11:51:20.96	0.0620	21.11746	21.85	47.58	1.2	0.998826	22.1258	1.29960	806.20	1.04775	3.26	0
1288	11:51:21.26	0.0620	21.11739	21.85	47.55	1.2	0.998820	22.1258	1.29964	806.20	1.04776	3.26	0
1289	11:51:21.56	0.0610	21.11795	21.85	47.55	1.2	0.998850	22.1264	1.29964	806.20	1.04776	3.26	0
1290	11:51:21.86	0.0640	21.11669	21.85	47.55	1.2	0.998790	22.1259	1.29964	806.22	1.04779	3.26	0
1291	11:51:22.16	0.0615	21.11760	21.85	47.55	1.2	0.998832	22.1257	1.29960	806.20	1.04774	3.26	0
1292	11:51:22.46	0.0605	21.11809	21.85	47.55	1.2	0.998856	22.1261	1.29960	806.18	1.04773	3.26	0
1293	11:51:22.75	0.0635	21.11697	21.85	47.55	1.2	0.998802	22.1259	1.29964	806.20	1.04778	3.26	0
1294	11:51:23.05	0.0620	21.11739	21.85	47.58	1.2	0.998826	22.1266	1.29964	806.22	1.04779	3.26	0
1295	11:51:23.35	0.0615	21.11753	21.85	47.58	1.2	0.998832	22.1259	1.29964	806.20	1.04775	3.26	0
1296	11:51:23.66	0.0640	21.11676	21.85	47.55	1.2	0.998790	22.1258	1.29964	806.22	1.04779	3.26	0
1297	11:51:23.96	0.0620	21.11753	21.85	47.55	1.2	0.998826	22.1258	1.29964	806.20	1.04775	3.26	0
1298	11:51:24.25	0.0625	21.11725	21.85	47.58	1.2	0.998814	22.1268	1.29964	806.22	1.04780	3.26	0
1299	11:51:24.56	0.0625	21.11725	21.85	47.58	1.2	0.998814	22.1258	1.29964	806.20	1.04776	3.26	0
1300	11:51:24.86	0.0625	21.11718	21.85	47.55	1.2	0.998814	22.1255	1.29964	806.20	1.04775	3.26	0
1301	11:51:25.16	0.0605	21.11816	21.85	47.55	1.2	0.998856	22.1259	1.29960	806.18	1.04772	3.26	0
1302	11:51:25.46	0.0635	21.11690	21.85	47.55	1.2	0.998802	22.1257	1.29964	806.20	1.04777	3.26	0
1303	11:51:25.75	0.0620	21.11753	21.85	47.55	1.2	0.998832	22.1262	1.29964	806.20	1.04776	3.26	0
1304	11:51:26.05	0.0625	21.11718	21.85	47.55	1.2	0.998814	22.1262	1.29964	806.20	1.04778	3.26	0
1305	11:51:26.35	0.0630	21.11697	21.85	47.55	1.2	0.998802	22.1260	1.29964	806.20	1.04778	3.26	0
1306	11:51:26.66	0.0620	21.11746	21.85	47.55	1.2	0.998826	22.1254	1.29960	806.18	1.04773	3.26	0
1307	11:51:26.96	0.0630	21.11711	21.85	47.55	1.2	0.998808	22.1260	1.29964	806.20	1.04777	3.26	0
1308	11:51:27.26	0.0615	21.11760	21.85	47.58	1.2	0.998832	22.1265	1.29964	806.20	1.04777	3.26	0
1309	11:51:27.56	0.0620	21.11732	21.87	47.58	1.2	0.998826	22.1257	1.29964	806.20	1.04775	3.26	0
1310	11:51:27.85	0.0605	21.11788	21.87	47.55	1.2	0.998850	22.1264	1.29964	806.20	1.04776	3.26	0
1311	11:51:28.16	0.0620	21.11746	21.87	47.55	1.2	0.998832	22.1262	1.29964	806.20	1.04777	3.26	0
1312	11:51:28.45	0.0590	21.11851	21.87	47.55	1.2	0.998880	22.1268	1.29964	806.18	1.04774	3.26	0
1313	11:51:28.75	0.0620	21.11753	21.85	47.55	1.2	0.998832	22.1264	1.29964	806.20	1.04777	3.26	0
1314	11:51:29.06	0.0620	21.11746	21.85	47.55	1.2	0.998826	22.1265	1.29964	806.20	1.04779	3.26	0
1315	11:51:29.35	0.0610	21.11795	21.85	47.55	1.2	0.998850	22.1269	1.29964	806.20	1.04777	3.26	0
1316	11:51:29.65	0.0610	21.11788	21.85	47.58	1.2	0.998844	22.1261	1.29964	806.18	1.04774	3.26	0
1317	11:51:29.96	0.0610	21.11774	21.85	47.58	1.2	0.998838	22.1264	1.29964	806.20	1.04776	3.26	0
1318	11:51:30.25	0.0625	21.11725	21.85	47.55	1.2	0.998814	22.1269	1.29964	806.22	1.04781	3.26	0
1319	11:51:30.55	0.0620	21.11739	21.85	47.55	1.2	0.998820	22.1259	1.29964	806.20	1.04776	3.26	0
1320	11:51:30.86	0.0615	21.11774	21.85	47.58	1.2	0.998838	22.1258	1.29960	806.20	1.04774	3.26	0
1321	11:51:31.16	0.0610	21.11781	21.87	47.58	1.2	0.998844	22.1261	1.29964	806.20	1.04775	3.26	0
1322	11:51:31.46	0.0620	21.11746	21.87	47.55	1.2	0.998832	22.1253	1.29960	806.18	1.04773	3.26	0
1323	11:51:31.75	0.0605	21.11802	21.87	47.55	1.2	0.998856	22.1265	1.29960	806.20	1.04776	3.26	0
1324	11:51:32.06	0.0625	21.11711	21.87	47.55	1.2	0.998814	22.1266	1.29964	806.22	1.04780	3.26	0
1325	11:51:32.36	0.0625	21.11732	21.85	47.55	1.2	0.998820	22.1257	1.29964	806.18	1.04775	3.26	0
1326	11:51:32.65	0.0615	21.11767	21.85	47.55	1.2	0.998838	22.1257	1.29960	806.18	1.04773	3.26	0
1327	11:51:32.95	0.0615	21.11760	21.87	47.55	1.2	0.998838	22.1262	1.29964	806.20	1.04776	3.26	0
1328	11:51:33.26	0.0600	21.11809	21.87	47.55	1.2	0.998862	22.1263	1.29960	806.20	1.04774	3.26	0
1329	11:51:33.55	0.0640	21.11662	21.85	47.55	1.2	0.998790	22.1252	1.29964	806.20	1.04776	3.26	0
1330	11:51:33.85	0.0635	21.11683	21.85	47.58	1.2	0.998796	22.1260	1.29964	806.22	1.04779	3.26	0
1331	11:51:34.15	0.0610	21.11767	21.87	47.58	1.2	0.998844	22.1255	1.29960	806.18	1.04773	3.26	0
1332	11:51:34.45	0.0625	21.11725	21.87	47.55	1.2	0.998820	22.1260	1.29964	806.20	1.04777	3.26	0
1333	11:51:34.75	0.0615	21.11767	21.85	47.55	1.2	0.998838	22.1268	1.29964	806.22	1.04779	3.26	0
1334	11:51:35.05	0.0625	21.11739	21.85	47.55	1.2	0.998820	22.1258	1.29964	806.18	1.04776	3.26	0
1335	11:51:35.35	0.0635	21.11683	21.87	47.55	1.2	0.998802	22.1257	1.29964	806.20	1.04777	3.26	0
1336	11:51:35.65	0.0630	21.11690	21.87	47.58	1.2	0.998808	22.1254	1.29964	806.20	1.04776	3.26	0
1337	11:51:35.95	0.0625	21.11732	21.85	47.58	1.2	0.998820	22.1261	1.29964	806.20	1.04777	3.26	0
1338	11:51:36.25	0.0620	21.11753	21.85	47.55	1.2	0.998826	22.1259	1.29964	806.20	1.04775	3.26	0
1339	11:51:36.56	0.0620	21.11760	21.85	47.55	1.2	0.998832	22.1258	1.29960	806.20	1.04774	3.26	0
1340	11:51:36.85	0.0630	21.11704	21.85	47.55	1.2	0.998802	22.1255	1.29960	806.20	1.04776	3.26	0
1341	11:51:37.16	0.0620	21.11760	21.85	47.55	1.2	0.998832	22.1252	1.29960	806.18	1.04772	3.26	0
1342	11:51:37.45	0.0640	21.11662	21.85	47.55	1.2	0.998784	22.1253	1.29964	806.20	1.04777	3.26	0
1343	11:51:37.75	0.0625	21.11718	21.87	47.55	1.2	0.998814	22.1258	1.29964	806.20	1.04777	3.26	0
1344	11:51:38.06	0.0635	21.11683	21.87	47.55	1.2	0.998802	22.1263	1.29964	806.22	1.04780	3.26	0
1345	11:51:38.36	0.0610	21.11788	21.87	47.55	1.2	0.998850	22.1263	1.29964	806.20	1.04775	3.26	0
1346	11:51:38.66	0.0600	21.11816	21.87	47.55	1.2	0.998862	22.1265	1.29960	806.20	1.04775	3.26	0
1347	11:51:38.95	0.0610	21.11781	21.87	47.55	1.2	0.998850	22.1261	1.29960	806.20	1.04774	3.26	0
1348	11:51:39.25	0.0615	21.11767	21.87	47.55	1.2	0.998838	22.1262	1.29964	806.20	1.04776	3.26	0
1349	11:51:39.55	0.0620	21.11732	21.87	47.55	1.2	0.998826	22.1250	1.29960	806.18	1.04772	3.26	0
1350	11:51:39.85	0.0625	21.11718	21.87	47.55	1.2	0.998814	22.1260	1.29964	806.20	1.04777	3.26	0
1351	11:51:40.15	0.0630	21.11704	21.87	47.55	1.2	0.998808	22.1259	1.29964	806.20	1.04778	3.26	0
1352	11:51:40.45	0.0630	21.11697	21.87	47.55	1.2	0.998808	22.1262	1.29964	806.22	1.04779	3.26	0
1353	11:51:40.75	0.0625	21.11725	21.87	47.55	1.2	0.998820	22.1266	1.29968	806.20	1.04779	3.26	0
1354	11:51:41.05	0.0615	21.11753	21.87	47.55	1.2	0.998832	22.1258	1.29960	806.20	1.04774	3.26	0
1355	11:51:41.35	0.0615	21.11753	21.87	47.55	1.2	0.998832	22.1260	1.29964	806.20	1.04776	3.26	0
1356	11:51:41.65	0.0620	21.11746	21.87	47.55	1.2	0.998832	22.1263	1.29960	806.22	1.04777	3.26	0
1357	11:51:41.95	0.0650	21.11627	21.87	47.55	1.2	0.998772	22.1264	1.29968	806.24	1.04783	3.26	0
1358	11:51:42.25	0.0645	21.11641	21.87	47.55	1.2	0.998778	22.1257	1.29964	806.22	1.04780	3.26	0
1359	11:51:42.55	0.0595	21.11837	21.87	47.55	1.2	0.998874	22.1255	1.29960	806.18	1.04769	3.26	0
1360	11:51:42.85	0.0630	21.11711	21.87	47.55	1.2	0.998814	22.1262	1.29964	806.22	1.04779	3.26	0
1361	11:51:43.15	0.0620	21.11732	21.87	47.55	1.2	0.998820	22.1262	1.29964	806.20	1.04777	3.26	0
1362	11:51:43.45	0.0620	21.11746	21.87	47.55	1.2	0.998832	22.1262	1.29964	806.20	1.04777	3.26	0
1363	11:51:43.75	0.0620	21.11746	21.87	47.55	1.2	0.998832	22.1263	1.29964	806.22	1.04777	3.26	0
1364	11:51:44.05	0.0640	21.11662	21.87	47.55	1.2	0.998790	22.1257	1.29964	806.20	1.04779	3.26	0
1365	11:51:44.35	0.0635	21.11683	21.87	47.55	1.2	0.998796	22.1259	1.29964	806.20	1.04779	3.26	0
1366	11:51:44.65	0.0615	21.11760	21.87	47.55	1.2	0.998838	22.1259	1.29960	806.20	1.04775	3.26	0
1367	11:51:44.96	0.0615	21.11767	21.87	47.55	1.2	0.998838	22.1271	1.29964	806.22	1.04780	3.26	0
1368	11:51:45.26	0.0635	21.11676	21.87	47.55	1.2	0.998796	22.1262	1.29964	806.22	1.04780	3.26	0
1369	11:51:45.56	0.0615	21.11753	21.87	47.55	1.2	0.998832	22.1262	1.29964	806.20	1.04777	3.26	0
1370	11:51:45.86	0.0630	21.11690	21.87	47.55	1.2	0.998808	22.1265	1.29964	806.22	1.04781	3.26	0
1371	11:51:46.15	0.0620	21.11732	21.87	47.55	1.2	0.998826	22.1263	1.29964	806.20	1.04778	3.26	0
1372	11:51:46.45	0.0620	21.11732	21.87	47.55	1.2	0.998826	22.1271	1.29968	806.22	1.04782	3.26	0
1373	11:51:46.75	0.0615	21.11760	21.87	47.55	1.2	0.998838	22.1269	1.29964	806.22	1.04780	3.26	0
1374	11:51:47.05	0.0625	21.11725	21.87	47.55	1.2	0.998820	22.1262	1.29964	806.22	1.04778	3.26	0
1375	11:51:47.35	0.0605	21.11795	21.87	47.55	1.2	0.998856	22.1264	1.29960	806.20	1.04775	3.26	0
1376	11:51:47.65	0.0635	21.11683	21.87	47.55	1.2	0.998802	22.1263	1.29964	806.22	1.04780	3.26	0
1377	11:51:47.95	0.0615	21.11746	21.87	47.55	1.2	0.998832	22.1260	1.29960	806.20	1.04776	3.26	0
1378	11:51:48.26	0.0615	21.11753	21.87	47.55	1.2	0.998832	22.1260	1.29964	806.20	1.04776	3.26	0
1379	11:51:48.55	0.0610	21.11767	21.87	47.55	1.2	0.998844	22.1261	1.29964	806.20	1.04775	3.26	0
1380	11:51:48.85	0.0625	21.11725	21.87	47.55	1.2	0.998820	22.1261	1.29964	806.20	1.04777	3.26	0
1381	11:51:49.15	0.0640	21.11655	21.87	47.55	1.2	0.998784	22.1259	1.29964	806.22	1.04780	3.26	0
1382	11:51:49.45	0.0610	21.11781	21.87	47.55	1.2	0.998850	22.1265	1.29960	806.22	1.04776	3.26	0
1383	11:51:49.75	0.0610	21.11781	21.87	47.55	1.2	0.998850	22.1262	1.29960	806.20	1.04775	3.26	0
1384	11:51:50.05	0.0635	21.11669	21.87	47.55	1.2	0.998796	22.1266	1.29968	806.22	1.04783	3.26	0
1385	11:51:50.35	0.0630	21.11697	21.88	47.55	1.2	0.998814	22.1259	1.29964	806.20	1.04778	3.26	0
1386	11:51:50.65	0.0640	21.11662	21.88	47.55	1.2	0.998796	22.1266	1.29968	806.22	1.04783	3.26	0
1387	11:51:50.95	0.0625	21.11725	21.87	47.55	1.2	0.998820	22.1270	1.29964	806.22	1.04782	3.26	0
1388	11:51:51.25	0.0630	21.11690	21.87	47.55	1.2	0.998802	22.1265	1.29964	806.22	1.04781	3.26	0
1389	11:51:51.55	0.0620	21.11732	21.87	47.55	1.2	0.998820	22.1265	1.29964	806.22	1.04779	3.26	0
1390	11:51:51.85	0.0625	21.11711	21.87	47.55	1.2	0.998814	22.1261	1.29964	806.20	1.04778	3.26	0
1391	11:51:52.15	0.0620	21.11732	21.87	47.55	1.2	0.998820	22.1269	1.29964	806.22	1.04780	3.26	0
1392	11:51:52.45	0.0610	21.11774	21.87	47.55	1.2	0.998844	22.1266	1.29964	806.22	1.04777	3.26	0
1393	11:51:52.75	0.0615	21.11767	21.87	47.55	1.2	0.998838	22.1267	1.29964	806.22	1.04778	3.26	0
1394	11:51:53.05	0.0615	21.11760	21.87	47.55	1.2	0.998838	22.1265	1.29960	806.22	1.04777	3.26	0
1395	11:51:53.35	0.0640	21.11662	21.87	47.55	1.2	0.998790	22.1257	1.29964	806.22	1.04779	3.26	0
1396	11:51:53.65	0.0625	21.11725	21.87	47.55	1.2	0.998820	22.1258	1.29964	806.20	1.04776	3.26	0
1397	11:51:53.95	0.0610	21.11774	21.88	47.55	1.2	0.998844	22.1262	1.29960	806.20	1.04776	3.26	0
1398	11:51:54.25	0.0625	21.11718	21.88	47.55	1.2	0.998820	22.1262	1.29964	806.22	1.04779	3.26	0
1399	11:51:54.55	0.0615	21.11753	21.87	47.55	1.2	0.998832	22.1262	1.29964	806.20	1.04777	3.26	0
1400	11:51:54.85	0.0620	21.11739	21.87	47.55	1.2	0.998826	22.1262	1.29964	806.22	1.04777	3.26	0
1401	11:51:55.15	0.0615	21.11753	21.87	47.55	1.2	0.998832	22.1260	1.29960	806.20	1.04776	3.26	0
1402	11:51:55.45	0.0615	21.11746	21.87	47.55	1.2	0.998832	22.1258	1.29960	806.20	1.04775	3.26	0
1403	11:51:55.75	0.0620	21.11732	21.88	47.55	1.2	0.998832	22.1270	1.29964	806.22	1.04781	3.26	0
1404	11:51:56.05	0.0640	21.11641	21.88	47.55	1.2	0.998784	22.1266	1.29968	806.24	1.04784	3.26	0
1405	11:51:56.35	0.0615	21.11753	21.87	47.55	1.2	0.998832	22.1261	1.29964	806.20	1.04776	3.26	0
1406	11:51:56.65	0.0625	21.11725	21.87	47.55	1.2	0.998820	22.1271	1.29968	806.22	1.04782	3.26	0
1407	11:51:56.95	0.0620	21.11739	21.88	47.55	1.2	0.998832	22.1265	1.29964	806.22	1.04779	3.26	0
1408	11:51:57.25	0.0630	21.11683	21.88	47.55	1.2	0.998802	22.1267	1.29964	806.24	1.04782	3.26	0
1409	11:51:57.55	0.0605	21.11795	21.87	47.55	1.2	0.998850	22.1268	1.29964	806.20	1.04777	3.26	0
1410	11:51:57.85	0.0615	21.11753	21.87	47.55	1.2	0.998832	22.1270	1.29964	806.22	1.04780	3.26	0
1411	11:51:58.15	0.0625	21.11725	21.87	47.55	1.2	0.998820	22.1270	1.29964	806.24	1.04782	3.26	0
1412	11:51:58.45	0.0615	21.11767	21.87	47.55	1.2	0.998838	22.1270	1.29964	806.22	1.04780	3.26	0
1413	11:51:58.75	0.0615	21.11760	21.87	47.55	1.2	0.998838	22.1269	1.29964	806.22	1.04779	3.26	0
1414	11:51:59.05	0.0615	21.11753	21.87	47.55	1.2	0.998832	22.1256	1.29960	806.18	1.04774	3.26	0
1415	11:51:59.35	0.0610	21.11767	21.87	47.55	1.2	0.998844	22.1258	1.29960	806.20	1.04774	3.26	0
1416	11:51:59.65	0.0630	21.11690	21.87	47.55	1.2	0.998802	22.1264	1.29964	806.22	1.04781	3.26	0
1417	11:51:59.95	0.0615	21.11767	21.87	47.55	1.2	0.998838	22.1261	1.29960	806.20	1.04776	3.26	0
1418	11:52:00.25	0.0595	21.11837	21.87	47.55	1.2	0.998874	22.1259	1.29960	806.18	1.04771	3.26	0
1419	11:52:00.55	0.0600	21.11823	21.87	47.55	1.2	0.998868	22.1257	1.29960	806.18	1.04771	3.26	0
1420	11:52:00.85	0.0615	21.11760	21.87	47.55	1.2	0.998838	22.1258	1.29960	806.20	1.04774	3.26	0
1421	11:52:01.15	0.0615	21.11746	21.88	47.55	1.2	0.998838	22.1259	1.29964	806.20	1.04776	3.26	0
1422	11:52:01.45	0.0610	21.11767	21.88	47.55	1.2	0.998844	22.1259	1.29960	806.20	1.04774	3.26	0
1423	11:52:01.75	0.0625	21.11704	21.88	47.55	1.2	0.998814	22.1265	1.29964	806.22	1.04780	3.26	0
1424	11:52:02.05	0.0625	21.11711	21.88	47.55	1.2	0.998820	22.1264	1.29964	806.22	1.04780	3.26	0
1425	11:52:02.35	0.0630	21.11690	21.88	47.55	1.2	0.998808	22.1264	1.29964	806.22	1.04781	3.26	0
1426	11:52:02.65	0.0625	21.11711	21.88	47.55	1.2	0.998820	22.1263	1.29964	806.22	1.04779	3.26	0
1427	11:52:02.95	0.0625	21.11718	21.88	47.55	1.2	0.998820	22.1257	1.29964	806.20	1.04776	3.26	0
1428	11:52:03.25	0.0615	21.11746	21.88	47.55	1.2	0.998832	22.1266	1.29964	806.22	1.04779	3.26	0
1429	11:52:03.55	0.0610	21.11781	21.88	47.55	1.2	0.998850	22.1268	1.29964	806.22	1.04778	3.26	0
1430	11:52:03.85	0.0630	21.11690	21.88	47.55	1.2	0.998808	22.1260	1.29964	806.22	1.04779	3.26	0
1431	11:52:04.15	0.0605	21.11781	21.88	47.55	1.2	0.998850	22.1266	1.29964	806.22	1.04777	3.26	0
1432	11:52:04.45	0.0625	21.11704	21.88	47.55	1.2	0.998814	22.1272	1.29968	806.24	1.04783	3.26	0
1433	11:52:04.75	0.0605	21.11781	21.88	47.55	1.2	0.998850	22.1266	1.29960	806.22	1.04777	3.26	0
1434	11:52:05.05	0.0610	21.11760	21.88	47.55	1.2	0.998844	22.1265	1.29964	806.20	1.04777	3.26	0
1435	11:52:05.35	0.0630	21.11683	21.88	47.55	1.2	0.998802	22.1266	1.29964	806.24	1.04782	3.26	0
1436	11:52:05.65	0.0630	21.11690	21.88	47.55	1.2	0.998808	22.1261	1.29964	806.22	1.04779	3.26	0
1437	11:52:05.95	0.0625	21.11704	21.88	47.55	1.2	0.998814	22.1262	1.29964	806.22	1.04779	3.26	0
1438	11:52:06.25	0.0625	21.11711	21.88	47.55	1.2	0.998820	22.1266	1.29964	806.22	1.04780	3.26	0
1439	11:52:06.55	0.0640	21.11648	21.88	47.55	1.2	0.998790	22.1262	1.29964	806.24	1.04782	3.26	0
1440	11:52:06.85	0.0630	21.11683	21.88	47.55	1.2	0.998808	22.1263	1.29964	806.22	1.04780	3.26	0
1441	11:52:07.15	0.0625	21.11711	21.87	47.55	1.2	0.998814	22.1268	1.29964	806.24	1.04782	3.26	0
1442	11:52:07.45	0.0605	21.11788	21.87	47.55	1.2	0.998850	22.1271	1.29964	806.22	1.04779	3.26	0
1443	11:52:07.75	0.0630	21.11690	21.88	47.55	1.2	0.998808	22.1260	1.29964	806.22	1.04779	3.26	0
1444	11:52:08.05	0.0620	21.11725	21.88	47.57	1.2	0.998826	22.1270	1.29964	806.24	1.04782	3.26	0
1445	11:52:08.35	0.0610	21.11760	21.88	47.57	1.2	0.998844	22.1262	1.29964	806.20	1.04776	3.26	0
1446	11:52:08.65	0.0625	21.11704	21.88	47.55	1.2	0.998814	22.1271	1.29964	806.24	1.04783	3.26	0
1447	11:52:08.95	0.0610	21.11774	21.88	47.55	1.2	0.998844	22.1271	1.29964	806.22	1.04780	3.26	0
1448	11:52:09.25	0.0630	21.11697	21.88	47.55	1.2	0.998814	22.1262	1.29964	806.22	1.04779	3.26	0
1449	11:52:09.55	0.0620	21.11732	21.88	47.55	1.2	0.998826	22.1260	1.29964	806.20	1.04777	3.26	0
1450	11:52:09.85	0.0625	21.11704	21.88	47.55	1.2	0.998814	22.1264	1.29964	806.22	1.04780	3.26	0
1451	11:52:10.15	0.0630	21.11697	21.88	47.55	1.2	0.998808	22.1263	1.29964	806.22	1.04780	3.26	0
1452	11:52:10.45	0.0605	21.11774	21.88	47.57	1.2	0.998850	22.1271	1.29964	806.22	1.04780	3.26	0
1453	11:52:10.75	0.0625	21.11711	21.88	47.57	1.2	0.998820	22.1268	1.29964	806.24	1.04782	3.26	0
1454	11:52:11.05	0.0650	21.11613	21.88	47.55	1.2	0.998772	22.1265	1.29968	806.24	1.04785	3.26	0
1455	11:52:11.35	0.0625	21.11704	21.88	47.55	1.2	0.998814	22.1267	1.29964	806.22	1.04781	3.26	0
1456	11:52:11.65	0.0600	21.11802	21.88	47.55	1.2	0.998862	22.1271	1.29964	806.22	1.04779	3.26	0
1457	11:52:11.95	0.0635	21.11669	21.88	47.55	1.2	0.998802	22.1261	1.29964	806.24	1.04780	3.26	0
1458	11:52:12.25	0.0610	21.11767	21.88	47.57	1.2	0.998850	22.1269	1.29964	806.22	1.04779	3.26	0
1459	11:52:12.55	0.0620	21.11718	21.88	47.57	1.2	0.998820	22.1272	1.29964	806.24	1.04783	3.26	0
1460	11:52:12.85	0.0615	21.11746	21.88	47.55	1.2	0.998832	22.1265	1.29964	806.22	1.04779	3.26	0
1461	11:52:13.15	0.0625	21.11718	21.88	47.55	1.2	0.998820	22.1266	1.29964	806.22	1.04780	3.26	0
1462	11:52:13.45	0.0620	21.11718	21.88	47.57	1.2	0.998820	22.1266	1.29964	806.22	1.04780	3.26	0
1463	11:52:13.75	0.0605	21.11781	21.88	47.57	1.2	0.998850	22.1275	1.29964	806.24	1.04782	3.26	0
1464	11:52:14.05	0.0625	21.11711	21.88	47.57	1.2	0.998820	22.1262	1.29964	806.22	1.04779	3.26	0
1465	11:52:14.35	0.0635	21.11669	21.88	47.57	1.2	0.998802	22.1268	1.29968	806.24	1.04783	3.26	0
1466	11:52:14.65	0.0610	21.11767	21.88	47.55	1.2	0.998844	22.1271	1.29964	806.22	1.04780	3.26	0
1467	11:52:14.95	0.0630	21.11683	21.88	47.55	1.2	0.998802	22.1266	1.29964	806.24	1.04782	3.26	0
1468	11:52:15.25	0.0625	21.11704	21.88	47.55	1.2	0.998814	22.1264	1.29964	806.22	1.04780	3.26	0
1469	11:52:15.55	0.0635	21.11669	21.88	47.55	1.2	0.998796	22.1269	1.29964	806.24	1.04784	3.26	0
1470	11:52:15.85	0.0635	21.11662	21.88	47.55	1.2	0.998796	22.1269	1.29968	806.24	1.04785	3.26	0
1471	11:52:16.15	0.0640	21.11655	21.88	47.55	1.2	0.998790	22.1269	1.29968	806.24	1.04785	3.26	0
1472	11:52:16.45	0.0620	21.11732	21.88	47.57	1.2	0.998826	22.1265	1.29964	806.22	1.04779	3.26	0
1473	11:52:16.75	0.0625	21.11697	21.88	47.57	1.2	0.998814	22.1274	1.29968	806.24	1.04785	3.26	0
1474	11:52:17.05	0.0640	21.11648	21.88	47.57	1.2	0.998790	22.1264	1.29964	806.24	1.04782	3.26	0
1475	11:52:17.35	0.0615	21.11753	21.88	47.57	1.2	0.998838	22.1270	1.29964	806.22	1.04780	3.26	0
1476	11:52:17.65	0.0615	21.11739	21.88	47.55	1.2	0.998832	22.1269	1.29964	806.22	1.04780	3.26	0
1477	11:52:17.95	0.0620	21.11732	21.88	47.55	1.2	0.998826	22.1271	1.29964	806.24	1.04782	3.26	0
1478	11:52:18.25	0.0625	21.11704	21.88	47.57	1.2	0.998814	22.1269	1.29964	806.24	1.04782	3.26	0
1479	11:52:18.55	0.0610	21.11746	21.89	47.57	1.2	0.998838	22.1271	1.29964	806.22	1.04781	3.26	0
1480	11:52:18.85	0.0615	21.11732	21.89	47.57	1.2	0.998832	22.1273	1.29964	806.24	1.04783	3.26	0
1481	11:52:19.15	0.0605	21.11781	21.88	47.57	1.2	0.998850	22.1276	1.29964	806.22	1.04782	3.26	0
1482	11:52:19.45	0.0610	21.11774	21.88	47.57	1.2	0.998850	22.1271	1.29964	806.22	1.04780	3.26	0
1483	11:52:19.75	0.0630	21.11676	21.88	47.57	1.2	0.998802	22.1281	1.29968	806.26	1.04789	3.26	0
1484	11:52:20.05	0.0625	21.11711	21.88	47.55	1.2	0.998820	22.1272	1.29968	806.24	1.04783	3.26	0
1485	11:52:20.35	0.0625	21.11718	21.88	47.55	1.2	0.998820	22.1269	1.29964	806.22	1.04782	3.26	0
1486	11:52:20.65	0.0625	21.11711	21.88	47.57	1.2	0.998820	22.1268	1.29964	806.24	1.04782	3.26	0
1487	11:52:20.95	0.0605	21.11774	21.89	47.57	1.2	0.998850	22.1276	1.29964	806.24	1.04782	3.26	0
1488	11:52:21.25	0.0615	21.11739	21.89	47.55	1.2	0.998838	22.1269	1.29964	806.24	1.04781	3.26	0
1489	11:52:21.55	0.0625	21.11697	21.89	47.55	1.2	0.998814	22.1264	1.29964	806.24	1.04780	3.26	0
1490	11:52:21.85	0.0595	21.11816	21.89	47.55	1.2	0.998874	22.1267	1.29960	806.20	1.04776	3.26	0
1491	11:52:22.15	0.0625	21.11711	21.88	47.55	1.2	0.998820	22.1270	1.29964	806.24	1.04782	3.26	0
1492	11:52:22.45	0.0615	21.11760	21.88	47.55	1.2	0.998838	22.1273	1.29964	806.24	1.04782	3.26	0
1493	11:52:22.75	0.0635	21.11669	21.88	47.55	1.2	0.998796	22.1270	1.29964	806.24	1.04785	3.26	0
1494	11:52:23.05	0.0605	21.11788	21.88	47.55	1.2	0.998856	22.1278	1.29968	806.24	1.04782	3.26	0
1495	11:52:23.35	0.0620	21.11732	21.88	47.55	1.2	0.998826	22.1268	1.29964	806.22	1.04780	3.26	0
1496	11:52:23.65	0.0645	21.11627	21.88	47.57	1.2	0.998778	22.1263	1.29964	806.24	1.04783	3.26	0
1497	11:52:23.95	0.0625	21.11704	21.88	47.57	1.2	0.998820	22.1270	1.29964	806.24	1.04783	3.26	0
1498	11:52:24.25	0.0630	21.11690	21.88	47.57	1.2	0.998808	22.1271	1.29964	806.24	1.04784	3.26	0
1499	11:52:24.55	0.0625	21.11711	21.88	47.57	1.2	0.998820	22.1269	1.29964	806.24	1.04782	3.26	0
1500	11:52:24.85	0.0605	21.11781	21.88	47.57	1.2	0.998850	22.1266	1.29964	806.20	1.04777	3.26	0
1501	11:52:25.15	0.0620	21.11732	21.88	47.57	1.2	0.998826	22.1274	1.29968	806.24	1.04783	3.26	0
1502	11:52:25.45	0.0605	21.11788	21.88	47.55	1.2	0.998856	22.1278	1.29964	806.24	1.04782	3.26	0
1503	11:52:25.75	0.0640	21.11655	21.88	47.55	1.2	0.998790	22.1271	1.29968	806.24	1.04786	3.26	0
1504	11:52:26.05	0.0605	21.11781	21.88	47.55	1.2	0.998850	22.1274	1.29964	806.22	1.04781	3.26	0
1505	11:52:26.35	0.0615	21.11732	21.89	47.55	1.2	0.998832	22.1285	1.29968	806.26	1.04788	3.26	0
1506	11:52:26.65	0.0610	21.11760	21.89	47.55	1.2	0.998844	22.1273	1.29964	806.22	1.04781	3.26	0
1507	11:52:26.95	0.0630	21.11697	21.88	47.55	1.2	0.998814	22.1272	1.29968	806.24	1.04784	3.26	0
1508	11:52:27.25	0.0630	21.11690	21.88	47.57	1.2	0.998808	22.1271	1.29968	806.24	1.04784	3.26	0
1509	11:52:27.55	0.0605	21.11788	21.88	47.57	1.2	0.998856	22.1274	1.29964	806.22	1.04780	3.26	0
1510	11:52:27.85	0.0620	21.11732	21.88	47.57	1.2	0.998826	22.1271	1.29964	806.24	1.04782	3.26	0
1511	11:52:28.15	0.0655	21.11578	21.88	47.57	1.2	0.998760	22.1271	1.29972	806.26	1.04789	3.26	0
1512	11:52:28.45	0.0605	21.11781	21.88	47.57	1.2	0.998850	22.1280	1.29964	806.24	1.04783	3.26	0
1513	11:52:28.75	0.0610	21.11746	21.89	47.57	1.2	0.998838	22.1280	1.29968	806.24	1.04786	3.26	0
1514	11:52:29.05	0.0630	21.11683	21.89	47.57	1.2	0.998808	22.1276	1.29968	806.26	1.04786	3.26	0
1515	11:52:29.35	0.0630	21.11676	21.89	47.57	1.2	0.998808	22.1272	1.29968	806.24	1.04785	3.26	0
1516	11:52:29.65	0.0615	21.11732	21.89	47.57	1.2	0.998832	22.1277	1.29964	806.24	1.04785	3.26	0
1517	11:52:29.95	0.0625	21.11704	21.89	47.57	1.2	0.998820	22.1274	1.29968	806.24	1.04785	3.26	0
1518	11:52:30.25	0.0605	21.11781	21.89	47.57	1.2	0.998856	22.1277	1.29964	806.24	1.04782	3.26	0
1519	11:52:30.55	0.0620	21.11725	21.89	47.57	1.2	0.998832	22.1275	1.29968	806.24	1.04784	3.26	0
1520	11:52:30.85	0.0630	21.11676	21.89	47.57	1.2	0.998808	22.1273	1.29968	806.26	1.04786	3.26	0
1521	11:52:31.15	0.0610	21.11760	21.89	47.57	1.2	0.998850	22.1278	1.29968	806.24	1.04784	3.26	0
1522	11:52:31.45	0.0615	21.11739	21.89	47.51	1.2	0.998832	22.1275	1.29964	806.24	1.04783	3.26	0
1523	11:52:31.75	0.0610	21.11760	21.89	47.51	1.2	0.998844	22.1275	1.29964	806.24	1.04782	3.26	0
1524	11:52:32.05	0.0635	21.11662	21.89	47.57	1.2	0.998802	22.1270	1.29964	806.24	1.04785	3.26	0
1525	11:52:32.35	0.0615	21.11746	21.89	47.57	1.2	0.998838	22.1265	1.29964	806.22	1.04779	3.26	0
1526	11:52:32.65	0.0610	21.11760	21.89	47.55	1.2	0.998844	22.1269	1.29964	806.22	1.04780	3.26	0
1527	11:52:32.95	0.0610	21.11767	21.89	47.55	1.2	0.998850	22.1268	1.29964	806.22	1.04779	3.26	0
1528	11:52:33.25	0.0625	21.11697	21.89	47.54	1.2	0.998814	22.1271	1.29964	806.24	1.04783	3.26	0
1529	11:52:33.55	0.0620	21.11718	21.89	47.54	1.2	0.998826	22.1267	1.29964	806.24	1.04780	3.26	0
1530	11:52:33.85	0.0640	21.11634	21.89	47.54	1.2	0.998784	22.1270	1.29968	806.26	1.04786	3.26	0
1531	11:52:34.15	0.0620	21.11718	21.89	47.54	1.2	0.998826	22.1265	1.29964	806.22	1.04780	3.26	0
1532	11:52:34.45	0.0625	21.11704	21.89	47.54	1.2	0.998814	22.1271	1.29964	806.24	1.04783	3.26	0
1533	11:52:34.75	0.0625	21.11690	21.89	47.54	1.2	0.998814	22.1266	1.29964	806.22	1.04781	3.26	0
1534	11:52:35.05	0.0615	21.11739	21.89	47.57	1.2	0.998838	22.1271	1.29964	806.24	1.04782	3.26	0
1535	11:52:35.35	0.0605	21.11788	21.89	47.57	1.2	0.998862	22.1267	1.29960	806.22	1.04777	3.26	0
1536	11:52:35.65	0.0630	21.11683	21.89	47.54	1.2	0.998808	22.1268	1.29964	806.24	1.04783	3.26	0
1537	11:52:35.95	0.0625	21.11697	21.89	47.54	1.2	0.998814	22.1272	1.29964	806.24	1.04784	3.26	0
1538	11:52:36.25	0.0610	21.11760	21.89	47.54	1.2	0.998844	22.1271	1.29964	806.22	1.04780	3.26	0
1539	11:52:36.55	0.0640	21.11641	21.89	47.54	1.2	0.998790	22.1283	1.29972	806.28	1.04792	3.26	0
1540	11:52:36.85	0.0605	21.11788	21.89	47.54	1.2	0.998856	22.1275	1.29964	806.22	1.04781	3.26	0
1541	11:52:37.15	0.0625	21.11690	21.89	47.54	1.2	0.998814	22.1276	1.29968	806.24	1.04786	3.26	0
1542	11:52:37.45	0.0610	21.11760	21.89	47.54	1.2	0.998844	22.1281	1.29968	806.26	1.04785	3.26	0
1543	11:52:37.75	0.0610	21.11753	21.89	47.54	1.2	0.998844	22.1278	1.29968	806.24	1.04784	3.26	0
1544	11:52:38.05	0.0605	21.11774	21.89	47.57	1.2	0.998856	22.1275	1.29964	806.24	1.04782	3.26	0
1545	11:52:38.35	0.0605	21.11767	21.89	47.57	1.2	0.998850	22.1279	1.29964	806.24	1.04784	3.26	0
1546	11:52:38.65	0.0640	21.11648	21.89	47.54	1.2	0.998790	22.1278	1.29968	806.26	1.04789	3.26	0
1547	11:52:38.95	0.0630	21.11690	21.89	47.54	1.2	0.998814	22.1276	1.29968	806.26	1.04786	3.26	0
1548	11:52:39.25	0.0635	21.11662	21.89	47.54	1.2	0.998796	22.1276	1.29968	806.26	1.04788	3.26	0
1549	11:52:39.55	0.0605	21.11781	21.89	47.54	1.2	0.998856	22.1274	1.29964	806.22	1.04781	3.26	0
1550	11:52:39.85	0.0635	21.11662	21.89	47.54	1.2	0.998802	22.1273	1.29968	806.24	1.04786	3.26	0
1551	11:52:40.15	0.0615	21.11739	21.89	47.54	1.2	0.998832	22.1265	1.29964	806.22	1.04779	3.26	0
1552	11:52:40.45	0.0620	21.11725	21.89	47.54	1.2	0.998832	22.1272	1.29964	806.24	1.04782	3.26	0
1553	11:52:40.75	0.0615	21.11746	21.89	47.54	1.2	0.998838	22.1277	1.29968	806.24	1.04784	3.26	0
1554	11:52:41.05	0.0620	21.11718	21.89	47.54	1.2	0.998826	22.1271	1.29964	806.24	1.04782	3.26	0
1555	11:52:41.35	0.0615	21.11739	21.89	47.54	1.2	0.998838	22.1274	1.29964	806.24	1.04783	3.26	0
1556	11:52:41.65	0.0635	21.11669	21.89	47.51	1.2	0.998802	22.1264	1.29964	806.22	1.04782	3.26	0
1557	11:52:41.95	0.0610	21.11760	21.89	47.51	1.2	0.998844	22.1274	1.29964	806.24	1.04782	3.26	0
1558	11:52:42.25	0.0615	21.11732	21.89	47.54	1.2	0.998832	22.1270	1.29964	806.22	1.04781	3.26	0
1559	11:52:42.55	0.0610	21.11767	21.89	47.54	1.2	0.998850	22.1278	1.29964	806.24	1.04783	3.26	0
1560	11:52:42.85	0.0635	21.11662	21.89	47.54	1.2	0.998802	22.1273	1.29968	806.24	1.04786	3.26	0
1561	11:52:43.15	0.0610	21.11774	21.89	47.54	1.2	0.998850	22.1281	1.29968	806.24	1.04785	3.26	0
1562	11:52:43.45	0.0645	21.11627	21.89	47.54	1.2	0.998778	22.1266	1.29968	806.24	1.04785	3.26	0
1563	11:52:43.75	0.0605	21.11774	21.89	47.54	1.2	0.998850	22.1273	1.29964	806.24	1.04781	3.26	0
1564	11:52:44.05	0.0630	21.11683	21.89	47.54	1.2	0.998808	22.1268	1.29964	806.24	1.04782	3.26	0
1565	11:52:44.35	0.0630	21.11683	21.89	47.54	1.2	0.998808	22.1276	1.29968	806.26	1.04786	3.26	0
1566	11:52:44.65	0.0630	21.11683	21.89	47.54	1.2	0.998808	22.1275	1.29968	806.24	1.04786	3.26	0
1567	11:52:44.95	0.0620	21.11725	21.89	47.54	1.2	0.998826	22.1276	1.29968	806.24	1.04784	3.26	0
1568	11:52:45.25	0.0630	21.11676	21.89	47.54	1.2	0.998802	22.1273	1.29968	806.26	1.04785	3.26	0
1569	11:52:45.55	0.0625	21.11711	21.89	47.54	1.2	0.998820	22.1275	1.29968	806.24	1.04785	3.26	0
1570	11:52:45.85	0.0610	21.11767	21.89	47.54	1.2	0.998850	22.1279	1.29964	806.24	1.04784	3.26	0
1571	11:52:46.15	0.0625	21.11704	21.89	47.54	1.2	0.998820	22.1271	1.29964	806.24	1.04783	3.26	0
1572	11:52:46.45	0.0610	21.11767	21.89	47.54	1.2	0.998850	22.1265	1.29960	806.22	1.04777	3.26	0
1573	11:52:46.75	0.0605	21.11781	21.90	47.54	1.2	0.998856	22.1271	1.29964	806.22	1.04779	3.26	0
1574	11:52:47.05	0.0620	21.11711	21.90	47.54	1.2	0.998826	22.1265	1.29964	806.22	1.04780	3.26	0
1575	11:52:47.35	0.0625	21.11704	21.89	47.54	1.2	0.998820	22.1278	1.29968	806.26	1.04786	3.26	0
1576	11:52:47.65	0.0650	21.11606	21.89	47.54	1.2	0.998772	22.1273	1.29968	806.26	1.04789	3.26	0
1577	11:52:47.95	0.0630	21.11662	21.90	47.54	1.2	0.998802	22.1271	1.29964	806.26	1.04785	3.26	0
1578	11:52:48.25	0.0620	21.11711	21.90	47.54	1.2	0.998826	22.1274	1.29964	806.24	1.04784	3.26	0
1579	11:52:48.55	0.0615	21.11746	21.89	47.54	1.2	0.998838	22.1285	1.29968	806.26	1.04788	3.26	0
1580	11:52:48.85	0.0625	21.11697	21.89	47.54	1.2	0.998814	22.1275	1.29964	806.26	1.04785	3.26	0
1581	11:52:49.15	0.0615	21.11746	21.89	47.54	1.2	0.998838	22.1277	1.29964	806.24	1.04784	3.26	0
1582	11:52:49.45	0.0630	21.11683	21.89	47.54	1.2	0.998808	22.1276	1.29968	806.26	1.04787	3.26	0
1583	11:52:49.75	0.0605	21.11781	21.89	47.54	1.2	0.998856	22.1280	1.29964	806.24	1.04783	3.26	0
1584	11:52:50.05	0.0610	21.11767	21.89	47.54	1.2	0.998850	22.1277	1.29964	806.24	1.04783	3.26	0
1585	11:52:50.35	0.0605	21.11781	21.89	47.54	1.2	0.998856	22.1281	1.29964	806.24	1.04784	3.26	0
1586	11:52:50.65	0.0630	21.11676	21.89	47.54	1.2	0.998802	22.1272	1.29968	806.24	1.04785	3.26	0
1587	11:52:50.95	0.0635	21.11655	21.90	47.54	1.2	0.998796	22.1271	1.29968	806.24	1.04786	3.26	0
1588	11:52:51.25	0.0600	21.11781	21.90	47.54	1.2	0.998862	22.1273	1.29964	806.22	1.04780	3.26	0
1589	11:52:51.55	0.0630	21.11683	21.89	47.54	1.2	0.998808	22.1276	1.29968	806.26	1.04786	3.26	0
1590	11:52:51.85	0.0615	21.11746	21.89	47.54	1.2	0.998838	22.1274	1.29968	806.24	1.04783	3.26	0
1591	11:52:52.15	0.0615	21.11725	21.90	47.54	1.2	0.998832	22.1278	1.29968	806.26	1.04786	3.26	0
1592	11:52:52.45	0.0615	21.11739	21.90	47.54	1.2	0.998838	22.1276	1.29964	806.24	1.04784	3.26	0
1593	11:52:52.75	0.0610	21.11760	21.90	47.54	1.2	0.998850	22.1283	1.29968	806.24	1.04786	3.26	0
1594	11:52:53.05	0.0635	21.11641	21.90	47.54	1.2	0.998796	22.1276	1.29968	806.26	1.04788	3.26	0
1595	11:52:53.35	0.0610	21.11753	21.90	47.54	1.2	0.998844	22.1269	1.29964	806.22	1.04780	3.26	0
1596	11:52:53.65	0.0635	21.11655	21.90	47.54	1.2	0.998796	22.1280	1.29968	806.26	1.04790	3.26	0
1597	11:52:53.95	0.0605	21.11760	21.90	47.54	1.2	0.998850	22.1278	1.29964	806.24	1.04783	3.26	0
1598	11:52:54.25	0.0615	21.11725	21.90	47.54	1.2	0.998832	22.1273	1.29964	806.26	1.04783	3.26	0
1599	11:52:54.55	0.0605	21.11760	21.90	47.54	1.2	0.998850	22.1273	1.29964	806.22	1.04781	3.26	0
1600	11:52:54.85	0.0635	21.11655	21.90	47.54	1.2	0.998796	22.1276	1.29968	806.26	1.04788	3.26	0
1601	11:52:55.15	0.0615	21.11732	21.90	47.54	1.2	0.998838	22.1275	1.29964	806.24	1.04783	3.26	0
1602	11:52:55.45	0.0630	21.11662	21.90	47.54	1.2	0.998802	22.1271	1.29964	806.26	1.04785	3.26	0
1603	11:52:55.75	0.0645	21.11627	21.89	47.54	1.2	0.998778	22.1278	1.29968	806.28	1.04790	3.26	0
1604	11:52:56.05	0.0630	21.11669	21.89	47.54	1.2	0.998802	22.1271	1.29964	806.26	1.04785	3.26	0
1605	11:52:56.35	0.0635	21.11648	21.90	47.54	1.2	0.998796	22.1272	1.29968	806.26	1.04786	3.26	0
1606	11:52:56.65	0.0640	21.11634	21.90	47.54	1.2	0.998790	22.1273	1.29968	806.26	1.04788	3.26	0
1607	11:52:56.95	0.0600	21.11795	21.90	47.54	1.2	0.998862	22.1278	1.29964	806.24	1.04782	3.26	0
1608	11:52:57.25	0.0625	21.11697	21.90	47.54	1.2	0.998820	22.1271	1.29964	806.24	1.04783	3.26	0
1609	11:52:57.55	0.0610	21.11760	21.89	47.54	1.2	0.998844	22.1277	1.29964	806.24	1.04783	3.26	0
1610	11:52:57.85	0.0615	21.11746	21.89	47.54	1.2	0.998838	22.1279	1.29964	806.26	1.04785	3.26	0
1611	11:52:58.15	0.0615	21.11725	21.90	47.54	1.2	0.998832	22.1274	1.29964	806.24	1.04783	3.26	0
1612	11:52:58.45	0.0625	21.11690	21.90	47.54	1.2	0.998814	22.1277	1.29964	806.26	1.04786	3.26	0
1613	11:52:58.75	0.0615	21.11739	21.90	47.54	1.2	0.998838	22.1266	1.29964	806.22	1.04779	3.26	0
1614	11:52:59.05	0.0640	21.11627	21.90	47.54	1.2	0.998784	22.1264	1.29964	806.24	1.04783	3.26	0
1615	11:52:59.35	0.0615	21.11732	21.90	47.54	1.2	0.998838	22.1278	1.29964	806.26	1.04785	3.26	0
1616	11:52:59.65	0.0610	21.11760	21.90	47.54	1.2	0.998850	22.1277	1.29964	806.24	1.04783	3.26	0
1617	11:52:59.95	0.0600	21.11781	21.90	47.54	1.2	0.998862	22.1273	1.29964	806.24	1.04780	3.26	0
1618	11:53:00.25	0.0630	21.11669	21.90	47.54	1.2	0.998802	22.1265	1.29964	806.24	1.04782	3.26	0
1619	11:53:00.55	0.0625	21.11690	21.90	47.54	1.2	0.998814	22.1274	1.29964	806.26	1.04785	3.26	0
1620	11:53:00.85	0.0610	21.11753	21.90	47.54	1.2	0.998844	22.1273	1.29964	806.24	1.04782	3.26	0
1621	11:53:01.15	0.0635	21.11648	21.90	47.54	1.2	0.998796	22.1269	1.29968	806.24	1.04785	3.26	0
1622	11:53:01.45	0.0625	21.11683	21.90	47.54	1.2	0.998814	22.1271	1.29964	806.24	1.04784	3.26	0
1623	11:53:01.75	0.0620	21.11718	21.90	47.54	1.2	0.998826	22.1279	1.29968	806.26	1.04786	3.26	0
1624	11:53:02.05	0.0615	21.11732	21.90	47.54	1.2	0.998838	22.1276	1.29964	806.24	1.04785	3.26	0
1625	11:53:02.35	0.0625	21.11690	21.90	47.54	1.2	0.998814	22.1276	1.29968	806.26	1.04786	3.26	0
1626	11:53:02.65	0.0610	21.11760	21.90	47.54	1.2	0.998850	22.1278	1.29964	806.24	1.04784	3.26	0
1627	11:53:02.95	0.0625	21.11683	21.90	47.54	1.2	0.998814	22.1274	1.29968	806.26	1.04786	3.26	0
1628	11:53:03.25	0.0615	21.11732	21.90	47.54	1.2	0.998838	22.1272	1.29964	806.24	1.04782	3.26	0
1629	11:53:03.55	0.0625	21.11690	21.90	47.54	1.2	0.998814	22.1267	1.29964	806.24	1.04782	3.26	0
1630	11:53:03.85	0.0615	21.11732	21.90	47.54	1.2	0.998838	22.1277	1.29964	806.26	1.04785	3.26	0
1631	11:53:04.15	0.0615	21.11725	21.90	47.54	1.2	0.998832	22.1274	1.29964	806.24	1.04784	3.26	0
1632	11:53:04.45	0.0620	21.11718	21.90	47.54	1.2	0.998832	22.1278	1.29964	806.26	1.04785	3.26	0
1633	11:53:04.75	0.0630	21.11683	21.90	47.54	1.2	0.998814	22.1278	1.29968	806.26	1.04788	3.26	0
1634	11:53:05.05	0.0610	21.11753	21.90	47.54	1.2	0.998844	22.1285	1.29964	806.28	1.04788	3.26	0
1635	11:53:05.35	0.0625	21.11697	21.90	47.54	1.2	0.998820	22.1281	1.29968	806.28	1.04788	3.26	0
1636	11:53:05.65	0.0615	21.11732	21.90	47.54	1.2	0.998838	22.1276	1.29964	806.26	1.04784	3.26	0
1637	11:53:05.95	0.0635	21.11655	21.90	47.54	1.2	0.998796	22.1272	1.29968	806.26	1.04786	3.26	0
1638	11:53:06.25	0.0605	21.11774	21.90	47.54	1.2	0.998856	22.1281	1.29968	806.24	1.04785	3.26	0
1639	11:53:06.55	0.0630	21.11676	21.90	47.54	1.2	0.998808	22.1282	1.29968	806.28	1.04789	3.26	0
1640	11:53:06.85	0.0625	21.11697	21.90	47.54	1.2	0.998820	22.1271	1.29964	806.24	1.04783	3.26	0
1641	11:53:07.15	0.0620	21.11718	21.90	47.54	1.2	0.998832	22.1273	1.29964	806.24	1.04783	3.26	0
1642	11:53:07.45	0.0630	21.11669	21.90	47.54	1.2	0.998808	22.1276	1.29968	806.26	1.04787	3.26	0
1643	11:53:07.75	0.0625	21.11683	21.90	47.54	1.2	0.998814	22.1283	1.29968	806.26	1.04790	3.26	0
1644	11:53:08.05	0.0615	21.11732	21.90	47.54	1.2	0.998838	22.1282	1.29968	806.26	1.04787	3.26	0
1645	11:53:08.35	0.0630	21.11669	21.90	47.54	1.2	0.998802	22.1282	1.29968	806.28	1.04790	3.26	0
1646	11:53:08.65	0.0605	21.11774	21.90	47.54	1.2	0.998856	22.1274	1.29964	806.24	1.04782	3.26	0
1647	11:53:08.95	0.0625	21.11683	21.91	47.54	1.2	0.998820	22.1278	1.29968	806.26	1.04787	3.26	0
1648	11:53:09.25	0.0620	21.11704	21.91	47.54	1.2	0.998826	22.1271	1.29964	806.24	1.04783	3.26	0
1649	11:53:09.55	0.0615	21.11732	21.91	47.54	1.2	0.998838	22.1285	1.29968	806.28	1.04789	3.26	0
1650	11:53:09.85	0.0610	21.11739	21.91	47.54	1.2	0.998844	22.1278	1.29964	806.26	1.04785	3.26	0
1651	11:53:10.15	0.0625	21.11669	21.91	47.54	1.2	0.998814	22.1280	1.29968	806.28	1.04789	3.26	0
1652	11:53:10.45	0.0620	21.11704	21.91	47.54	1.2	0.998826	22.1285	1.29968	806.28	1.04789	3.26	0
1653	11:53:10.75	0.0625	21.11697	21.90	47.54	1.2	0.998820	22.1285	1.29968	806.28	1.04790	3.26	0
1654	11:53:11.05	0.0615	21.11739	21.90	47.54	1.2	0.998838	22.1279	1.29964	806.26	1.04785	3.26	0
1655	11:53:11.35	0.0615	21.11732	21.91	47.54	1.2	0.998838	22.1274	1.29964	806.24	1.04783	3.26	0
1656	11:53:11.65	0.0630	21.11655	21.91	47.54	1.2	0.998802	22.1271	1.29968	806.26	1.04786	3.26	0
1657	11:53:11.95	0.0620	21.11718	21.90	47.54	1.2	0.998826	22.1273	1.29964	806.24	1.04784	3.26	0
1658	11:53:12.25	0.0610	21.11753	21.90	47.54	1.2	0.998844	22.1280	1.29968	806.26	1.04785	3.26	0
1659	11:53:12.55	0.0620	21.11697	21.91	47.54	1.2	0.998826	22.1280	1.29968	806.26	1.04788	3.26	0
1660	11:53:12.85	0.0615	21.11718	21.91	47.54	1.2	0.998832	22.1276	1.29964	806.26	1.04785	3.26	0
1661	11:53:13.15	0.0610	21.11753	21.90	47.54	1.2	0.998850	22.1281	1.29964	806.26	1.04786	3.26	0
1662	11:53:13.45	0.0590	21.11823	21.90	47.54	1.2	0.998880	22.1280	1.29964	806.24	1.04782	3.26	0
1663	11:53:13.75	0.0635	21.11634	21.91	47.54	1.2	0.998796	22.1278	1.29968	806.26	1.04789	3.26	0
1664	11:53:14.05	0.0620	21.11704	21.91	47.54	1.2	0.998826	22.1276	1.29968	806.24	1.04785	3.26	0
1665	11:53:14.35	0.0605	21.11774	21.90	47.54	1.2	0.998856	22.1285	1.29968	806.24	1.04786	3.26	0
1666	11:53:14.65	0.0605	21.11774	21.90	47.54	1.2	0.998856	22.1281	1.29964	806.24	1.04785	3.26	0
1667	11:53:14.95	0.0625	21.11676	21.91	47.54	1.2	0.998814	22.1278	1.29968	806.26	1.04788	3.26	0
1668	11:53:15.25	0.0610	21.11739	21.91	47.54	1.2	0.998844	22.1275	1.29964	806.26	1.04783	3.26	0
1669	11:53:15.55	0.0605	21.11753	21.91	47.54	1.2	0.998850	22.1279	1.29964	806.26	1.04785	3.26	0
1670	11:53:15.85	0.0610	21.11739	21.91	47.54	1.2	0.998844	22.1278	1.29964	806.26	1.04785	3.26	0
1671	11:53:16.15	0.0645	21.11613	21.91	47.54	1.2	0.998784	22.1271	1.29968	806.26	1.04788	3.26	0
1672	11:53:16.45	0.0625	21.11683	21.91	47.54	1.2	0.998814	22.1268	1.29964	806.24	1.04783	3.26	0
1673	11:53:16.75	0.0605	21.11767	21.91	47.54	1.2	0.998856	22.1271	1.29960	806.24	1.04780	3.26	0
1674	11:53:17.05	0.0615	21.11725	21.91	47.54	1.2	0.998838	22.1276	1.29964	806.26	1.04785	3.26	0
1675	11:53:17.35	0.0615	21.11732	21.91	47.54	1.2	0.998838	22.1276	1.29964	806.26	1.04784	3.26	0
1676	11:53:17.65	0.0615	21.11725	21.91	47.54	1.2	0.998838	22.1274	1.29964	806.24	1.04784	3.26	0
1677	11:53:17.95	0.0620	21.11697	21.91	47.54	1.2	0.998826	22.1270	1.29964	806.24	1.04783	3.26	0
1678	11:53:18.25	0.0625	21.11683	21.91	47.54	1.2	0.998814	22.1264	1.29964	806.24	1.04781	3.26	0
1679	11:53:18.55	0.0615	21.11718	21.91	47.54	1.2	0.998832	22.1280	1.29968	806.26	1.04787	3.26	0
1680	11:53:18.85	0.0655	21.11571	21.91	47.54	1.2	0.998760	22.1277	1.29972	806.28	1.04793	3.26	0
1681	11:53:19.15	0.0615	21.11725	21.91	47.54	1.2	0.998838	22.1276	1.29964	806.26	1.04785	3.26	0
1682	11:53:19.45	0.0625	21.11676	21.91	47.54	1.2	0.998814	22.1276	1.29964	806.26	1.04787	3.26	0
1683	11:53:19.75	0.0615	21.11732	21.91	47.54	1.2	0.998838	22.1275	1.29964	806.24	1.04784	3.26	0
1684	11:53:20.05	0.0615	21.11725	21.91	47.54	1.2	0.998838	22.1281	1.29968	806.26	1.04787	3.26	0
1685	11:53:20.35	0.0635	21.11634	21.91	47.54	1.2	0.998796	22.1282	1.29968	806.28	1.04792	3.26	0
1686	11:53:20.65	0.0605	21.11760	21.91	47.54	1.2	0.998856	22.1274	1.29964	806.24	1.04782	3.26	0
1687	11:53:20.95	0.0620	21.11697	21.91	47.54	1.2	0.998826	22.1280	1.29968	806.26	1.04788	3.26	0
1688	11:53:21.25	0.0635	21.11648	21.91	47.54	1.2	0.998802	22.1276	1.29968	806.26	1.04788	3.26	0
1689	11:53:21.55	0.0630	21.11662	21.91	47.54	1.2	0.998808	22.1278	1.29968	806.26	1.04788	3.26	0
1690	11:53:21.85	0.0625	21.11683	21.91	47.54	1.2	0.998820	22.1280	1.29968	806.26	1.04788	3.26	0
1691	11:53:22.15	0.0615	21.11725	21.91	47.54	1.2	0.998838	22.1279	1.29968	806.24	1.04786	3.26	0
1692	11:53:22.45	0.0620	21.11704	21.91	47.54	1.2	0.998826	22.1286	1.29968	806.28	1.04790	3.26	0
1693	11:53:22.75	0.0615	21.11725	21.91	47.54	1.2	0.998838	22.1277	1.29964	806.24	1.04785	3.26	0
1694	11:53:23.05	0.0635	21.11634	21.91	47.54	1.2	0.998796	22.1276	1.29968	806.28	1.04789	3.26	0
1695	11:53:23.35	0.0615	21.11732	21.91	47.54	1.2	0.998838	22.1280	1.29964	806.26	1.04786	3.26	0
1696	11:53:23.65	0.0600	21.11781	21.91	47.54	1.2	0.998862	22.1279	1.29964	806.26	1.04783	3.26	0
1697	11:53:23.95	0.0625	21.11690	21.91	47.54	1.2	0.998820	22.1285	1.29968	806.28	1.04790	3.26	0
1698	11:53:24.25	0.0595	21.11809	21.91	47.54	1.2	0.998874	22.1278	1.29964	806.24	1.04782	3.26	0
1699	11:53:24.55	0.0620	21.11697	21.91	47.54	1.2	0.998826	22.1283	1.29968	806.28	1.04789	3.26	0
1700	11:53:24.85	0.0610	21.11746	21.91	47.54	1.2	0.998844	22.1280	1.29964	806.26	1.04785	3.26	0
1701	11:53:25.15	0.0620	21.11704	21.91	47.54	1.2	0.998826	22.1283	1.29968	806.26	1.04789	3.26	0
1702	11:53:25.45	0.0600	21.11781	21.91	47.54	1.2	0.998862	22.1280	1.29964	806.24	1.04783	3.26	0
1703	11:53:25.75	0.0615	21.11732	21.91	47.54	1.2	0.998838	22.1281	1.29964	806.26	1.04786	3.26	0
1704	11:53:26.05	0.0625	21.11683	21.91	47.54	1.2	0.998814	22.1283	1.29968	806.28	1.04790	3.26	0
1705	11:53:26.35	0.0630	21.11669	21.91	47.54	1.2	0.998808	22.1273	1.29964	806.26	1.04786	3.26	0
1706	11:53:26.65	0.0605	21.11767	21.91	47.54	1.2	0.998856	22.1280	1.29964	806.26	1.04784	3.26	0
1707	11:53:26.95	0.0625	21.11676	21.91	47.54	1.2	0.998814	22.1277	1.29968	806.26	1.04788	3.26	0
1708	11:53:27.25	0.0620	21.11697	21.91	47.54	1.2	0.998820	22.1276	1.29964	806.26	1.04786	3.26	0
1709	11:53:27.55	0.0625	21.11683	21.91	47.54	1.2	0.998820	22.1278	1.29968	806.26	1.04787	3.26	0
1710	11:53:27.85	0.0630	21.11655	21.91	47.54	1.2	0.998802	22.1284	1.29968	806.28	1.04792	3.26	0
1711	11:53:28.15	0.0635	21.11641	21.91	47.54	1.2	0.998796	22.1280	1.29968	806.28	1.04791	3.26	0
1712	11:53:28.45	0.0630	21.11655	21.91	47.54	1.2	0.998802	22.1284	1.29972	806.26	1.04792	3.26	0
1713	11:53:28.75	0.0635	21.11648	21.91	47.54	1.2	0.998802	22.1285	1.29968	806.28	1.04793	3.26	0
1714	11:53:29.05	0.0610	21.11753	21.91	47.54	1.2	0.998850	22.1287	1.29968	806.28	1.04789	3.26	0
1715	11:53:29.35	0.0610	21.11739	21.91	47.54	1.2	0.998844	22.1289	1.29968	806.28	1.04790	3.26	0
1716	11:53:29.65	0.0630	21.11662	21.91	47.54	1.2	0.998808	22.1284	1.29968	806.28	1.04791	3.26	0
1717	11:53:29.95	0.0595	21.11802	21.91	47.54	1.2	0.998874	22.1281	1.29964	806.24	1.04783	3.26	0
1718	11:53:30.25	0.0615	21.11718	21.91	47.54	1.2	0.998832	22.1282	1.29968	806.26	1.04788	3.26	0
1719	11:53:30.55	0.0615	21.11725	21.91	47.54	1.2	0.998838	22.1284	1.29968	806.28	1.04789	3.26	0
1720	11:53:30.85	0.0620	21.11711	21.91	47.54	1.2	0.998826	22.1278	1.29964	806.26	1.04786	3.26	0
1721	11:53:31.15	0.0625	21.11676	21.91	47.54	1.2	0.998814	22.1289	1.29968	806.28	1.04793	3.26	0
1722	11:53:31.45	0.0620	21.11697	21.91	47.54	1.2	0.998826	22.1283	1.29968	806.28	1.04789	3.26	0
1723	11:53:31.75	0.0615	21.11711	21.91	47.54	1.2	0.998832	22.1274	1.29964	806.24	1.04784	3.26	0
1724	11:53:32.05	0.0620	21.11697	21.91	47.54	1.2	0.998826	22.1280	1.29968	806.26	1.04788	3.26	0
1725	11:53:32.35	0.0620	21.11704	21.91	47.54	1.2	0.998826	22.1277	1.29968	806.26	1.04786	3.26	0
1726	11:53:32.65	0.0615	21.11725	21.91	47.50	1.2	0.998832	22.1279	1.29964	806.26	1.04786	3.26	0
1727	11:53:32.95	0.0625	21.11683	21.91	47.50	1.2	0.998814	22.1283	1.29968	806.28	1.04790	3.26	0
1728	11:53:33.25	0.0610	21.11746	21.91	47.54	1.2	0.998844	22.1285	1.29964	806.28	1.04788	3.26	0
1729	11:53:33.55	0.0625	21.11690	21.91	47.54	1.2	0.998820	22.1283	1.29968	806.28	1.04789	3.26	0
1730	11:53:33.85	0.0635	21.11634	21.91	47.54	1.2	0.998796	22.1282	1.29968	806.28	1.04792	3.26	0
1731	11:53:34.15	0.0610	21.11739	21.91	47.54	1.2	0.998844	22.1280	1.29964	806.26	1.04786	3.26	0
1732	11:53:34.45	0.0630	21.11662	21.91	47.54	1.2	0.998808	22.1276	1.29968	806.26	1.04788	3.26	0
1733	11:53:34.75	0.0635	21.11648	21.91	47.54	1.2	0.998802	22.1285	1.29968	806.28	1.04793	3.26	0
1734	11:53:35.05	0.0630	21.11655	21.91	47.54	1.2	0.998802	22.1283	1.29968	806.28	1.04791	3.26	0
1735	11:53:35.35	0.0605	21.11760	21.91	47.54	1.2	0.998856	22.1290	1.29968	806.28	1.04789	3.26	0
1736	11:53:35.65	0.0625	21.11690	21.91	47.50	1.2	0.998820	22.1282	1.29968	806.28	1.04789	3.26	0
1737	11:53:35.95	0.0630	21.11669	21.91	47.50	1.2	0.998808	22.1283	1.29968	806.28	1.04791	3.26	0
1738	11:53:36.25	0.0620	21.11697	21.91	47.54	1.2	0.998826	22.1277	1.29964	806.26	1.04786	3.26	0
1739	11:53:36.55	0.0625	21.11683	21.91	47.54	1.2	0.998814	22.1283	1.29968	806.28	1.04790	3.26	0
1740	11:53:36.85	0.0615	21.11725	21.91	47.50	1.2	0.998832	22.1285	1.29968	806.28	1.04789	3.26	0
1741	11:53:37.15	0.0595	21.11809	21.91	47.50	1.2	0.998874	22.1281	1.29964	806.24	1.04783	3.26	0
1742	11:53:37.45	0.0610	21.11739	21.91	47.50	1.2	0.998844	22.1283	1.29968	806.26	1.04787	3.26	0
1743	11:53:37.75	0.0610	21.11753	21.91	47.50	1.2	0.998850	22.1275	1.29964	806.24	1.04783	3.26	0
1744	11:53:38.05	0.0620	21.11704	21.91	47.54	1.2	0.998826	22.1280	1.29968	806.26	1.04787	3.26	0
1745	11:53:38.35	0.0635	21.11648	21.91	47.54	1.2	0.998802	22.1277	1.29968	806.26	1.04789	3.26	0
1746	11:53:38.65	0.0625	21.11690	21.91	47.50	1.2	0.998820	22.1289	1.29968	806.28	1.04792	3.26	0
1747	11:53:38.95	0.0620	21.11697	21.91	47.50	1.2	0.998820	22.1280	1.29968	806.26	1.04788	3.26	0
1748	11:53:39.25	0.0610	21.11739	21.91	47.54	1.2	0.998844	22.1282	1.29964	806.26	1.04786	3.26	0
1749	11:53:39.55	0.0630	21.11669	21.91	47.54	1.2	0.998808	22.1284	1.29972	806.26	1.04791	3.26	0
1750	11:53:39.85	0.0620	21.11711	21.91	47.50	1.2	0.998832	22.1278	1.29964	806.26	1.04786	3.26	0
1751	11:53:40.15	0.0615	21.11725	21.91	47.50	1.2	0.998832	22.1277	1.29964	806.26	1.04785	3.26	0
1752	11:53:40.45	0.0610	21.11753	21.91	47.54	1.2	0.998850	22.1276	1.29964	806.24	1.04783	3.26	0
1753	11:53:40.75	0.0615	21.11718	21.91	47.54	1.2	0.998832	22.1277	1.29964	806.26	1.04785	3.26	0
1754	11:53:41.05	0.0615	21.11725	21.91	47.54	1.2	0.998838	22.1278	1.29964	806.26	1.04786	3.26	0
1755	11:53:41.35	0.0645	21.11613	21.91	47.54	1.2	0.998784	22.1279	1.29968	806.28	1.04792	3.26	0
1756	11:53:41.65	0.0625	21.11690	21.91	47.50	1.2	0.998820	22.1271	1.29964	806.26	1.04783	3.26	0
1757	11:53:41.95	0.0615	21.11732	21.91	47.50	1.2	0.998838	22.1277	1.29964	806.26	1.04785	3.26	0
1758	11:53:42.25	0.0625	21.11683	21.91	47.50	1.2	0.998814	22.1278	1.29968	806.26	1.04788	3.26	0
1759	11:53:42.55	0.0630	21.11662	21.91	47.50	1.2	0.998808	22.1269	1.29964	806.26	1.04784	3.26	0
1760	11:53:42.85	0.0630	21.11669	21.91	47.54	1.2	0.998814	22.1280	1.29968	806.28	1.04789	3.26	0
1761	11:53:43.15	0.0615	21.11725	21.91	47.54	1.2	0.998838	22.1283	1.29964	806.28	1.04788	3.26	0
1762	11:53:43.45	0.0625	21.11683	21.91	47.50	1.2	0.998820	22.1276	1.29964	806.26	1.04786	3.26	0
1763	11:53:43.75	0.0635	21.11648	21.91	47.50	1.2	0.998796	22.1279	1.29968	806.28	1.04790	3.26	0
1764	11:53:44.05	0.0630	21.11669	21.91	47.50	1.2	0.998808	22.1279	1.29968	806.26	1.04788	3.26	0
1765	11:53:44.35	0.0625	21.11697	21.91	47.50	1.2	0.998820	22.1279	1.29968	806.26	1.04788	3.26	0
1766	11:53:44.65	0.0610	21.11753	21.91	47.50	1.2	0.998850	22.1276	1.29964	806.24	1.04783	3.26	0
1767	11:53:44.95	0.0625	21.11683	21.91	47.50	1.2	0.998814	22.1281	1.29968	806.28	1.04789	3.26	0
1768	11:53:45.25	0.0610	21.11746	21.91	47.50	1.2	0.998844	22.1280	1.29964	806.26	1.04785	3.26	0
1769	11:53:45.55	0.0620	21.11711	21.91	47.50	1.2	0.998826	22.1274	1.29964	806.26	1.04785	3.26	0
1770	11:53:45.85	0.0615	21.11739	21.91	47.50	1.2	0.998838	22.1271	1.29964	806.24	1.04782	3.26	0
1771	11:53:46.15	0.0620	21.11711	21.91	47.50	1.2	0.998832	22.1273	1.29964	806.26	1.04784	3.26	0
1772	11:53:46.45	0.0620	21.11711	21.91	47.54	1.2	0.998832	22.1270	1.29964	806.24	1.04782	3.26	0
1773	11:53:46.75	0.0630	21.11662	21.91	47.54	1.2	0.998808	22.1275	1.29968	806.26	1.04788	3.26	0
1774	11:53:47.05	0.0615	21.11718	21.91	47.54	1.2	0.998832	22.1281	1.29968	806.26	1.04787	3.26	0
1775	11:53:47.35	0.0590	21.11816	21.91	47.54	1.2	0.998880	22.1271	1.29960	806.22	1.04778	3.26	0
1776	11:53:47.65	0.0630	21.11662	21.91	47.54	1.2	0.998808	22.1273	1.29964	806.26	1.04786	3.26	0
1777	11:53:47.95	0.0630	21.11669	21.91	47.54	1.2	0.998808	22.1272	1.29964	806.26	1.04785	3.26	0
1778	11:53:48.25	0.0620	21.11711	21.91	47.54	1.2	0.998832	22.1273	1.29964	806.26	1.04783	3.26	0
1779	11:53:48.55	0.0605	21.11753	21.91	47.54	1.2	0.998850	22.1276	1.29964	806.26	1.04783	3.26	0
1780	11:53:48.85	0.0620	21.11704	21.91	47.50	1.2	0.998826	22.1279	1.29964	806.26	1.04787	3.26	0
1781	11:53:49.15	0.0610	21.11739	21.91	47.50	1.2	0.998844	22.1275	1.29964	806.24	1.04783	3.26	0
1782	11:53:49.45	0.0625	21.11690	21.91	47.54	1.2	0.998820	22.1282	1.29968	806.28	1.04789	3.26	0
1783	11:53:49.75	0.0625	21.11690	21.91	47.54	1.2	0.998820	22.1276	1.29964	806.26	1.04786	3.26	0
1784	11:53:50.05	0.0650	21.11592	21.91	47.50	1.2	0.998772	22.1283	1.29972	806.28	1.04794	3.26	0
1785	11:53:50.35	0.0650	21.11585	21.91	47.50	1.2	0.998772	22.1283	1.29972	806.30	1.04794	3.26	0
1786	11:53:50.65	0.0620	21.11697	21.91	47.54	1.2	0.998820	22.1278	1.29964	806.26	1.04787	3.26	0
1787	11:53:50.95	0.0635	21.11641	21.91	47.54	1.2	0.998796	22.1277	1.29968	806.26	1.04789	3.26	0
1788	11:53:51.25	0.0610	21.11739	21.91	47.50	1.2	0.998838	22.1290	1.29968	806.28	1.04791	3.26	0
1789	11:53:51.55	0.0605	21.11767	21.91	47.50	1.2	0.998856	22.1283	1.29968	806.26	1.04786	3.26	0
1790	11:53:51.85	0.0630	21.11662	21.91	47.54	1.2	0.998808	22.1280	1.29968	806.28	1.04789	3.26	0
1791	11:53:52.15	0.0610	21.11753	21.91	47.54	1.2	0.998850	22.1280	1.29964	806.26	1.04785	3.26	0
1792	11:53:52.45	0.0605	21.11760	21.91	47.50	1.2	0.998850	22.1279	1.29964	806.26	1.04785	3.26	0
1793	11:53:52.75	0.0625	21.11690	21.91	47.50	1.2	0.998820	22.1280	1.29968	806.28	1.04788	3.26	0
1794	11:53:53.05	0.0615	21.11732	21.91	47.50	1.2	0.998838	22.1283	1.29964	806.26	1.04788	3.26	0
1795	11:53:53.35	0.0605	21.11774	21.91	47.50	1.2	0.998862	22.1278	1.29964	806.24	1.04783	3.26	0
1796	11:53:53.65	0.0620	21.11704	21.91	47.50	1.2	0.998826	22.1278	1.29964	806.26	1.04786	3.26	0
1797	11:53:53.95	0.0620	21.11718	21.91	47.50	1.2	0.998832	22.1280	1.29968	806.26	1.04787	3.26	0
1798	11:53:54.25	0.0630	21.11669	21.91	47.54	1.2	0.998808	22.1282	1.29968	806.28	1.04790	3.26	0
1799	11:53:54.55	0.0625	21.11683	21.91	47.54	1.2	0.998814	22.1284	1.29968	806.28	1.04791	3.26	0
1800	11:53:54.85	0.0605	21.11760	21.91	47.50	1.2	0.998856	22.1276	1.29964	806.26	1.04783	3.26	0
1801	11:53:55.15	0.0600	21.11781	21.91	47.50	1.2	0.998862	22.1280	1.29964	806.24	1.04783	3.26	0
1802	11:53:55.45	0.0610	21.11739	21.91	47.50	1.2	0.998838	22.1284	1.29964	806.28	1.04788	3.26	0
1803	11:53:55.75	0.0635	21.11648	21.91	47.50	1.2	0.998802	22.1282	1.29968	806.28	1.04791	3.26	0
1804	11:53:56.05	0.0625	21.11690	21.91	47.50	1.2	0.998820	22.1278	1.29968	806.26	1.04788	3.26	0
1805	11:53:56.35	0.0625	21.11683	21.91	47.50	1.2	0.998814	22.1284	1.29968	806.28	1.04791	3.26	0
1806	11:53:56.65	0.0625	21.11683	21.91	47.50	1.2	0.998814	22.1283	1.29968	806.28	1.04790	3.26	0
1807	11:53:56.95	0.0620	21.11704	21.91	47.50	1.2	0.998826	22.1283	1.29968	806.26	1.04789	3.26	0
1808	11:53:57.25	0.0620	21.11704	21.91	47.54	1.2	0.998826	22.1280	1.29964	806.28	1.04788	3.26	0
1809	11:53:57.55	0.0635	21.11641	21.91	47.54	1.2	0.998796	22.1278	1.29968	806.26	1.04789	3.26	0
1810	11:53:57.85	0.0640	21.11627	21.91	47.54	1.2	0.998790	22.1273	1.29968	806.26	1.04788	3.26	0
1811	11:53:58.15	0.0665	21.11529	21.91	47.54	1.2	0.998742	22.1278	1.29972	806.30	1.04795	3.26	0
1812	11:53:58.45	0.0630	21.11662	21.91	47.50	1.2	0.998808	22.1281	1.29968	806.28	1.04790	3.26	0
1813	11:53:58.75	0.0640	21.11627	21.91	47.50	1.2	0.998790	22.1281	1.29968	806.28	1.04792	3.26	0
1814	11:53:59.05	0.0630	21.11655	21.91	47.54	1.2	0.998802	22.1277	1.29968	806.28	1.04789	3.26	0
1815	11:53:59.35	0.0615	21.11718	21.91	47.54	1.2	0.998832	22.1277	1.29964	806.26	1.04785	3.26	0
1816	11:53:59.65	0.0615	21.11725	21.91	47.54	1.2	0.998838	22.1277	1.29964	806.26	1.04785	3.26	0
1817	11:53:59.95	0.0615	21.11718	21.91	47.54	1.2	0.998832	22.1282	1.29968	806.26	1.04788	3.26	0
1818	11:54:00.25	0.0630	21.11662	21.91	47.50	1.2	0.998808	22.1278	1.29968	806.26	1.04789	3.26	0
1819	11:54:00.55	0.0625	21.11683	21.91	47.50	1.2	0.998814	22.1281	1.29968	806.28	1.04789	3.26	0
1820	11:54:00.85	0.0635	21.11648	21.91	47.50	1.2	0.998796	22.1276	1.29968	806.28	1.04789	3.26	0
1821	11:54:01.15	0.0630	21.11662	21.91	47.50	1.2	0.998802	22.1280	1.29968	806.28	1.04790	3.26	0
1822	11:54:01.45	0.0615	21.11725	21.91	47.50	1.2	0.998832	22.1281	1.29968	806.26	1.04787	3.26	0
1823	11:54:01.75	0.0630	21.11669	21.91	47.50	1.2	0.998808	22.1278	1.29964	806.28	1.04788	3.26	0
1824	11:54:02.05	0.0625	21.11690	21.91	47.54	1.2	0.998820	22.1275	1.29964	806.26	1.04786	3.26	0
1825	11:54:02.35	0.0640	21.11627	21.91	47.54	1.2	0.998790	22.1281	1.29968	806.28	1.04792	3.26	0
1826	11:54:02.65	0.0615	21.11725	21.91	47.54	1.2	0.998838	22.1287	1.29968	806.28	1.04790	3.26	0
1827	11:54:02.95	0.0610	21.11739	21.91	47.54	1.2	0.998844	22.1284	1.29968	806.26	1.04788	3.26	0
1828	11:54:03.25	0.0615	21.11725	21.91	47.54	1.2	0.998838	22.1278	1.29964	806.26	1.04786	3.26	0
1829	11:54:03.55	0.0620	21.11711	21.91	47.54	1.2	0.998832	22.1285	1.29968	806.28	1.04789	3.26	0
1830	11:54:03.85	0.0630	21.11669	21.91	47.54	1.2	0.998808	22.1277	1.29968	806.26	1.04788	3.26	0
1831	11:54:04.15	0.0610	21.11732	21.91	47.54	1.2	0.998844	22.1278	1.29964	806.26	1.04785	3.26	0
1832	11:54:04.45	0.0605	21.11767	21.91	47.54	1.2	0.998856	22.1284	1.29964	806.26	1.04786	3.26	0
1833	11:54:04.75	0.0610	21.11746	21.91	47.54	1.2	0.998850	22.1282	1.29964	806.26	1.04786	3.26	0
1834	11:54:05.05	0.0625	21.11690	21.91	47.54	1.2	0.998820	22.1277	1.29968	806.26	1.04787	3.26	0
1835	11:54:05.35	0.0630	21.11662	21.91	47.54	1.2	0.998808	22.1287	1.29972	806.28	1.04793	3.26	0
1836	11:54:05.65	0.0610	21.11753	21.91	47.50	1.2	0.998850	22.1285	1.29968	806.26	1.04787	3.26	0
1837	11:54:05.95	0.0620	21.11704	21.91	47.50	1.2	0.998826	22.1284	1.29968	806.28	1.04789	3.26	0
1838	11:54:06.25	0.0620	21.11711	21.91	47.54	1.2	0.998832	22.1278	1.29964	806.26	1.04786	3.26	0
1839	11:54:06.55	0.0620	21.11697	21.91	47.54	1.2	0.998826	22.1274	1.29964	806.26	1.04785	3.26	0
1840	11:54:06.85	0.0630	21.11669	21.91	47.54	1.2	0.998808	22.1278	1.29968	806.26	1.04788	3.26	0
1841	11:54:07.15	0.0625	21.11676	21.91	47.54	1.2	0.998814	22.1279	1.29968	806.26	1.04788	3.26	0
1842	11:54:07.45	0.0620	21.11704	21.91	47.50	1.2	0.998826	22.1285	1.29968	806.28	1.04790	3.26	0
1843	11:54:07.75	0.0630	21.11655	21.91	47.50	1.2	0.998802	22.1277	1.29968	806.26	1.04788	3.26	0
1844	11:54:08.05	0.0625	21.11690	21.91	47.50	1.2	0.998820	22.1283	1.29968	806.28	1.04789	3.26	0
1845	11:54:08.35	0.0625	21.11690	21.91	47.50	1.2	0.998820	22.1279	1.29968	806.26	1.04788	3.26	0
1846	11:54:08.65	0.0600	21.11781	21.91	47.54	1.2	0.998862	22.1283	1.29964	806.26	1.04785	3.26	0
1847	11:54:08.95	0.0615	21.11718	21.91	47.54	1.2	0.998832	22.1285	1.29968	806.28	1.04789	3.26	0
1848	11:54:09.25	0.0620	21.11697	21.91	47.50	1.2	0.998826	22.1289	1.29972	806.28	1.04792	3.26	0
1849	11:54:09.55	0.0630	21.11662	21.91	47.50	1.2	0.998808	22.1292	1.29968	806.30	1.04795	3.26	0
1850	11:54:09.85	0.0610	21.11746	21.91	47.54	1.2	0.998850	22.1282	1.29964	806.26	1.04786	3.26	0
1851	11:54:10.15	0.0610	21.11753	21.91	47.54	1.2	0.998850	22.1281	1.29964	806.26	1.04786	3.26	0
1852	11:54:10.45	0.0615	21.11718	21.91	47.50	1.2	0.998832	22.1280	1.29968	806.26	1.04786	3.26	0
1853	11:54:10.75	0.0625	21.11683	21.91	47.50	1.2	0.998814	22.1278	1.29964	806.26	1.04787	3.26	0
1854	11:54:11.05	0.0620	21.11704	21.91	47.50	1.2	0.998826	22.1278	1.29964	806.26	1.04786	3.26	0
1855	11:54:11.35	0.0640	21.11627	21.91	47.50	1.2	0.998790	22.1276	1.29968	806.28	1.04789	3.26	0
1856	11:54:11.65	0.0625	21.11676	21.91	47.50	1.2	0.998814	22.1275	1.29964	806.26	1.04786	3.26	0
1857	11:54:11.95	0.0630	21.11662	21.91	47.50	1.2	0.998808	22.1276	1.29968	806.26	1.04788	3.26	0
1858	11:54:12.25	0.0615	21.11732	21.91	47.50	1.2	0.998838	22.1276	1.29964	806.26	1.04785	3.26	0
1859	11:54:12.55	0.0610	21.11739	21.91	47.50	1.2	0.998844	22.1278	1.29964	806.26	1.04785	3.26	0
1860	11:54:12.85	0.0640	21.11627	21.91	47.54	1.2	0.998790	22.1281	1.29968	806.28	1.04792	3.26	0
1861	11:54:13.15	0.0605	21.11767	21.91	47.54	1.2	0.998856	22.1282	1.29968	806.24	1.04785	3.26	0
1862	11:54:13.45	0.0625	21.11690	21.91	47.50	1.2	0.998820	22.1280	1.29968	806.26	1.04788	3.26	0
1863	11:54:13.75	0.0640	21.11620	21.91	47.50	1.2	0.998784	22.1278	1.29968	806.28	1.04791	3.26	0
1864	11:54:14.05	0.0610	21.11739	21.91	47.50	1.2	0.998844	22.1280	1.29964	806.26	1.04786	3.26	0
1865	11:54:14.35	0.0630	21.11655	21.91	47.50	1.2	0.998802	22.1278	1.29968	806.28	1.04789	3.26	0
1866	11:54:14.65	0.0600	21.11774	21.91	47.54	1.2	0.998862	22.1281	1.29964	806.26	1.04785	3.26	0
1867	11:54:14.95	0.0615	21.11718	21.91	47.54	1.2	0.998838	22.1289	1.29968	806.28	1.04791	3.26	0
1868	11:54:15.25	0.0630	21.11669	21.91	47.50	1.2	0.998808	22.1287	1.29968	806.28	1.04792	3.26	0
1869	11:54:15.55	0.0625	21.11690	21.91	47.50	1.2	0.998820	22.1284	1.29968	806.28	1.04790	3.26	0
1870	11:54:15.85	0.0625	21.11690	21.91	47.50	1.2	0.998820	22.1278	1.29968	806.26	1.04787	3.26	0
1871	11:54:16.15	0.0620	21.11690	21.92	47.50	1.2	0.998820	22.1288	1.29968	806.28	1.04792	3.26	0
1872	11:54:16.45	0.0630	21.11648	21.92	47.50	1.2	0.998802	22.1281	1.29968	806.28	1.04791	3.26	0
1873	11:54:16.75	0.0615	21.11725	21.91	47.50	1.2	0.998838	22.1287	1.29968	806.28	1.04789	3.26	0
1874	11:54:17.05	0.0605	21.11760	21.91	47.50	1.2	0.998850	22.1276	1.29964	806.24	1.04783	3.26	0
1875	11:54:17.35	0.0620	21.11704	21.91	47.50	1.2	0.998826	22.1282	1.29968	806.28	1.04788	3.26	0
1876	11:54:17.65	0.0615	21.11732	21.91	47.50	1.2	0.998838	22.1285	1.29968	806.28	1.04788	3.26	0
1877	11:54:17.95	0.0625	21.11697	21.91	47.50	1.2	0.998820	22.1286	1.29968	806.28	1.04791	3.26	0
1878	11:54:18.25	0.0620	21.11697	21.91	47.50	1.2	0.998826	22.1283	1.29968	806.28	1.04789	3.26	0
1879	11:54:18.55	0.0615	21.11718	21.91	47.50	1.2	0.998832	22.1278	1.29964	806.26	1.04786	3.26	0
1880	11:54:18.85	0.0605	21.11760	21.91	47.50	1.2	0.998850	22.1284	1.29964	806.28	1.04786	3.26	0
1881	11:54:19.15	0.0625	21.11683	21.91	47.50	1.2	0.998814	22.1282	1.29968	806.28	1.04789	3.26	0
1882	11:54:19.45	0.0620	21.11711	21.91	47.50	1.2	0.998826	22.1290	1.29968	806.30	1.04792	3.26	0
1883	11:54:19.75	0.0615	21.11718	21.92	47.50	1.2	0.998838	22.1283	1.29968	806.26	1.04788	3.26	0
1884	11:54:20.05	0.0630	21.11662	21.92	47.50	1.2	0.998808	22.1276	1.29964	806.28	1.04788	3.26	0
1885	11:54:20.35	0.0620	21.11718	21.91	47.50	1.2	0.998832	22.1279	1.29964	806.28	1.04786	3.26	0
1886	11:54:20.65	0.0645	21.11606	21.91	47.50	1.2	0.998778	22.1282	1.29968	806.28	1.04793	3.26	0
1887	11:54:20.95	0.0615	21.11718	21.91	47.50	1.2	0.998832	22.1279	1.29964	806.26	1.04786	3.26	0
1888	11:54:21.25	0.0615	21.11725	21.91	47.50	1.2	0.998832	22.1278	1.29964	806.26	1.04786	3.26	0
1889	11:54:21.55	0.0625	21.11690	21.91	47.50	1.2	0.998820	22.1276	1.29964	806.26	1.04786	3.26	0
1890	11:54:21.85	0.0605	21.11774	21.91	47.50	1.2	0.998856	22.1277	1.29964	806.24	1.04783	3.26	0
1891	11:54:22.15	0.0630	21.11655	21.92	47.50	1.2	0.998808	22.1280	1.29968	806.28	1.04790	3.26	0
1892	11:54:22.45	0.0625	21.11676	21.92	47.50	1.2	0.998814	22.1285	1.29968	806.28	1.04791	3.26	0
1893	11:54:22.75	0.0630	21.11655	21.92	47.50	1.2	0.998808	22.1280	1.29968	806.28	1.04790	3.26	0
1894	11:54:23.05	0.0620	21.11690	21.92	47.50	1.2	0.998820	22.1279	1.29964	806.28	1.04788	3.26	0
1895	11:54:23.35	0.0605	21.11767	21.91	47.50	1.2	0.998856	22.1282	1.29964	806.26	1.04785	3.26	0
1896	11:54:23.65	0.0620	21.11704	21.91	47.50	1.2	0.998826	22.1284	1.29968	806.28	1.04789	3.26	0
1897	11:54:23.95	0.0635	21.11641	21.91	47.50	1.2	0.998796	22.1280	1.29968	806.28	1.04791	3.26	0
1898	11:54:24.25	0.0610	21.11746	21.91	47.50	1.2	0.998844	22.1282	1.29968	806.26	1.04786	3.26	0
1899	11:54:24.55	0.0630	21.11662	21.91	47.50	1.2	0.998808	22.1280	1.29968	806.28	1.04789	3.26	0
1900	11:54:24.85	0.0630	21.11662	21.91	47.50	1.2	0.998808	22.1283	1.29968	806.28	1.04791	3.26	0
1901	11:54:25.15	0.0625	21.11676	21.92	47.50	1.2	0.998814	22.1284	1.29968	806.28	1.04791	3.26	0
1902	11:54:25.45	0.0630	21.11655	21.92	47.50	1.2	0.998808	22.1284	1.29968	806.28	1.04792	3.26	0
1903	11:54:25.75	0.0635	21.11634	21.92	47.50	1.2	0.998796	22.1279	1.29968	806.28	1.04791	3.26	0
1904	11:54:26.05	0.0625	21.11683	21.92	47.50	1.2	0.998820	22.1280	1.29964	806.28	1.04789	3.26	0
1905	11:54:26.35	0.0615	21.11718	21.91	47.50	1.2	0.998832	22.1290	1.29968	806.28	1.04791	3.26	0
1906	11:54:26.65	0.0645	21.11613	21.91	47.50	1.2	0.998784	22.1289	1.29972	806.30	1.04796	3.26	0
1907	11:54:26.95	0.0615	21.11732	21.91	47.50	1.2	0.998838	22.1284	1.29968	806.26	1.04788	3.26	0
1908	11:54:27.25	0.0620	21.11718	21.91	47.50	1.2	0.998832	22.1289	1.29968	806.30	1.04791	3.26	0
1909	11:54:27.55	0.0610	21.11739	21.91	47.50	1.2	0.998844	22.1284	1.29968	806.26	1.04788	3.26	0
1910	11:54:27.85	0.0625	21.11690	21.91	47.50	1.2	0.998820	22.1288	1.29968	806.28	1.04792	3.26	0
1911	11:54:28.15	0.0640	21.11620	21.91	47.50	1.2	0.998784	22.1276	1.29968	806.26	1.04789	3.26	0
1912	11:54:28.45	0.0620	21.11711	21.91	47.50	1.2	0.998826	22.1283	1.29968	806.28	1.04788	3.26	0
1913	11:54:28.75	0.0625	21.11683	21.92	47.50	1.2	0.998820	22.1292	1.29968	806.30	1.04794	3.26	0
1914	11:54:29.05	0.0620	21.11704	21.92	47.50	1.2	0.998832	22.1287	1.29968	806.28	1.04791	3.26	0
1915	11:54:29.35	0.0610	21.11732	21.92	47.50	1.2	0.998844	22.1285	1.29968	806.28	1.04789	3.26	0
1916	11:54:29.65	0.0640	21.11620	21.92	47.50	1.2	0.998790	22.1278	1.29968	806.28	1.04791	3.26	0
1917	11:54:29.95	0.0620	21.11690	21.92	47.50	1.2	0.998826	22.1288	1.29968	806.28	1.04792	3.26	0
1918	11:54:30.25	0.0625	21.11669	21.92	47.50	1.2	0.998814	22.1283	1.29968	806.28	1.04791	3.26	0
1919	11:54:30.55	0.0630	21.11669	21.91	47.50	1.2	0.998808	22.1290	1.29968	806.30	1.04794	3.26	0
1920	11:54:30.85	0.0610	21.11753	21.91	47.50	1.2	0.998850	22.1281	1.29964	806.28	1.04786	3.26	0
1921	11:54:31.15	0.0605	21.11760	21.92	47.50	1.2	0.998856	22.1287	1.29964	806.28	1.04788	3.26	0
1922	11:54:31.45	0.0620	21.11690	21.92	47.50	1.2	0.998820	22.1282	1.29968	806.28	1.04789	3.26	0
1923	11:54:31.75	0.0620	21.11697	21.92	47.50	1.2	0.998826	22.1283	1.29968	806.28	1.04789	3.26	0
1924	11:54:32.05	0.0620	21.11704	21.92	47.50	1.2	0.998832	22.1289	1.29968	806.30	1.04792	3.26	0
1925	11:54:32.35	0.0620	21.11690	21.92	47.50	1.2	0.998826	22.1287	1.29968	806.28	1.04792	3.26	0
1926	11:54:32.65	0.0640	21.11620	21.92	47.50	1.2	0.998790	22.1287	1.29972	806.30	1.04795	3.26	0
1927	11:54:32.95	0.0625	21.11683	21.92	47.50	1.2	0.998820	22.1292	1.29972	806.30	1.04794	3.26	0
1928	11:54:33.25	0.0605	21.11760	21.92	47.50	1.2	0.998856	22.1286	1.29964	806.28	1.04788	3.26	0
1929	11:54:33.55	0.0600	21.11774	21.92	47.50	1.2	0.998862	22.1291	1.29968	806.28	1.04789	3.26	0
1930	11:54:33.85	0.0615	21.11711	21.92	47.50	1.2	0.998832	22.1286	1.29968	806.28	1.04790	3.26	0
1931	11:54:34.15	0.0620	21.11711	21.91	47.50	1.2	0.998826	22.1287	1.29968	806.28	1.04791	3.26	0
1932	11:54:34.45	0.0615	21.11718	21.91	47.50	1.2	0.998832	22.1283	1.29964	806.28	1.04788	3.26	0
1933	11:54:34.75	0.0620	21.11697	21.92	47.50	1.2	0.998826	22.1284	1.29968	806.28	1.04789	3.26	0
1934	11:54:35.05	0.0615	21.11718	21.92	47.50	1.2	0.998838	22.1285	1.29968	806.28	1.04789	3.26	0
1935	11:54:35.35	0.0610	21.11739	21.92	47.50	1.2	0.998844	22.1284	1.29964	806.28	1.04788	3.26	0
1936	11:54:35.65	0.0610	21.11732	21.92	47.50	1.2	0.998844	22.1276	1.29964	806.26	1.04784	3.26	0
1937	11:54:35.95	0.0625	21.11683	21.92	47.50	1.2	0.998820	22.1285	1.29968	806.28	1.04791	3.26	0
1938	11:54:36.25	0.0605	21.11760	21.92	47.50	1.2	0.998856	22.1285	1.29964	806.26	1.04787	3.26	0
1939	11:54:36.55	0.0630	21.11676	21.91	47.50	1.2	0.998814	22.1280	1.29968	806.28	1.04789	3.26	0
1940	11:54:36.85	0.0615	21.11732	21.91	47.50	1.2	0.998838	22.1285	1.29968	806.28	1.04788	3.26	0
1941	11:54:37.15	0.0620	21.11711	21.91	47.50	1.2	0.998826	22.1280	1.29964	806.26	1.04788	3.26	0
1942	11:54:37.45	0.0630	21.11662	21.91	47.50	1.2	0.998808	22.1281	1.29968	806.28	1.04790	3.26	0
1943	11:54:37.75	0.0610	21.11746	21.92	47.50	1.2	0.998850	22.1283	1.29964	806.26	1.04787	3.26	0
1944	11:54:38.05	0.0625	21.11676	21.92	47.50	1.2	0.998814	22.1286	1.29968	806.28	1.04792	3.26	0
1945	11:54:38.35	0.0625	21.11676	21.92	47.50	1.2	0.998814	22.1281	1.29968	806.28	1.04789	3.26	0
1946	11:54:38.65	0.0610	21.11725	21.92	47.50	1.2	0.998844	22.1276	1.29964	806.26	1.04785	3.26	0
1947	11:54:38.95	0.0620	21.11704	21.91	47.50	1.2	0.998826	22.1283	1.29968	806.28	1.04789	3.26	0
1948	11:54:39.25	0.0625	21.11676	21.91	47.50	1.2	0.998814	22.1284	1.29968	806.28	1.04791	3.26	0
1949	11:54:39.55	0.0635	21.11641	21.91	47.50	1.2	0.998796	22.1285	1.29972	806.28	1.04793	3.26	0
1950	11:54:39.85	0.0630	21.11669	21.91	47.50	1.2	0.998808	22.1287	1.29968	806.30	1.04792	3.26	0
1951	11:54:40.15	0.0625	21.11683	21.92	47.50	1.2	0.998820	22.1283	1.29968	806.28	1.04790	3.26	0
1952	11:54:40.45	0.0620	21.11697	21.92	47.50	1.2	0.998826	22.1289	1.29968	806.30	1.04792	3.26	0
1953	11:54:40.75	0.0620	21.11697	21.92	47.50	1.2	0.998826	22.1283	1.29968	806.28	1.04789	3.26	0
1954	11:54:41.05	0.0610	21.11746	21.92	47.50	1.2	0.998850	22.1290	1.29968	806.28	1.04789	3.26	0
1955	11:54:41.35	0.0615	21.11718	21.92	47.50	1.2	0.998838	22.1280	1.29964	806.28	1.04787	3.26	0
1956	11:54:41.65	0.0630	21.11662	21.92	47.50	1.2	0.998808	22.1282	1.29968	806.28	1.04791	3.26	0
1957	11:54:41.95	0.0610	21.11746	21.92	47.50	1.2	0.998850	22.1287	1.29968	806.28	1.04789	3.26	0
1958	11:54:42.25	0.0625	21.11676	21.92	47.50	1.2	0.998814	22.1288	1.29968	806.28	1.04793	3.26	0
1959	11:54:42.55	0.0625	21.11676	21.91	47.50	1.2	0.998814	22.1284	1.29968	806.28	1.04791	3.26	0
1960	11:54:42.85	0.0615	21.11732	21.91	47.50	1.2	0.998838	22.1285	1.29968	806.28	1.04788	3.26	0
1961	11:54:43.15	0.0625	21.11676	21.92	47.50	1.2	0.998814	22.1276	1.29964	806.26	1.04786	3.26	0
1962	11:54:43.45	0.0630	21.11655	21.92	47.50	1.2	0.998808	22.1282	1.29968	806.28	1.04791	3.26	0
1963	11:54:43.75	0.0630	21.11676	21.91	47.50	1.2	0.998808	22.1291	1.29968	806.30	1.04794	3.26	0
1964	11:54:44.05	0.0625	21.11676	21.91	47.50	1.2	0.998814	22.1292	1.29968	806.30	1.04794	3.26	0
1965	11:54:44.35	0.0615	21.11725	21.92	47.50	1.2	0.998838	22.1291	1.29968	806.28	1.04792	3.26	0
1966	11:54:44.65	0.0620	21.11697	21.92	47.50	1.2	0.998826	22.1285	1.29968	806.28	1.04791	3.26	0
1967	11:54:44.95	0.0615	21.11725	21.91	47.50	1.2	0.998838	22.1287	1.29968	806.28	1.04789	3.26	0
1968	11:54:45.25	0.0630	21.11662	21.91	47.50	1.2	0.998802	22.1283	1.29968	806.28	1.04791	3.26	0
1969	11:54:45.55	0.0615	21.11725	21.91	47.50	1.2	0.998838	22.1287	1.29968	806.28	1.04790	3.26	0
1970	11:54:45.85	0.0610	21.11753	21.91	47.50	1.2	0.998850	22.1287	1.29968	806.28	1.04788	3.26	0
1971	11:54:46.15	0.0600	21.11774	21.92	47.50	1.2	0.998862	22.1285	1.29964	806.26	1.04786	3.26	0
1972	11:54:46.45	0.0620	21.11690	21.92	47.50	1.2	0.998826	22.1287	1.29968	806.28	1.04792	3.26	0
1973	11:54:46.75	0.0635	21.11634	21.92	47.50	1.2	0.998796	22.1285	1.29968	806.30	1.04793	3.26	0
1974	11:54:47.05	0.0625	21.11683	21.92	47.50	1.2	0.998820	22.1288	1.29968	806.30	1.04792	3.26	0
1975	11:54:47.35	0.0630	21.11655	21.92	47.50	1.2	0.998808	22.1279	1.29968	806.28	1.04789	3.26	0
1976	11:54:47.65	0.0625	21.11676	21.92	47.50	1.2	0.998820	22.1290	1.29968	806.30	1.04794	3.26	0
1977	11:54:47.95	0.0640	21.11627	21.92	47.50	1.2	0.998790	22.1280	1.29968	806.28	1.04792	3.26	0
1978	11:54:48.25	0.0625	21.11669	21.92	47.50	1.2	0.998814	22.1283	1.29968	806.28	1.04791	3.26	0
1979	11:54:48.55	0.0645	21.11599	21.91	47.50	1.2	0.998772	22.1283	1.29972	806.28	1.04794	3.26	0
1980	11:54:48.85	0.0625	21.11697	21.91	47.50	1.2	0.998820	22.1283	1.29968	806.28	1.04789	3.26	0
1981	11:54:49.15	0.0620	21.11690	21.92	47.50	1.2	0.998826	22.1294	1.29972	806.30	1.04795	3.26	0
1982	11:54:49.45	0.0625	21.11683	21.92	47.50	1.2	0.998820	22.1282	1.29968	806.28	1.04789	3.26	0
1983	11:54:49.75	0.0625	21.11676	21.92	47.50	1.2	0.998820	22.1289	1.29968	806.30	1.04793	3.26	0
1984	11:54:50.05	0.0620	21.11690	21.92	47.50	1.2	0.998820	22.1285	1.29968	806.28	1.04791	3.26	0
1985	11:54:50.35	0.0625	21.11676	21.92	47.50	1.2	0.998820	22.1276	1.29968	806.26	1.04786	3.26	0
1986	11:54:50.65	0.0620	21.11690	21.92	47.50	1.2	0.998826	22.1287	1.29968	806.28	1.04792	3.26	0
1987	11:54:50.95	0.0600	21.11774	21.92	47.50	1.2	0.998862	22.1287	1.29964	806.26	1.04787	3.26	0
1988	11:54:51.25	0.0625	21.11669	21.92	47.50	1.2	0.998814	22.1286	1.29968	806.30	1.04792	3.26	0
1989	11:54:51.55	0.0605	21.11760	21.92	47.50	1.2	0.998856	22.1290	1.29968	806.26	1.04789	3.26	0
1990	11:54:51.85	0.0620	21.11704	21.92	47.50	1.2	0.998832	22.1285	1.29968	806.28	1.04790	3.26	0
1991	11:54:52.15	0.0625	21.11669	21.92	47.50	1.2	0.998814	22.1289	1.29972	806.28	1.04794	3.26	0
1992	11:54:52.45	0.0605	21.11760	21.92	47.50	1.2	0.998856	22.1287	1.29968	806.26	1.04788	3.26	0
1993	11:54:52.75	0.0605	21.11760	21.92	47.50	1.2	0.998856	22.1292	1.29968	806.28	1.04791	3.26	0
1994	11:54:53.05	0.0625	21.11676	21.92	47.50	1.2	0.998814	22.1291	1.29972	806.30	1.04794	3.26	0
1995	11:54:53.35	0.0610	21.11739	21.92	47.50	1.2	0.998850	22.1284	1.29964	806.28	1.04788	3.26	0
1996	11:54:53.65	0.0630	21.11662	21.92	47.50	1.2	0.998808	22.1290	1.29968	806.30	1.04794	3.26	0
1997	11:54:53.95	0.0640	21.11613	21.92	47.50	1.2	0.998790	22.1283	1.29968	806.28	1.04793	3.26	0
1998	11:54:54.25	0.0630	21.11662	21.92	47.50	1.2	0.998808	22.1281	1.29968	806.28	1.04790	3.26	0
1999	11:54:54.55	0.0645	21.11606	21.92	47.50	1.2	0.998784	22.1283	1.29968	806.30	1.04794	3.26	0
2000	11:54:54.85	0.0640	21.11620	21.92	47.50	1.2	0.998790	22.1283	1.29968	806.30	1.04793	3.26	0
2001	11:54:55.15	0.0610	21.11739	21.92	47.50	1.2	0.998844	22.1280	1.29964	806.26	1.04786	3.26	0
2002	11:54:55.45	0.0630	21.11662	21.92	47.50	1.2	0.998808	22.1283	1.29968	806.28	1.04791	3.26	0
2003	11:54:55.75	0.0630	21.11655	21.92	47.50	1.2	0.998808	22.1285	1.29968	806.28	1.04792	3.26	0
2004	11:54:56.05	0.0625	21.11676	21.92	47.50	1.2	0.998814	22.1286	1.29968	806.28	1.04792	3.26	0
2005	11:54:56.35	0.0630	21.11662	21.92	47.50	1.2	0.998808	22.1284	1.29968	806.28	1.04791	3.26	0
2006	11:54:56.65	0.0625	21.11676	21.92	47.50	1.2	0.998820	22.1285	1.29968	806.28	1.04791	3.26	0
2007	11:54:56.95	0.0630	21.11648	21.92	47.50	1.2	0.998802	22.1285	1.29968	806.30	1.04793	3.26	0
2008	11:54:57.25	0.0605	21.11760	21.92	47.50	1.2	0.998856	22.1278	1.29964	806.26	1.04784	3.26	0
2009	11:54:57.55	0.0610	21.11739	21.92	47.50	1.2	0.998850	22.1285	1.29964	806.28	1.04788	3.26	0
2010	11:54:57.85	0.0615	21.11711	21.92	47.50	1.2	0.998832	22.1284	1.29968	806.28	1.04789	3.26	0
2011	11:54:58.15	0.0630	21.11662	21.92	47.50	1.2	0.998808	22.1287	1.29968	806.30	1.04793	3.26	0
2012	11:54:58.45	0.0645	21.11599	21.92	47.50	1.2	0.998778	22.1285	1.29968	806.30	1.04795	3.26	0
2013	11:54:58.75	0.0610	21.11739	21.93	47.50	1.2	0.998850	22.1294	1.29968	806.28	1.04792	3.26	0
2014	11:54:59.05	0.0635	21.11634	21.93	47.50	1.2	0.998802	22.1290	1.29972	806.30	1.04796	3.26	0
2015	11:54:59.35	0.0615	21.11711	21.92	47.50	1.2	0.998832	22.1285	1.29964	806.28	1.04789	3.26	0
2016	11:54:59.65	0.0620	21.11704	21.92	47.50	1.2	0.998826	22.1286	1.29968	806.28	1.04791	3.26	0
2017	11:54:59.95	0.0625	21.11683	21.92	47.50	1.2	0.998820	22.1278	1.29968	806.26	1.04788	3.26	0
2018	11:55:00.25	0.0645	21.11606	21.92	47.50	1.2	0.998784	22.1285	1.29968	806.30	1.04795	3.26	0
2019	11:55:00.55	0.0630	21.11655	21.92	47.50	1.2	0.998808	22.1290	1.29972	806.30	1.04795	3.26	0
2020	11:55:00.85	0.0630	21.11648	21.92	47.50	1.2	0.998802	22.1287	1.29968	806.30	1.04793	3.26	0
2021	11:55:01.15	0.0630	21.11662	21.92	47.50	1.2	0.998814	22.1288	1.29968	806.30	1.04793	3.26	0
2022	11:55:01.45	0.0625	21.11683	21.92	47.50	1.2	0.998820	22.1290	1.29968	806.30	1.04793	3.26	0
2023	11:55:01.75	0.0620	21.11690	21.92	47.50	1.2	0.998820	22.1282	1.29968	806.28	1.04789	3.26	0
2024	11:55:02.05	0.0645	21.11606	21.92	47.50	1.2	0.998784	22.1282	1.29968	806.30	1.04793	3.26	0
2025	11:55:02.35	0.0615	21.11711	21.92	47.50	1.2	0.998832	22.1289	1.29968	806.30	1.04791	3.26	0
2026	11:55:02.65	0.0630	21.11655	21.92	47.50	1.2	0.998808	22.1287	1.29968	806.30	1.04794	3.26	0
2027	11:55:02.95	0.0640	21.11620	21.92	47.50	1.2	0.998790	22.1288	1.29972	806.30	1.04795	3.26	0
2028	11:55:03.25	0.0620	21.11690	21.92	47.50	1.2	0.998820	22.1292	1.29972	806.30	1.04794	3.26	0
2029	11:55:03.55	0.0625	21.11662	21.93	47.50	1.2	0.998814	22.1290	1.29968	806.30	1.04794	3.26	0
2030	11:55:03.85	0.0610	21.11725	21.93	47.50	1.2	0.998844	22.1283	1.29964	806.28	1.04788	3.26	0
2031	11:55:04.15	0.0635	21.11641	21.92	47.50	1.2	0.998802	22.1285	1.29968	806.30	1.04793	3.26	0
2032	11:55:04.45	0.0605	21.11746	21.92	47.50	1.2	0.998850	22.1286	1.29964	806.28	1.04788	3.26	0
2033	11:55:04.75	0.0635	21.11634	21.93	47.50	1.2	0.998802	22.1291	1.29972	806.30	1.04796	3.26	0
2034	11:55:05.05	0.0605	21.11746	21.93	47.50	1.2	0.998856	22.1290	1.29968	806.28	1.04791	3.26	0
2035	11:55:05.35	0.0640	21.11599	21.93	47.50	1.2	0.998784	22.1290	1.29972	806.30	1.04797	3.26	0
2036	11:55:05.65	0.0625	21.11669	21.93	47.50	1.2	0.998820	22.1290	1.29968	806.30	1.04794	3.26	0
2037	11:55:05.95	0.0640	21.11606	21.93	47.50	1.2	0.998790	22.1290	1.29972	806.30	1.04797	3.26	0
2038	11:55:06.25	0.0605	21.11753	21.93	47.50	1.2	0.998856	22.1289	1.29964	806.28	1.04789	3.26	0
2039	11:55:06.55	0.0615	21.11718	21.93	47.50	1.2	0.998838	22.1287	1.29968	806.28	1.04790	3.26	0
2040	11:55:06.85	0.0630	21.11655	21.93	47.50	1.2	0.998808	22.1287	1.29968	806.30	1.04794	3.26	0
2041	11:55:07.15	0.0615	21.11697	21.93	47.50	1.2	0.998832	22.1284	1.29968	806.28	1.04789	3.26	0
2042	11:55:07.45	0.0635	21.11627	21.93	47.50	1.2	0.998796	22.1290	1.29972	806.30	1.04796	3.26	0
2043	11:55:07.75	0.0635	21.11627	21.93	47.50	1.2	0.998796	22.1287	1.29968	806.30	1.04794	3.26	0
2044	11:55:08.05	0.0620	21.11683	21.93	47.50	1.2	0.998826	22.1287	1.29968	806.30	1.04792	3.26	0
2045	11:55:08.35	0.0625	21.11669	21.93	47.50	1.2	0.998820	22.1292	1.29968	806.30	1.04795	3.26	0
2046	11:55:08.65	0.0620	21.11697	21.93	47.50	1.2	0.998832	22.1290	1.29968	806.30	1.04792	3.26	0
2047	11:55:08.95	0.0635	21.11627	21.93	47.50	1.2	0.998796	22.1285	1.29968	806.30	1.04794	3.26	0
2048	11:55:09.25	0.0640	21.11613	21.93	47.50	1.2	0.998790	22.1290	1.29972	806.30	1.04797	3.26	0
2049	11:55:09.55	0.0640	21.11606	21.93	47.50	1.2	0.998790	22.1287	1.29972	806.30	1.04796	3.26	0
2050	11:55:09.85	0.0630	21.11648	21.93	47.50	1.2	0.998808	22.1300	1.29972	806.32	1.04800	3.26	0
2051	11:55:10.15	0.0630	21.11648	21.93	47.50	1.2	0.998808	22.1290	1.29968	806.30	1.04795	3.26	0
2052	11:55:10.45	0.0635	21.11620	21.93	47.50	1.2	0.998796	22.1289	1.29972	806.30	1.04796	3.26	0
2053	11:55:10.75	0.0610	21.11725	21.93	47.50	1.2	0.998844	22.1295	1.29968	806.30	1.04794	3.26	0
2054	11:55:11.05	0.0620	21.11697	21.93	47.50	1.2	0.998832	22.1292	1.29968	806.30	1.04794	3.26	0
2055	11:55:11.35	0.0620	21.11697	21.93	47.50	1.2	0.998832	22.1291	1.29968	806.30	1.04793	3.26	0
2056	11:55:11.65	0.0620	21.11683	21.93	47.50	1.2	0.998826	22.1286	1.29968	806.28	1.04791	3.26	0
2057	11:55:11.95	0.0640	21.11606	21.93	47.50	1.2	0.998784	22.1292	1.29972	806.32	1.04798	3.26	0
2058	11:55:12.25	0.0615	21.11711	21.93	47.50	1.2	0.998838	22.1292	1.29968	806.30	1.04792	3.26	0
2059	11:55:12.55	0.0610	21.11725	21.93	47.50	1.2	0.998844	22.1290	1.29968	806.28	1.04791	3.26	0
2060	11:55:12.85	0.0625	21.11676	21.93	47.50	1.2	0.998820	22.1294	1.29972	806.30	1.04795	3.26	0
2061	11:55:13.15	0.0635	21.11620	21.93	47.50	1.2	0.998796	22.1287	1.29968	806.30	1.04795	3.26	0
2062	11:55:13.45	0.0610	21.11732	21.93	47.50	1.2	0.998850	22.1294	1.29968	806.30	1.04793	3.26	0
2063	11:55:13.75	0.0615	21.11711	21.93	47.50	1.2	0.998838	22.1285	1.29968	806.28	1.04789	3.26	0
2064	11:55:14.05	0.0620	21.11690	21.93	47.50	1.2	0.998826	22.1287	1.29968	806.28	1.04792	3.26	0
2065	11:55:14.35	0.0635	21.11620	21.93	47.50	1.2	0.998796	22.1285	1.29968	806.30	1.04794	3.26	0
2066	11:55:14.65	0.0630	21.11655	21.93	47.50	1.2	0.998808	22.1290	1.29968	806.30	1.04795	3.26	0
2067	11:55:14.95	0.0605	21.11739	21.93	47.50	1.2	0.998850	22.1289	1.29968	806.28	1.04790	3.26	0
2068	11:55:15.25	0.0620	21.11697	21.93	47.50	1.2	0.998832	22.1292	1.29968	806.30	1.04794	3.26	0
2069	11:55:15.55	0.0610	21.11732	21.93	47.50	1.2	0.998844	22.1299	1.29968	806.30	1.04795	3.26	0
2070	11:55:15.85	0.0625	21.11669	21.93	47.50	1.2	0.998820	22.1299	1.29972	806.32	1.04798	3.26	0
2071	11:55:16.15	0.0630	21.11655	21.93	47.50	1.2	0.998814	22.1294	1.29968	806.32	1.04797	3.26	0
2072	11:55:16.45	0.0620	21.11690	21.93	47.50	1.2	0.998826	22.1292	1.29968	806.30	1.04794	3.26	0
2073	11:55:16.75	0.0615	21.11704	21.93	47.50	1.2	0.998832	22.1296	1.29968	806.30	1.04795	3.26	0
2074	11:55:17.05	0.0635	21.11620	21.93	47.50	1.2	0.998796	22.1287	1.29972	806.30	1.04795	3.26	0
2075	11:55:17.35	0.0615	21.11704	21.93	47.50	1.2	0.998838	22.1288	1.29968	806.28	1.04791	3.26	0
2076	11:55:17.65	0.0625	21.11669	21.93	47.47	1.2	0.998814	22.1292	1.29968	806.30	1.04795	3.26	0
2077	11:55:17.95	0.0630	21.11655	21.93	47.47	1.2	0.998808	22.1290	1.29968	806.30	1.04794	3.26	0
2078	11:55:18.25	0.0615	21.11711	21.93	47.50	1.2	0.998838	22.1290	1.29968	806.30	1.04792	3.26	0
2079	11:55:18.55	0.0625	21.11655	21.93	47.50	1.2	0.998814	22.1293	1.29972	806.30	1.04796	3.26	0
2080	11:55:18.85	0.0630	21.11662	21.93	47.47	1.2	0.998814	22.1291	1.29968	806.30	1.04795	3.26	0
2081	11:55:19.15	0.0615	21.11704	21.93	47.47	1.2	0.998832	22.1299	1.29968	806.32	1.04796	3.26	0
2082	11:55:19.45	0.0620	21.11697	21.93	47.47	1.2	0.998832	22.1301	1.29968	806.32	1.04797	3.26	0
2083	11:55:19.75	0.0620	21.11690	21.93	47.47	1.2	0.998826	22.1295	1.29968	806.32	1.04795	3.26	0
2084	11:55:20.05	0.0635	21.11641	21.93	47.47	1.2	0.998802	22.1293	1.29972	806.32	1.04797	3.26	0
2085	11:55:20.35	0.0625	21.11662	21.93	47.47	1.2	0.998814	22.1299	1.29972	806.32	1.04798	3.26	0
2086	11:55:20.65	0.0630	21.11648	21.93	47.50	1.2	0.998808	22.1299	1.29972	806.32	1.04799	3.26	0
2087	11:55:20.95	0.0595	21.11788	21.93	47.50	1.2	0.998874	22.1299	1.29968	806.30	1.04792	3.26	0
2088	11:55:21.25	0.0640	21.11606	21.93	47.47	1.2	0.998790	22.1291	1.29972	806.30	1.04797	3.26	0
2089	11:55:21.55	0.0610	21.11739	21.93	47.47	1.2	0.998850	22.1299	1.29968	806.32	1.04795	3.26	0
2090	11:55:21.85	0.0630	21.11662	21.93	47.47	1.2	0.998814	22.1299	1.29972	806.32	1.04799	3.26	0
2091	11:55:22.15	0.0630	21.11648	21.93	47.47	1.2	0.998802	22.1299	1.29972	806.32	1.04799	3.26	0
2092	11:55:22.45	0.0640	21.11613	21.93	47.47	1.2	0.998790	22.1290	1.29968	806.32	1.04796	3.26	0
2093	11:55:22.75	0.0625	21.11662	21.94	47.47	1.2	0.998820	22.1294	1.29972	806.30	1.04797	3.26	0
2094	11:55:23.05	0.0610	21.11732	21.94	47.47	1.2	0.998850	22.1298	1.29972	806.30	1.04795	3.26	0
2095	11:55:23.35	0.0610	21.11732	21.93	47.47	1.2	0.998844	22.1294	1.29968	806.30	1.04792	3.26	0
2096	11:55:23.65	0.0610	21.11732	21.93	47.47	1.2	0.998844	22.1298	1.29968	806.30	1.04794	3.26	0
2097	11:55:23.95	0.0610	21.11739	21.93	47.47	1.2	0.998850	22.1290	1.29968	806.28	1.04791	3.26	0
2098	11:55:24.25	0.0620	21.11690	21.93	47.47	1.2	0.998826	22.1294	1.29968	806.30	1.04795	3.26	0
2099	11:55:24.55	0.0630	21.11641	21.93	47.47	1.2	0.998802	22.1294	1.29972	806.32	1.04797	3.26	0
2100	11:55:24.85	0.0625	21.11676	21.93	47.47	1.2	0.998820	22.1292	1.29968	806.30	1.04794	3.26	0
2101	11:55:25.15	0.0635	21.11613	21.94	47.47	1.2	0.998796	22.1297	1.29972	806.32	1.04800	3.26	0
2102	11:55:25.45	0.0610	21.11718	21.94	47.47	1.2	0.998844	22.1298	1.29968	806.30	1.04795	3.26	0
2103	11:55:25.75	0.0630	21.11648	21.93	47.47	1.2	0.998808	22.1295	1.29968	806.32	1.04797	3.26	0
2104	11:55:26.05	0.0615	21.11718	21.93	47.47	1.2	0.998838	22.1302	1.29972	806.32	1.04797	3.26	0
2105	11:55:26.35	0.0615	21.11704	21.94	47.47	1.2	0.998838	22.1297	1.29968	806.30	1.04796	3.26	0
2106	11:55:26.65	0.0620	21.11676	21.94	47.47	1.2	0.998820	22.1295	1.29968	806.32	1.04796	3.26	0
2107	11:55:26.95	0.0610	21.11725	21.94	47.47	1.2	0.998844	22.1294	1.29968	806.30	1.04794	3.26	0
2108	11:55:27.25	0.0625	21.11669	21.94	47.47	1.2	0.998820	22.1294	1.29968	806.30	1.04795	3.26	0
2109	11:55:27.55	0.0625	21.11683	21.93	47.47	1.2	0.998820	22.1293	1.29968	806.30	1.04795	3.26	0
2110	11:55:27.85	0.0630	21.11641	21.93	47.47	1.2	0.998802	22.1291	1.29968	806.30	1.04795	3.26	0
2111	11:55:28.15	0.0625	21.11669	21.94	47.47	1.2	0.998820	22.1291	1.29968	806.30	1.04794	3.26	0
2112	11:55:28.45	0.0625	21.11655	21.94	47.47	1.2	0.998814	22.1292	1.29972	806.30	1.04795	3.26	0
2113	11:55:28.75	0.0615	21.11690	21.94	47.47	1.2	0.998832	22.1291	1.29968	806.30	1.04793	3.26	0
2114	11:55:29.05	0.0590	21.11795	21.94	47.47	1.2	0.998880	22.1295	1.29968	806.28	1.04790	3.26	0
2115	11:55:29.35	0.0625	21.11669	21.94	47.47	1.2	0.998820	22.1287	1.29968	806.30	1.04793	3.26	0
2116	11:55:29.65	0.0635	21.11620	21.94	47.47	1.2	0.998802	22.1294	1.29972	806.32	1.04798	3.26	0
2117	11:55:29.95	0.0610	21.11732	21.94	47.47	1.2	0.998850	22.1289	1.29964	806.30	1.04791	3.26	0
2118	11:55:30.25	0.0630	21.11641	21.94	47.47	1.2	0.998808	22.1290	1.29968	806.30	1.04795	3.26	0
2119	11:55:30.55	0.0615	21.11704	21.94	47.47	1.2	0.998838	22.1298	1.29968	806.32	1.04796	3.26	0
2120	11:55:30.85	0.0620	21.11676	21.94	47.47	1.2	0.998826	22.1292	1.29968	806.30	1.04794	3.26	0
2121	11:55:31.15	0.0620	21.11690	21.94	47.47	1.2	0.998832	22.1290	1.29968	806.30	1.04793	3.26	0
2122	11:55:31.45	0.0625	21.11669	21.94	47.47	1.2	0.998820	22.1298	1.29972	806.32	1.04798	3.26	0
2123	11:55:31.75	0.0620	21.11676	21.94	47.47	1.2	0.998826	22.1294	1.29968	806.30	1.04795	3.26	0
2124	11:55:32.05	0.0630	21.11648	21.94	47.47	1.2	0.998808	22.1297	1.29972	806.32	1.04798	3.26	0
2125	11:55:32.35	0.0620	21.11690	21.94	47.47	1.2	0.998832	22.1290	1.29968	806.30	1.04792	3.26	0
2126	11:55:32.65	0.0625	21.11662	21.94	47.47	1.2	0.998820	22.1297	1.29968	806.32	1.04797	3.26	0
2127	11:55:32.95	0.0635	21.11620	21.94	47.47	1.2	0.998802	22.1296	1.29972	806.32	1.04799	3.26	0
2128	11:55:33.25	0.0620	21.11683	21.94	47.47	1.2	0.998826	22.1294	1.29968	806.30	1.04795	3.26	0
2129	11:55:33.55	0.0615	21.11690	21.94	47.47	1.2	0.998832	22.1294	1.29968	806.30	1.04794	3.26	0
2130	11:55:33.85	0.0625	21.11655	21.94	47.47	1.2	0.998814	22.1294	1.29972	806.32	1.04797	3.26	0
2131	11:55:34.15	0.0635	21.11620	21.94	47.47	1.2	0.998796	22.1290	1.29972	806.30	1.04796	3.26	0
2132	11:55:34.45	0.0625	21.11655	21.94	47.47	1.2	0.998814	22.1295	1.29972	806.32	1.04797	3.26	0
2133	11:55:34.75	0.0625	21.11669	21.94	47.47	1.2	0.998820	22.1289	1.29968	806.30	1.04794	3.26	0
2134	11:55:35.04	0.0620	21.11676	21.94	47.47	1.2	0.998826	22.1294	1.29972	806.30	1.04796	3.26	0
2135	11:55:35.35	0.0635	21.11627	21.94	47.47	1.2	0.998802	22.1293	1.29972	806.32	1.04797	3.26	0
2136	11:55:35.65	0.0615	21.11704	21.94	47.47	1.2	0.998838	22.1291	1.29968	806.30	1.04792	3.26	0
2137	11:55:35.95	0.0645	21.11571	21.94	47.47	1.2	0.998778	22.1290	1.29972	806.32	1.04798	3.26	0
2138	11:55:36.25	0.0625	21.11662	21.94	47.47	1.2	0.998820	22.1288	1.29968	806.30	1.04794	3.26	0
2139	11:55:36.55	0.0630	21.11648	21.94	47.47	1.2	0.998814	22.1294	1.29968	806.32	1.04797	3.26	0
2140	11:55:36.84	0.0645	21.11585	21.94	47.47	1.2	0.998784	22.1289	1.29972	806.32	1.04797	3.26	0
2141	11:55:37.15	0.0615	21.11697	21.94	47.47	1.2	0.998832	22.1292	1.29968	806.30	1.04794	3.26	0
2142	11:55:37.45	0.0630	21.11641	21.94	47.47	1.2	0.998808	22.1284	1.29968	806.30	1.04792	3.26	0
2143	11:55:37.75	0.0625	21.11655	21.94	47.47	1.2	0.998814	22.1285	1.29968	806.30	1.04792	3.26	0
2144	11:55:38.05	0.0625	21.11662	21.94	47.47	1.2	0.998814	22.1286	1.29968	806.28	1.04792	3.26	0
2145	11:55:38.35	0.0600	21.11760	21.94	47.47	1.2	0.998862	22.1290	1.29964	806.28	1.04789	3.26	0
2146	11:55:38.65	0.0615	21.11704	21.94	47.47	1.2	0.998838	22.1286	1.29964	806.28	1.04790	3.26	0
2147	11:55:38.95	0.0635	21.11606	21.95	47.47	1.2	0.998796	22.1283	1.29968	806.32	1.04794	3.26	0
2148	11:55:39.25	0.0600	21.11746	21.95	47.47	1.2	0.998862	22.1293	1.29968	806.30	1.04792	3.26	0
2149	11:55:39.55	0.0625	21.11655	21.94	47.47	1.2	0.998814	22.1293	1.29968	806.32	1.04796	3.26	0
2150	11:55:39.85	0.0625	21.11655	21.94	47.47	1.2	0.998814	22.1280	1.29968	806.28	1.04790	3.26	0
2151	11:55:40.15	0.0620	21.11683	21.95	47.47	1.2	0.998832	22.1288	1.29968	806.30	1.04792	3.26	0
2152	11:55:40.45	0.0615	21.11697	21.95	47.47	1.2	0.998838	22.1291	1.29968	806.30	1.04793	3.26	0
2153	11:55:40.75	0.0625	21.11662	21.94	47.47	1.2	0.998820	22.1288	1.29968	806.30	1.04794	3.26	0
2154	11:55:41.04	0.0615	21.11711	21.94	47.47	1.2	0.998838	22.1297	1.29968	806.32	1.04795	3.26	0
2155	11:55:41.35	0.0625	21.11669	21.94	47.47	1.2	0.998820	22.1293	1.29968	806.32	1.04795	3.26	0
2156	11:55:41.64	0.0620	21.11676	21.94	47.47	1.2	0.998826	22.1292	1.29968	806.30	1.04794	3.26	0
2157	11:55:41.94	0.0640	21.11599	21.94	47.47	1.2	0.998790	22.1292	1.29972	806.32	1.04798	3.26	0
2158	11:55:42.25	0.0645	21.11578	21.94	47.47	1.2	0.998778	22.1288	1.29968	806.32	1.04798	3.26	0
2159	11:55:42.55	0.0620	21.11669	21.94	47.47	1.2	0.998820	22.1285	1.29968	806.30	1.04792	3.26	0
2160	11:55:42.85	0.0620	21.11683	21.94	47.47	1.2	0.998826	22.1294	1.29968	806.32	1.04795	3.26	0
2161	11:55:43.15	0.0625	21.11662	21.94	47.47	1.2	0.998820	22.1289	1.29968	806.30	1.04794	3.26	0
2162	11:55:43.45	0.0625	21.11655	21.94	47.47	1.2	0.998814	22.1293	1.29968	806.32	1.04796	3.26	0
2163	11:55:43.75	0.0620	21.11669	21.95	47.47	1.2	0.998826	22.1290	1.29968	806.30	1.04794	3.26	0
2164	11:55:44.05	0.0635	21.11613	21.95	47.47	1.2	0.998802	22.1283	1.29968	806.30	1.04794	3.26	0
2165	11:55:44.34	0.0610	21.11711	21.95	47.47	1.2	0.998844	22.1283	1.29964	806.28	1.04788	3.26	0
2166	11:55:44.65	0.0615	21.11690	21.95	47.47	1.2	0.998832	22.1285	1.29964	806.30	1.04791	3.26	0
2167	11:55:44.95	0.0625	21.11648	21.95	47.47	1.2	0.998814	22.1285	1.29968	806.30	1.04793	3.26	0
2168	11:55:45.25	0.0630	21.11634	21.95	47.47	1.2	0.998808	22.1283	1.29968	806.30	1.04792	3.26	0
2169	11:55:45.54	0.0620	21.11676	21.95	47.47	1.2	0.998826	22.1282	1.29968	806.28	1.04790	3.26	0
2170	11:55:45.85	0.0630	21.11627	21.95	47.47	1.2	0.998802	22.1278	1.29968	806.28	1.04790	3.26	0
2171	11:55:46.14	0.0620	21.11662	21.95	47.47	1.2	0.998820	22.1283	1.29964	806.30	1.04791	3.26	0
2172	11:55:46.44	0.0630	21.11634	21.95	47.47	1.2	0.998808	22.1281	1.29964	806.30	1.04791	3.26	0
2173	11:55:46.74	0.0595	21.11774	21.95	47.47	1.2	0.998874	22.1289	1.29964	806.28	1.04788	3.26	0
2174	11:55:47.04	0.0635	21.11606	21.95	47.47	1.2	0.998796	22.1289	1.29968	806.32	1.04797	3.26	0
2175	11:55:47.35	0.0630	21.11627	21.95	47.47	1.2	0.998808	22.1287	1.29968	806.30	1.04795	3.26	0
2176	11:55:47.65	0.0610	21.11718	21.95	47.47	1.2	0.998850	22.1299	1.29968	806.32	1.04795	3.26	0
2177	11:55:47.95	0.0630	21.11641	21.94	47.47	1.2	0.998808	22.1285	1.29968	806.30	1.04793	3.26	0
2178	11:55:48.24	0.0605	21.11732	21.94	47.47	1.2	0.998850	22.1287	1.29964	806.30	1.04789	3.26	0
2179	11:55:48.54	0.0585	21.11823	21.94	47.47	1.2	0.998892	22.1287	1.29960	806.28	1.04785	3.26	0
2180	11:55:48.84	0.0645	21.11585	21.94	47.47	1.2	0.998784	22.1285	1.29972	806.30	1.04795	3.26	0
2181	11:55:49.15	0.0625	21.11641	21.95	47.47	1.2	0.998814	22.1290	1.29968	806.30	1.04795	3.26	0
2182	11:55:49.44	0.0640	21.11592	21.95	47.47	1.2	0.998790	22.1286	1.29968	806.32	1.04796	3.26	0
2183	11:55:49.74	0.0625	21.11662	21.95	47.47	1.2	0.998820	22.1289	1.29968	806.30	1.04794	3.26	0
2184	11:55:50.04	0.0610	21.11718	21.95	47.47	1.2	0.998850	22.1288	1.29968	806.28	1.04791	3.26	0
2185	11:55:50.35	0.0610	21.11711	21.95	47.47	1.2	0.998844	22.1286	1.29964	806.30	1.04790	3.26	0
2186	11:55:50.65	0.0630	21.11627	21.95	47.47	1.2	0.998808	22.1280	1.29968	806.28	1.04791	3.26	0
2187	11:55:50.94	0.0650	21.11550	21.95	47.47	1.2	0.998772	22.1287	1.29968	806.32	1.04798	3.26	0
2188	11:55:51.25	0.0635	21.11620	21.95	47.47	1.2	0.998802	22.1288	1.29968	806.32	1.04795	3.26	0
2189	11:55:51.55	0.0605	21.11732	21.95	47.47	1.2	0.998856	22.1301	1.29968	806.32	1.04796	3.26	0
2190	11:55:51.84	0.0625	21.11662	21.95	47.47	1.2	0.998820	22.1283	1.29968	806.30	1.04791	3.26	0
2191	11:55:52.14	0.0625	21.11669	21.94	47.47	1.2	0.998820	22.1290	1.29968	806.30	1.04794	3.26	0
2192	11:55:52.45	0.0625	21.11662	21.94	47.47	1.2	0.998814	22.1292	1.29968	806.30	1.04795	3.26	0
2193	11:55:52.74	0.0625	21.11641	21.95	47.47	1.2	0.998814	22.1296	1.29972	806.32	1.04798	3.26	0
2194	11:55:53.04	0.0630	21.11634	21.95	47.47	1.2	0.998808	22.1291	1.29968	806.32	1.04796	3.26	0
2195	11:55:53.35	0.0615	21.11697	21.95	47.47	1.2	0.998838	22.1297	1.29968	806.32	1.04796	3.26	0
2196	11:55:53.64	0.0630	21.11627	21.95	47.47	1.2	0.998802	22.1292	1.29968	806.32	1.04797	3.26	0
2197	11:55:53.94	0.0625	21.11655	21.95	47.47	1.2	0.998820	22.1297	1.29968	806.32	1.04798	3.26	0
2198	11:55:54.24	0.0605	21.11725	21.95	47.47	1.2	0.998850	22.1294	1.29968	806.30	1.04794	3.26	0
2199	11:55:54.54	0.0620	21.11669	21.95	47.47	1.2	0.998826	22.1292	1.29968	806.32	1.04795	3.26	0
2200	11:55:54.84	0.0625	21.11655	21.95	47.47	1.2	0.998820	22.1292	1.29968	806.32	1.04795	3.26	0
2201	11:55:55.15	0.0625	21.11648	21.95	47.47	1.2	0.998814	22.1292	1.29968	806.32	1.04795	3.26	0
2202	11:55:55.44	0.0635	21.11620	21.95	47.47	1.2	0.998802	22.1292	1.29968	806.32	1.04797	3.26	0
2203	11:55:55.75	0.0615	21.11690	21.95	47.47	1.2	0.998832	22.1301	1.29968	806.32	1.04798	3.26	0
2204	11:55:56.04	0.0595	21.11767	21.95	47.47	1.2	0.998874	22.1297	1.29968	806.30	1.04792	3.26	0
2205	11:55:56.34	0.0630	21.11634	21.95	47.47	1.2	0.998808	22.1291	1.29968	806.32	1.04796	3.26	0
2206	11:55:56.65	0.0610	21.11704	21.95	47.47	1.2	0.998844	22.1298	1.29968	806.32	1.04796	3.26	0
2207	11:55:56.94	0.0610	21.11704	21.95	47.47	1.2	0.998844	22.1295	1.29968	806.32	1.04795	3.26	0
2208	11:55:57.24	0.0615	21.11697	21.95	47.47	1.2	0.998838	22.1292	1.29968	806.30	1.04793	3.26	0
2209	11:55:57.54	0.0640	21.11585	21.95	47.47	1.2	0.998784	22.1297	1.29972	806.34	1.04801	3.26	0
2210	11:55:57.84	0.0635	21.11606	21.95	47.47	1.2	0.998796	22.1294	1.29972	806.32	1.04799	3.26	0
2211	11:55:58.14	0.0625	21.11648	21.95	47.47	1.2	0.998814	22.1294	1.29968	806.32	1.04797	3.26	0
2212	11:55:58.44	0.0610	21.11711	21.95	47.47	1.2	0.998844	22.1292	1.29968	806.30	1.04793	3.26	0
2213	11:55:58.74	0.0610	21.11711	21.95	47.47	1.2	0.998844	22.1300	1.29972	806.32	1.04797	3.26	0
2214	11:55:59.04	0.0620	21.11669	21.95	47.47	1.2	0.998826	22.1300	1.29972	806.32	1.04798	3.26	0
2215	11:55:59.34	0.0630	21.11634	21.95	47.47	1.2	0.998808	22.1297	1.29972	806.32	1.04799	3.26	0
2216	11:55:59.65	0.0620	21.11669	21.95	47.47	1.2	0.998826	22.1300	1.29972	806.32	1.04798	3.26	0
2217	11:55:59.94	0.0625	21.11648	21.95	47.47	1.2	0.998814	22.1299	1.29972	806.34	1.04799	3.26	0
2218	11:56:00.24	0.0610	21.11704	21.95	47.47	1.2	0.998844	22.1299	1.29972	806.30	1.04796	3.26	0
2219	11:56:00.54	0.0605	21.11739	21.95	47.47	1.2	0.998862	22.1301	1.29968	806.32	1.04795	3.26	0
2220	11:56:00.84	0.0640	21.11592	21.95	47.47	1.2	0.998790	22.1293	1.29972	806.32	1.04799	3.26	0
2221	11:56:01.14	0.0625	21.11655	21.95	47.47	1.2	0.998820	22.1298	1.29972	806.32	1.04798	3.26	0
2222	11:56:01.44	0.0615	21.11683	21.95	47.47	1.2	0.998832	22.1298	1.29968	806.32	1.04797	3.26	0
2223	11:56:01.74	0.0620	21.11669	21.95	47.47	1.2	0.998826	22.1297	1.29968	806.32	1.04797	3.26	0
2224	11:56:02.04	0.0615	21.11697	21.95	47.47	1.2	0.998838	22.1294	1.29968	806.32	1.04794	3.26	0
2225	11:56:02.34	0.0640	21.11578	21.96	47.47	1.2	0.998790	22.1296	1.29972	806.34	1.04801	3.26	0
2226	11:56:02.65	0.0620	21.11655	21.96	47.47	1.2	0.998820	22.1301	1.29972	806.34	1.04800	3.26	0
2227	11:56:02.94	0.0635	21.11606	21.96	47.47	1.2	0.998802	22.1299	1.29972	806.32	1.04801	3.26	0
2228	11:56:03.25	0.0620	21.11655	21.96	47.47	1.2	0.998820	22.1296	1.29968	806.32	1.04798	3.26	0
2229	11:56:03.54	0.0630	21.11627	21.96	47.47	1.2	0.998814	22.1294	1.29972	806.32	1.04798	3.26	0
2230	11:56:03.84	0.0630	21.11627	21.96	47.47	1.2	0.998808	22.1293	1.29972	806.32	1.04797	3.26	0
2231	11:56:04.14	0.0630	21.11620	21.95	47.47	1.2	0.998802	22.1292	1.29972	806.32	1.04797	3.26	0
2232	11:56:04.44	0.0635	21.11620	21.95	47.47	1.2	0.998802	22.1297	1.29972	806.32	1.04800	3.26	0
2233	11:56:04.74	0.0620	21.11676	21.95	47.47	1.2	0.998826	22.1292	1.29968	806.32	1.04794	3.26	0
2234	11:56:05.04	0.0610	21.11704	21.95	47.47	1.2	0.998844	22.1298	1.29968	806.32	1.04796	3.26	0
2235	11:56:05.34	0.0640	21.11592	21.96	47.47	1.2	0.998796	22.1294	1.29972	806.34	1.04800	3.26	0
2236	11:56:05.64	0.0610	21.11704	21.96	47.47	1.2	0.998844	22.1294	1.29968	806.32	1.04794	3.26	0
2237	11:56:05.94	0.0635	21.11613	21.95	47.47	1.2	0.998802	22.1298	1.29972	806.34	1.04800	3.26	0
2238	11:56:06.24	0.0640	21.11599	21.95	47.47	1.2	0.998796	22.1297	1.29972	806.34	1.04800	3.26	0
2239	11:56:06.54	0.0625	21.11655	21.95	47.47	1.2	0.998820	22.1304	1.29972	806.34	1.04801	3.26	0
2240	11:56:06.84	0.0620	21.11683	21.95	47.47	1.2	0.998832	22.1301	1.29968	806.34	1.04799	3.26	0
2241	11:56:07.14	0.0640	21.11599	21.95	47.47	1.2	0.998790	22.1299	1.29972	806.34	1.04801	3.26	0
2242	11:56:07.44	0.0615	21.11697	21.95	47.47	1.2	0.998838	22.1294	1.29968	806.32	1.04794	3.26	0
2243	11:56:07.74	0.0630	21.11627	21.95	47.47	1.2	0.998802	22.1296	1.29968	806.34	1.04798	3.26	0
2244	11:56:08.04	0.0615	21.11704	21.95	47.47	1.2	0.998838	22.1296	1.29968	806.32	1.04795	3.26	0
2245	11:56:08.34	0.0610	21.11704	21.96	47.47	1.2	0.998850	22.1299	1.29968	806.32	1.04796	3.26	0
2246	11:56:08.64	0.0645	21.11557	21.96	47.47	1.2	0.998778	22.1295	1.29972	806.34	1.04802	3.26	0
2247	11:56:08.94	0.0620	21.11669	21.96	47.47	1.2	0.998826	22.1297	1.29968	806.32	1.04797	3.26	0
2248	11:56:09.24	0.0640	21.11592	21.96	47.47	1.2	0.998790	22.1299	1.29972	806.34	1.04802	3.26	0
2249	11:56:09.54	0.0630	21.11627	21.96	47.47	1.2	0.998808	22.1297	1.29972	806.32	1.04799	3.26	0
2250	11:56:09.85	0.0645	21.11571	21.96	47.47	1.2	0.998784	22.1300	1.29972	806.36	1.04804	3.26	0
2251	11:56:10.14	0.0630	21.11620	21.96	47.47	1.2	0.998808	22.1303	1.29972	806.34	1.04803	3.26	0
2252	11:56:10.44	0.0630	21.11634	21.96	47.47	1.2	0.998814	22.1301	1.29972	806.32	1.04801	3.26	0
2253	11:56:10.74	0.0620	21.11662	21.96	47.47	1.2	0.998826	22.1301	1.29972	806.32	1.04800	3.26	0
2254	11:56:11.04	0.0620	21.11662	21.96	47.47	1.2	0.998826	22.1301	1.29968	806.34	1.04800	3.26	0
2255	11:56:11.34	0.0635	21.11606	21.96	47.47	1.2	0.998796	22.1300	1.29972	806.34	1.04802	3.26	0
2256	11:56:11.64	0.0625	21.11634	21.96	47.47	1.2	0.998814	22.1295	1.29968	806.32	1.04798	3.26	0
2257	11:56:11.94	0.0620	21.11669	21.96	47.47	1.2	0.998826	22.1293	1.29968	806.32	1.04795	3.26	0
2258	11:56:12.24	0.0625	21.11648	21.96	47.44	1.2	0.998814	22.1290	1.29968	806.32	1.04795	3.26	0
2259	11:56:12.54	0.0635	21.11599	21.96	47.44	1.2	0.998796	22.1291	1.29968	806.32	1.04798	3.26	0
2260	11:56:12.84	0.0620	21.11662	21.96	47.47	1.2	0.998826	22.1294	1.29968	806.32	1.04796	3.26	0
2261	11:56:13.14	0.0600	21.11746	21.96	47.47	1.2	0.998868	22.1300	1.29968	806.32	1.04795	3.26	0
2262	11:56:13.44	0.0630	21.11613	21.96	47.47	1.2	0.998802	22.1299	1.29972	806.34	1.04801	3.26	0
2263	11:56:13.74	0.0630	21.11627	21.96	47.47	1.2	0.998814	22.1296	1.29968	806.34	1.04799	3.26	0
2264	11:56:14.04	0.0630	21.11620	21.96	47.44	1.2	0.998808	22.1293	1.29968	806.34	1.04798	3.26	0
2265	11:56:14.34	0.0615	21.11690	21.96	47.44	1.2	0.998838	22.1300	1.29968	806.32	1.04798	3.26	0
2266	11:56:14.64	0.0630	21.11613	21.96	47.44	1.2	0.998802	22.1297	1.29972	806.32	1.04800	3.26	0
2267	11:56:14.94	0.0625	21.11648	21.96	47.44	1.2	0.998820	22.1302	1.29972	806.34	1.04801	3.26	0
2268	11:56:15.24	0.0640	21.11592	21.96	47.47	1.2	0.998790	22.1292	1.29972	806.32	1.04799	3.26	0
2269	11:56:15.54	0.0610	21.11697	21.96	47.47	1.2	0.998844	22.1304	1.29968	806.34	1.04799	3.26	0
2270	11:56:15.84	0.0625	21.11648	21.96	47.44	1.2	0.998820	22.1295	1.29968	806.32	1.04797	3.26	0
2271	11:56:16.15	0.0625	21.11641	21.96	47.44	1.2	0.998814	22.1292	1.29968	806.32	1.04797	3.26	0
2272	11:56:16.44	0.0630	21.11620	21.96	47.44	1.2	0.998802	22.1298	1.29968	806.34	1.04800	3.26	0
2273	11:56:16.74	0.0620	21.11676	21.96	47.44	1.2	0.998832	22.1297	1.29968	806.32	1.04797	3.26	0
2274	11:56:17.04	0.0635	21.11599	21.96	47.44	1.2	0.998796	22.1305	1.29976	806.34	1.04804	3.26	0
2275	11:56:17.34	0.0630	21.11634	21.96	47.44	1.2	0.998814	22.1301	1.29972	806.34	1.04801	3.26	0
2276	11:56:17.64	0.0610	21.11711	21.96	47.44	1.2	0.998850	22.1299	1.29968	806.32	1.04796	3.26	0
2277	11:56:17.94	0.0625	21.11641	21.96	47.44	1.2	0.998814	22.1292	1.29968	806.32	1.04797	3.26	0
2278	11:56:18.24	0.0625	21.11634	21.96	47.44	1.2	0.998814	22.1303	1.29972	806.34	1.04801	3.26	0
2279	11:56:18.54	0.0620	21.11669	21.96	47.44	1.2	0.998826	22.1306	1.29972	806.34	1.04801	3.26	0
2280	11:56:18.84	0.0625	21.11641	21.96	47.47	1.2	0.998814	22.1300	1.29972	806.34	1.04800	3.26	0
2281	11:56:19.14	0.0610	21.11697	21.96	47.47	1.2	0.998844	22.1306	1.29972	806.34	1.04800	3.26	0
2282	11:56:19.44	0.0620	21.11662	21.96	47.44	1.2	0.998826	22.1302	1.29972	806.34	1.04800	3.26	0
2283	11:56:19.74	0.0615	21.11683	21.96	47.44	1.2	0.998838	22.1298	1.29968	806.34	1.04797	3.26	0
2284	11:56:20.04	0.0630	21.11620	21.96	47.44	1.2	0.998802	22.1299	1.29972	806.34	1.04801	3.26	0
2285	11:56:20.34	0.0610	21.11711	21.96	47.44	1.2	0.998850	22.1301	1.29968	806.32	1.04797	3.26	0
2286	11:56:20.64	0.0625	21.11655	21.96	47.44	1.2	0.998820	22.1296	1.29968	806.32	1.04797	3.26	0
2287	11:56:20.94	0.0625	21.11655	21.96	47.44	1.2	0.998820	22.1297	1.29968	806.34	1.04798	3.26	0
2288	11:56:21.24	0.0610	21.11704	21.96	47.44	1.2	0.998844	22.1302	1.29968	806.32	1.04798	3.26	0
2289	11:56:21.55	0.0620	21.11662	21.96	47.44	1.2	0.998826	22.1306	1.29972	806.34	1.04802	3.26	0
2290	11:56:21.91	0.0615	21.11697	21.96	47.44	1.2	0.998838	22.1308	1.29972	806.34	1.04801	3.26	0
2291	11:56:22.14	0.0635	21.11606	21.96	47.44	1.2	0.998796	22.1302	1.29972	806.34	1.04803	3.26	0
2292	11:56:22.44	0.0615	21.11683	21.96	47.44	1.2	0.998832	22.1303	1.29968	806.34	1.04800	3.26	0
2293	11:56:22.74	0.0615	21.11676	21.96	47.44	1.2	0.998832	22.1301	1.29972	806.32	1.04799	3.26	0
2294	11:56:23.04	0.0615	21.11690	21.96	47.44	1.2	0.998838	22.1311	1.29972	806.34	1.04803	3.26	0
2295	11:56:23.34	0.0620	21.11655	21.96	47.44	1.2	0.998820	22.1303	1.29972	806.34	1.04801	3.26	0
2296	11:56:23.64	0.0625	21.11648	21.96	47.44	1.2	0.998820	22.1297	1.29968	806.32	1.04798	3.26	0
2297	11:56:23.94	0.0620	21.11669	21.96	47.44	1.2	0.998826	22.1305	1.29972	806.34	1.04801	3.26	0
2298	11:56:24.24	0.0635	21.11599	21.96	47.44	1.2	0.998796	22.1301	1.29972	806.34	1.04803	3.26	0
2299	11:56:24.54	0.0625	21.11641	21.96	47.44	1.2	0.998814	22.1300	1.29972	806.32	1.04800	3.26	0
2300	11:56:24.84	0.0630	21.11627	21.96	47.44	1.2	0.998808	22.1304	1.29972	806.34	1.04803	3.26	0
2301	11:56:25.14	0.0630	21.11634	21.96	47.44	1.2	0.998808	22.1297	1.29972	806.32	1.04798	3.26	0
2302	11:56:25.44	0.0635	21.11599	21.96	47.44	1.2	0.998796	22.1297	1.29972	806.34	1.04800	3.26	0
2303	11:56:25.74	0.0630	21.11620	21.96	47.44	1.2	0.998802	22.1301	1.29972	806.34	1.04802	3.26	0
2304	11:56:26.04	0.0620	21.11676	21.96	47.44	1.2	0.998832	22.1305	1.29972	806.34	1.04801	3.26	0
2305	11:56:26.34	0.0625	21.11648	21.96	47.44	1.2	0.998820	22.1311	1.29976	806.34	1.04804	3.26	0
2306	11:56:26.64	0.0610	21.11697	21.96	47.44	1.2	0.998844	22.1307	1.29972	806.34	1.04801	3.26	0
2307	11:56:26.94	0.0630	21.11627	21.96	47.44	1.2	0.998808	22.1297	1.29968	806.34	1.04799	3.26	0
2308	11:56:27.24	0.0620	21.11662	21.96	47.44	1.2	0.998826	22.1302	1.29972	806.34	1.04800	3.26	0
2309	11:56:27.54	0.0625	21.11641	21.96	47.44	1.2	0.998814	22.1306	1.29972	806.36	1.04803	3.26	0
2310	11:56:27.84	0.0620	21.11662	21.96	47.44	1.2	0.998826	22.1295	1.29968	806.32	1.04797	3.26	0
2311	11:56:28.14	0.0615	21.11676	21.97	47.44	1.2	0.998838	22.1302	1.29968	806.34	1.04800	3.26	0
2312	11:56:28.44	0.0625	21.11641	21.97	47.44	1.2	0.998820	22.1304	1.29972	806.34	1.04802	3.26	0
2313	11:56:28.74	0.0620	21.11662	21.96	47.44	1.2	0.998826	22.1299	1.29968	806.34	1.04798	3.26	0
2314	11:56:29.04	0.0625	21.11648	21.96	47.44	1.2	0.998820	22.1307	1.29972	806.34	1.04803	3.26	0
2315	11:56:29.34	0.0615	21.11683	21.96	47.44	1.2	0.998832	22.1303	1.29968	806.34	1.04800	3.26	0
2316	11:56:29.64	0.0610	21.11711	21.96	47.44	1.2	0.998844	22.1304	1.29968	806.34	1.04798	3.26	0
2317	11:56:29.94	0.0605	21.11732	21.96	47.44	1.2	0.998862	22.1302	1.29968	806.32	1.04796	3.26	0
2318	11:56:30.24	0.0625	21.11648	21.96	47.44	1.2	0.998814	22.1300	1.29972	806.34	1.04800	3.26	0
2319	11:56:30.55	0.0620	21.11676	21.96	47.44	1.2	0.998832	22.1297	1.29968	806.32	1.04797	3.26	0
2320	11:56:30.84	0.0610	21.11711	21.96	47.44	1.2	0.998850	22.1304	1.29968	806.34	1.04798	3.26	0
2321	11:56:31.14	0.0625	21.11641	21.96	47.44	1.2	0.998814	22.1295	1.29968	806.32	1.04798	3.26	0
2322	11:56:31.44	0.0625	21.11655	21.96	47.44	1.2	0.998820	22.1297	1.29968	806.34	1.04798	3.26	0
2323	11:56:31.74	0.0625	21.11641	21.97	47.44	1.2	0.998820	22.1307	1.29972	806.34	1.04803	3.26	0
2324	11:56:32.04	0.0620	21.11655	21.97	47.44	1.2	0.998826	22.1305	1.29972	806.34	1.04801	3.26	0
2325	11:56:32.34	0.0630	21.11627	21.96	47.44	1.2	0.998808	22.1303	1.29972	806.34	1.04802	3.26	0
2326	11:56:32.64	0.0625	21.11648	21.96	47.44	1.2	0.998820	22.1301	1.29972	806.34	1.04800	3.26	0
2327	11:56:32.94	0.0610	21.11697	21.96	47.44	1.2	0.998844	22.1307	1.29972	806.34	1.04801	3.26	0
2328	11:56:33.24	0.0625	21.11655	21.96	47.44	1.2	0.998820	22.1303	1.29968	806.34	1.04801	3.26	0
2329	11:56:33.54	0.0635	21.11599	21.97	47.44	1.2	0.998796	22.1303	1.29972	806.36	1.04803	3.26	0
2330	11:56:33.84	0.0625	21.11634	21.97	47.44	1.2	0.998820	22.1304	1.29972	806.34	1.04802	3.26	0
2331	11:56:34.14	0.0645	21.11564	21.96	47.44	1.2	0.998778	22.1302	1.29972	806.36	1.04805	3.26	0
2332	11:56:34.44	0.0610	21.11697	21.96	47.44	1.2	0.998844	22.1304	1.29968	806.34	1.04799	3.26	0
2333	11:56:34.74	0.0615	21.11697	21.96	47.44	1.2	0.998838	22.1304	1.29972	806.32	1.04800	3.26	0
2334	11:56:35.04	0.0615	21.11690	21.96	47.44	1.2	0.998838	22.1304	1.29972	806.34	1.04800	3.26	0
2335	11:56:35.34	0.0635	21.11613	21.96	47.44	1.2	0.998802	22.1306	1.29972	806.36	1.04804	3.26	0
2336	11:56:35.64	0.0625	21.11641	21.96	47.44	1.2	0.998814	22.1307	1.29972	806.34	1.04803	3.26	0
2337	11:56:35.94	0.0625	21.11648	21.96	47.44	1.2	0.998820	22.1311	1.29972	806.36	1.04805	3.26	0
2338	11:56:36.24	0.0605	21.11732	21.96	47.44	1.2	0.998856	22.1301	1.29968	806.32	1.04796	3.26	0
2339	11:56:36.54	0.0630	21.11627	21.96	47.44	1.2	0.998808	22.1303	1.29972	806.34	1.04802	3.26	0
2340	11:56:36.84	0.0635	21.11606	21.96	47.47	1.2	0.998802	22.1300	1.29972	806.34	1.04802	3.26	0
2341	11:56:37.14	0.0640	21.11585	21.96	47.47	1.2	0.998790	22.1304	1.29972	806.36	1.04804	3.26	0
2342	11:56:37.44	0.0630	21.11627	21.96	47.44	1.2	0.998808	22.1301	1.29972	806.34	1.04801	3.26	0
2343	11:56:37.74	0.0655	21.11536	21.96	47.44	1.2	0.998766	22.1302	1.29972	806.36	1.04806	3.26	0
2344	11:56:38.04	0.0630	21.11620	21.96	47.47	1.2	0.998808	22.1304	1.29972	806.36	1.04803	3.26	0
2345	11:56:38.35	0.0635	21.11606	21.96	47.47	1.2	0.998802	22.1302	1.29972	806.36	1.04803	3.26	0
2346	11:56:38.65	0.0635	21.11606	21.96	47.47	1.2	0.998802	22.1307	1.29976	806.34	1.04805	3.26	0
2347	11:56:38.95	0.0655	21.11529	21.96	47.47	1.2	0.998766	22.1301	1.29972	806.36	1.04806	3.26	0
2348	11:56:39.25	0.1170	21.09450	21.96	47.47	1.2	0.997782	22.1062	1.29968	806.32	1.04796	3.26	0
2349	11:56:39.54	0.4030	20.97809	21.96	47.47	1.2	0.992274	21.9828	1.29972	806.26	1.04789	3.26	0
2350	11:56:39.84	1.1885	20.63838	21.96	47.47	1.2	0.976206	21.6226	1.29972	806.08	1.04769	3.26	0
2351	11:56:40.14	2.6440	20.04653	21.96	47.47	1.2	0.948210	20.9945	1.29976	805.76	1.04729	3.26	0
2352	11:56:40.44	4.7055	19.25476	21.96	47.47	1.2	0.910758	20.1545	1.29972	805.34	1.04673	3.26	0
2353	11:56:40.74	7.1165	18.39271	21.97	47.47	1.3	0.869988	19.2408	1.29976	804.86	1.04611	3.26	0
2354	11:56:41.04	10.0125	17.43833	21.97	47.41	1.2	0.824844	18.2308	1.29972	804.36	1.04545	3.26	0
2355	11:56:41.34	12.9290	16.50796	21.96	47.41	1.2	0.780834	17.2477	1.29976	803.84	1.04481	3.26	0
2356	11:56:41.64	15.9700	15.63037	21.96	47.28	1.2	0.739314	16.3210	1.29976	803.36	1.04418	3.26	0
2357	11:56:41.94	18.9710	14.83244	21.96	47.28	1.2	0.701574	15.4790	1.29976	802.90	1.04359	3.26	0
2358	11:56:42.24	21.7145	14.14560	21.96	47.11	1.2	0.669078	14.7547	1.29976	802.50	1.04306	3.26	0
2359	11:56:42.54	24.2145	13.55494	21.96	47.11	1.2	0.641142	14.1332	1.29980	802.18	1.04266	3.26	0
2360	11:56:42.84	26.3805	13.07180	21.96	46.75	1.2	0.618276	13.6240	1.29976	801.88	1.04225	3.26	0
2361	11:56:43.14	28.2515	12.66930	21.96	46.75	1.2	0.599238	13.2012	1.29980	801.64	1.04198	3.26	0
2362	11:56:43.44	29.9800	12.31258	21.96	46.38	1.2	0.582354	12.8260	1.29980	801.42	1.04170	3.26	0
2363	11:56:43.74	31.4720	12.01473	21.96	46.38	1.2	0.568266	12.5124	1.29976	801.24	1.04143	3.26	0
2364	11:56:44.04	32.7720	11.76161	21.96	45.99	1.2	0.556284	12.2473	1.29984	801.10	1.04129	3.26	0
2365	11:56:44.34	33.8800	11.55063	21.96	45.99	1.2	0.546300	12.0254	1.29980	800.98	1.04111	3.26	0
2366	11:56:44.64	34.7525	11.38851	21.96	45.59	1.2	0.538620	11.8552	1.29980	800.86	1.04098	3.26	0
2367	11:56:44.94	35.4325	11.26356	21.96	45.59	1.2	0.532710	11.7237	1.29980	800.78	1.04086	3.26	0
2368	11:56:45.24	35.9945	11.16059	21.96	45.16	1.2	0.527826	11.6161	1.29984	800.74	1.04082	3.26	0
2369	11:56:45.54	36.4505	11.07883	21.96	45.16	1.2	0.523962	11.5297	1.29980	800.66	1.04069	3.26	0
2370	11:56:45.84	36.8095	11.01590	21.96	44.80	1.2	0.520974	11.4642	1.29984	800.64	1.04069	3.26	0
2371	11:56:46.14	37.0770	10.96879	21.96	44.80	1.2	0.518742	11.4141	1.29980	800.58	1.04060	3.26	0
2372	11:56:46.44	37.2700	10.93512	21.96	44.43	1.2	0.517140	11.3787	1.29980	800.56	1.04057	3.26	0
2373	11:56:46.74	37.3670	10.91797	21.96	44.43	1.2	0.516330	11.3613	1.29980	800.58	1.04060	3.26	0
2374	11:56:47.04	37.3185	10.92672	21.96	44.14	1.2	0.516738	11.3699	1.29976	800.56	1.04056	3.26	0
2375	11:56:47.34	37.1105	10.96333	21.96	44.14	1.2	0.518466	11.4085	1.29980	800.60	1.04060	3.26	0
2376	11:56:47.64	36.7835	11.02108	21.96	43.87	1.2	0.521190	11.4694	1.29980	800.66	1.04068	3.26	0
2377	11:56:47.94	36.3700	11.09381	21.96	43.87	1.2	0.524628	11.5458	1.29980	800.70	1.04075	3.26	0
2378	11:56:48.24	35.9185	11.17564	21.96	43.58	1.1	0.528486	11.6319	1.29980	800.76	1.04083	3.26	0
2379	11:56:48.54	35.4550	11.26083	21.96	43.58	1.1	0.532518	11.7207	1.29980	800.78	1.04084	3.26	0
2380	11:56:48.84	34.9220	11.35897	21.96	43.35	1.1	0.537150	11.8243	1.29980	800.86	1.04096	3.26	0
2381	11:56:49.14	34.2510	11.48224	21.96	43.35	1.1	0.542982	11.9533	1.29976	800.92	1.04102	3.26	0
2382	11:56:49.44	33.4945	11.62602	21.96	43.18	1.1	0.549774	12.1049	1.29980	801.04	1.04119	3.26	0
2383	11:56:49.74	32.6690	11.78317	21.96	43.18	1.1	0.557208	12.2702	1.29980	801.14	1.04134	3.26	0
2384	11:56:50.04	31.8435	11.94333	21.96	42.98	1.1	0.564774	12.4384	1.29980	801.24	1.04145	3.26	0
2385	11:56:50.34	31.0840	12.09432	21.96	42.98	1.1	0.571914	12.5966	1.29976	801.32	1.04153	3.26	0
2386	11:56:50.64	30.3815	12.23397	21.96	42.85	1.1	0.578508	12.7436	1.29980	801.42	1.04166	3.26	0
2387	11:56:50.94	29.7995	12.35248	21.96	42.85	1.1	0.584118	12.8682	1.29980	801.48	1.04174	3.26	0
2388	11:56:51.24	29.3215	12.45139	21.96	42.71	1.1	0.588786	12.9723	1.29980	801.54	1.04184	3.26	0
2389	11:56:51.54	28.8710	12.54442	21.96	42.71	1.1	0.593184	13.0698	1.29976	801.58	1.04188	3.26	0
2390	11:56:51.84	28.4345	12.63472	21.96	42.58	1.1	0.597456	13.1654	1.29980	801.68	1.04200	3.26	0
2391	11:56:52.14	28.0245	12.72061	21.96	42.58	1.1	0.601512	13.2560	1.29980	801.72	1.04209	3.26	0
2392	11:56:52.44	27.6660	12.79796	21.96	42.45	1.1	0.605166	13.3370	1.29980	801.76	1.04212	3.26	0
2393	11:56:52.74	27.3145	12.87370	21.96	42.45	1.1	0.608748	13.4168	1.29980	801.82	1.04218	3.26	0
2394	11:56:53.04	26.9095	12.96120	21.96	42.39	1.1	0.612882	13.5084	1.29976	801.84	1.04221	3.26	0
2395	11:56:53.34	26.4430	13.06179	21.96	42.39	1.1	0.617640	13.6142	1.29976	801.90	1.04229	3.26	0
2396	11:56:53.64	25.9440	13.17106	21.96	42.29	1.1	0.622806	13.7294	1.29976	801.98	1.04239	3.26	0
2397	11:56:53.94	25.4785	13.27543	21.96	42.29	1.1	0.627738	13.8396	1.29980	802.04	1.04249	3.26	0
2398	11:56:54.24	25.0395	13.37399	21.96	42.16	1.1	0.632394	13.9432	1.29980	802.10	1.04256	3.26	0
2399	11:56:54.54	24.6855	13.45344	21.96	42.16	1.1	0.636150	14.0268	1.29980	802.16	1.04262	3.26	0
2400	11:56:54.84	24.4205	13.51280	21.96	42.09	1.1	0.638958	14.0892	1.29976	802.18	1.04266	3.26	0
2401	11:56:55.14	24.2110	13.55984	21.96	42.09	1.1	0.641178	14.1385	1.29976	802.20	1.04267	3.26	0
2402	11:56:55.44	24.0260	13.60247	21.96	42.03	1.1	0.643194	14.1837	1.29976	802.24	1.04273	3.26	0
2403	11:56:55.74	23.8300	13.64853	21.96	42.03	1.1	0.645372	14.2322	1.29980	802.26	1.04276	3.26	0
2404	11:56:56.04	23.6020	13.70201	21.96	41.99	1.1	0.647898	14.2880	1.29976	802.28	1.04276	3.26	0
2405	11:56:56.37	23.3585	13.75934	21.96	41.99	1.1	0.650610	14.3487	1.29976	802.32	1.04284	3.26	0
2406	11:56:56.64	23.1160	13.81632	21.96	41.93	1.1	0.653298	14.4089	1.29976	802.36	1.04290	3.26	0
2407	11:56:56.94	22.9170	13.86301	21.96	41.93	1.1	0.655506	14.4583	1.29980	802.40	1.04294	3.26	0
2408	11:56:57.24	22.7695	13.89773	21.96	41.89	1.1	0.657150	14.4949	1.29980	802.42	1.04297	3.26	0
2409	11:56:57.54	22.6570	13.92419	21.96	41.89	1.1	0.658398	14.5223	1.29976	802.42	1.04296	3.26	0
2410	11:56:57.84	22.5450	13.95044	21.96	41.86	1.1	0.659640	14.5501	1.29976	802.44	1.04298	3.26	0
2411	11:56:58.14	22.4130	13.98152	21.96	41.86	1.1	0.661110	14.5829	1.29976	802.46	1.04302	3.26	0
2412	11:56:58.44	22.2705	14.01498	21.96	41.86	1.1	0.662694	14.6182	1.29976	802.48	1.04304	3.26	0
2413	11:56:58.74	22.1275	14.04858	21.96	41.86	1.1	0.664278	14.6535	1.29976	802.50	1.04306	3.26	0
2414	11:56:59.04	21.9795	14.08491	21.96	41.83	1.1	0.665994	14.6924	1.29980	802.54	1.04312	3.26	0
2415	11:56:59.34	21.8155	14.12516	21.96	41.83	1.1	0.667902	14.7340	1.29976	802.54	1.04311	3.26	0
2416	11:56:59.64	21.6560	14.16443	21.96	41.79	1.1	0.669756	14.7755	1.29976	802.56	1.04314	3.26	0
2417	11:56:59.94	21.5105	14.20020	21.96	41.79	1.1	0.671448	14.8126	1.29972	802.58	1.04313	3.26	0
2418	11:57:00.24	21.4095	14.22505	21.96	41.79	1.1	0.672624	14.8389	1.29976	802.58	1.04315	3.26	0
2419	11:57:00.54	21.3360	14.24318	21.96	41.79	1.1	0.673476	14.8577	1.29972	802.60	1.04315	3.26	0
2420	11:57:00.84	21.2815	14.25662	21.96	41.72	1.1	0.674112	14.8726	1.29976	802.62	1.04321	3.26	0
2421	11:57:01.15	21.2245	14.27062	21.96	41.72	1.1	0.674772	14.8872	1.29976	802.62	1.04321	3.26	0
2422	11:57:01.45	21.1540	14.28791	21.96	41.72	1.1	0.675594	14.9052	1.29972	802.64	1.04320	3.26	0
2423	11:57:01.74	21.0650	14.30975	21.97	41.72	1.1	0.676626	14.9290	1.29976	802.66	1.04327	3.26	0
2424	11:57:02.04	20.9555	14.33670	21.97	41.72	1.1	0.677904	14.9572	1.29976	802.66	1.04329	3.26	0
2425	11:57:02.34	20.8430	14.36435	21.96	41.72	1.1	0.679206	14.9862	1.29976	802.68	1.04329	3.26	0
2426	11:57:02.64	20.7255	14.39326	21.96	41.72	1.1	0.680574	15.0173	1.29980	802.72	1.04335	3.26	0
2427	11:57:02.95	20.6115	14.42126	21.97	41.72	1.1	0.681900	15.0464	1.29976	802.72	1.04335	3.26	0
2428	11:57:03.25	20.5150	14.44499	21.97	41.72	1.1	0.683022	15.0713	1.29976	802.72	1.04336	3.26	0
2429	11:57:03.54	20.4325	14.46529	21.96	41.72	1.1	0.683976	15.0919	1.29976	802.72	1.04332	3.26	0
2430	11:57:03.84	20.3805	14.47817	21.96	41.72	1.1	0.684588	15.1060	1.29976	802.74	1.04336	3.26	0
2431	11:57:04.14	20.3635	14.48230	21.96	41.72	1.1	0.684786	15.1105	1.29976	802.76	1.04338	3.26	0
2432	11:57:04.44	20.3815	14.47789	21.96	41.72	1.1	0.684576	15.1059	1.29976	802.74	1.04338	3.26	0
2433	11:57:04.74	20.4115	14.47054	21.96	41.72	1.1	0.684228	15.0982	1.29976	802.74	1.04338	3.26	0
2434	11:57:05.04	20.4440	14.46249	21.96	41.72	1.1	0.683850	15.0888	1.29972	802.72	1.04331	3.26	0
2435	11:57:05.34	20.4590	14.45878	21.96	41.72	1.1	0.683670	15.0857	1.29976	802.74	1.04336	3.26	0
2436	11:57:05.64	20.4500	14.46102	21.96	41.72	1.1	0.683778	15.0880	1.29976	802.74	1.04336	3.26	0
2437	11:57:05.94	20.4165	14.46928	21.96	41.72	1.1	0.684168	15.0970	1.29976	802.76	1.04338	3.26	0
2438	11:57:06.24	20.3665	14.48160	21.96	41.72	1.1	0.684750	15.1103	1.29980	802.76	1.04342	3.26	0
2439	11:57:06.54	20.3075	14.49602	21.96	41.72	1.1	0.685434	15.1253	1.29976	802.76	1.04341	3.26	0
2440	11:57:06.84	20.2425	14.51205	21.96	41.72	1.1	0.686190	15.1423	1.29976	802.78	1.04343	3.26	0
2441	11:57:07.14	20.1790	14.52759	21.96	41.72	1.1	0.686928	15.1585	1.29976	802.78	1.04343	3.26	0
2442	11:57:07.44	20.1120	14.54411	21.96	41.72	1.1	0.687708	15.1756	1.29976	802.78	1.04342	3.26	0
2443	11:57:07.74	20.0555	14.55860	21.96	41.72	1.1	0.688392	15.1910	1.29976	802.80	1.04345	3.26	0
2444	11:57:08.04	19.9945	14.57428	21.96	41.72	1.1	0.689130	15.2073	1.29976	802.80	1.04344	3.26	0
2445	11:57:08.34	19.9385	14.58870	21.96	41.72	1.1	0.689814	15.2230	1.29976	802.82	1.04348	3.26	0
2446	11:57:08.64	19.8835	14.60277	21.96	41.72	1.1	0.690480	15.2382	1.29980	802.84	1.04352	3.26	0
2447	11:57:08.94	19.8355	14.61516	21.96	41.72	1.1	0.691068	15.2512	1.29976	802.84	1.04352	3.26	0
2448	11:57:09.24	19.7890	14.62706	21.96	41.79	1.1	0.691632	15.2631	1.29976	802.84	1.04348	3.26	0
2449	11:57:09.54	19.7455	14.63826	21.96	41.79	1.1	0.692160	15.2750	1.29976	802.84	1.04350	3.26	0
2450	11:57:09.84	19.7045	14.64876	21.96	41.79	1.1	0.692658	15.2864	1.29976	802.86	1.04353	3.26	0
2451	11:57:10.14	19.6635	14.65926	21.96	41.79	1.1	0.693156	15.2970	1.29976	802.86	1.04351	3.26	0
2452	11:57:10.44	19.6250	14.66920	21.96	41.79	1.1	0.693624	15.3075	1.29976	802.86	1.04351	3.26	0
2453	11:57:10.74	19.5850	14.67949	21.96	41.79	1.1	0.694110	15.3187	1.29976	802.86	1.04354	3.26	0
2454	11:57:11.04	19.5495	14.68859	21.96	41.79	1.1	0.694542	15.3281	1.29976	802.86	1.04354	3.26	0
2455	11:57:11.34	19.5280	14.69412	21.96	41.79	1.1	0.694800	15.3338	1.29976	802.86	1.04353	3.26	0
2456	11:57:11.64	19.5140	14.69769	21.96	41.83	1.1	0.694974	15.3378	1.29976	802.88	1.04355	3.26	0
2457	11:57:11.94	19.5065	14.69965	21.96	41.83	1.1	0.695064	15.3400	1.29976	802.88	1.04356	3.26	0
2458	11:57:12.24	19.5005	14.70112	21.96	41.83	1.1	0.695136	15.3408	1.29976	802.86	1.04351	3.26	0
2459	11:57:12.54	19.4940	14.70280	21.96	41.83	1.1	0.695214	15.3432	1.29976	802.88	1.04355	3.26	0
2460	11:57:12.84	19.4780	14.70693	21.96	41.83	1.1	0.695412	15.3477	1.29976	802.90	1.04357	3.26	0
2461	11:57:13.14	19.4510	14.71393	21.96	41.83	1.1	0.695736	15.3544	1.29976	802.88	1.04353	3.26	0
2462	11:57:13.44	19.4185	14.72226	21.96	41.83	1.1	0.696132	15.3635	1.29976	802.88	1.04355	3.26	0
2463	11:57:13.74	19.3895	14.72975	21.96	41.83	1.1	0.696486	15.3719	1.29976	802.90	1.04360	3.26	0
2464	11:57:14.04	19.3580	14.73773	21.96	41.86	1.1	0.696864	15.3803	1.29976	802.92	1.04360	3.26	0
2465	11:57:14.34	19.3330	14.74424	21.96	41.86	1.1	0.697176	15.3871	1.29976	802.92	1.04360	3.26	0
2466	11:57:14.64	19.3145	14.74900	21.96	41.86	1.1	0.697398	15.3918	1.29976	802.90	1.04359	3.26	0
2467	11:57:14.94	19.2965	14.75355	21.96	41.86	1.1	0.697614	15.3971	1.29976	802.92	1.04362	3.26	0
2468	11:57:15.24	19.2795	14.75796	21.96	41.86	1.1	0.697824	15.4012	1.29976	802.90	1.04359	3.26	0
2469	11:57:15.54	19.2605	14.76286	21.95	41.86	1.1	0.698052	15.4066	1.29976	802.92	1.04360	3.26	0
2470	11:57:15.84	19.2320	14.77014	21.95	41.86	1.1	0.698394	15.4138	1.29976	802.90	1.04358	3.26	0
2471	11:57:16.14	19.2075	14.77644	21.96	41.86	1.1	0.698694	15.4209	1.29976	802.92	1.04362	3.26	0
2472	11:57:16.44	19.1875	14.78155	21.96	41.86	1.1	0.698940	15.4267	1.29980	802.94	1.04365	3.26	0
2473	11:57:16.74	19.1720	14.78554	21.96	41.86	1.1	0.699126	15.4307	1.29976	802.94	1.04363	3.26	0
2474	11:57:17.04	19.1650	14.78736	21.96	41.86	1.1	0.699216	15.4321	1.29976	802.92	1.04360	3.26	0
2475	11:57:17.34	19.1615	14.78820	21.96	41.86	1.1	0.699252	15.4331	1.29976	802.92	1.04361	3.26	0
2476	11:57:17.65	19.1510	14.79100	21.96	41.86	1.1	0.699384	15.4359	1.29976	802.92	1.04360	3.26	0
2477	11:57:17.94	19.1385	14.79429	21.95	41.86	1.1	0.699540	15.4398	1.29976	802.94	1.04363	3.26	0
2478	11:57:18.24	19.1205	14.79884	21.95	41.86	1.1	0.699750	15.4442	1.29976	802.94	1.04362	3.26	0
2479	11:57:18.54	19.0980	14.80451	21.96	41.86	1.1	0.700026	15.4502	1.29976	802.92	1.04361	3.26	0
2480	11:57:18.84	19.0715	14.81137	21.96	41.86	1.1	0.700350	15.4577	1.29976	802.94	1.04364	3.26	0
2481	11:57:19.14	19.0425	14.81886	21.96	41.86	1.1	0.700704	15.4651	1.29976	802.94	1.04361	3.26	0
2482	11:57:19.44	19.0150	14.82593	21.96	41.86	1.1	0.701034	15.4730	1.29976	802.94	1.04365	3.26	0
2483	11:57:19.74	18.9790	14.83517	21.96	41.86	1.1	0.701478	15.4827	1.29976	802.94	1.04365	3.26	0
2484	11:57:20.04	18.9310	14.84742	21.96	41.89	1.1	0.702054	15.4954	1.29976	802.96	1.04365	3.26	0
2485	11:57:20.34	18.8785	14.86093	21.96	41.89	1.1	0.702696	15.5103	1.29980	802.98	1.04370	3.26	0
2486	11:57:20.64	18.8235	14.87507	21.96	41.89	1.1	0.703362	15.5249	1.29980	802.98	1.04369	3.26	0
2487	11:57:20.94	18.7695	14.88893	21.96	41.89	1.1	0.704016	15.5394	1.29976	802.98	1.04369	3.26	0
2488	11:57:21.24	18.7220	14.90125	21.96	41.89	1.1	0.704598	15.5525	1.29976	803.00	1.04370	3.26	0
2489	11:57:21.54	18.6800	14.91203	21.95	41.89	1.1	0.705108	15.5631	1.29972	802.98	1.04366	3.26	0
2490	11:57:21.84	18.6485	14.92008	21.95	41.93	1.1	0.705486	15.5723	1.29976	803.00	1.04371	3.26	0
2491	11:57:22.14	18.6360	14.92337	21.95	41.93	1.1	0.705642	15.5757	1.29976	803.00	1.04371	3.26	0
2492	11:57:22.44	18.6355	14.92344	21.95	41.93	1.1	0.705648	15.5760	1.29976	803.02	1.04373	3.26	0
2493	11:57:22.74	18.6340	14.92386	21.95	41.93	1.1	0.705672	15.5758	1.29976	803.00	1.04369	3.26	0
2494	11:57:23.04	18.6430	14.92155	21.95	41.93	1.1	0.705558	15.5733	1.29976	802.98	1.04368	3.26	0
2495	11:57:23.34	18.6420	14.92176	21.95	41.93	1.1	0.705570	15.5737	1.29976	802.98	1.04369	3.26	0
2496	11:57:23.64	18.6355	14.92351	21.95	41.93	1.1	0.705648	15.5762	1.29980	803.00	1.04374	3.26	0
2497	11:57:23.94	18.6130	14.92925	21.95	41.93	1.1	0.705924	15.5812	1.29972	802.98	1.04367	3.26	0
2498	11:57:24.24	18.5905	14.93499	21.95	41.96	1.1	0.706194	15.5877	1.29976	803.00	1.04371	3.26	0
2499	11:57:24.54	18.5675	14.94087	21.95	41.96	1.1	0.706476	15.5944	1.29976	803.02	1.04374	3.26	0
2500	11:57:24.84	18.5455	14.94661	21.95	41.96	1.1	0.706746	15.6005	1.29976	803.02	1.04375	3.26	0
2501	11:57:25.14	18.5160	14.95424	21.95	41.96	1.1	0.707106	15.6081	1.29976	803.02	1.04373	3.26	0
2502	11:57:25.44	18.4770	14.96425	21.95	41.96	1.1	0.707580	15.6183	1.29976	803.00	1.04371	3.26	0
2503	11:57:25.74	18.4350	14.97496	21.96	41.96	1.1	0.708090	15.6299	1.29976	803.04	1.04373	3.26	0
2504	11:57:26.04	18.3885	14.98679	21.96	41.96	1.1	0.708648	15.6423	1.29976	803.02	1.04374	3.26	0
2505	11:57:26.34	18.3440	14.99834	21.95	41.96	1.1	0.709194	15.6543	1.29972	803.04	1.04374	3.26	0
2506	11:57:26.64	18.3000	15.00968	21.95	41.96	1.1	0.709728	15.6670	1.29980	803.06	1.04380	3.26	0
2507	11:57:26.94	18.2565	15.02088	21.95	41.96	1.1	0.710256	15.6784	1.29976	803.04	1.04377	3.26	0
2508	11:57:27.24	18.2120	15.03229	21.95	41.99	1.1	0.710796	15.6902	1.29976	803.06	1.04377	3.26	0
2509	11:57:27.54	18.1790	15.04069	21.95	41.99	1.1	0.711198	15.6997	1.29976	803.08	1.04381	3.26	0
2510	11:57:27.84	18.1405	15.05063	21.95	41.99	1.1	0.711666	15.7097	1.29976	803.06	1.04379	3.26	0
2511	11:57:28.14	18.1090	15.05875	21.95	41.99	1.1	0.712050	15.7182	1.29976	803.08	1.04380	3.26	0
2512	11:57:28.44	18.0735	15.06813	21.95	41.99	1.1	0.712494	15.7282	1.29976	803.08	1.04380	3.26	0
2513	11:57:28.74	18.0460	15.07555	21.95	41.99	1.1	0.712842	15.7368	1.29980	803.10	1.04386	3.26	0
2514	11:57:29.04	18.0215	15.08213	21.95	41.99	1.1	0.713154	15.7435	1.29976	803.10	1.04384	3.26	0
2515	11:57:29.34	18.0100	15.08528	21.95	41.99	1.1	0.713304	15.7460	1.29976	803.08	1.04380	3.26	0
2516	11:57:29.64	18.0165	15.08339	21.95	42.03	1.1	0.713214	15.7440	1.29976	803.08	1.04380	3.26	0
2517	11:57:29.94	18.0300	15.07975	21.95	42.03	1.1	0.713046	15.7400	1.29972	803.08	1.04378	3.26	0
2518	11:57:30.24	18.0430	15.07625	21.95	42.03	1.1	0.712878	15.7364	1.29976	803.08	1.04379	3.26	0
2519	11:57:30.54	18.0505	15.07436	21.95	42.03	1.1	0.712788	15.7343	1.29976	803.06	1.04378	3.26	0
2520	11:57:30.84	18.0455	15.07569	21.95	42.03	1.1	0.712848	15.7360	1.29976	803.08	1.04380	3.26	0
2521	11:57:31.14	18.0345	15.07863	21.95	42.03	1.1	0.712992	15.7391	1.29976	803.08	1.04380	3.26	0
2522	11:57:31.44	18.0160	15.08360	21.95	42.06	1.1	0.713226	15.7441	1.29972	803.08	1.04379	3.26	0
2523	11:57:31.74	17.9945	15.08934	21.95	42.06	1.1	0.713496	15.7503	1.29972	803.08	1.04381	3.26	0
2524	11:57:32.04	17.9725	15.09515	21.95	42.06	1.1	0.713772	15.7568	1.29976	803.10	1.04383	3.26	0
2525	11:57:32.34	17.9490	15.10152	21.95	42.06	1.1	0.714072	15.7638	1.29976	803.10	1.04386	3.26	0
2526	11:57:32.64	17.9285	15.10712	21.95	42.06	1.1	0.714342	15.7690	1.29976	803.08	1.04381	3.26	0
2527	11:57:32.94	17.9205	15.10922	21.95	42.06	1.1	0.714438	15.7714	1.29976	803.10	1.04383	3.26	0
2528	11:57:33.24	17.9245	15.10824	21.95	42.06	1.1	0.714390	15.7701	1.29976	803.08	1.04381	3.26	0
2529	11:57:33.54	17.9425	15.10327	21.95	42.06	1.1	0.714156	15.7658	1.29976	803.12	1.04387	3.26	0
2530	11:57:33.84	17.9660	15.09697	21.95	42.09	1.1	0.713862	15.7587	1.29976	803.08	1.04383	3.26	0
2531	11:57:34.14	17.9865	15.09151	21.94	42.09	1.1	0.713598	15.7531	1.29976	803.10	1.04384	3.26	0
2532	11:57:34.44	18.0020	15.08731	21.94	42.09	1.1	0.713400	15.7485	1.29976	803.08	1.04383	3.26	0
2533	11:57:34.74	18.0140	15.08409	21.94	42.09	1.1	0.713250	15.7454	1.29976	803.10	1.04384	3.26	0
2534	11:57:35.04	18.0265	15.08080	21.94	42.09	1.1	0.713094	15.7415	1.29976	803.08	1.04381	3.26	0
2535	11:57:35.34	18.0475	15.07513	21.94	42.09	1.1	0.712824	15.7361	1.29976	803.10	1.04384	3.26	0
2536	11:57:35.64	18.0695	15.06911	21.94	42.09	1.1	0.712542	15.7298	1.29976	803.08	1.04384	3.26	0
2537	11:57:35.94	18.0875	15.06435	21.94	42.09	1.1	0.712314	15.7238	1.29976	803.06	1.04378	3.26	0
2538	11:57:36.24	18.1075	15.05917	21.94	42.09	1.1	0.712068	15.7188	1.29976	803.08	1.04380	3.26	0
2539	11:57:36.54	18.1195	15.05602	21.94	42.09	1.1	0.711918	15.7156	1.29976	803.08	1.04381	3.26	0
2540	11:57:36.84	18.1245	15.05483	21.94	42.09	1.1	0.711864	15.7142	1.29976	803.06	1.04380	3.26	0
2541	11:57:37.14	18.1205	15.05574	21.94	42.09	1.1	0.711906	15.7158	1.29980	803.08	1.04384	3.26	0
2542	11:57:37.44	18.1035	15.06022	21.94	42.09	1.1	0.712116	15.7193	1.29976	803.04	1.04376	3.26	0
2543	11:57:37.74	18.0820	15.06589	21.94	42.09	1.1	0.712386	15.7263	1.29980	803.08	1.04384	3.26	0
2544	11:57:38.04	18.0565	15.07268	21.94	42.09	1.1	0.712710	15.7327	1.29972	803.08	1.04379	3.26	0
2545	11:57:38.34	18.0385	15.07751	21.94	42.09	1.1	0.712938	15.7382	1.29976	803.08	1.04383	3.26	0
2546	11:57:38.64	18.0255	15.08108	21.94	42.09	1.1	0.713106	15.7412	1.29972	803.06	1.04377	3.26	0
2547	11:57:38.94	18.0220	15.08192	21.94	42.09	1.1	0.713142	15.7427	1.29976	803.08	1.04381	3.26	0
2548	11:57:39.24	18.0230	15.08164	21.94	42.12	1.1	0.713136	15.7422	1.29976	803.08	1.04380	3.26	0
2549	11:57:39.54	18.0220	15.08192	21.94	42.12	1.1	0.713148	15.7423	1.29976	803.06	1.04379	3.26	0
2550	11:57:39.84	18.0240	15.08143	21.94	42.12	1.1	0.713124	15.7422	1.29976	803.08	1.04381	3.26	0
2551	11:57:40.14	18.0175	15.08311	21.94	42.12	1.1	0.713202	15.7436	1.29972	803.08	1.04380	3.26	0
2552	11:57:40.44	18.0115	15.08472	21.94	42.12	1.1	0.713280	15.7453	1.29976	803.08	1.04379	3.26	0
2553	11:57:40.74	18.0065	15.08605	21.94	42.12	1.1	0.713346	15.7471	1.29976	803.08	1.04382	3.26	0
2554	11:57:41.04	17.9975	15.08850	21.94	42.12	1.1	0.713460	15.7502	1.29976	803.10	1.04386	3.26	0
2555	11:57:41.34	17.9830	15.09242	21.94	42.12	1.1	0.713646	15.7537	1.29976	803.08	1.04381	3.26	0
2556	11:57:41.64	17.9665	15.09683	21.94	42.12	1.1	0.713850	15.7579	1.29976	803.08	1.04379	3.26	0
2557	11:57:41.94	17.9485	15.10166	21.94	42.12	1.1	0.714078	15.7632	1.29976	803.08	1.04380	3.26	0
2558	11:57:42.24	17.9335	15.10572	21.94	42.12	1.1	0.714270	15.7679	1.29976	803.10	1.04384	3.26	0
2559	11:57:42.54	17.9210	15.10915	21.93	42.12	1.1	0.714432	15.7709	1.29976	803.08	1.04380	3.26	0
2560	11:57:42.84	17.9070	15.11286	21.93	42.12	1.1	0.714606	15.7744	1.29972	803.08	1.04378	3.26	0
2561	11:57:43.14	17.8985	15.11517	21.93	42.12	1.1	0.714714	15.7772	1.29976	803.08	1.04380	3.26	0
2562	11:57:43.44	17.8915	15.11713	21.93	42.12	1.1	0.714810	15.7795	1.29976	803.10	1.04382	3.26	0
2563	11:57:43.74	17.8840	15.11909	21.93	42.12	1.1	0.714900	15.7809	1.29972	803.08	1.04378	3.26	0
2564	11:57:44.04	17.8800	15.12028	21.93	42.12	1.1	0.714954	15.7825	1.29976	803.08	1.04380	3.26	0
2565	11:57:44.34	17.8735	15.12189	21.93	42.12	1.1	0.715032	15.7842	1.29976	803.08	1.04380	3.26	0
2566	11:57:44.64	17.8660	15.12399	21.93	42.12	1.1	0.715134	15.7863	1.29972	803.08	1.04380	3.26	0
2567	11:57:44.94	17.8635	15.12469	21.93	42.12	1.1	0.715164	15.7879	1.29976	803.10	1.04385	3.26	0
2568	11:57:45.24	17.8555	15.12679	21.93	42.12	1.1	0.715266	15.7898	1.29972	803.10	1.04383	3.26	0
2569	11:57:45.54	17.8480	15.12882	21.93	42.12	1.1	0.715362	15.7916	1.29976	803.08	1.04381	3.26	0
2570	11:57:45.84	17.8400	15.13092	21.93	42.12	1.1	0.715458	15.7934	1.29972	803.08	1.04378	3.26	0
2571	11:57:46.14	17.8345	15.13239	21.93	42.12	1.1	0.715530	15.7954	1.29976	803.10	1.04381	3.26	0
2572	11:57:46.44	17.8310	15.13337	21.93	42.12	1.1	0.715578	15.7961	1.29972	803.08	1.04379	3.26	0
2573	11:57:46.74	17.8290	15.13393	21.93	42.12	1.1	0.715602	15.7974	1.29976	803.10	1.04384	3.26	0
2574	11:57:47.04	17.8250	15.13505	21.93	42.12	1.1	0.715656	15.7972	1.29972	803.08	1.04375	3.26	0
2575	11:57:47.34	17.8280	15.13421	21.93	42.12	1.1	0.715614	15.7975	1.29976	803.10	1.04383	3.26	0
2576	11:57:47.64	17.8260	15.13470	21.93	42.16	1.1	0.715638	15.7970	1.29972	803.06	1.04377	3.26	0
2577	11:57:47.94	17.8235	15.13547	21.92	42.16	1.1	0.715674	15.7977	1.29972	803.06	1.04375	3.26	0
2578	11:57:48.24	17.8235	15.13540	21.92	42.16	1.1	0.715668	15.7982	1.29972	803.08	1.04379	3.26	0
2579	11:57:48.54	17.8235	15.13540	21.93	42.16	1.1	0.715674	15.7978	1.29972	803.08	1.04377	3.26	0
2580	11:57:48.84	17.8225	15.13568	21.93	42.16	1.1	0.715686	15.7979	1.29972	803.08	1.04375	3.26	0
2581	11:57:49.14	17.8220	15.13575	21.92	42.16	1.1	0.715686	15.7991	1.29976	803.10	1.04382	3.26	0
2582	11:57:49.44	17.8260	15.13477	21.92	42.16	1.1	0.715644	15.7983	1.29976	803.10	1.04384	3.26	0
2583	11:57:49.74	17.8205	15.13624	21.92	42.16	1.1	0.715710	15.7992	1.29972	803.08	1.04380	3.26	0
2584	11:57:50.04	17.8195	15.13645	21.92	42.16	1.1	0.715722	15.7997	1.29976	803.10	1.04382	3.26	0
2585	11:57:50.34	17.8235	15.13540	21.92	42.16	1.1	0.715668	15.7986	1.29976	803.10	1.04383	3.26	0
2586	11:57:50.64	17.8260	15.13470	21.92	42.16	1.1	0.715638	15.7975	1.29972	803.08	1.04379	3.26	0
2587	11:57:50.94	17.8270	15.13449	21.92	42.16	1.1	0.715626	15.7970	1.29972	803.08	1.04377	3.26	0
2588	11:57:51.25	17.8345	15.13253	21.92	42.16	1.1	0.715536	15.7956	1.29976	803.10	1.04383	3.26	0
2589	11:57:51.54	17.8335	15.13274	21.92	42.16	1.1	0.715542	15.7957	1.29976	803.08	1.04381	3.26	0
2590	11:57:51.84	17.8350	15.13232	21.92	42.16	1.1	0.715524	15.7956	1.29976	803.10	1.04383	3.26	0
2591	11:57:52.14	17.8350	15.13232	21.92	42.16	1.1	0.715524	15.7955	1.29976	803.08	1.04382	3.26	0
2592	11:57:52.44	17.8345	15.13239	21.92	42.16	1.1	0.715530	15.7948	1.29972	803.06	1.04377	3.26	0
2593	11:57:52.74	17.8310	15.13337	21.93	42.16	1.1	0.715578	15.7961	1.29976	803.08	1.04380	3.26	0
2594	11:57:53.04	17.8320	15.13309	21.93	42.19	1.1	0.715566	15.7958	1.29972	803.08	1.04379	3.26	0
2595	11:57:53.34	17.8320	15.13309	21.92	42.19	1.1	0.715560	15.7960	1.29972	803.08	1.04381	3.26	0
2596	11:57:53.64	17.8305	15.13344	21.92	42.19	1.1	0.715578	15.7966	1.29976	803.08	1.04382	3.26	0
2597	11:57:53.94	17.8310	15.13344	21.92	42.19	1.1	0.715578	15.7963	1.29976	803.08	1.04380	3.26	0
2598	11:57:54.24	17.8290	15.13386	21.92	42.19	1.1	0.715602	15.7958	1.29972	803.06	1.04374	3.26	0
2599	11:57:54.54	17.8285	15.13407	21.92	42.19	1.1	0.715608	15.7963	1.29972	803.06	1.04375	3.26	0
2600	11:57:54.84	17.8280	15.13414	21.92	42.19	1.1	0.715614	15.7968	1.29972	803.08	1.04379	3.26	0
2601	11:57:55.14	17.8275	15.13435	21.92	42.19	1.1	0.715620	15.7972	1.29972	803.08	1.04380	3.26	0
2602	11:57:55.44	17.8280	15.13421	21.92	42.19	1.1	0.715620	15.7966	1.29972	803.06	1.04377	3.26	0
2603	11:57:55.74	17.8260	15.13470	21.92	42.19	1.1	0.715638	15.7974	1.29972	803.08	1.04378	3.26	0
2604	11:57:56.04	17.8275	15.13435	21.92	42.19	1.1	0.715620	15.7977	1.29976	803.10	1.04384	3.26	0
2605	11:57:56.34	17.8260	15.13470	21.92	42.19	1.1	0.715638	15.7973	1.29972	803.08	1.04378	3.26	0
2606	11:57:56.64	17.8245	15.13519	21.92	42.19	1.1	0.715662	15.7978	1.29972	803.08	1.04378	3.26	0
2607	11:57:56.94	17.8245	15.13519	21.91	42.19	1.1	0.715662	15.7982	1.29976	803.08	1.04380	3.26	0
2608	11:57:57.24	17.8245	15.13519	21.91	42.19	1.1	0.715656	15.7982	1.29976	803.08	1.04381	3.26	0
2609	11:57:57.54	17.8245	15.13519	21.91	42.19	1.1	0.715662	15.7985	1.29976	803.08	1.04383	3.26	0
2610	11:57:57.84	17.8235	15.13547	21.91	42.19	1.1	0.715674	15.7978	1.29972	803.06	1.04376	3.26	0
2611	11:57:58.14	17.8235	15.13540	21.92	42.19	1.1	0.715674	15.7986	1.29976	803.08	1.04382	3.26	0
2612	11:57:58.44	17.8220	15.13582	21.92	42.19	1.1	0.715692	15.7986	1.29972	803.08	1.04379	3.26	0
2613	11:57:58.74	17.8215	15.13589	21.92	42.19	1.1	0.715698	15.7985	1.29972	803.08	1.04378	3.26	0
2614	11:57:59.04	17.8235	15.13540	21.92	42.19	1.1	0.715674	15.7986	1.29976	803.08	1.04381	3.26	0
2615	11:57:59.34	17.8230	15.13561	21.91	42.19	1.1	0.715680	15.7983	1.29972	803.08	1.04378	3.26	0
2616	11:57:59.64	17.8230	15.13568	21.91	42.19	1.1	0.715680	15.7987	1.29976	803.08	1.04381	3.26	0
2617	11:57:59.94	17.8205	15.13624	21.91	42.19	1.1	0.715710	15.7993	1.29976	803.08	1.04380	3.26	0
2618	11:58:00.24	17.8205	15.13624	21.91	42.19	1.1	0.715710	15.7993	1.29976	803.08	1.04381	3.26	0
2619	11:58:00.54	17.8215	15.13596	21.91	42.19	1.1	0.715692	15.7986	1.29972	803.08	1.04378	3.26	0
2620	11:58:00.84	17.8225	15.13575	21.91	42.19	1.1	0.715686	15.7985	1.29972	803.08	1.04378	3.26	0
2621	11:58:01.14	17.8220	15.13582	21.91	42.19	1.1	0.715692	15.7982	1.29972	803.06	1.04376	3.26	0
2622	11:58:01.44	17.8245	15.13519	21.91	42.19	1.1	0.715656	15.7978	1.29972	803.08	1.04378	3.26	0
2623	11:58:01.74	17.8235	15.13547	21.91	42.19	1.1	0.715674	15.7984	1.29976	803.08	1.04380	3.26	0
2624	11:58:02.04	17.8240	15.13533	21.91	42.19	1.1	0.715662	15.7981	1.29972	803.08	1.04379	3.26	0
2625	11:58:02.34	17.8235	15.13547	21.91	42.19	1.1	0.715674	15.7978	1.29972	803.06	1.04376	3.26	0
2626	11:58:02.64	17.8245	15.13512	21.91	42.19	1.1	0.715656	15.7981	1.29976	803.08	1.04380	3.26	0
2627	11:58:02.94	17.8225	15.13568	21.91	42.19	1.1	0.715686	15.7982	1.29976	803.06	1.04377	3.26	0
2628	11:58:03.24	17.8225	15.13575	21.91	42.19	1.1	0.715686	15.7984	1.29972	803.06	1.04378	3.26	0
2629	11:58:03.54	17.8245	15.13519	21.91	42.19	1.1	0.715662	15.7978	1.29972	803.08	1.04378	3.26	0
2630	11:58:03.84	17.8235	15.13547	21.91	42.19	1.1	0.715674	15.7982	1.29972	803.08	1.04378	3.26	0
2631	11:58:04.14	17.8250	15.13505	21.91	42.19	1.1	0.715656	15.7980	1.29976	803.08	1.04380	3.26	0
2632	11:58:04.44	17.8225	15.13568	21.91	42.19	1.1	0.715680	15.7981	1.29972	803.06	1.04377	3.26	0
2633	11:58:04.74	17.8235	15.13547	21.91	42.19	1.1	0.715674	15.7982	1.29976	803.08	1.04379	3.26	0
2634	11:58:05.04	17.8205	15.13624	21.91	42.19	1.1	0.715710	15.7984	1.29972	803.06	1.04375	3.26	0
2635	11:58:05.34	17.8205	15.13624	21.91	42.19	1.1	0.715710	15.7986	1.29972	803.06	1.04376	3.26	0
2636	11:58:05.64	17.8170	15.13722	21.91	42.19	1.1	0.715758	15.7986	1.29968	803.04	1.04369	3.26	0
2637	11:58:05.94	17.8180	15.13701	21.91	42.19	1.1	0.715746	15.7994	1.29972	803.06	1.04376	3.26	0
2638	11:58:06.24	17.8155	15.13757	21.91	42.26	1.1	0.715776	15.7999	1.29972	803.06	1.04375	3.26	0
2639	11:58:06.54	17.8110	15.13876	21.91	42.26	1.1	0.715830	15.8016	1.29972	803.08	1.04378	3.26	0
2640	11:58:06.84	17.8145	15.13785	21.91	42.19	1.1	0.715788	15.8011	1.29976	803.08	1.04381	3.26	0
2641	11:58:07.14	17.8140	15.13799	21.91	42.19	1.1	0.715788	15.8010	1.29976	803.08	1.04380	3.26	0
2642	11:58:07.44	17.8110	15.13876	21.91	42.19	1.1	0.715830	15.8012	1.29972	803.06	1.04376	3.26	0
2643	11:58:07.74	17.8105	15.13890	21.91	42.19	1.1	0.715836	15.8014	1.29972	803.06	1.04376	3.26	0
2644	11:58:08.04	17.8080	15.13953	21.91	42.26	1.1	0.715866	15.8021	1.29972	803.06	1.04377	3.26	0
2645	11:58:08.34	17.8080	15.13946	21.91	42.26	1.1	0.715866	15.8019	1.29972	803.06	1.04375	3.26	0
2646	11:58:08.64	17.8065	15.14009	21.91	42.19	1.1	0.715890	15.8024	1.29968	803.06	1.04375	3.26	0
2647	11:58:08.94	17.8065	15.14002	21.91	42.19	1.1	0.715884	15.8022	1.29972	803.06	1.04374	3.26	0
2648	11:58:09.24	17.8045	15.14058	21.91	42.19	1.1	0.715914	15.8027	1.29972	803.06	1.04373	3.26	0
2649	11:58:09.54	17.8070	15.13981	21.91	42.19	1.1	0.715878	15.8029	1.29976	803.08	1.04380	3.26	0
2650	11:58:09.84	17.8030	15.14093	21.91	42.19	1.1	0.715932	15.8035	1.29972	803.06	1.04377	3.26	0
2651	11:58:10.14	17.8010	15.14149	21.91	42.19	1.1	0.715956	15.8033	1.29968	803.04	1.04371	3.26	0
2652	11:58:10.44	17.8025	15.14100	21.91	42.26	1.1	0.715938	15.8044	1.29976	803.08	1.04381	3.26	0
2653	11:58:10.74	17.8050	15.14037	21.91	42.26	1.1	0.715908	15.8033	1.29972	803.08	1.04378	3.26	0
2654	11:58:11.04	17.8050	15.14037	21.91	42.19	1.1	0.715902	15.8029	1.29972	803.06	1.04376	3.26	0
2655	11:58:11.34	17.8050	15.14037	21.91	42.19	1.1	0.715902	15.8034	1.29976	803.08	1.04379	3.26	0
2656	11:58:11.64	17.8025	15.14107	21.91	42.19	1.1	0.715938	15.8035	1.29972	803.06	1.04375	3.26	0
2657	11:58:11.94	17.8060	15.14009	21.91	42.19	1.1	0.715890	15.8033	1.29976	803.08	1.04381	3.26	0
2658	11:58:12.24	17.8015	15.14128	21.91	42.26	1.1	0.715950	15.8041	1.29972	803.08	1.04378	3.26	0
2659	11:58:12.54	17.8060	15.14009	21.91	42.26	1.1	0.715896	15.8028	1.29972	803.08	1.04377	3.26	0
2660	11:58:12.84	17.8090	15.13932	21.91	42.26	1.1	0.715860	15.8026	1.29976	803.08	1.04381	3.26	0
2661	11:58:13.14	17.8060	15.14009	21.91	42.26	1.1	0.715896	15.8027	1.29972	803.06	1.04377	3.26	0
2662	11:58:13.44	17.8055	15.14023	21.91	42.26	1.1	0.715902	15.8029	1.29972	803.08	1.04377	3.26	0
2663	11:58:13.74	17.8060	15.14009	21.91	42.26	1.1	0.715890	15.8028	1.29972	803.08	1.04378	3.26	0
2664	11:58:14.04	17.8060	15.14009	21.91	42.26	1.1	0.715896	15.8027	1.29972	803.06	1.04377	3.26	0
2665	11:58:14.34	17.8035	15.14072	21.91	42.26	1.1	0.715926	15.8029	1.29972	803.06	1.04374	3.26	0
2666	11:58:14.67	17.8020	15.14128	21.91	42.19	1.1	0.715944	15.8040	1.29972	803.06	1.04377	3.26	0
2667	11:58:14.94	17.8075	15.13981	21.91	42.19	1.1	0.715878	15.8033	1.29976	803.08	1.04383	3.26	0
2668	11:58:15.24	17.8045	15.14065	21.91	42.19	1.1	0.715914	15.8033	1.29972	803.06	1.04377	3.26	0
2669	11:58:15.54	17.8015	15.14142	21.91	42.19	1.1	0.715956	15.8042	1.29972	803.08	1.04378	3.26	0
2670	11:58:15.84	17.7995	15.14191	21.91	42.26	1.1	0.715980	15.8038	1.29968	803.06	1.04371	3.26	0
2671	11:58:16.14	17.8010	15.14142	21.91	42.26	1.1	0.715956	15.8035	1.29972	803.04	1.04373	3.26	0
2672	11:58:16.44	17.8015	15.14128	21.91	42.26	1.1	0.715950	15.8041	1.29972	803.08	1.04378	3.26	0
2673	11:58:16.74	17.8000	15.14170	21.91	42.26	1.1	0.715974	15.8038	1.29972	803.06	1.04373	3.26	0
2674	11:58:17.04	17.8035	15.14072	21.91	42.26	1.1	0.715926	15.8036	1.29972	803.06	1.04378	3.26	0
2675	11:58:17.34	17.8025	15.14107	21.91	42.26	1.1	0.715938	15.8033	1.29972	803.06	1.04374	3.26	0
2676	11:58:17.64	17.8015	15.14142	21.91	42.19	1.1	0.715956	15.8039	1.29972	803.06	1.04375	3.26	0
2677	11:58:17.94	17.8015	15.14128	21.91	42.19	1.1	0.715950	15.8038	1.29972	803.06	1.04375	3.26	0
2678	11:58:18.24	17.8010	15.14135	21.91	42.26	1.1	0.715956	15.8038	1.29972	803.06	1.04375	3.26	0
2679	11:58:18.54	17.8015	15.14135	21.91	42.26	1.1	0.715956	15.8038	1.29972	803.06	1.04375	3.26	0
2680	11:58:18.84	17.8025	15.14107	21.91	42.26	1.1	0.715938	15.8038	1.29972	803.08	1.04377	3.26	0
2681	11:58:19.14	17.8000	15.14177	21.91	42.26	1.1	0.715974	15.8042	1.29972	803.06	1.04375	3.26	0
2682	11:58:19.44	17.8010	15.14135	21.91	42.26	1.1	0.715956	15.8030	1.29968	803.04	1.04370	3.26	0
2683	11:58:19.74	17.8035	15.14079	21.91	42.26	1.1	0.715926	15.8030	1.29972	803.06	1.04374	3.26	0
2684	11:58:20.04	17.8035	15.14079	21.91	42.26	1.1	0.715926	15.8031	1.29972	803.06	1.04375	3.26	0
2685	11:58:20.34	17.8045	15.14058	21.91	42.26	1.1	0.715914	15.8031	1.29972	803.06	1.04376	3.26	0
2686	11:58:20.64	17.8040	15.14058	21.91	42.26	1.1	0.715914	15.8024	1.29972	803.04	1.04371	3.26	0
2687	11:58:20.94	17.8035	15.14072	21.91	42.26	1.1	0.715926	15.8026	1.29972	803.04	1.04372	3.26	0
2688	11:58:21.24	17.8035	15.14079	21.91	42.26	1.1	0.715926	15.8021	1.29968	803.02	1.04368	3.26	0
2689	11:58:21.54	17.8045	15.14044	21.91	42.26	1.1	0.715908	15.8033	1.29972	803.08	1.04378	3.26	0
2690	11:58:21.84	17.8025	15.14100	21.91	42.26	1.1	0.715938	15.8029	1.29968	803.06	1.04372	3.26	0
2691	11:58:22.14	17.8050	15.14037	21.91	42.26	1.1	0.715908	15.8033	1.29976	803.08	1.04379	3.26	0
2692	11:58:22.44	17.8035	15.14072	21.91	42.26	1.1	0.715926	15.8028	1.29972	803.06	1.04373	3.26	0
2693	11:58:22.74	17.8055	15.14023	21.91	42.26	1.1	0.715902	15.8025	1.29972	803.06	1.04374	3.26	0
2694	11:58:23.04	17.8065	15.13995	21.91	42.26	1.1	0.715884	15.8024	1.29972	803.06	1.04376	3.26	0
2695	11:58:23.34	17.8025	15.14107	21.91	42.26	1.1	0.715938	15.8038	1.29972	803.06	1.04377	3.26	0
2696	11:58:23.64	17.8010	15.14142	21.91	42.26	1.1	0.715956	15.8034	1.29968	803.04	1.04372	3.26	0
2697	11:58:23.94	17.8005	15.14156	21.91	42.26	1.1	0.715962	15.8043	1.29976	803.06	1.04377	3.26	0
2698	11:58:24.24	17.7990	15.14198	21.91	42.26	1.1	0.715986	15.8045	1.29972	803.06	1.04375	3.26	0
2699	11:58:24.54	17.7965	15.14261	21.91	42.26	1.1	0.716010	15.8049	1.29972	803.06	1.04374	3.26	0
2700	11:58:24.84	17.7960	15.14282	21.91	42.19	1.1	0.716022	15.8052	1.29972	803.06	1.04374	3.26	0
2701	11:58:25.14	17.7940	15.14345	21.91	42.19	1.1	0.716046	15.8055	1.29968	803.06	1.04372	3.26	0
2702	11:58:25.44	17.7955	15.14289	21.91	42.26	1.1	0.716028	15.8052	1.29972	803.04	1.04374	3.26	0
2703	11:58:25.74	17.7955	15.14289	21.91	42.26	1.1	0.716028	15.8058	1.29976	803.06	1.04378	3.26	0
2704	11:58:26.04	17.7945	15.14331	21.91	42.19	1.1	0.716040	15.8054	1.29968	803.06	1.04372	3.26	0
2705	11:58:26.34	17.7960	15.14282	21.91	42.19	1.1	0.716022	15.8052	1.29972	803.06	1.04374	3.26	0
2706	11:58:26.64	17.7945	15.14317	21.91	42.26	1.1	0.716040	15.8052	1.29968	803.06	1.04372	3.26	0
2707	11:58:26.94	17.7990	15.14198	21.91	42.26	1.1	0.715986	15.8045	1.29972	803.06	1.04375	3.26	0
2708	11:58:27.24	17.8035	15.14086	21.91	42.19	1.1	0.715926	15.8034	1.29972	803.06	1.04376	3.26	0
2709	11:58:27.54	17.8010	15.14156	21.90	42.19	1.1	0.715956	15.8035	1.29972	803.04	1.04372	3.26	0
2710	11:58:27.84	17.8005	15.14163	21.90	42.26	1.1	0.715968	15.8043	1.29972	803.06	1.04376	3.26	0
2711	11:58:28.14	17.7995	15.14191	21.91	42.26	1.1	0.715980	15.8040	1.29972	803.04	1.04373	3.26	0
2712	11:58:28.44	17.8000	15.14170	21.91	42.26	1.1	0.715968	15.8042	1.29972	803.06	1.04375	3.26	0
2713	11:58:28.74	17.7970	15.14261	21.91	42.26	1.1	0.716010	15.8049	1.29972	803.06	1.04374	3.26	0
2714	11:58:29.04	17.7950	15.14310	21.91	42.26	1.1	0.716034	15.8055	1.29972	803.06	1.04374	3.26	0
2715	11:58:29.34	17.7960	15.14282	21.91	42.26	1.1	0.716022	15.8058	1.29976	803.06	1.04378	3.26	0
2716	11:58:29.64	17.7945	15.14324	21.91	42.26	1.1	0.716040	15.8063	1.29976	803.08	1.04379	3.26	0
2717	11:58:29.94	17.7930	15.14366	21.91	42.26	1.1	0.716064	15.8063	1.29972	803.06	1.04375	3.26	0
2718	11:58:30.24	17.7940	15.14331	21.91	42.26	1.1	0.716046	15.8056	1.29972	803.06	1.04374	3.26	0
2719	11:58:30.54	17.7925	15.14373	21.91	42.26	1.1	0.716064	15.8056	1.29968	803.04	1.04371	3.26	0
2720	11:58:30.84	17.7935	15.14352	21.91	42.19	1.1	0.716052	15.8059	1.29972	803.06	1.04374	3.26	0
2721	11:58:31.14	17.7955	15.14296	21.91	42.19	1.1	0.716028	15.8054	1.29972	803.06	1.04375	3.26	0
2722	11:58:31.44	17.7945	15.14331	21.91	42.19	1.1	0.716046	15.8056	1.29972	803.06	1.04373	3.26	0
2723	11:58:31.74	17.7965	15.14275	21.91	42.19	1.1	0.716016	15.8057	1.29972	803.08	1.04378	3.26	0
2724	11:58:32.04	17.7950	15.14310	21.91	42.26	1.1	0.716034	15.8059	1.29972	803.06	1.04377	3.26	0
2725	11:58:32.34	17.7935	15.14345	21.90	42.26	1.1	0.716052	15.8061	1.29972	803.06	1.04375	3.26	0
2726	11:58:32.64	17.7915	15.14401	21.90	42.26	1.1	0.716076	15.8064	1.29972	803.06	1.04374	3.26	0
2727	11:58:32.94	17.7890	15.14464	21.91	42.26	1.1	0.716106	15.8070	1.29972	803.06	1.04374	3.26	0
2728	11:58:33.24	17.7875	15.14513	21.91	42.19	1.1	0.716130	15.8073	1.29972	803.04	1.04372	3.26	0
2729	11:58:33.54	17.7875	15.14513	21.91	42.19	1.1	0.716130	15.8078	1.29972	803.06	1.04376	3.26	0
2730	11:58:33.87	17.7875	15.14506	21.91	42.26	1.1	0.716130	15.8077	1.29972	803.06	1.04375	3.26	0
2731	11:58:34.14	17.7865	15.14534	21.91	42.26	1.1	0.716142	15.8073	1.29968	803.04	1.04371	3.26	0
2732	11:58:34.44	17.7845	15.14583	21.91	42.26	1.1	0.716166	15.8087	1.29972	803.08	1.04377	3.26	0
2733	11:58:34.74	17.7855	15.14562	21.91	42.26	1.1	0.716154	15.8080	1.29972	803.06	1.04374	3.26	0
2734	11:58:35.04	17.7810	15.14681	21.91	42.26	1.1	0.716208	15.8090	1.29968	803.04	1.04372	3.26	0
2735	11:58:35.34	17.7820	15.14660	21.91	42.26	1.1	0.716202	15.8089	1.29972	803.06	1.04372	3.26	0
2736	11:58:35.64	17.7850	15.14576	21.91	42.26	1.1	0.716160	15.8088	1.29972	803.06	1.04378	3.26	0
2737	11:58:35.94	17.7820	15.14653	21.91	42.26	1.1	0.716202	15.8091	1.29972	803.06	1.04374	3.26	0
2738	11:58:36.24	17.7845	15.14590	21.91	42.26	1.1	0.716172	15.8087	1.29972	803.08	1.04377	3.26	0
2739	11:58:36.54	17.7855	15.14555	21.91	42.26	1.1	0.716154	15.8085	1.29972	803.08	1.04377	3.26	0
2740	11:58:36.84	17.7830	15.14625	21.91	42.26	1.1	0.716184	15.8089	1.29972	803.06	1.04375	3.26	0
2741	11:58:37.14	17.7805	15.14695	21.91	42.26	1.1	0.716220	15.8098	1.29972	803.08	1.04377	3.26	0
2742	11:58:37.44	17.7795	15.14716	21.91	42.26	1.1	0.716226	15.8098	1.29972	803.06	1.04375	3.26	0
2743	11:58:37.74	17.7780	15.14758	21.91	42.26	1.1	0.716244	15.8103	1.29972	803.06	1.04375	3.26	0
2744	11:58:38.04	17.7760	15.14814	21.91	42.26	1.1	0.716274	15.8110	1.29972	803.06	1.04375	3.26	0
2745	11:58:38.34	17.7780	15.14765	21.91	42.26	1.1	0.716250	15.8107	1.29972	803.08	1.04377	3.26	0
2746	11:58:38.64	17.7765	15.14807	21.91	42.26	1.1	0.716274	15.8105	1.29968	803.06	1.04372	3.26	0
2747	11:58:38.94	17.7745	15.14863	21.91	42.26	1.1	0.716298	15.8105	1.29968	803.04	1.04369	3.26	0
2748	11:58:39.24	17.7720	15.14926	21.91	42.26	1.1	0.716328	15.8115	1.29968	803.04	1.04371	3.26	0
2749	11:58:39.54	17.7750	15.14842	21.91	42.26	1.1	0.716286	15.8103	1.29968	803.04	1.04370	3.26	0
2750	11:58:39.84	17.7775	15.14779	21.91	42.26	1.1	0.716256	15.8100	1.29968	803.04	1.04372	3.26	0
2751	11:58:40.14	17.7815	15.14667	21.91	42.26	1.1	0.716208	15.8091	1.29972	803.04	1.04374	3.26	0
2752	11:58:40.44	17.7810	15.14674	21.91	42.26	1.1	0.716208	15.8090	1.29968	803.06	1.04372	3.26	0
2753	11:58:40.74	17.7790	15.14737	21.91	42.26	1.1	0.716238	15.8096	1.29972	803.04	1.04372	3.26	0
2754	11:58:41.04	17.7785	15.14751	21.91	42.26	1.1	0.716244	15.8094	1.29968	803.04	1.04369	3.26	0
2755	11:58:41.34	17.7785	15.14744	21.91	42.26	1.1	0.716238	15.8099	1.29968	803.06	1.04374	3.26	0
2756	11:58:41.64	17.7795	15.14716	21.91	42.26	1.1	0.716226	15.8096	1.29968	803.06	1.04373	3.26	0
2757	11:58:41.94	17.7795	15.14716	21.91	42.26	1.1	0.716226	15.8100	1.29972	803.06	1.04376	3.26	0
2758	11:58:42.24	17.7790	15.14737	21.91	42.26	1.1	0.716238	15.8098	1.29972	803.06	1.04374	3.26	0
2759	11:58:42.54	17.7750	15.14849	21.91	42.26	1.1	0.716292	15.8101	1.29968	803.04	1.04368	3.26	0
2760	11:58:42.84	17.7750	15.14849	21.91	42.26	1.1	0.716292	15.8107	1.29968	803.04	1.04372	3.26	0
2761	11:58:43.14	17.7770	15.14786	21.91	42.26	1.1	0.716262	15.8096	1.29968	803.04	1.04368	3.26	0
2762	11:58:43.44	17.7795	15.14723	21.91	42.26	1.1	0.716232	15.8097	1.29972	803.06	1.04374	3.26	0
2763	11:58:43.74	17.7785	15.14744	21.91	42.26	1.1	0.716244	15.8104	1.29972	803.06	1.04377	3.26	0
2764	11:58:44.04	17.7765	15.14800	21.91	42.26	1.1	0.716268	15.8098	1.29968	803.04	1.04369	3.26	0
2765	11:58:44.34	17.7765	15.14807	21.91	42.26	1.1	0.716268	15.8103	1.29968	803.04	1.04372	3.26	0
2766	11:58:44.64	17.7775	15.14779	21.91	42.26	1.1	0.716256	15.8102	1.29972	803.06	1.04373	3.26	0
2767	11:58:44.94	17.7770	15.14786	21.91	42.26	1.1	0.716262	15.8102	1.29972	803.04	1.04372	3.26	0
2768	11:58:45.24	17.7800	15.14716	21.91	42.26	1.1	0.716226	15.8091	1.29968	803.04	1.04370	3.26	0
2769	11:58:45.54	17.7805	15.14702	21.91	42.26	1.1	0.716220	15.8097	1.29972	803.06	1.04375	3.26	0
2770	11:58:45.84	17.7790	15.14737	21.91	42.26	1.1	0.716238	15.8095	1.29968	803.06	1.04371	3.26	0
2771	11:58:46.14	17.7780	15.14758	21.91	42.26	1.1	0.716250	15.8099	1.29972	803.06	1.04372	3.26	0
2772	11:58:46.44	17.7760	15.14814	21.91	42.26	1.1	0.716274	15.8103	1.29968	803.04	1.04371	3.26	0
2773	11:58:46.74	17.7785	15.14751	21.91	42.26	1.1	0.716244	15.8108	1.29972	803.08	1.04378	3.26	0
2774	11:58:47.04	17.7775	15.14779	21.91	42.26	1.1	0.716256	15.8105	1.29972	803.06	1.04375	3.26	0
2775	11:58:47.34	17.7790	15.14730	21.91	42.26	1.1	0.716238	15.8106	1.29976	803.08	1.04379	3.26	0
2776	11:58:47.64	17.7795	15.14723	21.91	42.26	1.1	0.716232	15.8105	1.29976	803.06	1.04379	3.26	0
2777	11:58:47.94	17.7780	15.14758	21.91	42.26	1.1	0.716250	15.8103	1.29972	803.06	1.04375	3.26	0
2778	11:58:48.24	17.7785	15.14744	21.91	42.26	1.1	0.716244	15.8103	1.29972	803.06	1.04375	3.26	0
2779	11:58:48.54	17.7785	15.14751	21.91	42.26	1.1	0.716244	15.8108	1.29976	803.06	1.04379	3.26	0
2780	11:58:48.84	17.7745	15.14863	21.91	42.26	1.1	0.716298	15.8109	1.29972	803.04	1.04372	3.26	0
2781	11:58:49.14	17.7750	15.14842	21.91	42.26	1.1	0.716286	15.8112	1.29972	803.06	1.04375	3.26	0
2782	11:58:49.44	17.7725	15.14912	21.91	42.26	1.1	0.716322	15.8115	1.29972	803.04	1.04372	3.26	0
2783	11:58:49.74	17.7710	15.14947	21.91	42.26	1.1	0.716334	15.8120	1.29972	803.06	1.04374	3.26	0
2784	11:58:50.04	17.7725	15.14919	21.91	42.26	1.1	0.716322	15.8119	1.29972	803.06	1.04375	3.26	0
2785	11:58:50.34	17.7720	15.14926	21.91	42.26	1.1	0.716328	15.8122	1.29972	803.06	1.04376	3.26	0
2786	11:58:50.64	17.7725	15.14912	21.91	42.26	1.1	0.716322	15.8121	1.29972	803.06	1.04377	3.26	0
2787	11:58:50.94	17.7720	15.14926	21.91	42.26	1.1	0.716328	15.8120	1.29972	803.06	1.04375	3.26	0
2788	11:58:51.24	17.7715	15.14940	21.91	42.26	1.1	0.716334	15.8126	1.29972	803.08	1.04378	3.26	0
2789	11:58:51.54	17.7725	15.14912	21.91	42.26	1.1	0.716322	15.8121	1.29972	803.08	1.04377	3.26	0
2790	11:58:51.84	17.7700	15.14982	21.91	42.26	1.1	0.716352	15.8122	1.29972	803.04	1.04372	3.26	0
2791	11:58:52.14	17.7720	15.14919	21.91	42.26	1.1	0.716322	15.8122	1.29972	803.06	1.04377	3.26	0
2792	11:58:52.44	17.7695	15.14989	21.91	42.26	1.1	0.716358	15.8124	1.29972	803.06	1.04373	3.26	0
2793	11:58:52.74	17.7715	15.14940	21.91	42.26	1.1	0.716334	15.8120	1.29972	803.06	1.04374	3.26	0
2794	11:58:53.04	17.7710	15.14947	21.91	42.26	1.1	0.716340	15.8123	1.29972	803.06	1.04375	3.26	0
2795	11:58:53.34	17.7740	15.14877	21.91	42.26	1.1	0.716304	15.8119	1.29976	803.06	1.04378	3.26	0
2796	11:58:53.64	17.7755	15.14828	21.91	42.26	1.1	0.716280	15.8110	1.29972	803.06	1.04375	3.26	0
2797	11:58:53.94	17.7765	15.14800	21.91	42.26	1.1	0.716268	15.8113	1.29972	803.08	1.04379	3.26	0
2798	11:58:54.24	17.7755	15.14828	21.91	42.26	1.1	0.716280	15.8111	1.29972	803.06	1.04375	3.26	0
2799	11:58:54.54	17.7750	15.14849	21.91	42.26	1.1	0.716292	15.8110	1.29972	803.06	1.04374	3.26	0
2800	11:58:54.84	17.7760	15.14814	21.91	42.26	1.1	0.716274	15.8112	1.29972	803.08	1.04377	3.26	0
2801	11:58:55.14	17.7725	15.14905	21.91	42.26	1.1	0.716316	15.8116	1.29972	803.04	1.04374	3.26	0
2802	11:58:55.44	17.7760	15.14807	21.91	42.26	1.1	0.716274	15.8109	1.29972	803.06	1.04375	3.26	0
2803	11:58:55.74	17.7740	15.14870	21.91	42.26	1.1	0.716298	15.8111	1.29972	803.06	1.04373	3.26	0
2804	11:58:56.04	17.7695	15.14982	21.91	42.26	1.1	0.716358	15.8122	1.29972	803.04	1.04372	3.26	0
2805	11:58:56.34	17.7720	15.14933	21.90	42.26	1.1	0.716328	15.8119	1.29972	803.06	1.04374	3.26	0
2806	11:58:56.64	17.7710	15.14954	21.90	42.26	1.1	0.716340	15.8122	1.29972	803.06	1.04374	3.26	0
2807	11:58:56.94	17.7690	15.14996	21.91	42.26	1.1	0.716364	15.8122	1.29968	803.04	1.04371	3.26	0
2808	11:58:57.24	17.7640	15.15143	21.91	42.26	1.1	0.716430	15.8136	1.29968	803.04	1.04370	3.26	0
2809	11:58:57.54	17.7690	15.15003	21.91	42.26	1.1	0.716364	15.8133	1.29972	803.06	1.04378	3.26	0
2810	11:58:57.84	17.7655	15.15101	21.91	42.26	1.1	0.716412	15.8134	1.29968	803.06	1.04372	3.26	0
2811	11:58:58.14	17.7695	15.14996	21.90	42.26	1.1	0.716358	15.8133	1.29972	803.08	1.04379	3.26	0
2812	11:58:58.44	17.7660	15.15094	21.90	42.26	1.1	0.716400	15.8133	1.29968	803.04	1.04372	3.26	0
2813	11:58:58.74	17.7675	15.15052	21.90	42.26	1.1	0.716382	15.8131	1.29968	803.06	1.04374	3.26	0
2814	11:58:59.04	17.7665	15.15080	21.90	42.26	1.1	0.716400	15.8137	1.29972	803.06	1.04375	3.26	0
2815	11:58:59.34	17.7640	15.15143	21.90	42.26	1.1	0.716424	15.8143	1.29972	803.06	1.04375	3.26	0
2816	11:58:59.64	17.7625	15.15192	21.90	42.26	1.1	0.716448	15.8147	1.29972	803.06	1.04375	3.26	0
2817	11:58:59.94	17.7620	15.15192	21.91	42.26	1.1	0.716454	15.8144	1.29972	803.04	1.04372	3.26	0
2818	11:59:00.24	17.7610	15.15213	21.91	42.26	1.1	0.716466	15.8140	1.29968	803.04	1.04369	3.26	0
2819	11:59:00.54	17.7620	15.15199	21.91	42.26	1.1	0.716454	15.8152	1.29972	803.06	1.04377	3.26	0
2820	11:59:00.84	17.7610	15.15220	21.91	42.26	1.1	0.716466	15.8154	1.29972	803.06	1.04377	3.26	0
2821	11:59:01.14	17.7610	15.15220	21.90	42.26	1.1	0.716466	15.8149	1.29972	803.06	1.04374	3.26	0
2822	11:59:01.44	17.7615	15.15206	21.90	42.26	1.1	0.716460	15.8153	1.29972	803.06	1.04377	3.26	0
2823	11:59:01.74	17.7590	15.15283	21.90	42.26	1.1	0.716496	15.8157	1.29972	803.06	1.04375	3.26	0
2824	11:59:02.04	17.7595	15.15262	21.90	42.26	1.1	0.716484	15.8153	1.29972	803.04	1.04374	3.26	0
2825	11:59:02.34	17.7645	15.15129	21.91	42.26	1.1	0.716424	15.8142	1.29972	803.06	1.04375	3.26	0
2826	11:59:02.64	17.7625	15.15178	21.91	42.26	1.1	0.716448	15.8144	1.29972	803.06	1.04374	3.26	0
2827	11:59:02.94	17.7665	15.15073	21.90	42.26	1.1	0.716394	15.8135	1.29972	803.06	1.04374	3.26	0
2828	11:59:03.24	17.7655	15.15101	21.90	42.26	1.1	0.716406	15.8133	1.29968	803.04	1.04371	3.26	0
2829	11:59:03.54	17.7630	15.15178	21.90	42.26	1.1	0.716442	15.8142	1.29968	803.06	1.04372	3.26	0
2830	11:59:03.84	17.7655	15.15108	21.90	42.26	1.1	0.716412	15.8138	1.29972	803.06	1.04374	3.26	0
2831	11:59:04.14	17.7640	15.15150	21.90	42.26	1.1	0.716430	15.8142	1.29972	803.06	1.04374	3.26	0
2832	11:59:04.44	17.7665	15.15080	21.90	42.26	1.1	0.716394	15.8140	1.29972	803.08	1.04378	3.26	0
2833	11:59:04.74	17.7630	15.15171	21.90	42.26	1.1	0.716442	15.8142	1.29968	803.04	1.04372	3.26	0
2834	11:59:05.04	17.7670	15.15066	21.90	42.26	1.1	0.716388	15.8135	1.29972	803.06	1.04375	3.26	0
2835	11:59:05.34	17.7695	15.15003	21.90	42.26	1.1	0.716358	15.8126	1.29972	803.04	1.04374	3.26	0
2836	11:59:05.64	17.7725	15.14919	21.90	42.26	1.1	0.716322	15.8126	1.29972	803.08	1.04379	3.26	0
2837	11:59:05.94	17.7705	15.14968	21.90	42.26	1.1	0.716346	15.8120	1.29968	803.06	1.04372	3.26	0
2838	11:59:06.24	17.7695	15.15003	21.90	42.26	1.1	0.716358	15.8129	1.29972	803.06	1.04375	3.26	0
2839	11:59:06.54	17.7685	15.15017	21.90	42.26	1.1	0.716370	15.8133	1.29972	803.06	1.04377	3.26	0
2840	11:59:06.84	17.7670	15.15059	21.90	42.26	1.1	0.716388	15.8140	1.29972	803.08	1.04378	3.26	0
2841	11:59:07.14	17.7645	15.15136	21.90	42.26	1.1	0.716424	15.8143	1.29972	803.06	1.04375	3.26	0
2842	11:59:07.44	17.7635	15.15157	21.90	42.26	1.1	0.716436	15.8149	1.29972	803.08	1.04378	3.26	0
2843	11:59:07.74	17.7600	15.15255	21.90	42.26	1.1	0.716478	15.8155	1.29972	803.06	1.04375	3.26	0
2844	11:59:08.04	17.7595	15.15269	21.90	42.26	1.1	0.716484	15.8154	1.29972	803.04	1.04374	3.26	0
2845	11:59:08.34	17.7620	15.15192	21.90	42.26	1.1	0.716454	15.8156	1.29976	803.08	1.04380	3.26	0
2846	11:59:08.64	17.7575	15.15318	21.90	42.26	1.1	0.716508	15.8161	1.29972	803.06	1.04375	3.26	0
2847	11:59:08.94	17.7575	15.15318	21.90	42.26	1.1	0.716508	15.8158	1.29968	803.06	1.04373	3.26	0
2848	11:59:09.24	17.7590	15.15283	21.90	42.26	1.1	0.716490	15.8163	1.29972	803.08	1.04378	3.26	0
2849	11:59:09.54	17.7580	15.15311	21.90	42.26	1.1	0.716508	15.8159	1.29972	803.04	1.04374	3.26	0
2850	11:59:09.84	17.7550	15.15388	21.90	42.26	1.1	0.716544	15.8158	1.29968	803.04	1.04368	3.26	0
2851	11:59:10.14	17.7565	15.15353	21.90	42.26	1.1	0.716526	15.8161	1.29972	803.06	1.04373	3.26	0
2852	11:59:10.44	17.7540	15.15416	21.90	42.26	1.1	0.716556	15.8168	1.29972	803.04	1.04372	3.26	0
2853	11:59:10.74	17.7525	15.15458	21.90	42.26	1.1	0.716574	15.8173	1.29972	803.06	1.04373	3.26	0
2854	11:59:11.04	17.7510	15.15486	21.90	42.26	1.1	0.716592	15.8184	1.29972	803.08	1.04378	3.26	0
2855	11:59:11.34	17.7525	15.15451	21.90	42.26	1.1	0.716574	15.8178	1.29972	803.06	1.04377	3.26	0
2856	11:59:11.64	17.7495	15.15535	21.90	42.26	1.1	0.716610	15.8185	1.29972	803.06	1.04375	3.26	0
2857	11:59:11.94	17.7515	15.15486	21.90	42.26	1.1	0.716592	15.8180	1.29972	803.06	1.04375	3.26	0
2858	11:59:12.24	17.7495	15.15535	21.90	42.26	1.1	0.716610	15.8181	1.29972	803.06	1.04374	3.26	0
2859	11:59:12.54	17.7490	15.15542	21.90	42.26	1.1	0.716616	15.8183	1.29972	803.06	1.04374	3.26	0
2860	11:59:12.84	17.7535	15.15430	21.90	42.26	1.1	0.716562	15.8169	1.29972	803.04	1.04372	3.26	0
2861	11:59:13.14	17.7565	15.15346	21.90	42.26	1.1	0.716520	15.8168	1.29972	803.06	1.04377	3.26	0
2862	11:59:13.44	17.7555	15.15374	21.90	42.26	1.1	0.716538	15.8166	1.29972	803.06	1.04374	3.26	0
2863	11:59:13.74	17.7565	15.15346	21.90	42.26	1.1	0.716526	15.8170	1.29972	803.08	1.04378	3.26	0
2864	11:59:14.04	17.7545	15.15402	21.90	42.26	1.1	0.716550	15.8166	1.29972	803.06	1.04373	3.26	0
2865	11:59:14.34	17.7560	15.15360	21.90	42.26	1.1	0.716526	15.8164	1.29972	803.06	1.04374	3.26	0
2866	11:59:14.64	17.7550	15.15395	21.90	42.26	1.1	0.716544	15.8170	1.29972	803.06	1.04375	3.26	0
2867	11:59:14.94	17.7570	15.15339	21.90	42.26	1.1	0.716520	15.8166	1.29972	803.06	1.04377	3.26	0
2868	11:59:15.24	17.7555	15.15374	21.90	42.26	1.1	0.716538	15.8162	1.29968	803.04	1.04372	3.26	0
2869	11:59:15.54	17.7565	15.15339	21.90	42.26	1.1	0.716520	15.8164	1.29972	803.06	1.04375	3.26	0
2870	11:59:15.84	17.7545	15.15402	21.90	42.26	1.1	0.716550	15.8164	1.29968	803.04	1.04371	3.26	0
2871	11:59:16.14	17.7535	15.15430	21.90	42.26	1.1	0.716562	15.8167	1.29968	803.04	1.04371	3.26	0
2872	11:59:16.44	17.7560	15.15367	21.90	42.26	1.1	0.716532	15.8165	1.29972	803.06	1.04374	3.26	0
2873	11:59:16.74	17.7550	15.15388	21.90	42.26	1.1	0.716544	15.8167	1.29968	803.06	1.04374	3.26	0
2874	11:59:17.04	17.7545	15.15395	21.90	42.26	1.1	0.716550	15.8167	1.29972	803.06	1.04374	3.26	0
2875	11:59:17.34	17.7560	15.15367	21.90	42.26	1.1	0.716532	15.8167	1.29972	803.06	1.04375	3.26	0
2876	11:59:17.64	17.7540	15.15409	21.90	42.26	1.1	0.716556	15.8163	1.29968	803.04	1.04369	3.26	0
2877	11:59:17.94	17.7535	15.15430	21.90	42.26	1.1	0.716562	15.8170	1.29972	803.04	1.04373	3.26	0
2878	11:59:18.24	17.7525	15.15458	21.90	42.29	1.1	0.716574	15.8173	1.29972	803.06	1.04373	3.26	0
2879	11:59:18.54	17.7505	15.15507	21.90	42.29	1.1	0.716598	15.8179	1.29972	803.06	1.04374	3.26	0
2880	11:59:18.84	17.7480	15.15570	21.90	42.26	1.1	0.716628	15.8187	1.29972	803.06	1.04374	3.26	0
2881	11:59:19.14	17.7480	15.15577	21.90	42.26	1.1	0.716634	15.8193	1.29972	803.08	1.04378	3.26	0
2882	11:59:19.44	17.7435	15.15703	21.90	42.26	1.1	0.716694	15.8196	1.29968	803.04	1.04371	3.26	0
2883	11:59:19.74	17.7455	15.15647	21.90	42.26	1.1	0.716664	15.8199	1.29972	803.06	1.04377	3.26	0
2884	11:59:20.04	17.7465	15.15619	21.90	42.26	1.1	0.716652	15.8196	1.29972	803.06	1.04377	3.26	0
2885	11:59:20.34	17.7445	15.15668	21.90	42.26	1.1	0.716676	15.8194	1.29972	803.04	1.04372	3.26	0
2886	11:59:20.64	17.7455	15.15640	21.90	42.26	1.1	0.716664	15.8193	1.29968	803.06	1.04374	3.26	0
2887	11:59:20.94	17.7465	15.15612	21.90	42.26	1.1	0.716646	15.8187	1.29968	803.06	1.04372	3.26	0
2888	11:59:21.24	17.7465	15.15612	21.90	42.29	1.1	0.716652	15.8181	1.29968	803.04	1.04368	3.26	0
2889	11:59:21.54	17.7465	15.15605	21.91	42.29	1.1	0.716652	15.8187	1.29972	803.04	1.04372	3.26	0
2890	11:59:21.84	17.7480	15.15577	21.91	42.29	1.1	0.716634	15.8192	1.29972	803.08	1.04377	3.26	0
2891	11:59:22.14	17.7455	15.15640	21.90	42.29	1.1	0.716664	15.8195	1.29972	803.06	1.04375	3.26	0
2892	11:59:22.44	17.7450	15.15661	21.90	42.26	1.1	0.716670	15.8200	1.29972	803.08	1.04377	3.26	0
2893	11:59:22.74	17.7410	15.15759	21.90	42.26	1.1	0.716718	15.8209	1.29972	803.06	1.04376	3.26	0
2894	11:59:23.04	17.7425	15.15731	21.90	42.29	1.1	0.716706	15.8205	1.29972	803.06	1.04375	3.26	0
2895	11:59:23.34	17.7410	15.15759	21.90	42.29	1.1	0.716718	15.8211	1.29972	803.08	1.04378	3.26	0
2896	11:59:23.64	17.7385	15.15822	21.90	42.29	1.1	0.716748	15.8213	1.29972	803.06	1.04374	3.26	0
2897	11:59:23.94	17.7420	15.15738	21.90	42.29	1.1	0.716706	15.8209	1.29972	803.06	1.04378	3.26	0
2898	11:59:24.24	17.7390	15.15822	21.90	42.26	1.1	0.716748	15.8213	1.29972	803.06	1.04374	3.26	0
2899	11:59:24.54	17.7395	15.15801	21.90	42.26	1.1	0.716736	15.8212	1.29972	803.06	1.04375	3.26	0
2900	11:59:24.84	17.7385	15.15829	21.90	42.26	1.1	0.716754	15.8215	1.29972	803.06	1.04375	3.26	0
2901	11:59:25.14	17.7375	15.15857	21.91	42.26	1.1	0.716766	15.8217	1.29968	803.06	1.04374	3.26	0
2902	11:59:25.44	17.7390	15.15815	21.91	42.29	1.1	0.716748	15.8206	1.29968	803.04	1.04371	3.26	0
2903	11:59:25.74	17.7390	15.15808	21.90	42.29	1.1	0.716742	15.8211	1.29972	803.06	1.04374	3.26	0
2904	11:59:26.04	17.7380	15.15843	21.90	42.29	1.1	0.716760	15.8213	1.29968	803.06	1.04372	3.26	0
2905	11:59:26.34	17.7365	15.15871	21.91	42.29	1.1	0.716778	15.8214	1.29968	803.06	1.04371	3.26	0
2906	11:59:26.64	17.7375	15.15850	21.91	42.26	1.1	0.716766	15.8213	1.29968	803.04	1.04372	3.26	0
2907	11:59:26.94	17.7365	15.15885	21.90	42.26	1.1	0.716778	15.8216	1.29972	803.04	1.04372	3.26	0
2908	11:59:27.24	17.7375	15.15857	21.90	42.26	1.1	0.716766	15.8225	1.29976	803.08	1.04380	3.26	0
2909	11:59:27.54	17.7360	15.15906	21.90	42.26	1.1	0.716790	15.8226	1.29972	803.08	1.04377	3.26	0
2910	11:59:27.84	17.7380	15.15836	21.90	42.29	1.1	0.716754	15.8215	1.29972	803.06	1.04375	3.26	0
2911	11:59:28.14	17.7355	15.15913	21.90	42.29	1.1	0.716790	15.8226	1.29972	803.06	1.04377	3.26	0
2912	11:59:28.44	17.7360	15.15899	21.90	42.29	1.1	0.716784	15.8222	1.29972	803.06	1.04375	3.26	0
2913	11:59:28.74	17.7360	15.15885	21.91	42.29	1.1	0.716784	15.8222	1.29972	803.06	1.04376	3.26	0
2914	11:59:29.04	17.7365	15.15885	21.91	42.26	1.1	0.716778	15.8217	1.29968	803.06	1.04373	3.26	0
2915	11:59:29.34	17.7365	15.15878	21.91	42.26	1.1	0.716778	15.8213	1.29968	803.04	1.04371	3.26	0
2916	11:59:29.64	17.7385	15.15822	21.91	42.29	1.1	0.716754	15.8216	1.29972	803.08	1.04377	3.26	0
2917	11:59:29.94	17.7395	15.15794	21.91	42.29	1.1	0.716736	15.8218	1.29976	803.08	1.04380	3.26	0
2918	11:59:30.24	17.7380	15.15836	21.91	42.26	1.1	0.716760	15.8215	1.29972	803.06	1.04375	3.26	0
2919	11:59:30.54	17.7360	15.15885	21.91	42.26	1.1	0.716784	15.8218	1.29972	803.04	1.04373	3.26	0
2920	11:59:30.84	17.7365	15.15878	21.91	42.29	1.1	0.716778	15.8215	1.29968	803.06	1.04372	3.26	0
2921	11:59:31.14	17.7375	15.15857	21.91	42.29	1.1	0.716766	15.8212	1.29968	803.04	1.04371	3.26	0
2922	11:59:31.44	17.7380	15.15836	21.91	42.26	1.1	0.716760	15.8213	1.29972	803.06	1.04374	3.26	0
2923	11:59:31.74	17.7400	15.15787	21.91	42.26	1.1	0.716736	15.8213	1.29972	803.06	1.04376	3.26	0
2924	11:59:32.04	17.7395	15.15787	21.91	42.29	1.1	0.716736	15.8208	1.29968	803.06	1.04373	3.26	0
2925	11:59:32.34	17.7400	15.15787	21.91	42.29	1.1	0.716736	15.8208	1.29972	803.06	1.04374	3.26	0
2926	11:59:32.64	17.7380	15.15836	21.91	42.29	1.1	0.716760	15.8212	1.29968	803.06	1.04373	3.26	0
2927	11:59:32.96	17.7395	15.15787	21.91	42.29	1.1	0.716736	15.8211	1.29972	803.06	1.04375	3.26	0
2928	11:59:33.24	17.7390	15.15808	21.91	42.29	1.1	0.716748	15.8206	1.29968	803.04	1.04371	3.26	0
2929	11:59:33.54	17.7410	15.15766	21.90	42.29	1.1	0.716724	15.8208	1.29972	803.06	1.04375	3.26	0
2930	11:59:33.84	17.7400	15.15780	21.90	42.29	1.1	0.716730	15.8208	1.29968	803.06	1.04374	3.26	0
2931	11:59:34.14	17.7395	15.15801	21.90	42.29	1.1	0.716742	15.8213	1.29972	803.06	1.04375	3.26	0
2932	11:59:34.44	17.7275	15.16123	21.90	42.26	1.1	0.716892	15.8252	1.29976	803.08	1.04380	3.26	0
2933	11:59:34.74	17.7155	15.16452	21.91	42.26	1.1	0.717048	15.8281	1.29972	803.08	1.04376	3.26	0
2934	11:59:35.04	17.7095	15.16613	21.91	42.26	1.1	0.717126	15.8294	1.29972	803.06	1.04373	3.26	0
2935	11:59:35.34	17.7110	15.16571	21.91	42.26	1.1	0.717102	15.8290	1.29968	803.06	1.04374	3.26	0
2936	11:59:35.64	17.7140	15.16487	21.91	42.29	1.1	0.717066	15.8288	1.29972	803.08	1.04378	3.26	0
2937	11:59:35.94	17.7100	15.16592	21.91	42.29	1.1	0.717120	15.8294	1.29972	803.06	1.04375	3.26	0
2938	11:59:36.24	17.7025	15.16788	21.91	42.29	1.1	0.717210	15.8320	1.29972	803.08	1.04378	3.26	0
2939	11:59:36.54	17.6965	15.16956	21.91	42.29	1.1	0.717288	15.8334	1.29972	803.06	1.04376	3.26	0
2940	11:59:36.84	17.6935	15.17040	21.91	42.29	1.1	0.717324	15.8339	1.29968	803.06	1.04374	3.26	0
2941	11:59:37.14	17.6970	15.16935	21.91	42.29	1.1	0.717276	15.8324	1.29968	803.06	1.04371	3.26	0
2942	11:59:37.44	17.6990	15.16879	21.91	42.29	1.1	0.717252	15.8333	1.29972	803.08	1.04380	3.26	0
2943	11:59:37.74	17.6220	15.18951	21.91	42.29	1.1	0.718230	15.8547	1.29972	803.10	1.04380	3.26	0
2944	11:59:38.04	17.2590	15.28723	21.91	42.29	1.1	0.722850	15.9575	1.29968	803.14	1.04384	3.26	0
2945	11:59:38.34	16.4115	15.51515	21.91	42.29	1.1	0.733626	16.1985	1.29972	803.28	1.04405	3.26	0
2946	11:59:38.64	15.1090	15.87908	21.91	42.29	1.1	0.750840	16.5823	1.29968	803.48	1.04429	3.26	0
2947	11:59:38.94	13.5990	16.31371	21.91	42.29	1.1	0.771390	17.0416	1.29968	803.74	1.04462	3.26	0
2948	11:59:39.24	11.8735	16.83395	21.91	42.32	1.1	0.795990	17.5911	1.29968	804.02	1.04497	3.26	0
2949	11:59:39.54	10.1790	17.38996	21.91	42.32	1.1	0.822282	18.1792	1.29968	804.34	1.04539	3.26	0
2950	11:59:39.84	8.5075	17.92994	21.91	42.36	1.1	0.847812	18.7512	1.29972	804.64	1.04581	3.26	0
2951	11:59:40.14	7.0795	18.41154	21.91	42.36	1.1	0.870588	19.2597	1.29968	804.86	1.04606	3.26	0
2952	11:59:40.44	5.8690	18.83672	21.91	42.45	1.1	0.890700	19.7109	1.29972	805.12	1.04641	3.26	0
2953	11:59:40.74	4.8855	19.19421	21.91	42.45	1.1	0.907602	20.0882	1.29964	805.28	1.04657	3.26	0
2954	11:59:41.04	4.0125	19.52118	21.91	42.58	1.1	0.923070	20.4354	1.29968	805.46	1.04684	3.26	0
2955	11:59:41.34	3.2745	19.80489	21.91	42.58	1.1	0.936486	20.7364	1.29968	805.62	1.04704	3.26	0
2956	11:59:41.64	2.6685	20.04275	21.91	42.81	1.1	0.947748	20.9876	1.29964	805.72	1.04714	3.26	0
2957	11:59:41.94	2.1835	20.23686	21.91	42.81	1.1	0.956928	21.1938	1.29964	805.82	1.04729	3.26	0
2958	11:59:42.24	1.7935	20.39443	21.91	42.98	1.1	0.964386	21.3613	1.29964	805.92	1.04741	3.26	0
2959	11:59:42.54	1.4665	20.52855	21.91	42.98	1.1	0.970728	21.5029	1.29964	805.96	1.04746	3.26	0
2960	11:59:42.84	1.2085	20.63565	21.91	43.18	1.1	0.975804	21.6170	1.29968	806.02	1.04756	3.26	0
2961	11:59:43.14	1.0015	20.72455	21.91	43.18	1.1	0.980010	21.7110	1.29964	806.06	1.04760	3.26	0
2962	11:59:43.44	0.8470	20.79378	21.91	43.35	1.1	0.983292	21.7843	1.29964	806.10	1.04764	3.26	0
2963	11:59:43.74	0.7120	20.85356	21.91	43.35	1.1	0.986118	21.8481	1.29968	806.12	1.04770	3.26	0
2964	11:59:44.04	0.5980	20.90193	21.91	43.45	1.1	0.988410	21.8998	1.29968	806.16	1.04774	3.26	0
2965	11:59:44.34	0.5060	20.94106	21.91	43.45	1.1	0.990264	21.9414	1.29968	806.18	1.04777	3.26	0
2966	11:59:44.64	0.4290	20.97277	21.91	43.61	1.1	0.991770	21.9748	1.29964	806.20	1.04778	3.26	0
2967	11:59:44.94	0.3590	21.00175	21.91	43.61	1.1	0.993138	22.0050	1.29964	806.20	1.04777	3.26	0
2968	11:59:45.24	0.3090	21.02226	21.91	43.77	1.1	0.994122	22.0279	1.29968	806.24	1.04784	3.26	0
2969	11:59:45.54	0.2660	21.04004	21.91	43.77	1.1	0.994962	22.0467	1.29968	806.24	1.04785	3.26	0
2970	11:59:45.84	0.2285	21.05509	21.91	43.87	1.2	0.995676	22.0625	1.29968	806.24	1.04785	3.26	0
2971	11:59:46.14	0.2005	21.06622	21.91	43.87	1.2	0.996204	22.0741	1.29964	806.24	1.04784	3.26	0
2972	11:59:46.44	0.1730	21.07700	21.91	44.00	1.2	0.996720	22.0851	1.29964	806.24	1.04783	3.26	0
2973	11:59:46.74	0.1565	21.08372	21.91	44.00	1.2	0.997044	22.0929	1.29968	806.26	1.04786	3.26	0
2974	11:59:47.04	0.1395	21.09037	21.91	44.14	1.2	0.997362	22.0998	1.29968	806.24	1.04786	3.26	0
2975	11:59:47.34	0.1295	21.09436	21.91	44.14	1.2	0.997554	22.1042	1.29968	806.26	1.04787	3.26	0
2976	11:59:47.64	0.1160	21.09968	21.91	44.20	1.2	0.997806	22.1095	1.29968	806.24	1.04786	3.26	0
2977	11:59:47.94	0.1080	21.10283	21.91	44.20	1.2	0.997956	22.1131	1.29968	806.26	1.04788	3.26	0
2978	11:59:48.24	0.1025	21.10486	21.91	44.30	1.2	0.998058	22.1151	1.29964	806.26	1.04787	3.26	0
2979	11:59:48.53	0.0965	21.10717	21.91	44.30	1.2	0.998172	22.1180	1.29968	806.26	1.04789	3.26	0
2980	11:59:48.84	0.0920	21.10906	21.91	44.40	1.2	0.998262	22.1192	1.29964	806.26	1.04785	3.26	0
2981	11:59:49.14	0.0890	21.11025	21.91	44.40	1.2	0.998316	22.1215	1.29968	806.26	1.04791	3.26	0
2982	11:59:49.44	0.0845	21.11200	21.91	44.47	1.2	0.998406	22.1228	1.29964	806.28	1.04788	3.26	0
2983	11:59:49.74	0.0835	21.11235	21.91	44.47	1.2	0.998424	22.1233	1.29968	806.28	1.04788	3.26	0
2984	11:59:50.04	0.0815	21.11298	21.91	44.57	1.2	0.998454	22.1243	1.29968	806.28	1.04790	3.26	0
2985	11:59:50.33	0.0785	21.11417	21.91	44.57	1.2	0.998514	22.1257	1.29968	806.28	1.04791	3.26	0
2986	11:59:50.64	0.0780	21.11424	21.91	44.63	1.2	0.998520	22.1262	1.29972	806.28	1.04793	3.26	0
2987	11:59:50.94	0.0790	21.11382	21.91	44.63	1.2	0.998502	22.1261	1.29972	806.28	1.04794	3.26	0
2988	11:59:51.24	0.0760	21.11494	21.91	44.70	1.2	0.998556	22.1266	1.29968	806.28	1.04792	3.26	0
2989	11:59:51.54	0.0750	21.11536	21.91	44.70	1.2	0.998580	22.1267	1.29968	806.26	1.04789	3.26	0
2990	11:59:51.84	0.0730	21.11606	21.91	44.77	1.2	0.998616	22.1271	1.29968	806.26	1.04788	3.26	0
2991	11:59:52.14	0.0740	21.11571	21.91	44.77	1.2	0.998598	22.1273	1.29968	806.28	1.04791	3.26	0
2992	11:59:52.44	0.0730	21.11606	21.91	44.80	1.2	0.998616	22.1276	1.29968	806.28	1.04790	3.26	0
2993	11:59:52.74	0.0730	21.11613	21.91	44.80	1.2	0.998622	22.1274	1.29968	806.28	1.04789	3.26	0
2994	11:59:53.04	0.0735	21.11578	21.91	44.87	1.2	0.998610	22.1275	1.29968	806.28	1.04791	3.26	0
2995	11:59:53.34	0.0725	21.11613	21.91	44.87	1.2	0.998622	22.1276	1.29968	806.28	1.04790	3.26	0
2996	11:59:53.64	0.0710	21.11676	21.91	44.90	1.2	0.998658	22.1281	1.29968	806.26	1.04789	3.26	0
2997	11:59:53.94	0.0690	21.11746	21.91	44.90	1.2	0.998688	22.1281	1.29964	806.26	1.04786	3.26	0
2998	11:59:54.24	0.0715	21.11648	21.91	44.96	1.2	0.998646	22.1278	1.29968	806.28	1.04789	3.26	0
2999	11:59:54.53	0.0720	21.11620	21.91	44.96	1.2	0.998634	22.1273	1.29968	806.28	1.04789	3.26	0
3000	11:59:54.84	0.0710	21.11655	21.91	44.99	1.2	0.998652	22.1280	1.29968	806.28	1.04790	3.26	0
3001	11:59:55.14	0.0705	21.11683	21.91	44.99	1.2	0.998670	22.1282	1.29968	806.26	1.04789	3.26	0
3002	11:59:55.43	0.0710	21.11655	21.91	45.06	1.2	0.998658	22.1279	1.29968	806.28	1.04789	3.26	0
3003	11:59:55.74	0.0705	21.11669	21.91	45.06	1.2	0.998664	22.1287	1.29968	806.28	1.04793	3.26	0
3004	11:59:56.04	0.0715	21.11620	21.91	45.12	1.2	0.998640	22.1277	1.29968	806.28	1.04791	3.26	0
3005	11:59:56.33	0.0695	21.11704	21.91	45.12	1.2	0.998682	22.1289	1.29968	806.28	1.04792	3.26	0
3006	11:59:56.64	0.0690	21.11718	21.91	45.16	1.2	0.998694	22.1283	1.29968	806.28	1.04788	3.26	0
3007	11:59:56.93	0.0715	21.11627	21.91	45.16	1.2	0.998652	22.1279	1.29968	806.28	1.04791	3.26	0
3008	11:59:57.24	0.0665	21.11816	21.91	45.19	1.2	0.998742	22.1283	1.29964	806.26	1.04783	3.26	0
3009	11:59:57.54	0.0685	21.11739	21.91	45.19	1.2	0.998706	22.1289	1.29968	806.28	1.04790	3.26	0
3010	11:59:57.84	0.0680	21.11760	21.91	45.22	1.2	0.998718	22.1280	1.29964	806.26	1.04785	3.26	0
3011	11:59:58.13	0.0690	21.11711	21.91	45.22	1.2	0.998694	22.1292	1.29972	806.28	1.04793	3.26	0
3012	11:59:58.43	0.0680	21.11746	21.91	45.26	1.2	0.998712	22.1286	1.29968	806.26	1.04788	3.26	0
3013	11:59:58.73	0.0690	21.11711	21.91	45.26	1.2	0.998694	22.1287	1.29968	806.28	1.04791	3.26	0
3014	11:59:59.04	0.0700	21.11676	21.91	45.26	1.2	0.998676	22.1289	1.29968	806.28	1.04793	3.26	0
3015	11:59:59.34	0.0670	21.11781	21.91	45.26	1.2	0.998730	22.1289	1.29968	806.26	1.04788	3.26	0
3016	11:59:59.64	0.0690	21.11704	21.91	45.29	1.2	0.998694	22.1292	1.29968	806.28	1.04793	3.26	0
3017	11:59:59.93	0.0680	21.11739	21.91	45.29	1.2	0.998712	22.1284	1.29968	806.26	1.04788	3.26	0
3018	12:00:00.24	0.0660	21.11823	21.91	45.32	1.2	0.998754	22.1287	1.29964	806.26	1.04785	3.26	0
3019	12:00:00.54	0.0675	21.11753	21.91	45.32	1.2	0.998718	22.1278	1.29964	806.26	1.04785	3.26	0
3020	12:00:00.83	0.0685	21.11725	21.91	45.36	1.2	0.998706	22.1287	1.29968	806.28	1.04790	3.26	0
3021	12:00:01.13	0.0680	21.11739	21.91	45.36	1.2	0.998712	22.1282	1.29964	806.26	1.04786	3.26	0
3022	12:00:01.44	0.0680	21.11739	21.91	45.36	1.2	0.998712	22.1288	1.29968	806.26	1.04789	3.26	0
3023	12:00:01.73	0.0690	21.11697	21.91	45.36	1.2	0.998694	22.1284	1.29968	806.28	1.04790	3.26	0
3024	12:00:02.04	0.0685	21.11711	21.91	45.39	1.2	0.998706	22.1284	1.29968	806.26	1.04789	3.26	0
