Device address	Device ID	Factory Device ID	Firmware	Measurement mode	Gain	Speed	Y_AH_Cal (-)	TF_Cal (V/W)	Temp_Cal (°C)																																				
FF47	D3	12J691	 C3.8	H2   	1.000	Norm 	 0.995544	20.464394	29.717340																																				
Iteration	Time	Output (%)	Transfer (V/W)	Tsens (°C)	RH (%)	AH (kPa)	Corr transfer (-)	Utp (mV)	Ih (mA)	Uh (mV)	Ph (mW)	Usyst (V)	Alarm																																
0	11:44:54.43	0.0360	20.52064	22.26	45.75	1.2	0.999312	19.8056	1.24732	773.78	0.96515	3.28	0
1	11:44:54.90	0.0365	20.52043	22.27	45.79	1.2	0.999306	19.8053	1.24732	773.78	0.96515	3.28	0
2	11:44:55.17	0.0370	20.52029	22.26	45.79	1.2	0.999300	19.8057	1.24732	773.80	0.96518	3.28	0
3	11:44:55.48	0.0370	20.52036	22.26	45.79	1.2	0.999300	19.8057	1.24732	773.78	0.96517	3.28	0
4	11:44:55.92	0.0360	20.52057	22.26	45.79	1.2	0.999312	19.8061	1.24736	773.80	0.96518	3.28	0
5	11:44:56.07	0.0370	20.52029	22.26	45.79	1.2	0.999300	19.8052	1.24732	773.78	0.96515	3.28	0
6	11:44:56.55	0.0380	20.51994	22.26	45.79	1.2	0.999282	19.8053	1.24732	773.80	0.96517	3.28	0
7	11:44:57.14	0.0350	20.52099	22.26	45.79	1.2	0.999330	19.8057	1.24732	773.78	0.96514	3.28	0
8	11:44:57.27	0.0360	20.52057	22.26	45.79	1.2	0.999312	19.8050	1.24728	773.78	0.96512	3.28	0
9	11:44:57.57	0.0360	20.52071	22.26	45.79	1.2	0.999318	19.8051	1.24732	773.76	0.96513	3.28	0
10	11:44:57.87	0.0370	20.52029	22.26	45.79	1.2	0.999294	19.8057	1.24732	773.80	0.96518	3.28	0
11	11:44:58.17	0.0375	20.52008	22.26	45.79	1.2	0.999288	19.8052	1.24732	773.78	0.96517	3.28	0
12	11:44:58.47	0.0370	20.52022	22.26	45.79	1.2	0.999294	19.8058	1.24732	773.80	0.96518	3.28	0
13	11:44:58.77	0.0360	20.52078	22.26	45.79	1.2	0.999318	19.8059	1.24732	773.78	0.96517	3.28	0
14	11:44:59.07	0.0370	20.52029	22.26	45.79	1.2	0.999294	19.8056	1.24732	773.80	0.96517	3.28	0
15	11:44:59.37	0.0380	20.51987	22.26	45.79	1.2	0.999276	19.8053	1.24732	773.80	0.96518	3.28	0
16	11:44:59.67	0.0360	20.52071	22.26	45.79	1.2	0.999318	19.8057	1.24732	773.78	0.96516	3.28	0
17	11:44:59.97	0.0365	20.52050	22.26	45.79	1.2	0.999306	19.8057	1.24732	773.78	0.96517	3.28	0
18	11:45:00.27	0.0385	20.51966	22.26	45.79	1.2	0.999264	19.8057	1.24732	773.82	0.96520	3.28	0
19	11:45:00.57	0.0365	20.52050	22.26	45.79	1.2	0.999306	19.8053	1.24732	773.78	0.96515	3.28	0
20	11:45:00.87	0.0350	20.52099	22.26	45.79	1.2	0.999330	19.8058	1.24732	773.78	0.96515	3.28	0
21	11:45:01.17	0.0345	20.52127	22.26	45.79	1.2	0.999342	19.8052	1.24728	773.78	0.96511	3.28	0
22	11:45:01.47	0.0360	20.52071	22.26	45.79	1.2	0.999318	19.8060	1.24732	773.80	0.96517	3.28	0
23	11:45:01.77	0.0350	20.52106	22.26	45.82	1.2	0.999336	19.8055	1.24732	773.78	0.96513	3.28	0
24	11:45:02.07	0.0370	20.52029	22.26	45.82	1.2	0.999300	19.8054	1.24732	773.80	0.96516	3.28	0
25	11:45:02.37	0.0350	20.52092	22.26	45.82	1.2	0.999330	19.8050	1.24728	773.76	0.96511	3.28	0
26	11:45:02.70	0.0360	20.52064	22.26	45.82	1.2	0.999318	19.8055	1.24732	773.78	0.96515	3.28	0
27	11:45:02.97	0.0370	20.52022	22.26	45.82	1.2	0.999294	19.8047	1.24732	773.78	0.96514	3.28	0
28	11:45:03.28	0.0370	20.52015	22.26	45.82	1.2	0.999294	19.8052	1.24732	773.78	0.96516	3.28	0
29	11:45:03.58	0.0380	20.51980	22.26	45.82	1.2	0.999276	19.8050	1.24732	773.78	0.96516	3.28	0
30	11:45:03.87	0.0365	20.52043	22.26	45.82	1.2	0.999306	19.8054	1.24732	773.78	0.96515	3.28	0
31	11:45:04.17	0.0370	20.52029	22.26	45.82	1.2	0.999300	19.8053	1.24732	773.78	0.96516	3.28	0
32	11:45:04.47	0.0370	20.52022	22.26	45.82	1.2	0.999294	19.8057	1.24732	773.80	0.96518	3.28	0
33	11:45:04.77	0.0360	20.52071	22.26	45.82	1.2	0.999318	19.8056	1.24732	773.78	0.96515	3.28	0
34	11:45:05.07	0.0375	20.52008	22.26	45.82	1.2	0.999288	19.8050	1.24732	773.78	0.96515	3.28	0
35	11:45:05.37	0.0355	20.52085	22.26	45.82	1.2	0.999324	19.8055	1.24732	773.78	0.96514	3.28	0
36	11:45:05.67	0.0360	20.52064	22.26	45.82	1.2	0.999312	19.8052	1.24732	773.78	0.96514	3.28	0
37	11:45:05.97	0.0365	20.52043	22.26	45.82	1.2	0.999306	19.8057	1.24732	773.80	0.96517	3.28	0
38	11:45:06.27	0.0350	20.52099	22.26	45.82	1.2	0.999330	19.8051	1.24728	773.76	0.96512	3.28	0
39	11:45:06.57	0.0370	20.52015	22.26	45.82	1.2	0.999294	19.8049	1.24732	773.78	0.96514	3.28	0
40	11:45:06.88	0.0355	20.52078	22.26	45.82	1.2	0.999324	19.8057	1.24732	773.78	0.96515	3.28	0
41	11:45:07.18	0.0355	20.52078	22.26	45.82	1.2	0.999318	19.8051	1.24728	773.78	0.96512	3.28	0
42	11:45:07.47	0.0370	20.52022	22.26	45.82	1.2	0.999294	19.8050	1.24732	773.78	0.96515	3.28	0
43	11:45:07.77	0.0385	20.51959	22.26	45.82	1.2	0.999264	19.8050	1.24732	773.80	0.96518	3.28	0
44	11:45:08.07	0.0355	20.52085	22.26	45.82	1.2	0.999324	19.8057	1.24732	773.78	0.96515	3.28	0
45	11:45:08.37	0.0350	20.52092	22.26	45.82	1.2	0.999330	19.8055	1.24732	773.78	0.96514	3.28	0
46	11:45:08.67	0.0355	20.52092	22.26	45.82	1.2	0.999330	19.8056	1.24732	773.78	0.96514	3.28	0
47	11:45:09.00	0.0370	20.52036	22.26	45.82	1.2	0.999300	19.8051	1.24732	773.78	0.96514	3.28	0
48	11:45:09.27	0.0350	20.52106	22.26	45.82	1.2	0.999336	19.8052	1.24728	773.76	0.96511	3.28	0
49	11:45:09.57	0.0370	20.52022	22.26	45.82	1.2	0.999294	19.8052	1.24732	773.80	0.96515	3.28	0
50	11:45:09.87	0.0360	20.52064	22.26	45.82	1.2	0.999318	19.8045	1.24728	773.76	0.96510	3.28	0
51	11:45:10.17	0.0375	20.52008	22.26	45.82	1.2	0.999288	19.8048	1.24732	773.78	0.96514	3.28	0
52	11:45:10.47	0.0390	20.51945	22.26	45.82	1.2	0.999258	19.8052	1.24736	773.80	0.96519	3.28	0
53	11:45:10.77	0.0335	20.52162	22.26	45.82	1.2	0.999360	19.8056	1.24728	773.76	0.96511	3.28	0
54	11:45:11.07	0.0375	20.52001	22.26	45.82	1.2	0.999288	19.8047	1.24732	773.78	0.96514	3.28	0
55	11:45:11.37	0.0365	20.52050	22.26	45.82	1.2	0.999306	19.8053	1.24732	773.78	0.96515	3.28	0
56	11:45:11.67	0.0360	20.52071	22.26	45.82	1.2	0.999318	19.8052	1.24732	773.78	0.96514	3.28	0
57	11:45:11.97	0.0355	20.52078	22.26	45.82	1.2	0.999318	19.8059	1.24732	773.80	0.96516	3.28	0
58	11:45:12.27	0.0365	20.52036	22.26	45.82	1.2	0.999300	19.8054	1.24732	773.78	0.96516	3.28	0
59	11:45:12.57	0.0360	20.52057	22.26	45.82	1.2	0.999312	19.8054	1.24732	773.78	0.96515	3.28	0
60	11:45:12.87	0.0360	20.52057	22.26	45.82	1.2	0.999312	19.8045	1.24728	773.76	0.96511	3.28	0
61	11:45:13.17	0.0360	20.52057	22.26	45.82	1.2	0.999312	19.8051	1.24732	773.78	0.96514	3.28	0
62	11:45:13.47	0.0360	20.52064	22.26	45.82	1.2	0.999318	19.8049	1.24728	773.78	0.96512	3.28	0
63	11:45:13.77	0.0390	20.51952	22.26	45.82	1.2	0.999264	19.8049	1.24732	773.78	0.96517	3.28	0
64	11:45:14.07	0.0350	20.52092	22.27	45.82	1.2	0.999336	19.8047	1.24728	773.76	0.96510	3.28	0
65	11:45:14.37	0.0370	20.52008	22.27	45.82	1.2	0.999294	19.8051	1.24732	773.78	0.96515	3.28	0
66	11:45:14.67	0.0375	20.52001	22.26	45.82	1.2	0.999288	19.8048	1.24732	773.78	0.96514	3.28	0
67	11:45:14.97	0.0365	20.52043	22.26	45.85	1.2	0.999306	19.8050	1.24732	773.78	0.96514	3.28	0
68	11:45:15.27	0.0380	20.51973	22.26	45.85	1.2	0.999270	19.8050	1.24732	773.78	0.96517	3.28	0
69	11:45:15.57	0.0390	20.51952	22.26	45.85	1.2	0.999264	19.8048	1.24732	773.78	0.96517	3.28	0
70	11:45:15.87	0.0355	20.52085	22.26	45.85	1.2	0.999330	19.8060	1.24732	773.78	0.96517	3.28	0
71	11:45:16.17	0.0365	20.52050	22.26	45.85	1.2	0.999312	19.8050	1.24732	773.78	0.96514	3.28	0
72	11:45:16.47	0.0365	20.52029	22.26	45.85	1.2	0.999300	19.8054	1.24732	773.78	0.96517	3.28	0
73	11:45:16.77	0.0375	20.52008	22.26	45.85	1.2	0.999288	19.8050	1.24732	773.78	0.96515	3.28	0
74	11:45:17.08	0.0345	20.52127	22.26	45.85	1.2	0.999348	19.8053	1.24728	773.76	0.96511	3.28	0
75	11:45:17.37	0.0345	20.52120	22.26	45.85	1.2	0.999342	19.8054	1.24728	773.78	0.96512	3.28	0
76	11:45:17.68	0.0355	20.52078	22.26	45.85	1.2	0.999324	19.8052	1.24732	773.78	0.96513	3.28	0
77	11:45:17.97	0.0365	20.52036	22.26	45.85	1.2	0.999300	19.8053	1.24732	773.78	0.96515	3.28	0
78	11:45:18.27	0.0375	20.52008	22.26	45.85	1.2	0.999288	19.8047	1.24732	773.78	0.96514	3.28	0
79	11:45:18.57	0.0370	20.52015	22.26	45.85	1.2	0.999294	19.8054	1.24732	773.80	0.96517	3.28	0
80	11:45:18.87	0.0365	20.52043	22.26	45.85	1.2	0.999306	19.8050	1.24728	773.78	0.96514	3.28	0
81	11:45:19.17	0.0360	20.52050	22.26	45.85	1.2	0.999312	19.8055	1.24732	773.78	0.96516	3.28	0
82	11:45:19.47	0.0375	20.52008	22.26	45.85	1.2	0.999288	19.8055	1.24732	773.80	0.96518	3.28	0
83	11:45:19.77	0.0360	20.52050	22.26	45.85	1.2	0.999312	19.8053	1.24732	773.78	0.96515	3.28	0
84	11:45:20.08	0.0355	20.52078	22.26	45.85	1.2	0.999324	19.8061	1.24732	773.80	0.96517	3.28	0
85	11:45:20.38	0.0370	20.52022	22.26	45.85	1.2	0.999294	19.8059	1.24736	773.80	0.96519	3.28	0
86	11:45:20.67	0.0370	20.52022	22.26	45.85	1.2	0.999300	19.8059	1.24736	773.78	0.96518	3.28	0
87	11:45:20.97	0.0370	20.52022	22.26	45.85	1.2	0.999300	19.8054	1.24732	773.80	0.96517	3.28	0
88	11:45:21.27	0.0390	20.51931	22.26	45.85	1.2	0.999252	19.8053	1.24736	773.80	0.96520	3.28	0
89	11:45:21.57	0.0385	20.51966	22.26	45.85	1.2	0.999270	19.8051	1.24732	773.80	0.96518	3.28	0
90	11:45:21.87	0.0340	20.52141	22.26	45.85	1.2	0.999354	19.8057	1.24732	773.76	0.96512	3.28	0
91	11:45:22.17	0.0365	20.52050	22.26	45.85	1.2	0.999312	19.8054	1.24732	773.78	0.96516	3.28	0
92	11:45:22.47	0.0360	20.52050	22.26	45.85	1.2	0.999312	19.8059	1.24736	773.78	0.96518	3.28	0
93	11:45:22.77	0.0375	20.52001	22.26	45.85	1.2	0.999288	19.8052	1.24732	773.78	0.96517	3.28	0
94	11:45:23.07	0.0375	20.52001	22.26	45.85	1.2	0.999288	19.8044	1.24732	773.78	0.96513	3.28	0
95	11:45:23.37	0.0370	20.52022	22.26	45.85	1.2	0.999294	19.8047	1.24732	773.78	0.96514	3.28	0
96	11:45:23.67	0.0355	20.52085	22.26	45.85	1.2	0.999324	19.8057	1.24732	773.78	0.96515	3.28	0
97	11:45:23.97	0.0370	20.52022	22.26	45.85	1.2	0.999294	19.8054	1.24732	773.78	0.96517	3.28	0
98	11:45:24.27	0.0370	20.52015	22.26	45.85	1.2	0.999294	19.8051	1.24732	773.78	0.96515	3.28	0
99	11:45:24.57	0.0385	20.51966	22.26	45.89	1.2	0.999270	19.8048	1.24736	773.78	0.96517	3.28	0
100	11:45:24.87	0.0370	20.52022	22.26	45.89	1.2	0.999300	19.8052	1.24732	773.78	0.96515	3.28	0
101	11:45:25.17	0.0360	20.52050	22.26	45.89	1.2	0.999312	19.8048	1.24732	773.76	0.96512	3.28	0
102	11:45:25.47	0.0370	20.52022	22.26	45.89	1.2	0.999300	19.8047	1.24732	773.78	0.96514	3.28	0
103	11:45:25.77	0.0370	20.52022	22.26	45.89	1.2	0.999300	19.8052	1.24732	773.78	0.96515	3.28	0
104	11:45:26.07	0.0375	20.52008	22.26	45.89	1.2	0.999294	19.8050	1.24732	773.78	0.96515	3.28	0
105	11:45:26.37	0.0360	20.52050	22.26	45.89	1.2	0.999312	19.8049	1.24732	773.78	0.96512	3.28	0
106	11:45:26.67	0.0360	20.52050	22.26	45.89	1.2	0.999312	19.8045	1.24728	773.76	0.96511	3.28	0
107	11:45:26.97	0.0365	20.52036	22.26	45.89	1.2	0.999306	19.8059	1.24732	773.80	0.96518	3.28	0
108	11:45:27.27	0.0360	20.52057	22.26	45.89	1.2	0.999318	19.8059	1.24732	773.80	0.96518	3.28	0
109	11:45:27.57	0.0345	20.52106	22.26	45.89	1.2	0.999336	19.8054	1.24728	773.78	0.96513	3.28	0
110	11:45:27.87	0.0360	20.52050	22.26	45.89	1.2	0.999312	19.8055	1.24732	773.78	0.96515	3.28	0
111	11:45:28.17	0.0360	20.52050	22.26	45.89	1.2	0.999312	19.8052	1.24732	773.78	0.96514	3.28	0
112	11:45:28.47	0.0365	20.52029	22.26	45.89	1.2	0.999300	19.8052	1.24732	773.78	0.96515	3.28	0
113	11:45:28.77	0.0390	20.51945	22.26	45.89	1.2	0.999264	19.8050	1.24732	773.80	0.96518	3.28	0
114	11:45:29.07	0.0350	20.52099	22.26	45.89	1.2	0.999336	19.8054	1.24732	773.76	0.96513	3.28	0
115	11:45:29.37	0.0345	20.52106	22.26	45.89	1.2	0.999342	19.8053	1.24732	773.76	0.96512	3.28	0
116	11:45:29.67	0.0360	20.52064	22.26	45.89	1.2	0.999318	19.8052	1.24732	773.78	0.96514	3.28	0
117	11:45:29.97	0.0360	20.52064	22.26	45.89	1.2	0.999318	19.8054	1.24732	773.78	0.96515	3.28	0
118	11:45:30.27	0.0375	20.52001	22.26	45.89	1.2	0.999288	19.8054	1.24732	773.78	0.96517	3.28	0
119	11:45:30.57	0.0345	20.52106	22.26	45.89	1.2	0.999342	19.8050	1.24728	773.76	0.96511	3.28	0
120	11:45:30.87	0.0385	20.51959	22.26	45.89	1.2	0.999270	19.8041	1.24732	773.76	0.96513	3.28	0
121	11:45:31.17	0.0365	20.52043	22.26	45.89	1.2	0.999312	19.8052	1.24732	773.78	0.96515	3.28	0
122	11:45:31.47	0.0350	20.52085	22.26	45.89	1.2	0.999330	19.8047	1.24728	773.76	0.96510	3.28	0
123	11:45:31.77	0.0355	20.52078	22.26	45.89	1.2	0.999324	19.8046	1.24728	773.76	0.96510	3.28	0
124	11:45:32.07	0.0380	20.51973	22.26	45.89	1.2	0.999276	19.8045	1.24732	773.78	0.96515	3.28	0
125	11:45:32.37	0.0365	20.52036	22.26	45.89	1.2	0.999306	19.8045	1.24728	773.76	0.96512	3.28	0
126	11:45:32.67	0.0355	20.52071	22.26	45.89	1.2	0.999324	19.8050	1.24732	773.76	0.96512	3.28	0
127	11:45:32.97	0.0375	20.51987	22.26	45.89	1.2	0.999282	19.8052	1.24732	773.78	0.96517	3.28	0
128	11:45:33.27	0.0365	20.52036	22.26	45.89	1.2	0.999306	19.8045	1.24728	773.78	0.96511	3.28	0
129	11:45:33.57	0.0365	20.52029	22.26	45.89	1.2	0.999300	19.8049	1.24732	773.78	0.96514	3.28	0
130	11:45:33.87	0.0375	20.52001	22.26	45.89	1.2	0.999288	19.8053	1.24732	773.78	0.96517	3.28	0
131	11:45:34.17	0.0375	20.52001	22.26	45.89	1.2	0.999288	19.8050	1.24732	773.78	0.96515	3.28	0
132	11:45:34.47	0.0365	20.52029	22.26	45.89	1.2	0.999300	19.8052	1.24732	773.78	0.96515	3.28	0
133	11:45:34.77	0.0360	20.52064	22.26	45.89	1.2	0.999318	19.8047	1.24728	773.76	0.96511	3.28	0
134	11:45:35.07	0.0355	20.52064	22.26	45.89	1.2	0.999318	19.8054	1.24732	773.78	0.96514	3.28	0
135	11:45:35.37	0.0375	20.51994	22.26	45.89	1.2	0.999288	19.8048	1.24732	773.78	0.96515	3.28	0
136	11:45:35.67	0.0360	20.52050	22.26	45.89	1.2	0.999312	19.8048	1.24728	773.78	0.96512	3.28	0
137	11:45:35.97	0.0370	20.52008	22.26	45.89	1.2	0.999294	19.8052	1.24732	773.78	0.96516	3.28	0
138	11:45:36.27	0.0365	20.52029	22.26	45.89	1.2	0.999300	19.8051	1.24732	773.78	0.96515	3.28	0
139	11:45:36.57	0.0355	20.52064	22.26	45.89	1.2	0.999318	19.8049	1.24728	773.78	0.96512	3.28	0
140	11:45:36.87	0.0360	20.52050	22.26	45.89	1.2	0.999312	19.8049	1.24732	773.78	0.96513	3.28	0
141	11:45:37.17	0.0375	20.52008	22.26	45.89	1.2	0.999294	19.8050	1.24732	773.78	0.96515	3.28	0
142	11:45:37.47	0.0375	20.51994	22.26	45.89	1.2	0.999288	19.8051	1.24732	773.78	0.96517	3.28	0
143	11:45:37.77	0.0355	20.52071	22.26	45.89	1.2	0.999324	19.8052	1.24732	773.78	0.96513	3.28	0
144	11:45:38.07	0.0365	20.52029	22.26	45.89	1.2	0.999300	19.8043	1.24728	773.76	0.96511	3.28	0
145	11:45:38.37	0.0375	20.51994	22.26	45.89	1.2	0.999288	19.8050	1.24732	773.80	0.96515	3.28	0
146	11:45:38.67	0.0370	20.52022	22.26	45.89	1.2	0.999300	19.8047	1.24732	773.78	0.96514	3.28	0
147	11:45:38.97	0.0370	20.52015	22.26	45.89	1.2	0.999300	19.8048	1.24732	773.78	0.96514	3.28	0
148	11:45:39.27	0.0385	20.51966	22.26	45.89	1.2	0.999270	19.8047	1.24732	773.78	0.96515	3.28	0
149	11:45:39.57	0.0370	20.52022	22.26	45.89	1.2	0.999300	19.8048	1.24732	773.78	0.96514	3.28	0
150	11:45:39.87	0.0360	20.52057	22.26	45.89	1.2	0.999318	19.8051	1.24728	773.78	0.96514	3.28	0
151	11:45:40.17	0.0385	20.51959	22.26	45.89	1.2	0.999270	19.8050	1.24732	773.80	0.96517	3.28	0
152	11:45:40.49	0.0365	20.52029	22.26	45.89	1.2	0.999300	19.8051	1.24732	773.78	0.96515	3.28	0
153	11:45:40.77	0.0380	20.51980	22.26	45.89	1.2	0.999276	19.8050	1.24732	773.80	0.96517	3.28	0
154	11:45:41.07	0.0375	20.52001	22.26	45.89	1.2	0.999288	19.8052	1.24732	773.78	0.96517	3.28	0
155	11:45:41.37	0.0370	20.52015	22.26	45.89	1.2	0.999294	19.8049	1.24732	773.78	0.96514	3.28	0
156	11:45:41.67	0.0355	20.52071	22.26	45.89	1.2	0.999324	19.8047	1.24732	773.76	0.96511	3.28	0
157	11:45:41.97	0.0365	20.52043	22.26	45.89	1.2	0.999306	19.8048	1.24732	773.78	0.96513	3.28	0
158	11:45:42.27	0.0355	20.52085	22.26	45.89	1.2	0.999330	19.8054	1.24732	773.78	0.96514	3.28	0
159	11:45:42.57	0.0360	20.52050	22.26	45.89	1.2	0.999312	19.8054	1.24732	773.78	0.96515	3.28	0
160	11:45:42.87	0.0360	20.52057	22.26	45.89	1.2	0.999318	19.8057	1.24732	773.78	0.96516	3.28	0
161	11:45:43.17	0.0360	20.52057	22.26	45.89	1.2	0.999318	19.8060	1.24732	773.80	0.96518	3.28	0
162	11:45:43.47	0.0355	20.52071	22.26	45.89	1.2	0.999324	19.8056	1.24732	773.78	0.96515	3.28	0
163	11:45:43.77	0.0350	20.52099	22.26	45.89	1.2	0.999336	19.8059	1.24732	773.78	0.96515	3.28	0
164	11:45:44.07	0.0350	20.52092	22.26	45.89	1.2	0.999336	19.8052	1.24728	773.76	0.96512	3.28	0
165	11:45:44.37	0.0350	20.52085	22.26	45.89	1.2	0.999330	19.8058	1.24732	773.78	0.96515	3.28	0
166	11:45:44.67	0.0380	20.51973	22.26	45.89	1.2	0.999276	19.8055	1.24736	773.80	0.96520	3.28	0
167	11:45:44.97	0.0365	20.52029	22.26	45.89	1.2	0.999306	19.8056	1.24732	773.78	0.96517	3.28	0
168	11:45:45.27	0.0355	20.52078	22.26	45.89	1.2	0.999324	19.8061	1.24732	773.80	0.96517	3.28	0
169	11:45:45.57	0.0365	20.52029	22.26	45.89	1.2	0.999306	19.8061	1.24736	773.80	0.96520	3.28	0
170	11:45:45.87	0.0370	20.52008	22.26	45.89	1.2	0.999294	19.8056	1.24732	773.80	0.96518	3.28	0
171	11:45:46.17	0.0355	20.52064	22.26	45.92	1.2	0.999324	19.8058	1.24732	773.78	0.96517	3.28	0
172	11:45:46.47	0.0360	20.52057	22.26	45.92	1.2	0.999318	19.8056	1.24732	773.78	0.96516	3.28	0
173	11:45:46.77	0.0355	20.52071	22.26	45.89	1.2	0.999324	19.8062	1.24736	773.80	0.96518	3.28	0
174	11:45:47.07	0.0355	20.52071	22.26	45.89	1.2	0.999324	19.8052	1.24732	773.78	0.96514	3.28	0
175	11:45:47.37	0.0345	20.52106	22.26	45.92	1.2	0.999342	19.8061	1.24732	773.78	0.96516	3.28	0
176	11:45:47.67	0.0360	20.52050	22.26	45.92	1.2	0.999318	19.8054	1.24732	773.78	0.96515	3.28	0
177	11:45:47.97	0.0380	20.51980	22.26	45.89	1.2	0.999276	19.8051	1.24732	773.80	0.96517	3.28	0
178	11:45:48.27	0.0365	20.52043	22.26	45.89	1.2	0.999306	19.8052	1.24732	773.78	0.96514	3.28	0
179	11:45:48.57	0.0380	20.51980	22.26	45.89	1.2	0.999282	19.8054	1.24736	773.78	0.96519	3.28	0
180	11:45:48.87	0.0370	20.52015	22.26	45.89	1.2	0.999300	19.8052	1.24732	773.78	0.96515	3.28	0
181	11:45:49.17	0.0380	20.51973	22.26	45.92	1.2	0.999276	19.8052	1.24732	773.80	0.96518	3.28	0
182	11:45:49.47	0.0380	20.51966	22.26	45.92	1.2	0.999270	19.8059	1.24736	773.80	0.96521	3.28	0
183	11:45:49.77	0.0365	20.52029	22.26	45.92	1.2	0.999306	19.8052	1.24732	773.78	0.96515	3.28	0
184	11:45:50.07	0.0345	20.52113	22.26	45.92	1.2	0.999348	19.8059	1.24732	773.78	0.96515	3.28	0
185	11:45:50.37	0.0350	20.52092	22.26	45.92	1.2	0.999336	19.8059	1.24732	773.78	0.96516	3.28	0
186	11:45:50.67	0.0360	20.52043	22.26	45.92	1.2	0.999312	19.8054	1.24732	773.78	0.96516	3.28	0
187	11:45:50.97	0.0360	20.52057	22.26	45.92	1.2	0.999318	19.8058	1.24732	773.78	0.96517	3.28	0
188	11:45:51.27	0.0365	20.52036	22.26	45.92	1.2	0.999306	19.8055	1.24732	773.78	0.96517	3.28	0
189	11:45:51.57	0.0370	20.52015	22.26	45.92	1.2	0.999300	19.8058	1.24732	773.80	0.96518	3.28	0
190	11:45:51.87	0.0345	20.52113	22.26	45.92	1.2	0.999348	19.8057	1.24732	773.78	0.96514	3.28	0
191	11:45:52.17	0.0355	20.52071	22.26	45.92	1.2	0.999324	19.8052	1.24732	773.78	0.96514	3.28	0
192	11:45:52.47	0.0365	20.52022	22.26	45.92	1.2	0.999300	19.8052	1.24732	773.78	0.96516	3.28	0
193	11:45:52.77	0.0380	20.51973	22.26	45.92	1.2	0.999276	19.8059	1.24736	773.80	0.96521	3.28	0
194	11:45:53.07	0.0360	20.52050	22.25	45.92	1.2	0.999312	19.8054	1.24732	773.78	0.96515	3.28	0
195	11:45:53.37	0.0375	20.51994	22.25	45.92	1.2	0.999282	19.8059	1.24736	773.80	0.96520	3.28	0
196	11:45:53.67	0.0360	20.52057	22.26	45.92	1.2	0.999318	19.8062	1.24736	773.80	0.96519	3.28	0
197	11:45:53.97	0.0370	20.52015	22.26	45.92	1.2	0.999294	19.8056	1.24732	773.80	0.96518	3.28	0
198	11:45:54.27	0.0370	20.52008	22.26	45.92	1.2	0.999294	19.8052	1.24732	773.78	0.96517	3.28	0
199	11:45:54.57	0.0360	20.52043	22.26	45.92	1.2	0.999312	19.8052	1.24732	773.78	0.96514	3.28	0
200	11:45:54.87	0.0375	20.51994	22.26	45.92	1.2	0.999288	19.8057	1.24736	773.80	0.96520	3.28	0
201	11:45:55.17	0.0365	20.52036	22.26	45.92	1.2	0.999306	19.8051	1.24732	773.78	0.96514	3.28	0
202	11:45:55.47	0.0375	20.51994	22.26	45.92	1.2	0.999288	19.8054	1.24732	773.80	0.96518	3.28	0
203	11:45:55.77	0.0345	20.52106	22.26	45.92	1.2	0.999342	19.8056	1.24732	773.76	0.96514	3.28	0
204	11:45:56.07	0.0360	20.52057	22.26	45.92	1.2	0.999318	19.8061	1.24732	773.80	0.96518	3.28	0
205	11:45:56.37	0.0370	20.52022	22.26	45.92	1.2	0.999300	19.8053	1.24732	773.78	0.96516	3.28	0
206	11:45:56.67	0.0355	20.52071	22.26	45.92	1.2	0.999324	19.8061	1.24736	773.78	0.96517	3.28	0
207	11:45:56.97	0.0360	20.52057	22.26	45.92	1.2	0.999318	19.8056	1.24732	773.78	0.96515	3.28	0
208	11:45:57.27	0.0355	20.52085	22.25	45.92	1.2	0.999324	19.8061	1.24732	773.78	0.96517	3.28	0
209	11:45:57.57	0.0350	20.52106	22.25	45.92	1.2	0.999336	19.8054	1.24732	773.76	0.96512	3.28	0
210	11:45:57.87	0.0390	20.51931	22.26	45.92	1.2	0.999258	19.8054	1.24736	773.80	0.96521	3.28	0
211	11:45:58.17	0.0360	20.52057	22.26	45.92	1.2	0.999318	19.8057	1.24732	773.78	0.96517	3.28	0
212	11:45:58.47	0.0370	20.52029	22.25	45.92	1.2	0.999300	19.8054	1.24732	773.78	0.96517	3.28	0
213	11:45:58.77	0.0390	20.51945	22.25	45.92	1.2	0.999258	19.8052	1.24736	773.78	0.96520	3.28	0
214	11:45:59.07	0.0385	20.51966	22.25	45.92	1.2	0.999270	19.8049	1.24732	773.78	0.96517	3.28	0
215	11:45:59.37	0.0360	20.52057	22.25	45.92	1.2	0.999312	19.8055	1.24732	773.78	0.96515	3.28	0
216	11:45:59.67	0.0370	20.52022	22.25	45.92	1.2	0.999300	19.8057	1.24732	773.80	0.96518	3.28	0
217	11:45:59.97	0.0365	20.52043	22.25	45.92	1.2	0.999306	19.8052	1.24732	773.78	0.96515	3.28	0
218	11:46:00.27	0.0350	20.52099	22.25	45.92	1.2	0.999336	19.8054	1.24732	773.78	0.96513	3.28	0
219	11:46:00.57	0.0370	20.52015	22.25	45.92	1.2	0.999294	19.8047	1.24732	773.78	0.96514	3.28	0
220	11:46:00.87	0.0370	20.52029	22.25	45.92	1.2	0.999300	19.8054	1.24732	773.78	0.96516	3.28	0
221	11:46:01.17	0.0365	20.52043	22.25	45.92	1.2	0.999306	19.8063	1.24736	773.80	0.96520	3.28	0
222	11:46:01.47	0.0370	20.52029	22.25	45.92	1.2	0.999300	19.8061	1.24736	773.80	0.96520	3.28	0
223	11:46:01.77	0.0360	20.52057	22.25	45.92	1.2	0.999312	19.8056	1.24732	773.78	0.96515	3.28	0
224	11:46:02.07	0.0360	20.52057	22.25	45.92	1.2	0.999318	19.8049	1.24732	773.76	0.96512	3.28	0
225	11:46:02.37	0.0365	20.52043	22.25	45.92	1.2	0.999306	19.8050	1.24732	773.78	0.96514	3.28	0
226	11:46:02.67	0.0360	20.52064	22.25	45.92	1.2	0.999318	19.8055	1.24732	773.78	0.96515	3.28	0
227	11:46:02.97	0.0370	20.52015	22.25	45.92	1.2	0.999294	19.8050	1.24732	773.78	0.96515	3.28	0
228	11:46:03.27	0.0365	20.52043	22.25	45.92	1.2	0.999306	19.8056	1.24736	773.78	0.96517	3.28	0
229	11:46:03.57	0.0375	20.52001	22.25	45.92	1.2	0.999282	19.8051	1.24732	773.78	0.96516	3.28	0
230	11:46:03.87	0.0385	20.51966	22.25	45.92	1.2	0.999270	19.8048	1.24732	773.78	0.96517	3.28	0
231	11:46:04.17	0.0365	20.52036	22.25	45.92	1.2	0.999306	19.8055	1.24732	773.78	0.96517	3.28	0
232	11:46:04.47	0.0385	20.51966	22.25	45.92	1.2	0.999270	19.8054	1.24736	773.80	0.96519	3.28	0
233	11:46:04.77	0.0365	20.52043	22.25	45.92	1.2	0.999306	19.8054	1.24732	773.78	0.96515	3.28	0
234	11:46:05.07	0.0380	20.51973	22.25	45.92	1.2	0.999276	19.8054	1.24736	773.80	0.96518	3.28	0
235	11:46:05.37	0.0395	20.51917	22.25	45.92	1.2	0.999246	19.8052	1.24736	773.80	0.96520	3.28	0
236	11:46:05.67	0.0345	20.52127	22.25	45.92	1.2	0.999348	19.8059	1.24732	773.78	0.96514	3.28	0
237	11:46:05.97	0.0385	20.51966	22.25	45.92	1.2	0.999270	19.8047	1.24732	773.78	0.96516	3.28	0
238	11:46:06.27	0.0375	20.51994	22.25	45.92	1.2	0.999282	19.8048	1.24732	773.78	0.96515	3.28	0
239	11:46:06.57	0.0355	20.52085	22.25	45.92	1.2	0.999324	19.8057	1.24732	773.78	0.96515	3.28	0
240	11:46:06.87	0.0375	20.52001	22.25	45.92	1.2	0.999288	19.8051	1.24732	773.78	0.96516	3.28	0
241	11:46:07.17	0.0355	20.52085	22.25	45.92	1.2	0.999324	19.8057	1.24732	773.78	0.96515	3.28	0
242	11:46:07.47	0.0370	20.52029	22.25	45.92	1.2	0.999300	19.8055	1.24732	773.78	0.96517	3.28	0
243	11:46:07.77	0.0355	20.52085	22.25	45.92	1.2	0.999330	19.8056	1.24732	773.78	0.96514	3.28	0
244	11:46:08.07	0.0365	20.52036	22.26	45.92	1.2	0.999306	19.8051	1.24732	773.78	0.96515	3.28	0
245	11:46:08.37	0.0380	20.51980	22.26	45.92	1.2	0.999282	19.8050	1.24732	773.78	0.96517	3.28	0
246	11:46:08.67	0.0355	20.52071	22.25	45.92	1.2	0.999318	19.8051	1.24728	773.78	0.96513	3.28	0
247	11:46:08.97	0.0370	20.52015	22.25	45.92	1.2	0.999294	19.8047	1.24732	773.76	0.96514	3.28	0
248	11:46:09.27	0.0375	20.51994	22.26	45.92	1.2	0.999288	19.8045	1.24732	773.78	0.96514	3.28	0
249	11:46:09.57	0.0370	20.52022	22.26	45.92	1.2	0.999300	19.8053	1.24732	773.78	0.96516	3.28	0
250	11:46:09.87	0.0360	20.52057	22.25	45.92	1.2	0.999312	19.8054	1.24732	773.78	0.96515	3.28	0
251	11:46:10.17	0.0375	20.51994	22.25	45.95	1.2	0.999288	19.8054	1.24732	773.80	0.96518	3.28	0
252	11:46:10.47	0.0350	20.52099	22.25	45.95	1.2	0.999336	19.8056	1.24732	773.78	0.96514	3.28	0
253	11:46:10.77	0.0375	20.51994	22.25	45.95	1.2	0.999288	19.8050	1.24732	773.78	0.96515	3.28	0
254	11:46:11.07	0.0375	20.52008	22.25	45.95	1.2	0.999288	19.8045	1.24732	773.76	0.96513	3.28	0
255	11:46:11.37	0.0385	20.51959	22.25	45.92	1.2	0.999264	19.8050	1.24736	773.78	0.96518	3.28	0
256	11:46:11.67	0.0365	20.52036	22.25	45.92	1.2	0.999300	19.8047	1.24732	773.78	0.96512	3.28	0
257	11:46:11.97	0.0355	20.52064	22.25	45.95	1.2	0.999318	19.8049	1.24728	773.78	0.96512	3.28	0
258	11:46:12.27	0.0350	20.52099	22.25	45.95	1.2	0.999336	19.8049	1.24728	773.76	0.96511	3.28	0
259	11:46:12.57	0.0375	20.51994	22.25	45.95	1.2	0.999288	19.8053	1.24736	773.78	0.96517	3.28	0
260	11:46:12.87	0.0365	20.52029	22.25	45.95	1.2	0.999300	19.8054	1.24732	773.78	0.96516	3.28	0
261	11:46:13.17	0.0365	20.52036	22.25	45.95	1.2	0.999306	19.8048	1.24732	773.76	0.96513	3.28	0
262	11:46:13.47	0.0365	20.52029	22.25	45.95	1.2	0.999300	19.8047	1.24732	773.78	0.96513	3.28	0
263	11:46:13.77	0.0375	20.52008	22.25	45.95	1.2	0.999288	19.8045	1.24732	773.76	0.96512	3.28	0
264	11:46:14.07	0.0365	20.52029	22.25	45.95	1.2	0.999300	19.8043	1.24728	773.76	0.96511	3.28	0
265	11:46:14.37	0.0375	20.52001	22.25	45.95	1.2	0.999288	19.8055	1.24736	773.78	0.96518	3.28	0
266	11:46:14.67	0.0365	20.52043	22.25	45.95	1.2	0.999312	19.8046	1.24728	773.76	0.96512	3.28	0
267	11:46:14.97	0.0365	20.52036	22.25	45.95	1.2	0.999306	19.8043	1.24728	773.76	0.96511	3.28	0
268	11:46:15.27	0.0365	20.52036	22.25	45.95	1.2	0.999306	19.8043	1.24728	773.76	0.96511	3.28	0
269	11:46:15.57	0.0370	20.52015	22.25	45.95	1.2	0.999294	19.8043	1.24728	773.76	0.96511	3.28	0
270	11:46:15.87	0.0360	20.52057	22.25	45.95	1.2	0.999312	19.8047	1.24732	773.76	0.96512	3.28	0
271	11:46:16.17	0.0355	20.52085	22.25	45.95	1.2	0.999330	19.8044	1.24728	773.76	0.96509	3.28	0
272	11:46:16.47	0.0365	20.52036	22.25	45.95	1.2	0.999306	19.8046	1.24732	773.76	0.96512	3.28	0
273	11:46:16.77	0.0355	20.52078	22.25	45.95	1.2	0.999330	19.8046	1.24728	773.76	0.96510	3.28	0
274	11:46:17.07	0.0375	20.52001	22.25	45.95	1.2	0.999288	19.8045	1.24732	773.76	0.96514	3.28	0
275	11:46:17.37	0.0360	20.52050	22.25	45.95	1.2	0.999312	19.8051	1.24732	773.78	0.96514	3.28	0
276	11:46:17.67	0.0370	20.52015	22.25	45.95	1.2	0.999294	19.8046	1.24732	773.76	0.96513	3.28	0
277	11:46:17.97	0.0380	20.51980	22.25	45.95	1.2	0.999276	19.8041	1.24732	773.76	0.96512	3.28	0
278	11:46:18.27	0.0370	20.52022	22.25	45.95	1.2	0.999300	19.8045	1.24732	773.76	0.96512	3.28	0
279	11:46:18.57	0.0370	20.52022	22.25	45.95	1.2	0.999300	19.8045	1.24732	773.76	0.96512	3.28	0
280	11:46:18.87	0.0380	20.51980	22.25	45.95	1.2	0.999276	19.8041	1.24732	773.76	0.96512	3.28	0
281	11:46:19.17	0.0350	20.52085	22.25	45.95	1.2	0.999330	19.8051	1.24732	773.76	0.96512	3.28	0
282	11:46:19.47	0.0370	20.52022	22.25	45.95	1.2	0.999300	19.8050	1.24732	773.78	0.96515	3.28	0
283	11:46:19.77	0.0365	20.52036	22.25	45.95	1.2	0.999306	19.8047	1.24732	773.76	0.96512	3.28	0
284	11:46:20.07	0.0370	20.52022	22.25	45.95	1.2	0.999300	19.8048	1.24732	773.78	0.96514	3.28	0
285	11:46:20.37	0.0340	20.52127	22.25	45.95	1.2	0.999348	19.8050	1.24728	773.76	0.96510	3.28	0
286	11:46:20.67	0.0380	20.51980	22.25	45.95	1.2	0.999276	19.8047	1.24732	773.78	0.96515	3.28	0
287	11:46:20.97	0.0360	20.52064	22.25	45.95	1.2	0.999318	19.8042	1.24728	773.74	0.96508	3.28	0
288	11:46:21.27	0.0340	20.52134	22.25	45.95	1.2	0.999354	19.8054	1.24732	773.76	0.96511	3.28	0
289	11:46:21.57	0.0345	20.52106	22.25	45.95	1.2	0.999342	19.8044	1.24728	773.76	0.96508	3.28	0
290	11:46:21.87	0.0360	20.52064	22.25	45.95	1.2	0.999318	19.8046	1.24728	773.76	0.96511	3.28	0
291	11:46:22.17	0.0370	20.52015	22.25	45.95	1.2	0.999294	19.8047	1.24732	773.76	0.96513	3.28	0
292	11:46:22.47	0.0365	20.52043	22.25	45.95	1.2	0.999312	19.8046	1.24732	773.76	0.96512	3.28	0
293	11:46:22.77	0.0365	20.52029	22.25	45.95	1.2	0.999300	19.8046	1.24732	773.76	0.96512	3.28	0
294	11:46:23.07	0.0360	20.52064	22.24	45.95	1.2	0.999318	19.8047	1.24728	773.76	0.96511	3.28	0
295	11:46:23.37	0.0385	20.51973	22.24	45.95	1.2	0.999270	19.8045	1.24732	773.78	0.96514	3.28	0
296	11:46:23.67	0.0345	20.52113	22.25	45.95	1.2	0.999342	19.8052	1.24732	773.76	0.96511	3.28	0
297	11:46:23.97	0.0380	20.51987	22.25	45.95	1.2	0.999282	19.8047	1.24732	773.78	0.96515	3.28	0
298	11:46:24.27	0.0375	20.52001	22.25	45.95	1.2	0.999288	19.8045	1.24732	773.76	0.96513	3.28	0
299	11:46:24.57	0.0375	20.52001	22.25	45.95	1.2	0.999288	19.8042	1.24732	773.76	0.96511	3.28	0
300	11:46:24.87	0.0370	20.52022	22.25	45.95	1.2	0.999300	19.8049	1.24732	773.76	0.96514	3.28	0
301	11:46:25.17	0.0375	20.52001	22.25	45.95	1.2	0.999288	19.8050	1.24732	773.78	0.96515	3.28	0
302	11:46:25.47	0.0360	20.52057	22.25	45.95	1.2	0.999312	19.8050	1.24732	773.76	0.96512	3.28	0
303	11:46:25.77	0.0375	20.51987	22.25	45.95	1.2	0.999282	19.8050	1.24732	773.78	0.96516	3.28	0
304	11:46:26.07	0.0365	20.52036	22.25	45.95	1.2	0.999306	19.8053	1.24732	773.78	0.96515	3.28	0
305	11:46:26.37	0.0390	20.51945	22.25	45.95	1.2	0.999264	19.8047	1.24732	773.78	0.96517	3.28	0
306	11:46:26.67	0.0380	20.51973	22.25	45.95	1.2	0.999276	19.8046	1.24732	773.78	0.96515	3.28	0
307	11:46:26.97	0.0360	20.52050	22.25	45.95	1.2	0.999312	19.8049	1.24732	773.76	0.96512	3.28	0
308	11:46:27.27	0.0370	20.52015	22.25	45.95	1.2	0.999294	19.8042	1.24732	773.76	0.96511	3.28	0
309	11:46:27.57	0.0355	20.52078	22.25	45.95	1.2	0.999324	19.8053	1.24732	773.78	0.96514	3.28	0
310	11:46:27.87	0.0365	20.52050	22.24	45.95	1.2	0.999306	19.8047	1.24732	773.76	0.96512	3.28	0
311	11:46:28.17	0.0375	20.52001	22.24	45.95	1.2	0.999282	19.8040	1.24728	773.76	0.96511	3.28	0
312	11:46:28.47	0.0390	20.51945	22.25	45.95	1.2	0.999264	19.8043	1.24732	773.76	0.96515	3.28	0
313	11:46:28.77	0.0380	20.51980	22.25	45.95	1.2	0.999282	19.8043	1.24732	773.76	0.96513	3.28	0
314	11:46:29.07	0.0360	20.52064	22.24	45.95	1.2	0.999318	19.8057	1.24732	773.78	0.96515	3.28	0
315	11:46:29.37	0.0385	20.51973	22.24	45.95	1.2	0.999270	19.8045	1.24732	773.78	0.96515	3.28	0
316	11:46:29.67	0.0385	20.51952	22.25	45.95	1.2	0.999264	19.8046	1.24732	773.78	0.96516	3.28	0
317	11:46:29.97	0.0385	20.51959	22.25	45.95	1.2	0.999270	19.8046	1.24732	773.78	0.96515	3.28	0
318	11:46:30.27	0.0370	20.52036	22.24	45.95	1.2	0.999300	19.8047	1.24732	773.76	0.96513	3.28	0
319	11:46:30.57	0.0360	20.52071	22.24	45.95	1.2	0.999318	19.8043	1.24728	773.74	0.96509	3.28	0
320	11:46:30.87	0.0385	20.51966	22.25	45.95	1.2	0.999270	19.8038	1.24732	773.76	0.96512	3.28	0
321	11:46:31.17	0.0350	20.52085	22.25	45.95	1.2	0.999330	19.8040	1.24728	773.74	0.96506	3.28	0
322	11:46:31.47	0.0375	20.51994	22.25	45.95	1.2	0.999282	19.8040	1.24728	773.76	0.96511	3.28	0
323	11:46:31.77	0.0365	20.52036	22.25	45.95	1.2	0.999306	19.8045	1.24732	773.76	0.96512	3.28	0
324	11:46:32.07	0.0360	20.52050	22.25	45.95	1.2	0.999312	19.8045	1.24732	773.76	0.96511	3.28	0
325	11:46:32.37	0.0360	20.52050	22.25	45.95	1.2	0.999312	19.8042	1.24728	773.76	0.96509	3.28	0
326	11:46:32.67	0.0360	20.52064	22.25	45.95	1.2	0.999318	19.8043	1.24728	773.76	0.96509	3.28	0
327	11:46:32.97	0.0360	20.52050	22.25	45.95	1.2	0.999312	19.8046	1.24728	773.76	0.96511	3.28	0
328	11:46:33.27	0.0370	20.52029	22.24	45.95	1.2	0.999300	19.8039	1.24728	773.74	0.96509	3.28	0
329	11:46:33.57	0.0370	20.52036	22.24	45.95	1.2	0.999300	19.8045	1.24732	773.76	0.96511	3.28	0
330	11:46:33.87	0.0360	20.52043	22.25	45.95	1.2	0.999312	19.8040	1.24728	773.74	0.96508	3.28	0
331	11:46:34.17	0.0370	20.52022	22.25	45.95	1.2	0.999300	19.8052	1.24732	773.78	0.96515	3.28	0
332	11:46:34.47	0.0365	20.52036	22.25	45.95	1.2	0.999306	19.8046	1.24732	773.76	0.96512	3.28	0
333	11:46:34.77	0.0345	20.52120	22.25	45.95	1.2	0.999342	19.8049	1.24728	773.76	0.96509	3.28	0
334	11:46:35.07	0.0365	20.52043	22.24	45.95	1.2	0.999306	19.8047	1.24732	773.76	0.96512	3.28	0
335	11:46:35.37	0.0365	20.52043	22.24	45.95	1.2	0.999306	19.8042	1.24728	773.74	0.96509	3.28	0
336	11:46:35.67	0.0355	20.52085	22.24	45.95	1.2	0.999324	19.8045	1.24728	773.76	0.96509	3.28	0
337	11:46:35.97	0.0365	20.52043	22.24	45.95	1.2	0.999306	19.8045	1.24728	773.76	0.96511	3.28	0
338	11:46:36.27	0.0375	20.52001	22.25	45.95	1.2	0.999288	19.8043	1.24732	773.76	0.96512	3.28	0
339	11:46:36.57	0.0360	20.52057	22.25	45.95	1.2	0.999318	19.8046	1.24732	773.76	0.96511	3.28	0
340	11:46:36.87	0.0365	20.52050	22.24	45.95	1.2	0.999306	19.8046	1.24728	773.76	0.96511	3.28	0
341	11:46:37.17	0.0355	20.52085	22.24	45.95	1.2	0.999324	19.8042	1.24728	773.74	0.96508	3.28	0
342	11:46:37.47	0.0375	20.52008	22.24	45.95	1.2	0.999288	19.8043	1.24732	773.76	0.96511	3.28	0
343	11:46:37.77	0.0370	20.52022	22.24	45.95	1.2	0.999294	19.8039	1.24728	773.74	0.96509	3.28	0
344	11:46:38.07	0.0390	20.51938	22.24	45.95	1.2	0.999252	19.8041	1.24732	773.78	0.96514	3.28	0
345	11:46:38.37	0.0355	20.52078	22.24	45.95	1.2	0.999324	19.8043	1.24728	773.76	0.96509	3.28	0
346	11:46:38.67	0.0370	20.52022	22.24	45.95	1.2	0.999294	19.8043	1.24732	773.76	0.96511	3.28	0
347	11:46:38.97	0.0365	20.52057	22.24	45.95	1.2	0.999312	19.8044	1.24728	773.76	0.96510	3.28	0
348	11:46:39.27	0.0365	20.52043	22.24	45.95	1.2	0.999306	19.8042	1.24728	773.76	0.96510	3.28	0
349	11:46:39.57	0.0370	20.52029	22.24	45.95	1.2	0.999294	19.8046	1.24732	773.76	0.96512	3.28	0
350	11:46:39.87	0.0360	20.52064	22.24	45.95	1.2	0.999318	19.8047	1.24732	773.76	0.96511	3.28	0
351	11:46:40.17	0.0385	20.51966	22.24	45.95	1.2	0.999264	19.8040	1.24732	773.76	0.96512	3.28	0
352	11:46:40.47	0.0370	20.52022	22.24	45.95	1.2	0.999294	19.8041	1.24728	773.76	0.96510	3.28	0
353	11:46:40.77	0.0380	20.51994	22.24	45.95	1.2	0.999282	19.8044	1.24732	773.76	0.96513	3.28	0
354	11:46:41.07	0.0365	20.52036	22.24	45.95	1.2	0.999300	19.8048	1.24732	773.76	0.96513	3.28	0
355	11:46:41.37	0.0345	20.52127	22.24	45.95	1.2	0.999348	19.8047	1.24728	773.76	0.96508	3.28	0
356	11:46:41.67	0.0365	20.52050	22.24	45.95	1.2	0.999306	19.8041	1.24728	773.76	0.96509	3.28	0
357	11:46:41.97	0.0375	20.52008	22.24	45.95	1.2	0.999288	19.8043	1.24732	773.76	0.96512	3.28	0
358	11:46:42.27	0.0375	20.52008	22.24	45.95	1.2	0.999288	19.8043	1.24732	773.76	0.96512	3.28	0
359	11:46:42.57	0.0360	20.52064	22.24	45.95	1.2	0.999318	19.8046	1.24728	773.76	0.96511	3.28	0
360	11:46:42.87	0.0360	20.52071	22.24	45.95	1.2	0.999318	19.8042	1.24728	773.74	0.96508	3.28	0
361	11:46:43.17	0.0365	20.52043	22.24	45.95	1.2	0.999306	19.8043	1.24728	773.76	0.96510	3.28	0
362	11:46:43.47	0.0360	20.52071	22.24	45.95	1.2	0.999318	19.8052	1.24732	773.76	0.96513	3.28	0
363	11:46:43.77	0.0365	20.52050	22.24	45.95	1.2	0.999312	19.8043	1.24728	773.76	0.96509	3.28	0
364	11:46:44.07	0.0360	20.52071	22.24	45.95	1.2	0.999318	19.8040	1.24728	773.74	0.96508	3.28	0
365	11:46:44.37	0.0375	20.52001	22.24	45.95	1.2	0.999282	19.8038	1.24728	773.76	0.96509	3.28	0
366	11:46:44.67	0.0360	20.52071	22.24	45.95	1.2	0.999318	19.8045	1.24728	773.76	0.96510	3.28	0
367	11:46:44.97	0.0385	20.51973	22.24	45.95	1.2	0.999270	19.8040	1.24732	773.76	0.96512	3.28	0
368	11:46:45.27	0.0355	20.52092	22.24	45.95	1.2	0.999330	19.8043	1.24728	773.74	0.96508	3.28	0
369	11:46:45.57	0.0360	20.52071	22.24	45.95	1.2	0.999318	19.8046	1.24728	773.76	0.96511	3.28	0
370	11:46:45.87	0.0370	20.52029	22.24	45.95	1.2	0.999300	19.8038	1.24728	773.74	0.96509	3.28	0
371	11:46:46.17	0.0360	20.52071	22.24	45.95	1.2	0.999318	19.8045	1.24728	773.74	0.96509	3.28	0
372	11:46:46.47	0.0370	20.52029	22.24	45.95	1.2	0.999300	19.8045	1.24728	773.76	0.96512	3.28	0
373	11:46:46.77	0.0380	20.51994	22.24	45.95	1.2	0.999276	19.8043	1.24732	773.76	0.96512	3.28	0
374	11:46:47.07	0.0350	20.52099	22.24	45.95	1.2	0.999330	19.8045	1.24728	773.74	0.96508	3.28	0
375	11:46:47.37	0.0375	20.52008	22.24	45.95	1.2	0.999288	19.8044	1.24732	773.76	0.96512	3.28	0
376	11:46:47.67	0.0370	20.52036	22.24	45.95	1.2	0.999300	19.8044	1.24732	773.76	0.96511	3.28	0
377	11:46:47.97	0.0375	20.52008	22.24	45.95	1.2	0.999288	19.8048	1.24732	773.78	0.96514	3.28	0
378	11:46:48.27	0.0365	20.52057	22.24	45.95	1.2	0.999312	19.8040	1.24728	773.74	0.96508	3.28	0
379	11:46:48.57	0.0370	20.52029	22.24	45.95	1.2	0.999300	19.8045	1.24732	773.76	0.96512	3.28	0
380	11:46:48.87	0.0360	20.52071	22.24	45.95	1.2	0.999318	19.8044	1.24728	773.76	0.96509	3.28	0
381	11:46:49.17	0.0360	20.52064	22.24	45.95	1.2	0.999312	19.8043	1.24728	773.74	0.96509	3.28	0
382	11:46:49.46	0.0360	20.52071	22.24	45.95	1.2	0.999318	19.8042	1.24728	773.74	0.96508	3.28	0
383	11:46:49.77	0.0370	20.52036	22.24	45.95	1.2	0.999300	19.8041	1.24728	773.76	0.96510	3.28	0
384	11:46:50.07	0.0365	20.52036	22.24	45.95	1.2	0.999300	19.8045	1.24732	773.76	0.96512	3.28	0
385	11:46:50.37	0.0355	20.52078	22.24	45.95	1.2	0.999318	19.8045	1.24728	773.76	0.96509	3.28	0
386	11:46:50.67	0.0355	20.52078	22.24	45.95	1.2	0.999324	19.8042	1.24728	773.74	0.96508	3.28	0
387	11:46:50.97	0.0385	20.51973	22.24	45.95	1.2	0.999270	19.8040	1.24732	773.76	0.96512	3.28	0
388	11:46:51.27	0.0370	20.52022	22.24	45.95	1.2	0.999294	19.8049	1.24732	773.78	0.96514	3.28	0
389	11:46:51.57	0.0370	20.52036	22.24	45.95	1.2	0.999300	19.8046	1.24732	773.76	0.96512	3.28	0
390	11:46:51.87	0.0375	20.51994	22.25	45.95	1.2	0.999288	19.8039	1.24732	773.76	0.96511	3.28	0
391	11:46:52.17	0.0355	20.52085	22.25	45.95	1.2	0.999330	19.8043	1.24728	773.76	0.96508	3.28	0
392	11:46:52.47	0.0370	20.52036	22.24	45.95	1.2	0.999300	19.8043	1.24732	773.76	0.96511	3.28	0
393	11:46:52.77	0.0350	20.52092	22.24	45.95	1.2	0.999330	19.8054	1.24732	773.76	0.96514	3.28	0
394	11:46:53.07	0.0350	20.52113	22.24	45.95	1.2	0.999336	19.8048	1.24728	773.74	0.96509	3.28	0
395	11:46:53.37	0.0380	20.51994	22.24	45.95	1.2	0.999282	19.8041	1.24732	773.76	0.96511	3.28	0
396	11:46:53.67	0.0380	20.51987	22.24	45.95	1.2	0.999276	19.8042	1.24732	773.76	0.96512	3.28	0
397	11:46:53.97	0.0370	20.52036	22.24	45.95	1.2	0.999300	19.8047	1.24732	773.76	0.96512	3.28	0
398	11:46:54.26	0.0375	20.52015	22.24	45.95	1.2	0.999288	19.8038	1.24728	773.74	0.96509	3.28	0
399	11:46:54.56	0.0360	20.52071	22.24	45.95	1.2	0.999318	19.8045	1.24728	773.74	0.96510	3.28	0
400	11:46:54.87	0.0360	20.52071	22.24	45.95	1.2	0.999318	19.8050	1.24732	773.76	0.96512	3.28	0
401	11:46:55.17	0.0360	20.52064	22.24	45.95	1.2	0.999312	19.8052	1.24732	773.78	0.96514	3.28	0
402	11:46:55.47	0.0370	20.52036	22.24	45.95	1.2	0.999300	19.8046	1.24732	773.76	0.96512	3.28	0
403	11:46:55.76	0.0385	20.51966	22.24	45.95	1.2	0.999264	19.8040	1.24732	773.76	0.96512	3.28	0
404	11:46:56.07	0.0370	20.52022	22.24	45.95	1.2	0.999294	19.8040	1.24728	773.76	0.96510	3.28	0
405	11:46:56.37	0.0380	20.51980	22.24	45.95	1.2	0.999276	19.8043	1.24732	773.76	0.96514	3.28	0
406	11:46:56.67	0.0345	20.52120	22.24	45.95	1.2	0.999342	19.8046	1.24728	773.76	0.96508	3.28	0
407	11:46:56.97	0.0370	20.52036	22.24	45.95	1.2	0.999300	19.8056	1.24732	773.78	0.96517	3.28	0
408	11:46:57.27	0.0355	20.52085	22.24	45.95	1.2	0.999324	19.8049	1.24732	773.76	0.96511	3.28	0
409	11:46:57.57	0.0380	20.51994	22.24	45.95	1.2	0.999282	19.8047	1.24732	773.76	0.96514	3.28	0
410	11:46:57.87	0.0365	20.52043	22.24	45.95	1.2	0.999306	19.8045	1.24732	773.76	0.96511	3.28	0
411	11:46:58.17	0.0360	20.52064	22.24	45.95	1.2	0.999312	19.8050	1.24732	773.76	0.96512	3.28	0
412	11:46:58.46	0.0370	20.52036	22.24	45.95	1.2	0.999300	19.8047	1.24732	773.76	0.96512	3.28	0
413	11:46:58.77	0.0370	20.52029	22.24	45.95	1.2	0.999300	19.8047	1.24732	773.76	0.96513	3.28	0
414	11:46:59.07	0.0360	20.52057	22.24	45.95	1.2	0.999312	19.8047	1.24732	773.76	0.96511	3.28	0
415	11:46:59.37	0.0370	20.52015	22.24	45.95	1.2	0.999294	19.8045	1.24732	773.76	0.96512	3.28	0
416	11:46:59.67	0.0360	20.52071	22.24	45.95	1.2	0.999318	19.8043	1.24728	773.74	0.96509	3.28	0
417	11:46:59.97	0.0360	20.52071	22.24	45.95	1.2	0.999318	19.8042	1.24728	773.74	0.96508	3.28	0
418	11:47:00.27	0.0365	20.52036	22.24	45.95	1.2	0.999300	19.8045	1.24732	773.76	0.96512	3.28	0
419	11:47:00.57	0.0380	20.51980	22.24	45.95	1.2	0.999276	19.8049	1.24732	773.78	0.96516	3.28	0
420	11:47:00.87	0.0360	20.52057	22.24	45.95	1.2	0.999312	19.8047	1.24732	773.76	0.96512	3.28	0
421	11:47:01.17	0.0370	20.52015	22.24	45.95	1.2	0.999294	19.8047	1.24732	773.78	0.96514	3.28	0
422	11:47:01.47	0.0365	20.52036	22.24	45.95	1.2	0.999300	19.8045	1.24732	773.76	0.96511	3.28	0
423	11:47:01.76	0.0355	20.52078	22.24	45.95	1.2	0.999324	19.8045	1.24728	773.76	0.96509	3.28	0
424	11:47:02.06	0.0365	20.52043	22.24	45.95	1.2	0.999306	19.8045	1.24732	773.76	0.96511	3.28	0
425	11:47:02.37	0.0380	20.51980	22.24	45.95	1.2	0.999270	19.8047	1.24732	773.78	0.96515	3.28	0
426	11:47:02.66	0.0360	20.52071	22.24	45.95	1.2	0.999318	19.8045	1.24728	773.76	0.96510	3.28	0
427	11:47:02.97	0.0360	20.52064	22.24	45.95	1.2	0.999318	19.8053	1.24732	773.78	0.96514	3.28	0
428	11:47:03.27	0.0350	20.52106	22.24	45.95	1.2	0.999336	19.8043	1.24728	773.74	0.96507	3.28	0
429	11:47:03.57	0.0370	20.52036	22.24	45.95	1.2	0.999300	19.8043	1.24728	773.76	0.96510	3.28	0
430	11:47:03.86	0.0380	20.51987	22.24	45.95	1.2	0.999276	19.8041	1.24732	773.76	0.96512	3.28	0
431	11:47:04.17	0.0375	20.52008	22.24	45.95	1.2	0.999288	19.8041	1.24728	773.76	0.96511	3.28	0
432	11:47:04.46	0.0375	20.52008	22.24	45.95	1.2	0.999288	19.8041	1.24732	773.76	0.96511	3.28	0
433	11:47:04.77	0.0370	20.52022	22.24	45.95	1.2	0.999294	19.8038	1.24728	773.74	0.96509	3.28	0
434	11:47:05.07	0.0380	20.51994	22.24	45.95	1.2	0.999282	19.8043	1.24732	773.76	0.96513	3.28	0
435	11:47:05.36	0.0355	20.52078	22.24	45.95	1.2	0.999324	19.8040	1.24728	773.74	0.96507	3.28	0
436	11:47:05.67	0.0375	20.52001	22.24	45.95	1.2	0.999282	19.8034	1.24728	773.74	0.96508	3.28	0
437	11:47:05.97	0.0355	20.52078	22.24	45.95	1.2	0.999324	19.8043	1.24728	773.74	0.96508	3.28	0
438	11:47:06.26	0.0375	20.52015	22.24	45.95	1.2	0.999288	19.8040	1.24728	773.76	0.96510	3.28	0
439	11:47:06.56	0.0380	20.51994	22.24	45.95	1.2	0.999282	19.8039	1.24732	773.76	0.96511	3.28	0
440	11:47:06.86	0.0365	20.52050	22.24	45.95	1.2	0.999306	19.8040	1.24728	773.74	0.96508	3.28	0
441	11:47:07.16	0.0370	20.52036	22.24	45.95	1.2	0.999300	19.8038	1.24728	773.74	0.96508	3.28	0
442	11:47:07.47	0.0365	20.52050	22.24	45.95	1.2	0.999306	19.8034	1.24728	773.74	0.96506	3.28	0
443	11:47:07.77	0.0355	20.52085	22.24	45.95	1.2	0.999324	19.8045	1.24728	773.76	0.96509	3.28	0
444	11:47:08.07	0.0360	20.52057	22.24	45.95	1.2	0.999312	19.8040	1.24728	773.74	0.96508	3.28	0
445	11:47:08.36	0.0385	20.51966	22.24	45.95	1.2	0.999270	19.8039	1.24732	773.76	0.96512	3.28	0
446	11:47:08.66	0.0370	20.52022	22.24	45.95	1.2	0.999294	19.8039	1.24732	773.74	0.96509	3.28	0
447	11:47:08.97	0.0365	20.52050	22.24	45.95	1.2	0.999306	19.8047	1.24732	773.76	0.96512	3.28	0
448	11:47:09.27	0.0365	20.52057	22.24	45.95	1.2	0.999312	19.8043	1.24728	773.76	0.96509	3.28	0
449	11:47:09.57	0.0370	20.52029	22.24	45.95	1.2	0.999294	19.8044	1.24732	773.76	0.96511	3.28	0
450	11:47:09.87	0.0355	20.52078	22.24	45.95	1.2	0.999324	19.8043	1.24728	773.74	0.96509	3.28	0
451	11:47:10.17	0.0370	20.52022	22.24	45.95	1.2	0.999294	19.8039	1.24728	773.74	0.96509	3.28	0
452	11:47:10.46	0.0355	20.52085	22.23	45.95	1.2	0.999318	19.8041	1.24728	773.74	0.96508	3.28	0
453	11:47:10.76	0.0355	20.52099	22.23	45.95	1.2	0.999330	19.8045	1.24728	773.74	0.96508	3.28	0
454	11:47:11.06	0.0350	20.52113	22.24	45.95	1.2	0.999336	19.8035	1.24724	773.72	0.96503	3.28	0
455	11:47:11.37	0.0375	20.51994	22.24	45.95	1.2	0.999282	19.8041	1.24732	773.76	0.96512	3.28	0
456	11:47:11.66	0.0365	20.52043	22.24	45.95	1.2	0.999300	19.8035	1.24728	773.74	0.96506	3.28	0
457	11:47:11.97	0.0355	20.52078	22.24	45.95	1.2	0.999324	19.8043	1.24732	773.74	0.96508	3.28	0
458	11:47:12.26	0.0370	20.52015	22.24	45.95	1.2	0.999294	19.8040	1.24732	773.74	0.96510	3.28	0
459	11:47:12.57	0.0355	20.52078	22.24	45.99	1.2	0.999324	19.8034	1.24724	773.74	0.96505	3.28	0
460	11:47:12.86	0.0345	20.52134	22.23	45.99	1.2	0.999348	19.8044	1.24728	773.74	0.96506	3.28	0
461	11:47:13.16	0.0365	20.52043	22.23	45.99	1.2	0.999300	19.8034	1.24728	773.74	0.96506	3.28	0
462	11:47:13.46	0.0375	20.52008	22.23	45.99	1.2	0.999288	19.8033	1.24728	773.74	0.96507	3.28	0
463	11:47:13.76	0.0380	20.52001	22.23	45.99	1.2	0.999282	19.8035	1.24728	773.74	0.96508	3.28	0
464	11:47:14.06	0.0370	20.52015	22.24	45.99	1.2	0.999294	19.8040	1.24728	773.76	0.96511	3.28	0
465	11:47:14.36	0.0380	20.51987	22.24	45.95	1.2	0.999276	19.8038	1.24732	773.76	0.96511	3.28	0
466	11:47:14.67	0.0370	20.52029	22.23	45.95	1.2	0.999294	19.8035	1.24728	773.74	0.96507	3.28	0
467	11:47:14.96	0.0365	20.52050	22.23	45.99	1.2	0.999306	19.8038	1.24728	773.76	0.96508	3.28	0
468	11:47:15.26	0.0360	20.52064	22.24	45.99	1.2	0.999318	19.8030	1.24724	773.72	0.96503	3.28	0
469	11:47:15.57	0.0360	20.52057	22.24	45.99	1.2	0.999312	19.8035	1.24728	773.74	0.96505	3.28	0
470	11:47:15.86	0.0385	20.51966	22.24	45.99	1.2	0.999270	19.8036	1.24728	773.76	0.96510	3.28	0
471	11:47:16.17	0.0350	20.52092	22.24	45.99	1.2	0.999330	19.8036	1.24728	773.72	0.96505	3.28	0
472	11:47:16.46	0.0365	20.52036	22.24	45.99	1.2	0.999306	19.8042	1.24728	773.76	0.96510	3.28	0
473	11:47:16.77	0.0370	20.52029	22.24	45.99	1.2	0.999300	19.8038	1.24728	773.74	0.96509	3.28	0
474	11:47:17.06	0.0365	20.52043	22.24	45.99	1.2	0.999306	19.8038	1.24728	773.74	0.96508	3.28	0
475	11:47:17.37	0.0380	20.51980	22.24	45.99	1.2	0.999276	19.8038	1.24732	773.76	0.96511	3.28	0
476	11:47:17.66	0.0355	20.52078	22.24	45.99	1.2	0.999324	19.8041	1.24728	773.74	0.96508	3.28	0
477	11:47:17.97	0.0380	20.51980	22.24	45.99	1.2	0.999276	19.8045	1.24732	773.76	0.96514	3.28	0
478	11:47:18.26	0.0355	20.52078	22.24	45.99	1.2	0.999324	19.8043	1.24728	773.74	0.96509	3.28	0
479	11:47:18.56	0.0355	20.52085	22.24	45.99	1.2	0.999330	19.8045	1.24728	773.76	0.96509	3.28	0
480	11:47:18.86	0.0395	20.51945	22.23	45.99	1.2	0.999252	19.8040	1.24732	773.76	0.96514	3.28	0
481	11:47:19.16	0.0360	20.52064	22.23	45.99	1.2	0.999312	19.8038	1.24728	773.74	0.96507	3.28	0
482	11:47:19.46	0.0370	20.52022	22.23	45.99	1.2	0.999294	19.8038	1.24728	773.74	0.96508	3.28	0
483	11:47:19.76	0.0380	20.52001	22.23	45.99	1.2	0.999282	19.8047	1.24732	773.76	0.96514	3.28	0
484	11:47:20.07	0.0370	20.52036	22.23	45.99	1.2	0.999300	19.8047	1.24728	773.78	0.96512	3.28	0
485	11:47:20.36	0.0355	20.52092	22.23	45.99	1.2	0.999324	19.8043	1.24728	773.74	0.96508	3.28	0
486	11:47:20.66	0.0375	20.52008	22.23	45.99	1.2	0.999288	19.8045	1.24732	773.76	0.96513	3.28	0
487	11:47:20.97	0.0370	20.52036	22.23	45.99	1.2	0.999300	19.8040	1.24728	773.74	0.96509	3.28	0
488	11:47:21.26	0.0375	20.52015	22.23	45.99	1.2	0.999288	19.8040	1.24732	773.76	0.96510	3.28	0
489	11:47:21.56	0.0375	20.52008	22.23	45.99	1.2	0.999288	19.8033	1.24728	773.74	0.96507	3.28	0
490	11:47:21.86	0.0360	20.52071	22.23	45.99	1.2	0.999318	19.8034	1.24724	773.74	0.96505	3.28	0
491	11:47:22.16	0.0380	20.51994	22.23	45.99	1.2	0.999276	19.8040	1.24732	773.76	0.96511	3.28	0
492	11:47:22.46	0.0360	20.52057	22.23	45.99	1.2	0.999312	19.8041	1.24728	773.74	0.96509	3.28	0
493	11:47:22.76	0.0370	20.52036	22.23	45.99	1.2	0.999300	19.8042	1.24732	773.76	0.96510	3.28	0
494	11:47:23.07	0.0355	20.52085	22.23	45.99	1.2	0.999318	19.8039	1.24728	773.74	0.96506	3.28	0
495	11:47:23.36	0.0370	20.52022	22.23	45.99	1.2	0.999294	19.8038	1.24728	773.74	0.96509	3.28	0
496	11:47:23.66	0.0360	20.52071	22.23	45.99	1.2	0.999312	19.8036	1.24728	773.74	0.96505	3.28	0
497	11:47:23.96	0.0370	20.52036	22.23	45.99	1.2	0.999300	19.8032	1.24728	773.74	0.96505	3.28	0
498	11:47:24.26	0.0370	20.52022	22.24	45.99	1.2	0.999294	19.8033	1.24728	773.74	0.96506	3.28	0
499	11:47:24.56	0.0370	20.52015	22.24	45.99	1.2	0.999294	19.8036	1.24728	773.74	0.96508	3.28	0
500	11:47:24.86	0.0370	20.52029	22.23	45.99	1.2	0.999294	19.8036	1.24728	773.74	0.96507	3.28	0
501	11:47:25.16	0.0345	20.52120	22.23	45.99	1.2	0.999342	19.8041	1.24728	773.74	0.96505	3.28	0
502	11:47:25.46	0.0370	20.52036	22.23	45.99	1.2	0.999300	19.8038	1.24728	773.74	0.96508	3.28	0
503	11:47:25.76	0.0375	20.52022	22.23	45.99	1.2	0.999288	19.8036	1.24728	773.74	0.96508	3.28	0
504	11:47:26.06	0.0380	20.52001	22.23	45.99	1.2	0.999282	19.8036	1.24728	773.74	0.96508	3.28	0
505	11:47:26.36	0.0360	20.52071	22.23	45.99	1.2	0.999318	19.8036	1.24728	773.72	0.96506	3.28	0
506	11:47:26.66	0.0355	20.52078	22.24	45.99	1.2	0.999324	19.8033	1.24728	773.72	0.96504	3.28	0
507	11:47:26.97	0.0360	20.52057	22.24	45.99	1.2	0.999312	19.8030	1.24724	773.72	0.96503	3.28	0
508	11:47:27.27	0.0370	20.52022	22.23	45.99	1.2	0.999294	19.8036	1.24728	773.74	0.96508	3.28	0
509	11:47:27.56	0.0355	20.52085	22.23	45.99	1.2	0.999324	19.8037	1.24728	773.72	0.96505	3.28	0
510	11:47:27.86	0.0365	20.52050	22.23	45.99	1.2	0.999306	19.8034	1.24728	773.72	0.96506	3.28	0
511	11:47:28.17	0.0355	20.52085	22.23	45.99	1.2	0.999324	19.8043	1.24728	773.74	0.96508	3.28	0
512	11:47:28.46	0.0375	20.52008	22.23	45.99	1.2	0.999282	19.8031	1.24728	773.74	0.96506	3.28	0
513	11:47:28.76	0.0345	20.52127	22.23	45.99	1.2	0.999342	19.8045	1.24728	773.74	0.96507	3.28	0
514	11:47:29.06	0.0355	20.52092	22.23	45.99	1.2	0.999330	19.8040	1.24728	773.74	0.96506	3.28	0
515	11:47:29.36	0.0360	20.52064	22.23	45.99	1.2	0.999312	19.8033	1.24728	773.72	0.96505	3.28	0
516	11:47:29.66	0.0370	20.52022	22.23	45.99	1.2	0.999294	19.8031	1.24728	773.74	0.96506	3.28	0
517	11:47:29.96	0.0345	20.52127	22.23	45.99	1.2	0.999342	19.8040	1.24728	773.74	0.96505	3.28	0
518	11:47:30.26	0.0360	20.52064	22.23	45.99	1.2	0.999312	19.8039	1.24728	773.74	0.96508	3.28	0
519	11:47:30.56	0.0365	20.52057	22.23	45.99	1.2	0.999306	19.8031	1.24724	773.72	0.96504	3.28	0
520	11:47:30.86	0.0360	20.52071	22.23	45.99	1.2	0.999318	19.8033	1.24728	773.72	0.96504	3.28	0
521	11:47:31.16	0.0340	20.52148	22.23	45.99	1.2	0.999354	19.8030	1.24724	773.70	0.96499	3.28	0
522	11:47:31.46	0.0380	20.51994	22.23	45.99	1.2	0.999282	19.8033	1.24728	773.74	0.96508	3.28	0
523	11:47:31.76	0.0370	20.52036	22.23	45.99	1.2	0.999300	19.8035	1.24728	773.74	0.96506	3.28	0
524	11:47:32.06	0.0360	20.52078	22.23	45.99	1.2	0.999318	19.8031	1.24724	773.72	0.96502	3.28	0
525	11:47:32.36	0.0360	20.52078	22.23	45.99	1.2	0.999318	19.8036	1.24728	773.72	0.96505	3.28	0
526	11:47:32.66	0.0365	20.52043	22.23	45.99	1.2	0.999300	19.8040	1.24728	773.74	0.96509	3.28	0
527	11:47:32.96	0.0380	20.51994	22.23	45.99	1.2	0.999276	19.8032	1.24728	773.74	0.96507	3.28	0
528	11:47:33.27	0.0375	20.52008	22.23	45.99	1.2	0.999282	19.8033	1.24728	773.74	0.96508	3.28	0
529	11:47:33.56	0.0370	20.52022	22.23	45.99	1.2	0.999294	19.8034	1.24728	773.74	0.96507	3.28	0
530	11:47:33.86	0.0380	20.51994	22.23	45.99	1.2	0.999276	19.8036	1.24728	773.74	0.96509	3.28	0
531	11:47:34.16	0.0360	20.52057	22.23	45.99	1.2	0.999312	19.8033	1.24728	773.72	0.96505	3.28	0
532	11:47:34.46	0.0365	20.52057	22.23	45.99	1.2	0.999306	19.8028	1.24724	773.72	0.96502	3.28	0
533	11:47:34.76	0.0360	20.52064	22.23	45.99	1.2	0.999312	19.8037	1.24728	773.74	0.96506	3.28	0
534	11:47:35.06	0.0370	20.52036	22.23	45.99	1.2	0.999300	19.8031	1.24728	773.74	0.96505	3.28	0
535	11:47:35.37	0.0365	20.52043	22.23	45.99	1.2	0.999306	19.8033	1.24728	773.74	0.96505	3.28	0
536	11:47:35.66	0.0360	20.52078	22.23	45.99	1.2	0.999318	19.8033	1.24728	773.72	0.96504	3.28	0
537	11:47:35.96	0.0365	20.52043	22.23	45.99	1.2	0.999300	19.8032	1.24728	773.72	0.96505	3.28	0
538	11:47:36.26	0.0345	20.52134	22.23	45.99	1.2	0.999342	19.8034	1.24724	773.72	0.96502	3.28	0
539	11:47:36.56	0.0370	20.52036	22.23	45.99	1.2	0.999300	19.8038	1.24728	773.74	0.96508	3.28	0
540	11:47:36.86	0.0370	20.52029	22.23	45.99	1.2	0.999294	19.8036	1.24728	773.74	0.96508	3.28	0
541	11:47:37.16	0.0350	20.52099	22.23	45.99	1.2	0.999330	19.8031	1.24724	773.72	0.96502	3.28	0
542	11:47:37.46	0.0370	20.52036	22.23	45.99	1.2	0.999300	19.8037	1.24728	773.74	0.96508	3.28	0
543	11:47:37.76	0.0385	20.51973	22.23	46.02	1.2	0.999270	19.8035	1.24732	773.74	0.96509	3.28	0
544	11:47:38.06	0.0340	20.52141	22.23	46.02	1.2	0.999348	19.8038	1.24728	773.72	0.96503	3.28	0
545	11:47:38.36	0.0350	20.52106	22.23	46.02	1.2	0.999336	19.8039	1.24728	773.72	0.96505	3.28	0
546	11:47:38.66	0.0360	20.52064	22.23	46.02	1.2	0.999312	19.8037	1.24728	773.74	0.96506	3.28	0
547	11:47:38.96	0.0370	20.52029	22.23	45.99	1.2	0.999294	19.8040	1.24732	773.74	0.96509	3.28	0
548	11:47:39.26	0.0365	20.52057	22.22	45.99	1.2	0.999300	19.8040	1.24732	773.74	0.96508	3.28	0
549	11:47:39.56	0.0380	20.52001	22.22	45.99	1.2	0.999276	19.8039	1.24728	773.76	0.96511	3.28	0
550	11:47:39.86	0.0345	20.52120	22.23	45.99	1.2	0.999342	19.8044	1.24728	773.74	0.96507	3.28	0
551	11:47:40.16	0.0370	20.52036	22.23	46.02	1.2	0.999300	19.8038	1.24728	773.74	0.96508	3.28	0
552	11:47:40.46	0.0380	20.51987	22.23	46.02	1.2	0.999276	19.8043	1.24736	773.74	0.96512	3.28	0
553	11:47:40.76	0.0370	20.52036	22.23	46.02	1.2	0.999300	19.8043	1.24732	773.76	0.96511	3.28	0
554	11:47:41.06	0.0355	20.52092	22.22	46.02	1.2	0.999324	19.8046	1.24728	773.74	0.96509	3.28	0
555	11:47:41.36	0.0350	20.52113	22.22	46.02	1.2	0.999330	19.8045	1.24728	773.74	0.96508	3.28	0
556	11:47:41.66	0.0375	20.52008	22.22	46.02	1.2	0.999282	19.8036	1.24728	773.74	0.96508	3.28	0
557	11:47:41.96	0.0355	20.52106	22.22	46.02	1.2	0.999330	19.8038	1.24728	773.72	0.96505	3.28	0
558	11:47:42.26	0.0345	20.52141	22.22	46.02	1.2	0.999348	19.8038	1.24724	773.72	0.96503	3.28	0
559	11:47:42.56	0.0370	20.52036	22.22	46.02	1.2	0.999294	19.8040	1.24728	773.74	0.96509	3.28	0
560	11:47:42.86	0.0380	20.51994	22.22	46.02	1.2	0.999276	19.8036	1.24732	773.74	0.96509	3.28	0
561	11:47:43.16	0.0365	20.52064	22.22	46.02	1.2	0.999306	19.8040	1.24728	773.74	0.96508	3.28	0
562	11:47:43.46	0.0360	20.52071	22.23	46.02	1.2	0.999318	19.8036	1.24728	773.74	0.96505	3.28	0
563	11:47:43.76	0.0385	20.51966	22.23	46.02	1.2	0.999264	19.8037	1.24732	773.76	0.96511	3.28	0
564	11:47:44.06	0.0360	20.52064	22.23	46.02	1.2	0.999312	19.8043	1.24732	773.74	0.96509	3.28	0
565	11:47:44.36	0.0360	20.52064	22.23	46.02	1.2	0.999312	19.8043	1.24728	773.76	0.96509	3.28	0
566	11:47:44.66	0.0365	20.52057	22.23	46.02	1.2	0.999312	19.8043	1.24732	773.74	0.96509	3.28	0
567	11:47:44.96	0.0360	20.52064	22.23	46.02	1.2	0.999312	19.8044	1.24732	773.74	0.96510	3.28	0
568	11:47:45.26	0.0365	20.52064	22.22	46.02	1.2	0.999312	19.8039	1.24728	773.74	0.96507	3.28	0
569	11:47:45.56	0.0375	20.52022	22.22	46.02	1.2	0.999288	19.8044	1.24732	773.76	0.96512	3.28	0
570	11:47:45.86	0.0375	20.52008	22.23	46.02	1.2	0.999288	19.8042	1.24732	773.76	0.96511	3.28	0
571	11:47:46.16	0.0375	20.52015	22.23	46.02	1.2	0.999288	19.8045	1.24732	773.76	0.96513	3.28	0
572	11:47:46.46	0.0385	20.51973	22.22	46.02	1.2	0.999264	19.8042	1.24732	773.76	0.96513	3.28	0
573	11:47:46.76	0.0360	20.52078	22.22	46.02	1.2	0.999312	19.8043	1.24728	773.74	0.96509	3.28	0
574	11:47:47.06	0.0360	20.52085	22.22	46.02	1.2	0.999318	19.8043	1.24728	773.74	0.96508	3.28	0
575	11:47:47.36	0.0365	20.52064	22.22	46.02	1.2	0.999312	19.8040	1.24728	773.74	0.96508	3.28	0
576	11:47:47.66	0.0370	20.52036	22.22	46.02	1.2	0.999300	19.8045	1.24732	773.74	0.96511	3.28	0
577	11:47:47.96	0.0370	20.52029	22.22	46.02	1.2	0.999294	19.8038	1.24728	773.74	0.96509	3.28	0
578	11:47:48.26	0.0355	20.52092	22.23	46.02	1.2	0.999330	19.8033	1.24724	773.72	0.96503	3.28	0
579	11:47:48.56	0.0360	20.52071	22.23	46.02	1.2	0.999318	19.8041	1.24728	773.74	0.96508	3.28	0
580	11:47:48.86	0.0375	20.52015	22.22	46.02	1.2	0.999288	19.8036	1.24728	773.74	0.96508	3.28	0
581	11:47:49.16	0.0375	20.52008	22.22	46.02	1.2	0.999282	19.8029	1.24728	773.74	0.96505	3.28	0
582	11:47:49.46	0.0385	20.51959	22.23	46.02	1.2	0.999264	19.8034	1.24728	773.76	0.96510	3.28	0
583	11:47:49.76	0.0355	20.52085	22.23	46.02	1.2	0.999324	19.8030	1.24724	773.72	0.96502	3.28	0
584	11:47:50.06	0.0355	20.52078	22.23	46.02	1.2	0.999318	19.8034	1.24728	773.72	0.96504	3.28	0
585	11:47:50.36	0.0370	20.52015	22.23	46.02	1.2	0.999294	19.8034	1.24728	773.74	0.96507	3.28	0
586	11:47:50.66	0.0360	20.52064	22.23	46.02	1.2	0.999312	19.8036	1.24728	773.74	0.96506	3.28	0
587	11:47:50.96	0.0390	20.51945	22.23	46.02	1.2	0.999258	19.8038	1.24732	773.76	0.96512	3.28	0
588	11:47:51.26	0.0370	20.52036	22.22	46.02	1.2	0.999294	19.8035	1.24728	773.74	0.96506	3.28	0
589	11:47:51.56	0.0385	20.51980	22.22	46.02	1.2	0.999270	19.8045	1.24732	773.76	0.96514	3.28	0
590	11:47:51.86	0.0380	20.51994	22.22	46.02	1.2	0.999276	19.8034	1.24732	773.74	0.96508	3.28	0
591	11:47:52.16	0.0370	20.52029	22.22	46.02	1.2	0.999294	19.8036	1.24728	773.74	0.96507	3.28	0
592	11:47:52.46	0.0380	20.52001	22.22	46.02	1.2	0.999276	19.8038	1.24732	773.76	0.96510	3.28	0
593	11:47:52.76	0.0370	20.52043	22.22	46.02	1.2	0.999300	19.8038	1.24728	773.74	0.96508	3.28	0
594	11:47:53.06	0.0370	20.52029	22.22	46.02	1.2	0.999294	19.8035	1.24728	773.74	0.96507	3.28	0
595	11:47:53.36	0.0345	20.52141	22.22	46.02	1.2	0.999348	19.8043	1.24728	773.74	0.96506	3.28	0
596	11:47:53.66	0.0355	20.52092	22.23	46.02	1.2	0.999330	19.8042	1.24728	773.74	0.96508	3.28	0
597	11:47:53.96	0.0360	20.52057	22.23	46.02	1.2	0.999312	19.8037	1.24728	773.74	0.96506	3.28	0
598	11:47:54.26	0.0355	20.52085	22.23	46.02	1.2	0.999324	19.8038	1.24728	773.74	0.96506	3.28	0
599	11:47:54.56	0.0345	20.52127	22.23	46.02	1.2	0.999348	19.8033	1.24724	773.72	0.96501	3.28	0
600	11:47:54.86	0.0360	20.52057	22.23	46.02	1.2	0.999312	19.8037	1.24728	773.74	0.96506	3.28	0
601	11:47:55.16	0.0365	20.52050	22.23	46.02	1.2	0.999306	19.8034	1.24728	773.74	0.96506	3.28	0
602	11:47:55.46	0.0355	20.52092	22.23	46.02	1.2	0.999330	19.8035	1.24728	773.72	0.96504	3.28	0
603	11:47:55.76	0.0380	20.51987	22.23	46.02	1.2	0.999276	19.8034	1.24728	773.74	0.96509	3.28	0
604	11:47:56.06	0.0355	20.52078	22.23	46.02	1.2	0.999324	19.8035	1.24728	773.72	0.96505	3.28	0
605	11:47:56.36	0.0345	20.52134	22.23	46.02	1.2	0.999348	19.8036	1.24728	773.72	0.96503	3.28	0
606	11:47:56.66	0.0360	20.52064	22.23	46.02	1.2	0.999312	19.8030	1.24724	773.72	0.96503	3.28	0
607	11:47:56.96	0.0350	20.52099	22.23	46.02	1.2	0.999330	19.8038	1.24728	773.72	0.96505	3.28	0
608	11:47:57.26	0.0355	20.52092	22.23	46.02	1.2	0.999330	19.8040	1.24728	773.74	0.96506	3.28	0
609	11:47:57.56	0.0360	20.52064	22.23	46.02	1.2	0.999312	19.8037	1.24728	773.74	0.96506	3.28	0
610	11:47:57.86	0.0370	20.52036	22.23	46.02	1.2	0.999300	19.8043	1.24732	773.74	0.96511	3.28	0
611	11:47:58.16	0.0370	20.52029	22.23	46.02	1.2	0.999300	19.8042	1.24732	773.74	0.96511	3.28	0
612	11:47:58.46	0.0365	20.52043	22.23	46.02	1.2	0.999306	19.8038	1.24728	773.74	0.96508	3.28	0
613	11:47:58.76	0.0360	20.52071	22.23	46.02	1.2	0.999318	19.8046	1.24732	773.74	0.96511	3.28	0
614	11:47:59.06	0.0360	20.52064	22.23	46.02	1.2	0.999312	19.8040	1.24728	773.74	0.96508	3.28	0
615	11:47:59.36	0.0350	20.52106	22.23	46.02	1.2	0.999336	19.8038	1.24728	773.72	0.96505	3.28	0
616	11:47:59.66	0.0370	20.52036	22.23	46.02	1.2	0.999300	19.8040	1.24728	773.74	0.96509	3.28	0
617	11:47:59.96	0.0390	20.51952	22.23	46.02	1.2	0.999258	19.8043	1.24732	773.76	0.96514	3.28	0
618	11:48:00.26	0.0360	20.52057	22.23	46.02	1.2	0.999312	19.8040	1.24728	773.74	0.96508	3.28	0
619	11:48:00.56	0.0380	20.51980	22.23	46.02	1.2	0.999270	19.8044	1.24732	773.76	0.96514	3.28	0
620	11:48:00.86	0.0360	20.52057	22.23	46.02	1.2	0.999312	19.8040	1.24728	773.74	0.96508	3.28	0
621	11:48:01.16	0.0350	20.52099	22.23	46.02	1.2	0.999330	19.8040	1.24728	773.72	0.96506	3.28	0
622	11:48:01.46	0.0365	20.52050	22.22	46.02	1.2	0.999306	19.8044	1.24728	773.76	0.96511	3.28	0
623	11:48:01.76	0.0365	20.52050	22.22	46.02	1.2	0.999306	19.8040	1.24732	773.74	0.96509	3.28	0
624	11:48:02.06	0.0370	20.52029	22.23	46.02	1.2	0.999300	19.8035	1.24728	773.74	0.96507	3.28	0
625	11:48:02.36	0.0355	20.52078	22.23	46.02	1.2	0.999324	19.8049	1.24732	773.76	0.96512	3.28	0
626	11:48:02.66	0.0340	20.52141	22.23	46.02	1.2	0.999354	19.8040	1.24728	773.72	0.96504	3.28	0
627	11:48:02.96	0.0380	20.51994	22.23	46.02	1.2	0.999282	19.8036	1.24728	773.74	0.96509	3.28	0
628	11:48:03.26	0.0360	20.52064	22.23	46.02	1.2	0.999312	19.8043	1.24728	773.74	0.96509	3.28	0
629	11:48:03.56	0.0355	20.52085	22.23	46.02	1.2	0.999324	19.8047	1.24728	773.76	0.96510	3.28	0
630	11:48:03.86	0.0345	20.52127	22.23	46.02	1.2	0.999342	19.8043	1.24728	773.74	0.96506	3.28	0
631	11:48:04.16	0.0385	20.51973	22.23	46.02	1.2	0.999270	19.8043	1.24732	773.76	0.96514	3.28	0
632	11:48:04.46	0.0365	20.52050	22.23	46.02	1.2	0.999306	19.8044	1.24732	773.74	0.96511	3.28	0
633	11:48:04.76	0.0355	20.52092	22.23	46.02	1.2	0.999330	19.8045	1.24728	773.74	0.96509	3.28	0
634	11:48:05.06	0.0365	20.52036	22.23	46.02	1.2	0.999300	19.8038	1.24728	773.74	0.96508	3.28	0
635	11:48:05.36	0.0345	20.52134	22.23	46.02	1.2	0.999348	19.8045	1.24728	773.74	0.96507	3.28	0
636	11:48:05.66	0.0365	20.52050	22.23	46.02	1.2	0.999306	19.8045	1.24728	773.76	0.96511	3.28	0
637	11:48:05.96	0.0370	20.52029	22.23	46.02	1.2	0.999300	19.8045	1.24732	773.76	0.96512	3.28	0
638	11:48:06.26	0.0375	20.52015	22.23	46.02	1.2	0.999288	19.8043	1.24732	773.76	0.96511	3.28	0
639	11:48:06.56	0.0355	20.52092	22.23	46.02	1.2	0.999324	19.8045	1.24728	773.74	0.96509	3.28	0
640	11:48:06.86	0.0365	20.52050	22.23	46.02	1.2	0.999306	19.8047	1.24732	773.76	0.96512	3.28	0
641	11:48:07.16	0.0365	20.52050	22.23	46.02	1.2	0.999306	19.8037	1.24728	773.74	0.96507	3.28	0
642	11:48:07.46	0.0375	20.52001	22.23	46.02	1.2	0.999282	19.8045	1.24732	773.76	0.96514	3.28	0
643	11:48:07.76	0.0355	20.52085	22.23	46.02	1.2	0.999324	19.8041	1.24728	773.74	0.96508	3.28	0
644	11:48:08.06	0.0365	20.52043	22.23	46.02	1.2	0.999306	19.8042	1.24732	773.74	0.96509	3.28	0
645	11:48:08.36	0.0365	20.52036	22.23	46.02	1.2	0.999300	19.8039	1.24728	773.74	0.96509	3.28	0
646	11:48:08.66	0.0365	20.52043	22.23	46.02	1.2	0.999306	19.8043	1.24728	773.76	0.96510	3.28	0
647	11:48:08.96	0.0370	20.52036	22.23	46.02	1.2	0.999300	19.8043	1.24732	773.76	0.96511	3.28	0
648	11:48:09.26	0.0365	20.52057	22.23	46.02	1.2	0.999312	19.8042	1.24728	773.74	0.96509	3.28	0
649	11:48:09.56	0.0370	20.52022	22.23	46.02	1.2	0.999294	19.8043	1.24732	773.76	0.96511	3.28	0
650	11:48:09.86	0.0375	20.52015	22.23	46.02	1.2	0.999288	19.8035	1.24728	773.74	0.96508	3.28	0
651	11:48:10.16	0.0370	20.52015	22.23	46.02	1.2	0.999294	19.8035	1.24728	773.74	0.96508	3.28	0
652	11:48:10.46	0.0360	20.52057	22.23	46.02	1.2	0.999312	19.8038	1.24728	773.74	0.96507	3.28	0
653	11:48:10.76	0.0375	20.52015	22.23	46.02	1.2	0.999288	19.8039	1.24728	773.76	0.96510	3.28	0
654	11:48:11.06	0.0365	20.52043	22.23	46.02	1.2	0.999300	19.8042	1.24728	773.76	0.96509	3.28	0
655	11:48:11.36	0.0365	20.52050	22.23	46.02	1.2	0.999306	19.8041	1.24728	773.74	0.96509	3.28	0
656	11:48:11.66	0.0350	20.52113	22.23	46.02	1.2	0.999336	19.8043	1.24728	773.74	0.96507	3.28	0
657	11:48:11.96	0.0350	20.52113	22.23	46.02	1.2	0.999336	19.8045	1.24728	773.74	0.96508	3.28	0
658	11:48:12.26	0.0340	20.52148	22.23	46.02	1.2	0.999354	19.8043	1.24728	773.74	0.96505	3.28	0
659	11:48:12.56	0.0365	20.52043	22.23	46.02	1.2	0.999300	19.8040	1.24728	773.74	0.96509	3.28	0
660	11:48:12.86	0.0370	20.52029	22.23	46.02	1.2	0.999300	19.8043	1.24732	773.76	0.96511	3.28	0
661	11:48:13.16	0.0335	20.52162	22.23	46.02	1.2	0.999360	19.8045	1.24728	773.72	0.96506	3.28	0
662	11:48:13.46	0.0350	20.52099	22.23	46.02	1.2	0.999330	19.8045	1.24728	773.74	0.96509	3.28	0
663	11:48:13.76	0.0375	20.52001	22.23	46.02	1.2	0.999288	19.8045	1.24732	773.76	0.96513	3.28	0
664	11:48:14.06	0.0365	20.52043	22.24	46.02	1.2	0.999312	19.8044	1.24732	773.76	0.96511	3.28	0
665	11:48:14.36	0.0360	20.52050	22.24	46.02	1.2	0.999312	19.8045	1.24728	773.76	0.96511	3.28	0
666	11:48:14.66	0.0360	20.52071	22.23	46.02	1.2	0.999318	19.8050	1.24732	773.76	0.96512	3.28	0
667	11:48:14.96	0.0370	20.52029	22.23	46.02	1.2	0.999300	19.8053	1.24736	773.76	0.96516	3.28	0
668	11:48:15.26	0.0355	20.52085	22.23	46.02	1.2	0.999324	19.8046	1.24728	773.76	0.96510	3.28	0
669	11:48:15.56	0.0375	20.52001	22.23	46.02	1.2	0.999282	19.8048	1.24732	773.78	0.96515	3.28	0
670	11:48:15.86	0.0350	20.52106	22.23	46.02	1.2	0.999336	19.8050	1.24732	773.76	0.96511	3.28	0
671	11:48:16.16	0.0370	20.52022	22.23	46.02	1.2	0.999294	19.8052	1.24736	773.76	0.96515	3.28	0
672	11:48:16.46	0.0350	20.52106	22.23	46.02	1.2	0.999330	19.8050	1.24732	773.76	0.96511	3.28	0
673	11:48:16.76	0.0360	20.52071	22.23	46.02	1.2	0.999318	19.8049	1.24732	773.76	0.96511	3.28	0
674	11:48:17.06	0.0370	20.52029	22.23	46.02	1.2	0.999300	19.8047	1.24732	773.76	0.96512	3.28	0
675	11:48:17.36	0.0365	20.52036	22.23	46.02	1.2	0.999300	19.8052	1.24732	773.78	0.96515	3.28	0
676	11:48:17.66	0.0370	20.52015	22.23	46.02	1.2	0.999294	19.8046	1.24732	773.76	0.96513	3.28	0
677	11:48:17.96	0.0370	20.52029	22.23	46.02	1.2	0.999300	19.8047	1.24732	773.76	0.96513	3.28	0
678	11:48:18.26	0.0350	20.52099	22.23	46.02	1.2	0.999330	19.8053	1.24732	773.76	0.96512	3.28	0
679	11:48:18.56	0.0390	20.51959	22.23	46.02	1.2	0.999264	19.8043	1.24732	773.76	0.96514	3.28	0
680	11:48:18.86	0.0365	20.52050	22.23	46.02	1.2	0.999306	19.8049	1.24732	773.76	0.96512	3.28	0
681	11:48:19.16	0.0350	20.52099	22.23	46.02	1.2	0.999330	19.8052	1.24732	773.76	0.96512	3.28	0
682	11:48:19.46	0.0375	20.52008	22.23	46.02	1.2	0.999288	19.8054	1.24736	773.78	0.96517	3.28	0
683	11:48:19.76	0.0380	20.51994	22.23	46.02	1.2	0.999282	19.8049	1.24732	773.78	0.96515	3.28	0
684	11:48:20.06	0.0350	20.52113	22.23	46.02	1.2	0.999336	19.8043	1.24728	773.74	0.96507	3.28	0
685	11:48:20.36	0.0365	20.52043	22.23	46.02	1.2	0.999300	19.8048	1.24732	773.76	0.96513	3.28	0
686	11:48:20.66	0.0380	20.51994	22.23	46.02	1.2	0.999282	19.8038	1.24732	773.76	0.96510	3.28	0
687	11:48:20.96	0.0365	20.52043	22.23	46.02	1.2	0.999306	19.8047	1.24732	773.76	0.96512	3.28	0
688	11:48:21.26	0.0360	20.52071	22.23	46.02	1.2	0.999318	19.8048	1.24732	773.76	0.96511	3.28	0
689	11:48:21.56	0.0360	20.52078	22.23	46.02	1.2	0.999318	19.8040	1.24728	773.74	0.96507	3.28	0
690	11:48:21.86	0.0355	20.52085	22.23	46.02	1.2	0.999324	19.8037	1.24728	773.72	0.96506	3.28	0
691	11:48:22.16	0.0340	20.52141	22.23	46.02	1.2	0.999354	19.8041	1.24728	773.74	0.96505	3.28	0
692	11:48:22.46	0.0370	20.52036	22.23	46.02	1.2	0.999300	19.8042	1.24728	773.76	0.96510	3.28	0
693	11:48:22.76	0.0360	20.52057	22.23	46.02	1.2	0.999312	19.8043	1.24728	773.76	0.96509	3.28	0
694	11:48:23.06	0.0370	20.52022	22.23	46.02	1.2	0.999294	19.8041	1.24732	773.74	0.96510	3.28	0
695	11:48:23.36	0.0365	20.52050	22.23	46.02	1.2	0.999306	19.8047	1.24732	773.76	0.96512	3.28	0
696	11:48:23.66	0.0370	20.52029	22.23	46.02	1.2	0.999300	19.8043	1.24732	773.76	0.96511	3.28	0
697	11:48:23.96	0.0375	20.52015	22.23	46.02	1.2	0.999288	19.8047	1.24732	773.78	0.96514	3.28	0
698	11:48:24.26	0.0355	20.52092	22.23	46.02	1.2	0.999324	19.8051	1.24732	773.76	0.96512	3.28	0
699	11:48:24.56	0.0340	20.52141	22.23	46.02	1.2	0.999354	19.8045	1.24728	773.74	0.96506	3.28	0
700	11:48:24.86	0.0380	20.51994	22.23	46.02	1.2	0.999282	19.8044	1.24732	773.76	0.96513	3.28	0
701	11:48:25.16	0.0350	20.52092	22.23	46.02	1.2	0.999330	19.8041	1.24728	773.74	0.96507	3.28	0
702	11:48:25.46	0.0370	20.52022	22.23	46.02	1.2	0.999294	19.8043	1.24732	773.74	0.96511	3.28	0
703	11:48:25.76	0.0345	20.52127	22.23	46.02	1.2	0.999348	19.8041	1.24728	773.72	0.96505	3.28	0
704	11:48:26.06	0.0365	20.52050	22.23	46.02	1.2	0.999306	19.8041	1.24728	773.76	0.96509	3.28	0
705	11:48:26.36	0.0365	20.52050	22.23	46.02	1.2	0.999306	19.8042	1.24732	773.74	0.96509	3.28	0
706	11:48:26.66	0.0350	20.52099	22.23	46.02	1.2	0.999330	19.8044	1.24728	773.74	0.96508	3.28	0
707	11:48:26.96	0.0360	20.52057	22.23	46.02	1.2	0.999312	19.8053	1.24732	773.78	0.96514	3.28	0
708	11:48:27.26	0.0355	20.52092	22.23	46.02	1.2	0.999324	19.8054	1.24732	773.76	0.96513	3.28	0
709	11:48:27.56	0.0355	20.52078	22.23	46.02	1.2	0.999324	19.8047	1.24728	773.76	0.96511	3.28	0
710	11:48:27.86	0.0375	20.52001	22.23	46.02	1.2	0.999282	19.8045	1.24732	773.76	0.96514	3.28	0
711	11:48:28.16	0.0370	20.52029	22.23	46.02	1.2	0.999294	19.8045	1.24732	773.76	0.96512	3.28	0
712	11:48:28.46	0.0365	20.52050	22.23	46.02	1.2	0.999306	19.8043	1.24732	773.74	0.96509	3.28	0
713	11:48:28.76	0.0385	20.51973	22.23	46.02	1.2	0.999270	19.8047	1.24736	773.76	0.96515	3.28	0
714	11:48:29.06	0.0370	20.52022	22.23	46.02	1.2	0.999294	19.8047	1.24732	773.76	0.96513	3.28	0
715	11:48:29.36	0.0370	20.52022	22.23	46.02	1.2	0.999294	19.8045	1.24732	773.76	0.96512	3.28	0
716	11:48:29.66	0.0355	20.52085	22.23	46.02	1.2	0.999324	19.8041	1.24728	773.74	0.96508	3.28	0
717	11:48:29.96	0.0360	20.52064	22.23	46.02	1.2	0.999312	19.8045	1.24732	773.76	0.96510	3.28	0
718	11:48:30.26	0.0365	20.52050	22.23	46.02	1.2	0.999306	19.8047	1.24732	773.76	0.96512	3.28	0
719	11:48:30.56	0.0355	20.52078	22.23	46.02	1.2	0.999324	19.8044	1.24732	773.74	0.96509	3.28	0
720	11:48:30.86	0.0350	20.52113	22.22	46.02	1.2	0.999336	19.8052	1.24728	773.76	0.96511	3.28	0
721	11:48:31.16	0.0380	20.51987	22.22	46.02	1.2	0.999276	19.8039	1.24728	773.76	0.96511	3.28	0
722	11:48:31.46	0.0365	20.52057	22.23	46.02	1.2	0.999312	19.8043	1.24732	773.74	0.96509	3.28	0
723	11:48:31.76	0.0355	20.52078	22.23	46.02	1.2	0.999324	19.8045	1.24732	773.74	0.96509	3.28	0
724	11:48:32.06	0.0360	20.52071	22.23	46.02	1.2	0.999318	19.8037	1.24728	773.74	0.96506	3.28	0
725	11:48:32.36	0.0350	20.52099	22.23	46.02	1.2	0.999330	19.8045	1.24728	773.74	0.96508	3.28	0
726	11:48:32.66	0.0335	20.52155	22.23	46.02	1.2	0.999360	19.8038	1.24724	773.72	0.96502	3.28	0
727	11:48:32.96	0.0370	20.52029	22.23	46.02	1.2	0.999294	19.8043	1.24732	773.76	0.96511	3.28	0
728	11:48:33.26	0.0365	20.52050	22.23	46.02	1.2	0.999306	19.8040	1.24728	773.74	0.96508	3.28	0
729	11:48:33.56	0.0360	20.52071	22.23	46.02	1.2	0.999318	19.8044	1.24728	773.74	0.96509	3.28	0
730	11:48:33.86	0.0380	20.51994	22.22	46.02	1.2	0.999276	19.8035	1.24732	773.74	0.96508	3.28	0
731	11:48:34.16	0.0360	20.52085	22.22	46.02	1.2	0.999318	19.8039	1.24728	773.74	0.96506	3.28	0
732	11:48:34.46	0.0385	20.51973	22.23	46.02	1.2	0.999270	19.8037	1.24732	773.76	0.96511	3.28	0
733	11:48:34.76	0.0355	20.52092	22.23	46.02	1.2	0.999330	19.8041	1.24728	773.74	0.96507	3.28	0
734	11:48:35.06	0.0360	20.52057	22.23	46.02	1.2	0.999312	19.8031	1.24728	773.72	0.96504	3.28	0
735	11:48:35.36	0.0355	20.52092	22.23	46.02	1.2	0.999330	19.8045	1.24728	773.74	0.96509	3.28	0
736	11:48:35.66	0.0385	20.51973	22.23	46.02	1.2	0.999270	19.8041	1.24732	773.76	0.96512	3.28	0
737	11:48:35.96	0.0360	20.52071	22.23	46.02	1.2	0.999318	19.8044	1.24728	773.76	0.96509	3.28	0
738	11:48:36.26	0.0370	20.52022	22.23	46.02	1.2	0.999294	19.8041	1.24732	773.76	0.96511	3.28	0
739	11:48:36.56	0.0395	20.51931	22.23	46.02	1.2	0.999252	19.8043	1.24732	773.78	0.96515	3.28	0
740	11:48:36.86	0.0375	20.52008	22.23	46.02	1.2	0.999288	19.8046	1.24732	773.76	0.96514	3.28	0
741	11:48:37.16	0.0365	20.52043	22.23	46.02	1.2	0.999306	19.8040	1.24728	773.74	0.96509	3.28	0
742	11:48:37.46	0.0365	20.52043	22.23	46.02	1.2	0.999300	19.8046	1.24732	773.76	0.96512	3.28	0
743	11:48:37.76	0.0375	20.52008	22.23	46.02	1.2	0.999288	19.8045	1.24732	773.76	0.96512	3.28	0
744	11:48:38.06	0.0350	20.52113	22.22	46.02	1.2	0.999336	19.8043	1.24728	773.74	0.96507	3.28	0
745	11:48:38.36	0.0360	20.52078	22.22	46.02	1.2	0.999318	19.8044	1.24728	773.74	0.96509	3.28	0
746	11:48:38.66	0.0365	20.52050	22.23	46.02	1.2	0.999306	19.8047	1.24732	773.76	0.96512	3.28	0
747	11:48:38.96	0.0380	20.51980	22.23	46.02	1.2	0.999276	19.8043	1.24732	773.78	0.96513	3.28	0
748	11:48:39.26	0.0355	20.52092	22.23	46.02	1.2	0.999324	19.8043	1.24728	773.74	0.96508	3.28	0
749	11:48:39.56	0.0355	20.52078	22.23	46.02	1.2	0.999324	19.8052	1.24732	773.76	0.96513	3.28	0
750	11:48:39.86	0.0375	20.52008	22.22	46.02	1.2	0.999282	19.8039	1.24732	773.74	0.96509	3.28	0
751	11:48:40.16	0.0370	20.52029	22.22	46.02	1.2	0.999294	19.8039	1.24728	773.76	0.96509	3.28	0
752	11:48:40.46	0.0360	20.52064	22.23	46.02	1.2	0.999312	19.8040	1.24728	773.74	0.96508	3.28	0
753	11:48:40.76	0.0375	20.52008	22.23	46.02	1.2	0.999288	19.8039	1.24728	773.76	0.96510	3.28	0
754	11:48:41.06	0.0370	20.52022	22.23	46.02	1.2	0.999294	19.8040	1.24732	773.74	0.96509	3.28	0
755	11:48:41.36	0.0350	20.52113	22.23	46.02	1.2	0.999336	19.8045	1.24728	773.74	0.96508	3.28	0
756	11:48:41.66	0.0350	20.52106	22.23	46.02	1.2	0.999336	19.8045	1.24728	773.74	0.96508	3.28	0
757	11:48:41.96	0.0355	20.52092	22.23	46.02	1.2	0.999330	19.8042	1.24728	773.74	0.96508	3.28	0
758	11:48:42.26	0.0360	20.52071	22.23	46.02	1.2	0.999318	19.8043	1.24728	773.74	0.96509	3.28	0
759	11:48:42.56	0.0355	20.52078	22.23	46.02	1.2	0.999318	19.8043	1.24728	773.74	0.96509	3.28	0
760	11:48:42.86	0.0360	20.52071	22.23	46.02	1.2	0.999318	19.8046	1.24732	773.74	0.96511	3.28	0
761	11:48:43.16	0.0360	20.52064	22.23	46.02	1.2	0.999312	19.8038	1.24728	773.74	0.96507	3.28	0
762	11:48:43.46	0.0365	20.52057	22.22	46.02	1.2	0.999306	19.8037	1.24728	773.74	0.96506	3.28	0
763	11:48:43.76	0.0380	20.52001	22.22	46.02	1.2	0.999276	19.8034	1.24728	773.74	0.96508	3.28	0
764	11:48:44.06	0.0350	20.52127	22.22	46.02	1.2	0.999336	19.8034	1.24728	773.72	0.96502	3.28	0
765	11:48:44.36	0.0350	20.52106	22.22	46.02	1.2	0.999330	19.8040	1.24728	773.74	0.96506	3.28	0
766	11:48:44.66	0.0385	20.51973	22.23	46.02	1.2	0.999270	19.8034	1.24732	773.74	0.96509	3.28	0
767	11:48:44.96	0.0375	20.52008	22.23	46.02	1.2	0.999288	19.8039	1.24732	773.74	0.96510	3.28	0
768	11:48:45.26	0.0350	20.52106	22.23	46.02	1.2	0.999336	19.8038	1.24728	773.74	0.96505	3.28	0
769	11:48:45.56	0.0365	20.52050	22.23	46.02	1.2	0.999306	19.8035	1.24728	773.74	0.96506	3.28	0
770	11:48:45.86	0.0370	20.52022	22.23	46.02	1.2	0.999294	19.8039	1.24732	773.74	0.96509	3.28	0
771	11:48:46.16	0.0365	20.52050	22.23	46.02	1.2	0.999306	19.8040	1.24728	773.74	0.96509	3.28	0
772	11:48:46.46	0.0390	20.51959	22.23	46.02	1.2	0.999264	19.8035	1.24732	773.74	0.96511	3.28	0
773	11:48:46.76	0.0380	20.51980	22.23	46.02	1.2	0.999276	19.8040	1.24732	773.76	0.96512	3.28	0
774	11:48:47.06	0.0390	20.51959	22.22	46.02	1.2	0.999258	19.8045	1.24736	773.76	0.96515	3.28	0
775	11:48:47.36	0.0370	20.52043	22.22	46.02	1.2	0.999300	19.8045	1.24732	773.76	0.96511	3.28	0
776	11:48:47.66	0.0355	20.52092	22.23	46.02	1.2	0.999330	19.8040	1.24728	773.72	0.96506	3.28	0
777	11:48:47.96	0.0355	20.52078	22.23	46.02	1.2	0.999324	19.8040	1.24728	773.74	0.96507	3.28	0
778	11:48:48.26	0.0370	20.52036	22.23	46.02	1.2	0.999300	19.8039	1.24732	773.74	0.96509	3.28	0
779	11:48:48.56	0.0365	20.52036	22.23	46.02	1.2	0.999300	19.8036	1.24728	773.74	0.96507	3.28	0
780	11:48:48.86	0.0375	20.52015	22.23	46.02	1.2	0.999288	19.8037	1.24728	773.74	0.96508	3.28	0
781	11:48:49.16	0.0370	20.52029	22.23	46.02	1.2	0.999294	19.8037	1.24728	773.74	0.96508	3.28	0
782	11:48:49.46	0.0375	20.52022	22.22	46.02	1.2	0.999288	19.8038	1.24728	773.74	0.96509	3.28	0
783	11:48:49.76	0.0365	20.52050	22.22	46.02	1.2	0.999300	19.8040	1.24732	773.74	0.96508	3.28	0
784	11:48:50.06	0.0380	20.52001	22.22	46.02	1.2	0.999276	19.8036	1.24728	773.74	0.96509	3.28	0
785	11:48:50.36	0.0375	20.52015	22.22	46.02	1.2	0.999282	19.8039	1.24732	773.74	0.96509	3.28	0
786	11:48:50.66	0.0365	20.52057	22.22	46.02	1.2	0.999306	19.8041	1.24732	773.74	0.96509	3.28	0
787	11:48:50.96	0.0380	20.51994	22.22	46.02	1.2	0.999276	19.8040	1.24732	773.76	0.96511	3.28	0
788	11:48:51.26	0.0375	20.52001	22.23	46.02	1.2	0.999282	19.8047	1.24732	773.78	0.96514	3.28	0
789	11:48:51.56	0.0370	20.52022	22.23	46.02	1.2	0.999294	19.8042	1.24728	773.76	0.96511	3.28	0
790	11:48:51.86	0.0360	20.52085	22.22	46.02	1.2	0.999318	19.8043	1.24728	773.74	0.96508	3.28	0
791	11:48:52.16	0.0365	20.52050	22.22	46.02	1.2	0.999300	19.8039	1.24728	773.74	0.96508	3.28	0
792	11:48:52.46	0.0380	20.52001	22.22	46.02	1.2	0.999276	19.8033	1.24728	773.74	0.96508	3.28	0
793	11:48:52.76	0.0375	20.52022	22.22	46.02	1.2	0.999288	19.8042	1.24732	773.74	0.96511	3.28	0
794	11:48:53.06	0.0365	20.52043	22.23	46.02	1.2	0.999306	19.8038	1.24728	773.74	0.96508	3.28	0
795	11:48:53.36	0.0380	20.51987	22.23	46.02	1.2	0.999276	19.8043	1.24732	773.76	0.96513	3.28	0
796	11:48:53.66	0.0370	20.52029	22.23	46.02	1.2	0.999300	19.8038	1.24732	773.74	0.96508	3.28	0
797	11:48:53.96	0.0370	20.52036	22.23	46.02	1.2	0.999300	19.8041	1.24732	773.74	0.96510	3.28	0
798	11:48:54.26	0.0385	20.51973	22.22	46.02	1.2	0.999264	19.8041	1.24732	773.76	0.96512	3.28	0
799	11:48:54.56	0.0375	20.52022	22.22	46.02	1.2	0.999288	19.8047	1.24732	773.76	0.96513	3.28	0
800	11:48:54.86	0.0370	20.52029	22.23	46.02	1.2	0.999300	19.8040	1.24728	773.76	0.96509	3.28	0
801	11:48:55.16	0.0375	20.52015	22.23	46.02	1.2	0.999288	19.8038	1.24732	773.74	0.96509	3.28	0
802	11:48:55.46	0.0370	20.52029	22.22	46.02	1.2	0.999294	19.8041	1.24732	773.74	0.96510	3.28	0
803	11:48:55.76	0.0375	20.52029	22.22	46.02	1.2	0.999288	19.8043	1.24732	773.76	0.96511	3.28	0
804	11:48:56.06	0.0370	20.52029	22.23	46.02	1.2	0.999300	19.8039	1.24732	773.74	0.96509	3.28	0
805	11:48:56.36	0.0385	20.51966	22.23	46.02	1.2	0.999264	19.8038	1.24732	773.74	0.96511	3.28	0
806	11:48:56.66	0.0365	20.52050	22.22	46.02	1.2	0.999300	19.8045	1.24732	773.76	0.96511	3.28	0
807	11:48:56.96	0.0380	20.52001	22.22	46.02	1.2	0.999282	19.8038	1.24728	773.74	0.96509	3.28	0
808	11:48:57.26	0.0370	20.52029	22.23	46.02	1.2	0.999300	19.8043	1.24732	773.74	0.96511	3.28	0
809	11:48:57.56	0.0365	20.52043	22.23	46.02	1.2	0.999306	19.8045	1.24732	773.74	0.96511	3.28	0
810	11:48:57.86	0.0350	20.52113	22.23	46.02	1.2	0.999336	19.8040	1.24728	773.74	0.96505	3.28	0
811	11:48:58.16	0.0355	20.52085	22.23	46.02	1.2	0.999324	19.8042	1.24728	773.74	0.96508	3.28	0
812	11:48:58.46	0.0380	20.51994	22.23	46.02	1.2	0.999282	19.8038	1.24732	773.74	0.96510	3.28	0
813	11:48:58.76	0.0360	20.52071	22.23	46.02	1.2	0.999318	19.8038	1.24728	773.74	0.96506	3.28	0
814	11:48:59.06	0.0370	20.52043	22.22	46.02	1.2	0.999300	19.8043	1.24732	773.74	0.96510	3.28	0
815	11:48:59.36	0.0355	20.52092	22.22	46.02	1.2	0.999324	19.8045	1.24732	773.74	0.96509	3.28	0
816	11:48:59.66	0.0380	20.51987	22.23	46.02	1.2	0.999276	19.8043	1.24732	773.76	0.96513	3.28	0
817	11:48:59.96	0.0360	20.52071	22.23	46.02	1.2	0.999318	19.8036	1.24728	773.72	0.96505	3.28	0
818	11:49:00.26	0.0370	20.52043	22.22	46.02	1.2	0.999300	19.8040	1.24728	773.74	0.96509	3.28	0
819	11:49:00.56	0.0360	20.52071	22.22	46.02	1.2	0.999312	19.8034	1.24728	773.72	0.96505	3.28	0
820	11:49:00.86	0.0370	20.52043	22.22	46.02	1.2	0.999300	19.8031	1.24728	773.74	0.96505	3.28	0
821	11:49:01.16	0.0380	20.51994	22.22	46.02	1.2	0.999276	19.8040	1.24732	773.76	0.96511	3.28	0
822	11:49:01.46	0.0365	20.52050	22.23	46.02	1.2	0.999306	19.8043	1.24728	773.76	0.96509	3.28	0
823	11:49:01.76	0.0380	20.51994	22.23	46.02	1.2	0.999282	19.8040	1.24732	773.76	0.96511	3.28	0
824	11:49:02.06	0.0360	20.52057	22.23	46.02	1.2	0.999312	19.8045	1.24728	773.76	0.96510	3.28	0
825	11:49:02.36	0.0355	20.52085	22.23	46.02	1.2	0.999324	19.8041	1.24728	773.74	0.96507	3.28	0
826	11:49:02.66	0.0365	20.52043	22.23	46.02	1.2	0.999306	19.8040	1.24728	773.74	0.96509	3.28	0
827	11:49:02.96	0.0370	20.52036	22.23	46.02	1.2	0.999300	19.8050	1.24732	773.76	0.96514	3.28	0
828	11:49:03.26	0.0370	20.52036	22.22	46.02	1.2	0.999294	19.8039	1.24728	773.76	0.96509	3.28	0
829	11:49:03.56	0.0390	20.51959	22.22	46.02	1.2	0.999258	19.8050	1.24736	773.78	0.96517	3.28	0
830	11:49:03.86	0.0390	20.51966	22.22	46.02	1.2	0.999264	19.8041	1.24732	773.76	0.96513	3.28	0
831	11:49:04.16	0.0385	20.51987	22.22	46.02	1.2	0.999270	19.8044	1.24732	773.76	0.96514	3.28	0
832	11:49:04.46	0.0350	20.52106	22.23	46.02	1.2	0.999336	19.8050	1.24732	773.76	0.96511	3.28	0
833	11:49:04.76	0.0350	20.52099	22.23	46.02	1.2	0.999330	19.8047	1.24732	773.74	0.96510	3.28	0
834	11:49:05.06	0.0375	20.52022	22.22	46.02	1.2	0.999288	19.8036	1.24728	773.74	0.96508	3.28	0
835	11:49:05.36	0.0380	20.52001	22.22	46.02	1.2	0.999276	19.8037	1.24728	773.74	0.96509	3.28	0
836	11:49:05.66	0.0360	20.52071	22.22	46.02	1.2	0.999312	19.8045	1.24732	773.74	0.96509	3.28	0
837	11:49:05.97	0.0370	20.52043	22.22	46.02	1.2	0.999300	19.8044	1.24732	773.76	0.96511	3.28	0
838	11:49:06.26	0.0355	20.52085	22.22	46.02	1.2	0.999318	19.8045	1.24728	773.76	0.96509	3.28	0
839	11:49:06.56	0.0365	20.52064	22.22	46.02	1.2	0.999306	19.8041	1.24728	773.74	0.96508	3.28	0
840	11:49:06.86	0.0375	20.52015	22.22	46.02	1.2	0.999282	19.8042	1.24732	773.76	0.96511	3.28	0
841	11:49:07.16	0.0365	20.52050	22.22	46.02	1.2	0.999300	19.8043	1.24732	773.74	0.96509	3.28	0
842	11:49:07.46	0.0365	20.52064	22.22	46.02	1.2	0.999312	19.8040	1.24728	773.74	0.96508	3.28	0
843	11:49:07.76	0.0375	20.52015	22.22	46.02	1.2	0.999288	19.8043	1.24732	773.76	0.96512	3.28	0
844	11:49:08.06	0.0370	20.52036	22.22	46.02	1.2	0.999294	19.8042	1.24728	773.76	0.96510	3.28	0
845	11:49:08.36	0.0375	20.52015	22.22	46.02	1.2	0.999282	19.8040	1.24732	773.74	0.96510	3.28	0
846	11:49:08.66	0.0375	20.52008	22.22	46.02	1.2	0.999282	19.8048	1.24732	773.76	0.96514	3.28	0
847	11:49:08.97	0.0375	20.52015	22.22	46.02	1.2	0.999282	19.8049	1.24732	773.76	0.96514	3.28	0
848	11:49:09.26	0.0370	20.52029	22.23	46.02	1.2	0.999294	19.8045	1.24732	773.76	0.96512	3.28	0
849	11:49:09.56	0.0370	20.52022	22.23	46.02	1.2	0.999294	19.8046	1.24732	773.76	0.96512	3.28	0
850	11:49:09.86	0.0375	20.52015	22.22	46.02	1.2	0.999288	19.8045	1.24732	773.76	0.96512	3.28	0
851	11:49:10.16	0.0380	20.51994	22.22	46.02	1.2	0.999276	19.8045	1.24732	773.76	0.96513	3.28	0
852	11:49:10.46	0.0370	20.52029	22.22	46.02	1.2	0.999294	19.8043	1.24732	773.76	0.96511	3.28	0
853	11:49:10.76	0.0375	20.52008	22.22	46.02	1.2	0.999282	19.8045	1.24732	773.76	0.96513	3.28	0
854	11:49:11.06	0.0370	20.52029	22.23	46.02	1.2	0.999300	19.8045	1.24732	773.76	0.96512	3.28	0
855	11:49:11.36	0.0360	20.52057	22.23	46.02	1.2	0.999312	19.8046	1.24732	773.76	0.96511	3.28	0
856	11:49:11.66	0.0355	20.52085	22.22	46.02	1.2	0.999318	19.8051	1.24732	773.76	0.96512	3.28	0
857	11:49:11.96	0.0370	20.52043	22.22	46.02	1.2	0.999300	19.8042	1.24728	773.74	0.96509	3.28	0
858	11:49:12.26	0.0360	20.52071	22.22	46.02	1.2	0.999312	19.8040	1.24728	773.74	0.96507	3.28	0
859	11:49:12.56	0.0385	20.51980	22.22	46.02	1.2	0.999270	19.8040	1.24732	773.76	0.96511	3.28	0
860	11:49:12.86	0.0370	20.52036	22.22	46.02	1.2	0.999294	19.8036	1.24728	773.74	0.96507	3.28	0
861	11:49:13.16	0.0350	20.52106	22.22	46.02	1.2	0.999330	19.8040	1.24728	773.72	0.96505	3.28	0
862	11:49:13.46	0.0375	20.52022	22.22	46.02	1.2	0.999288	19.8043	1.24732	773.74	0.96511	3.28	0
863	11:49:13.76	0.0385	20.51980	22.22	46.02	1.2	0.999270	19.8043	1.24732	773.76	0.96513	3.28	0
864	11:49:14.06	0.0370	20.52029	22.23	46.02	1.2	0.999294	19.8046	1.24732	773.76	0.96512	3.28	0
865	11:49:14.36	0.0355	20.52092	22.23	46.02	1.2	0.999324	19.8043	1.24728	773.74	0.96508	3.28	0
866	11:49:14.66	0.0355	20.52085	22.22	46.02	1.2	0.999318	19.8045	1.24728	773.74	0.96509	3.28	0
867	11:49:14.96	0.0365	20.52057	22.22	46.02	1.2	0.999306	19.8050	1.24732	773.76	0.96513	3.28	0
868	11:49:15.26	0.0390	20.51966	22.22	46.02	1.2	0.999264	19.8040	1.24732	773.76	0.96512	3.28	0
869	11:49:15.56	0.0355	20.52099	22.22	46.02	1.2	0.999330	19.8040	1.24728	773.74	0.96506	3.28	0
870	11:49:15.86	0.0355	20.52078	22.23	46.02	1.2	0.999324	19.8045	1.24728	773.74	0.96510	3.28	0
871	11:49:16.16	0.0365	20.52036	22.23	46.02	1.2	0.999300	19.8043	1.24732	773.76	0.96511	3.28	0
872	11:49:16.46	0.0375	20.52015	22.23	46.02	1.2	0.999288	19.8040	1.24732	773.74	0.96510	3.28	0
873	11:49:16.76	0.0360	20.52064	22.23	46.02	1.2	0.999312	19.8038	1.24728	773.74	0.96507	3.28	0
874	11:49:17.06	0.0355	20.52085	22.23	46.02	1.2	0.999324	19.8040	1.24728	773.74	0.96507	3.28	0
875	11:49:17.36	0.0375	20.52008	22.23	46.02	1.2	0.999288	19.8040	1.24732	773.74	0.96511	3.28	0
876	11:49:17.66	0.0355	20.52099	22.22	46.02	1.2	0.999324	19.8038	1.24728	773.72	0.96505	3.28	0
877	11:49:17.96	0.0380	20.52001	22.22	46.02	1.2	0.999276	19.8041	1.24732	773.76	0.96511	3.28	0
878	11:49:18.26	0.0360	20.52078	22.22	46.02	1.2	0.999318	19.8040	1.24728	773.74	0.96508	3.28	0
879	11:49:18.56	0.0355	20.52085	22.22	46.02	1.2	0.999318	19.8033	1.24724	773.72	0.96503	3.28	0
880	11:49:18.86	0.0350	20.52113	22.22	46.02	1.2	0.999336	19.8042	1.24728	773.74	0.96506	3.28	0
881	11:49:19.16	0.0355	20.52099	22.22	46.02	1.2	0.999324	19.8042	1.24728	773.74	0.96507	3.28	0
882	11:49:19.46	0.0365	20.52050	22.22	46.02	1.2	0.999306	19.8040	1.24728	773.74	0.96509	3.28	0
883	11:49:19.76	0.0360	20.52085	22.22	46.02	1.2	0.999318	19.8047	1.24728	773.76	0.96510	3.28	0
884	11:49:20.06	0.0355	20.52092	22.22	46.02	1.2	0.999324	19.8038	1.24728	773.74	0.96506	3.28	0
885	11:49:20.36	0.0350	20.52106	22.22	46.02	1.2	0.999330	19.8038	1.24728	773.72	0.96505	3.28	0
886	11:49:20.66	0.0350	20.52120	22.22	46.02	1.2	0.999336	19.8042	1.24728	773.74	0.96506	3.28	0
887	11:49:20.96	0.0390	20.51952	22.22	46.02	1.2	0.999258	19.8037	1.24732	773.76	0.96511	3.28	0
888	11:49:21.26	0.0370	20.52029	22.23	46.02	1.2	0.999300	19.8037	1.24728	773.74	0.96508	3.28	0
889	11:49:21.56	0.0360	20.52057	22.23	46.02	1.2	0.999312	19.8040	1.24728	773.74	0.96508	3.28	0
890	11:49:21.86	0.0390	20.51952	22.23	46.02	1.2	0.999258	19.8038	1.24732	773.76	0.96512	3.28	0
891	11:49:22.16	0.0375	20.52001	22.23	46.02	1.2	0.999282	19.8041	1.24732	773.76	0.96511	3.28	0
892	11:49:22.46	0.0360	20.52057	22.23	46.02	1.2	0.999312	19.8038	1.24728	773.74	0.96507	3.28	0
893	11:49:22.76	0.0345	20.52113	22.23	46.05	1.2	0.999342	19.8036	1.24724	773.74	0.96503	3.28	0
894	11:49:23.06	0.0370	20.52029	22.23	46.05	1.2	0.999300	19.8040	1.24728	773.76	0.96509	3.28	0
895	11:49:23.36	0.0360	20.52064	22.23	46.05	1.2	0.999318	19.8036	1.24728	773.74	0.96506	3.28	0
896	11:49:23.66	0.0360	20.52064	22.23	46.05	1.2	0.999312	19.8035	1.24728	773.74	0.96505	3.28	0
897	11:49:23.96	0.0370	20.52029	22.23	46.02	1.2	0.999300	19.8040	1.24732	773.74	0.96509	3.28	0
898	11:49:24.26	0.0380	20.51994	22.23	46.02	1.2	0.999282	19.8039	1.24732	773.74	0.96511	3.28	0
899	11:49:24.56	0.0360	20.52071	22.23	46.02	1.2	0.999318	19.8038	1.24728	773.74	0.96506	3.28	0
900	11:49:24.86	0.0355	20.52106	22.22	46.02	1.2	0.999330	19.8034	1.24728	773.72	0.96503	3.28	0
901	11:49:25.16	0.0380	20.52001	22.22	46.02	1.2	0.999276	19.8038	1.24732	773.74	0.96510	3.28	0
902	11:49:25.46	0.0360	20.52057	22.23	46.02	1.2	0.999312	19.8036	1.24728	773.74	0.96506	3.28	0
903	11:49:25.76	0.0365	20.52036	22.23	46.05	1.2	0.999300	19.8043	1.24732	773.76	0.96511	3.28	0
904	11:49:26.06	0.0360	20.52078	22.22	46.05	1.2	0.999318	19.8045	1.24728	773.74	0.96509	3.28	0
905	11:49:26.36	0.0375	20.52022	22.22	46.02	1.2	0.999288	19.8045	1.24732	773.76	0.96512	3.28	0
906	11:49:26.66	0.0350	20.52099	22.23	46.02	1.2	0.999330	19.8040	1.24728	773.74	0.96506	3.28	0
907	11:49:26.96	0.0360	20.52078	22.23	46.02	1.2	0.999318	19.8050	1.24732	773.76	0.96512	3.28	0
908	11:49:27.26	0.0375	20.52015	22.23	46.02	1.2	0.999288	19.8040	1.24732	773.74	0.96510	3.28	0
909	11:49:27.56	0.0365	20.52043	22.23	46.02	1.2	0.999306	19.8034	1.24728	773.72	0.96506	3.28	0
910	11:49:27.86	0.0375	20.52022	22.22	46.02	1.2	0.999288	19.8040	1.24732	773.74	0.96510	3.28	0
911	11:49:28.16	0.0375	20.52022	22.22	46.02	1.2	0.999288	19.8035	1.24728	773.74	0.96507	3.28	0
912	11:49:28.46	0.0360	20.52078	22.22	46.02	1.2	0.999318	19.8038	1.24728	773.74	0.96506	3.28	0
913	11:49:28.76	0.0385	20.51980	22.22	46.02	1.2	0.999270	19.8040	1.24732	773.76	0.96512	3.28	0
914	11:49:29.06	0.0370	20.52015	22.23	46.02	1.2	0.999294	19.8045	1.24732	773.76	0.96512	3.28	0
915	11:49:29.36	0.0365	20.52050	22.23	46.02	1.2	0.999306	19.8043	1.24732	773.74	0.96510	3.28	0
916	11:49:29.66	0.0370	20.52043	22.22	46.02	1.2	0.999300	19.8043	1.24732	773.74	0.96510	3.28	0
917	11:49:29.96	0.0365	20.52057	22.22	46.02	1.2	0.999306	19.8042	1.24732	773.74	0.96509	3.28	0
918	11:49:30.26	0.0365	20.52043	22.22	46.02	1.2	0.999300	19.8044	1.24732	773.76	0.96511	3.28	0
919	11:49:30.56	0.0365	20.52057	22.22	46.02	1.2	0.999306	19.8043	1.24728	773.74	0.96509	3.28	0
920	11:49:30.86	0.0355	20.52092	22.23	46.02	1.2	0.999324	19.8045	1.24728	773.74	0.96509	3.28	0
921	11:49:31.16	0.0360	20.52064	22.23	46.05	1.2	0.999318	19.8043	1.24728	773.76	0.96509	3.28	0
922	11:49:31.46	0.0355	20.52078	22.23	46.05	1.2	0.999324	19.8042	1.24728	773.74	0.96508	3.28	0
923	11:49:31.76	0.0370	20.52015	22.23	46.05	1.2	0.999294	19.8047	1.24732	773.76	0.96514	3.28	0
924	11:49:32.06	0.0350	20.52106	22.23	46.05	1.2	0.999336	19.8050	1.24732	773.76	0.96510	3.28	0
925	11:49:32.36	0.0375	20.52001	22.23	46.02	1.2	0.999288	19.8045	1.24732	773.76	0.96513	3.28	0
926	11:49:32.66	0.0360	20.52071	22.23	46.02	1.2	0.999318	19.8045	1.24732	773.74	0.96510	3.28	0
927	11:49:32.96	0.0360	20.52064	22.23	46.05	1.2	0.999318	19.8037	1.24728	773.74	0.96506	3.28	0
928	11:49:33.26	0.0350	20.52106	22.22	46.05	1.2	0.999330	19.8044	1.24728	773.74	0.96508	3.28	0
929	11:49:33.56	0.0375	20.52022	22.22	46.05	1.2	0.999288	19.8037	1.24728	773.74	0.96508	3.28	0
930	11:49:33.86	0.0365	20.52043	22.23	46.05	1.2	0.999306	19.8043	1.24728	773.76	0.96510	3.28	0
931	11:49:34.16	0.0365	20.52050	22.23	46.05	1.2	0.999306	19.8041	1.24728	773.74	0.96509	3.28	0
932	11:49:34.46	0.0365	20.52036	22.23	46.05	1.2	0.999300	19.8040	1.24732	773.74	0.96509	3.28	0
933	11:49:34.76	0.0380	20.51980	22.23	46.02	1.2	0.999270	19.8040	1.24732	773.76	0.96512	3.28	0
934	11:49:35.06	0.0365	20.52043	22.23	46.02	1.2	0.999306	19.8040	1.24728	773.76	0.96509	3.28	0
935	11:49:35.36	0.0375	20.52008	22.23	46.05	1.2	0.999288	19.8045	1.24732	773.76	0.96512	3.28	0
936	11:49:35.66	0.0355	20.52078	22.23	46.05	1.2	0.999324	19.8047	1.24732	773.76	0.96511	3.28	0
937	11:49:35.96	0.0395	20.51924	22.23	46.02	1.2	0.999246	19.8045	1.24736	773.78	0.96517	3.28	0
938	11:49:36.26	0.0360	20.52064	22.23	46.02	1.2	0.999312	19.8044	1.24732	773.74	0.96509	3.28	0
939	11:49:36.56	0.0355	20.52078	22.23	46.05	1.2	0.999324	19.8041	1.24728	773.74	0.96508	3.28	0
940	11:49:36.86	0.0345	20.52127	22.23	46.05	1.2	0.999348	19.8044	1.24728	773.74	0.96507	3.28	0
941	11:49:37.16	0.0370	20.52029	22.23	46.05	1.2	0.999300	19.8044	1.24732	773.76	0.96511	3.28	0
942	11:49:37.46	0.0385	20.51966	22.22	46.05	1.2	0.999264	19.8040	1.24732	773.76	0.96512	3.28	0
943	11:49:37.76	0.0360	20.52071	22.22	46.05	1.2	0.999318	19.8045	1.24728	773.76	0.96510	3.28	0
944	11:49:38.06	0.0355	20.52078	22.23	46.05	1.2	0.999324	19.8045	1.24728	773.76	0.96510	3.28	0
945	11:49:38.36	0.0370	20.52015	22.23	46.05	1.2	0.999294	19.8037	1.24728	773.74	0.96508	3.28	0
946	11:49:38.66	0.0360	20.52071	22.23	46.05	1.2	0.999318	19.8038	1.24728	773.74	0.96507	3.28	0
947	11:49:38.96	0.0370	20.52036	22.23	46.05	1.2	0.999300	19.8037	1.24728	773.74	0.96508	3.28	0
948	11:49:39.26	0.0355	20.52085	22.23	46.05	1.2	0.999324	19.8042	1.24728	773.74	0.96508	3.28	0
949	11:49:39.56	0.0345	20.52120	22.23	46.05	1.2	0.999342	19.8045	1.24728	773.74	0.96508	3.28	0
950	11:49:39.86	0.0370	20.52029	22.23	46.05	1.2	0.999300	19.8039	1.24728	773.74	0.96509	3.28	0
951	11:49:40.16	0.0365	20.52036	22.23	46.05	1.2	0.999300	19.8042	1.24732	773.74	0.96510	3.28	0
952	11:49:40.46	0.0370	20.52022	22.23	46.05	1.2	0.999294	19.8047	1.24732	773.76	0.96513	3.28	0
953	11:49:40.76	0.0365	20.52050	22.23	46.05	1.2	0.999306	19.8040	1.24728	773.74	0.96509	3.28	0
954	11:49:41.06	0.0370	20.52029	22.23	46.05	1.2	0.999300	19.8040	1.24732	773.74	0.96509	3.28	0
955	11:49:41.36	0.0375	20.52008	22.23	46.05	1.2	0.999288	19.8038	1.24732	773.74	0.96509	3.28	0
956	11:49:41.66	0.0375	20.52008	22.23	46.05	1.2	0.999288	19.8033	1.24728	773.74	0.96508	3.28	0
957	11:49:41.96	0.0360	20.52071	22.23	46.05	1.2	0.999318	19.8042	1.24728	773.74	0.96508	3.28	0
958	11:49:42.26	0.0385	20.51973	22.23	46.05	1.2	0.999270	19.8039	1.24732	773.76	0.96512	3.28	0
959	11:49:42.56	0.0360	20.52064	22.23	46.05	1.2	0.999312	19.8035	1.24728	773.72	0.96506	3.28	0
960	11:49:42.86	0.0370	20.52029	22.23	46.05	1.2	0.999300	19.8038	1.24728	773.74	0.96508	3.28	0
961	11:49:43.16	0.0360	20.52057	22.23	46.05	1.2	0.999312	19.8040	1.24728	773.74	0.96508	3.28	0
962	11:49:43.46	0.0365	20.52043	22.23	46.05	1.2	0.999306	19.8045	1.24732	773.76	0.96511	3.28	0
963	11:49:43.76	0.0375	20.52008	22.23	46.05	1.2	0.999288	19.8045	1.24732	773.76	0.96513	3.28	0
964	11:49:44.06	0.0365	20.52043	22.23	46.05	1.2	0.999306	19.8043	1.24732	773.74	0.96510	3.28	0
965	11:49:44.36	0.0375	20.52008	22.23	46.02	1.2	0.999288	19.8040	1.24732	773.76	0.96511	3.28	0
966	11:49:44.66	0.0360	20.52064	22.23	46.02	1.2	0.999318	19.8042	1.24728	773.74	0.96508	3.28	0
967	11:49:44.96	0.0380	20.51994	22.23	46.02	1.2	0.999282	19.8041	1.24732	773.76	0.96511	3.28	0
968	11:49:45.26	0.0395	20.51931	22.23	46.02	1.2	0.999252	19.8044	1.24736	773.78	0.96516	3.28	0
969	11:49:45.56	0.0370	20.52022	22.23	46.05	1.2	0.999294	19.8038	1.24732	773.74	0.96509	3.28	0
970	11:49:45.86	0.0365	20.52036	22.23	46.05	1.2	0.999306	19.8043	1.24732	773.74	0.96510	3.28	0
971	11:49:46.16	0.0390	20.51952	22.23	46.05	1.2	0.999264	19.8043	1.24732	773.76	0.96514	3.28	0
972	11:49:46.46	0.0360	20.52064	22.22	46.05	1.2	0.999312	19.8040	1.24728	773.74	0.96508	3.28	0
973	11:49:46.76	0.0380	20.51994	22.22	46.05	1.2	0.999276	19.8041	1.24732	773.74	0.96512	3.28	0
974	11:49:47.06	0.0380	20.51987	22.23	46.05	1.2	0.999282	19.8040	1.24732	773.76	0.96511	3.28	0
975	11:49:47.36	0.0370	20.52029	22.23	46.05	1.2	0.999300	19.8038	1.24728	773.74	0.96508	3.28	0
976	11:49:47.66	0.0360	20.52057	22.23	46.05	1.2	0.999312	19.8046	1.24732	773.76	0.96511	3.28	0
977	11:49:47.96	0.0365	20.52043	22.23	46.05	1.2	0.999306	19.8040	1.24728	773.74	0.96508	3.28	0
978	11:49:48.26	0.0380	20.51987	22.23	46.05	1.2	0.999276	19.8045	1.24732	773.76	0.96514	3.28	0
979	11:49:48.56	0.0350	20.52106	22.23	46.05	1.2	0.999336	19.8045	1.24728	773.74	0.96508	3.28	0
980	11:49:48.86	0.0365	20.52043	22.23	46.05	1.2	0.999306	19.8042	1.24728	773.76	0.96510	3.28	0
981	11:49:49.16	0.0370	20.52015	22.23	46.05	1.2	0.999294	19.8040	1.24728	773.76	0.96509	3.28	0
982	11:49:49.46	0.0365	20.52036	22.23	46.05	1.2	0.999306	19.8037	1.24732	773.74	0.96508	3.28	0
983	11:49:49.76	0.0385	20.51966	22.23	46.05	1.2	0.999270	19.8041	1.24732	773.76	0.96513	3.28	0
984	11:49:50.06	0.0390	20.51945	22.23	46.05	1.2	0.999258	19.8043	1.24732	773.78	0.96515	3.28	0
985	11:49:50.36	0.0375	20.52001	22.23	46.05	1.2	0.999288	19.8040	1.24732	773.74	0.96511	3.28	0
986	11:49:50.66	0.0375	20.52001	22.23	46.05	1.2	0.999288	19.8040	1.24732	773.76	0.96511	3.28	0
987	11:49:50.96	0.0370	20.52015	22.23	46.05	1.2	0.999294	19.8043	1.24732	773.76	0.96511	3.28	0
988	11:49:51.26	0.0365	20.52043	22.23	46.05	1.2	0.999306	19.8045	1.24732	773.76	0.96511	3.28	0
989	11:49:51.56	0.0350	20.52099	22.23	46.05	1.2	0.999330	19.8043	1.24728	773.74	0.96508	3.28	0
990	11:49:51.86	0.0360	20.52064	22.23	46.05	1.2	0.999312	19.8044	1.24732	773.76	0.96510	3.28	0
991	11:49:52.16	0.0360	20.52064	22.23	46.05	1.2	0.999318	19.8043	1.24728	773.76	0.96509	3.28	0
992	11:49:52.46	0.0390	20.51952	22.23	46.05	1.2	0.999264	19.8043	1.24732	773.76	0.96514	3.28	0
993	11:49:52.76	0.0370	20.52022	22.23	46.05	1.2	0.999294	19.8043	1.24732	773.76	0.96511	3.28	0
994	11:49:53.06	0.0390	20.51952	22.23	46.05	1.2	0.999258	19.8040	1.24732	773.76	0.96514	3.28	0
995	11:49:53.36	0.0365	20.52050	22.23	46.05	1.2	0.999312	19.8043	1.24728	773.76	0.96510	3.28	0
996	11:49:53.66	0.0370	20.52022	22.24	46.05	1.2	0.999300	19.8043	1.24732	773.76	0.96511	3.28	0
997	11:49:53.96	0.0360	20.52050	22.24	46.05	1.2	0.999312	19.8045	1.24732	773.76	0.96511	3.28	0
998	11:49:54.26	0.0345	20.52113	22.23	46.05	1.2	0.999342	19.8048	1.24728	773.76	0.96509	3.28	0
999	11:49:54.56	0.0370	20.52036	22.23	46.02	1.2	0.999300	19.8050	1.24732	773.76	0.96514	3.28	0
1000	11:49:54.86	0.0365	20.52043	22.24	46.02	1.2	0.999306	19.8046	1.24732	773.76	0.96512	3.28	0
1001	11:49:55.16	0.0350	20.52099	22.24	46.05	1.2	0.999336	19.8047	1.24728	773.74	0.96509	3.28	0
1002	11:49:55.46	0.0360	20.52064	22.23	46.05	1.2	0.999318	19.8043	1.24728	773.74	0.96509	3.28	0
1003	11:49:55.76	0.0370	20.52022	22.23	46.02	1.2	0.999294	19.8044	1.24728	773.76	0.96512	3.28	0
1004	11:49:56.06	0.0365	20.52057	22.23	46.02	1.2	0.999312	19.8044	1.24732	773.74	0.96510	3.28	0
1005	11:49:56.36	0.0365	20.52050	22.23	46.05	1.2	0.999306	19.8047	1.24732	773.76	0.96512	3.28	0
1006	11:49:56.66	0.0360	20.52071	22.23	46.05	1.2	0.999318	19.8042	1.24728	773.74	0.96508	3.28	0
1007	11:49:56.96	0.0355	20.52085	22.23	46.05	1.2	0.999330	19.8043	1.24728	773.74	0.96508	3.28	0
1008	11:49:57.26	0.0355	20.52078	22.23	46.05	1.2	0.999324	19.8050	1.24732	773.76	0.96512	3.28	0
1009	11:49:57.56	0.0380	20.51987	22.23	46.05	1.2	0.999276	19.8040	1.24732	773.76	0.96511	3.28	0
1010	11:49:57.86	0.0350	20.52085	22.24	46.05	1.2	0.999330	19.8043	1.24728	773.74	0.96508	3.28	0
1011	11:49:58.16	0.0360	20.52064	22.24	46.05	1.2	0.999318	19.8043	1.24732	773.74	0.96509	3.28	0
1012	11:49:58.46	0.0370	20.52022	22.23	46.05	1.2	0.999294	19.8040	1.24728	773.76	0.96509	3.28	0
1013	11:49:58.76	0.0360	20.52071	22.23	46.02	1.2	0.999318	19.8040	1.24728	773.74	0.96508	3.28	0
1014	11:49:59.06	0.0360	20.52064	22.24	46.02	1.2	0.999318	19.8037	1.24728	773.74	0.96506	3.28	0
1015	11:49:59.36	0.0365	20.52043	22.24	46.02	1.2	0.999312	19.8038	1.24728	773.74	0.96508	3.28	0
1016	11:49:59.66	0.0350	20.52099	22.24	46.02	1.2	0.999336	19.8043	1.24728	773.74	0.96508	3.28	0
1017	11:49:59.96	0.0360	20.52057	22.24	46.05	1.2	0.999318	19.8045	1.24728	773.76	0.96511	3.28	0
1018	11:50:00.26	0.0380	20.51987	22.23	46.05	1.2	0.999282	19.8052	1.24736	773.78	0.96517	3.28	0
1019	11:50:00.56	0.0365	20.52043	22.23	46.05	1.2	0.999306	19.8043	1.24728	773.76	0.96510	3.28	0
1020	11:50:00.86	0.0360	20.52057	22.23	46.05	1.2	0.999312	19.8045	1.24728	773.76	0.96511	3.28	0
1021	11:50:01.16	0.0360	20.52071	22.23	46.02	1.2	0.999318	19.8049	1.24732	773.76	0.96512	3.28	0
1022	11:50:01.46	0.0340	20.52141	22.24	46.02	1.2	0.999354	19.8044	1.24728	773.74	0.96506	3.28	0
1023	11:50:01.76	0.0350	20.52085	22.24	46.05	1.2	0.999330	19.8044	1.24728	773.76	0.96509	3.28	0
1024	11:50:02.06	0.0365	20.52022	22.24	46.05	1.2	0.999300	19.8041	1.24732	773.74	0.96510	3.28	0
1025	11:50:02.36	0.0350	20.52099	22.24	46.02	1.2	0.999336	19.8047	1.24728	773.76	0.96509	3.28	0
1026	11:50:02.66	0.0340	20.52141	22.23	46.02	1.2	0.999348	19.8056	1.24732	773.76	0.96512	3.28	0
1027	11:50:02.96	0.0355	20.52078	22.23	46.02	1.2	0.999318	19.8048	1.24728	773.76	0.96511	3.28	0
1028	11:50:03.26	0.0375	20.52001	22.24	46.02	1.2	0.999288	19.8044	1.24732	773.76	0.96512	3.28	0
1029	11:50:03.56	0.0350	20.52092	22.24	46.02	1.2	0.999330	19.8046	1.24728	773.74	0.96509	3.28	0
1030	11:50:03.86	0.0390	20.51952	22.24	46.02	1.2	0.999264	19.8043	1.24732	773.78	0.96515	3.28	0
1031	11:50:04.16	0.0355	20.52071	22.24	46.05	1.2	0.999324	19.8047	1.24732	773.74	0.96511	3.28	0
1032	11:50:04.46	0.0360	20.52050	22.24	46.05	1.2	0.999312	19.8049	1.24732	773.76	0.96513	3.28	0
1033	11:50:04.76	0.0375	20.51987	22.24	46.02	1.2	0.999282	19.8049	1.24736	773.76	0.96515	3.28	0
1034	11:50:05.06	0.0385	20.51952	22.24	46.02	1.2	0.999264	19.8046	1.24732	773.78	0.96516	3.28	0
1035	11:50:05.36	0.0375	20.51994	22.24	46.02	1.2	0.999282	19.8043	1.24732	773.76	0.96512	3.28	0
1036	11:50:05.66	0.0345	20.52106	22.24	46.02	1.2	0.999342	19.8049	1.24728	773.76	0.96510	3.28	0
1037	11:50:05.96	0.0360	20.52050	22.24	46.02	1.2	0.999312	19.8042	1.24728	773.74	0.96509	3.28	0
1038	11:50:06.26	0.0345	20.52113	22.24	46.02	1.2	0.999342	19.8050	1.24728	773.76	0.96510	3.28	0
1039	11:50:06.56	0.0385	20.51966	22.24	46.02	1.2	0.999270	19.8045	1.24732	773.78	0.96515	3.28	0
1040	11:50:06.86	0.0380	20.51973	22.24	46.02	1.2	0.999276	19.8045	1.24736	773.76	0.96514	3.28	0
1041	11:50:07.16	0.0370	20.52022	22.24	46.02	1.2	0.999300	19.8045	1.24732	773.76	0.96512	3.28	0
1042	11:50:07.46	0.0365	20.52043	22.24	46.02	1.2	0.999306	19.8046	1.24732	773.76	0.96512	3.28	0
1043	11:50:07.76	0.0360	20.52064	22.24	46.02	1.2	0.999318	19.8041	1.24728	773.74	0.96508	3.28	0
1044	11:50:08.06	0.0370	20.52022	22.24	46.02	1.2	0.999300	19.8040	1.24728	773.76	0.96509	3.28	0
1045	11:50:08.36	0.0360	20.52050	22.24	46.02	1.2	0.999312	19.8048	1.24732	773.76	0.96512	3.28	0
1046	11:50:08.66	0.0370	20.52008	22.24	46.02	1.2	0.999294	19.8046	1.24732	773.76	0.96514	3.28	0
1047	11:50:08.96	0.0370	20.52022	22.24	46.02	1.2	0.999300	19.8047	1.24732	773.78	0.96514	3.28	0
1048	11:50:09.26	0.0375	20.51994	22.24	46.02	1.2	0.999288	19.8050	1.24736	773.78	0.96516	3.28	0
1049	11:50:09.56	0.0365	20.52043	22.24	46.02	1.2	0.999306	19.8047	1.24732	773.76	0.96512	3.28	0
1050	11:50:09.86	0.0380	20.51980	22.24	46.02	1.2	0.999276	19.8043	1.24732	773.76	0.96514	3.28	0
1051	11:50:10.16	0.0350	20.52099	22.24	46.02	1.2	0.999336	19.8048	1.24728	773.76	0.96510	3.28	0
1052	11:50:10.46	0.0360	20.52050	22.24	46.02	1.2	0.999312	19.8050	1.24732	773.76	0.96513	3.28	0
1053	11:50:10.76	0.0370	20.52015	22.24	46.02	1.2	0.999294	19.8045	1.24732	773.76	0.96512	3.28	0
1054	11:50:11.06	0.0365	20.52029	22.24	46.02	1.2	0.999300	19.8050	1.24732	773.76	0.96514	3.28	0
1055	11:50:11.36	0.0385	20.51959	22.24	46.02	1.2	0.999270	19.8047	1.24736	773.78	0.96516	3.28	0
1056	11:50:11.66	0.0365	20.52043	22.24	46.02	1.2	0.999306	19.8050	1.24732	773.76	0.96514	3.28	0
1057	11:50:11.96	0.0370	20.52015	22.24	46.02	1.2	0.999294	19.8048	1.24732	773.76	0.96514	3.28	0
1058	11:50:12.26	0.0360	20.52050	22.24	46.02	1.2	0.999312	19.8046	1.24732	773.76	0.96511	3.28	0
1059	11:50:12.56	0.0375	20.52001	22.24	46.02	1.2	0.999288	19.8047	1.24732	773.76	0.96514	3.28	0
1060	11:50:12.86	0.0380	20.51987	22.24	46.02	1.2	0.999282	19.8045	1.24732	773.76	0.96514	3.28	0
1061	11:50:13.16	0.0355	20.52078	22.24	46.02	1.2	0.999324	19.8043	1.24728	773.74	0.96508	3.28	0
1062	11:50:13.46	0.0360	20.52050	22.24	46.02	1.2	0.999312	19.8046	1.24732	773.76	0.96511	3.28	0
1063	11:50:13.76	0.0355	20.52078	22.24	46.02	1.2	0.999324	19.8048	1.24732	773.76	0.96511	3.28	0
1064	11:50:14.06	0.0355	20.52071	22.24	46.02	1.2	0.999324	19.8043	1.24728	773.74	0.96509	3.28	0
1065	11:50:14.36	0.0360	20.52057	22.24	46.02	1.2	0.999312	19.8048	1.24732	773.76	0.96512	3.28	0
1066	11:50:14.66	0.0375	20.52008	22.24	46.02	1.2	0.999288	19.8043	1.24732	773.76	0.96512	3.28	0
1067	11:50:14.96	0.0370	20.52022	22.24	46.02	1.2	0.999300	19.8042	1.24728	773.76	0.96511	3.28	0
1068	11:50:15.26	0.0375	20.52001	22.24	46.02	1.2	0.999288	19.8038	1.24732	773.74	0.96510	3.28	0
1069	11:50:15.56	0.0380	20.51987	22.24	46.02	1.2	0.999282	19.8041	1.24732	773.76	0.96512	3.28	0
1070	11:50:15.86	0.0380	20.51987	22.24	46.02	1.2	0.999282	19.8043	1.24732	773.78	0.96513	3.28	0
1071	11:50:16.16	0.0370	20.52022	22.24	46.02	1.2	0.999300	19.8051	1.24732	773.78	0.96515	3.28	0
1072	11:50:16.46	0.0355	20.52085	22.24	46.02	1.2	0.999330	19.8050	1.24732	773.76	0.96512	3.28	0
1073	11:50:16.76	0.0380	20.51980	22.24	46.02	1.2	0.999276	19.8047	1.24732	773.78	0.96515	3.28	0
1074	11:50:17.06	0.0375	20.52008	22.24	46.02	1.2	0.999288	19.8045	1.24732	773.76	0.96513	3.28	0
1075	11:50:17.36	0.0365	20.52043	22.24	46.02	1.2	0.999306	19.8049	1.24732	773.78	0.96513	3.28	0
1076	11:50:17.66	0.0355	20.52071	22.24	46.02	1.2	0.999324	19.8050	1.24732	773.76	0.96512	3.28	0
1077	11:50:17.96	0.0360	20.52064	22.24	46.02	1.2	0.999318	19.8047	1.24732	773.76	0.96511	3.28	0
1078	11:50:18.26	0.0355	20.52071	22.24	46.02	1.2	0.999324	19.8049	1.24732	773.76	0.96512	3.28	0
1079	11:50:18.56	0.0365	20.52036	22.24	46.02	1.2	0.999306	19.8043	1.24728	773.76	0.96511	3.28	0
1080	11:50:18.86	0.0370	20.52015	22.24	46.02	1.2	0.999294	19.8046	1.24732	773.76	0.96513	3.28	0
1081	11:50:19.16	0.0360	20.52057	22.24	46.02	1.2	0.999318	19.8048	1.24728	773.76	0.96512	3.28	0
1082	11:50:19.46	0.0365	20.52043	22.24	46.02	1.2	0.999306	19.8042	1.24728	773.76	0.96509	3.28	0
1083	11:50:19.76	0.0380	20.51987	22.24	46.02	1.2	0.999282	19.8043	1.24732	773.76	0.96513	3.28	0
1084	11:50:20.06	0.0370	20.52008	22.24	46.02	1.2	0.999294	19.8043	1.24732	773.76	0.96512	3.28	0
1085	11:50:20.36	0.0360	20.52050	22.24	46.02	1.2	0.999312	19.8040	1.24728	773.74	0.96509	3.28	0
1086	11:50:20.66	0.0370	20.52015	22.24	46.02	1.2	0.999294	19.8043	1.24728	773.76	0.96511	3.28	0
1087	11:50:20.96	0.0360	20.52064	22.24	46.02	1.2	0.999318	19.8040	1.24728	773.74	0.96508	3.28	0
1088	11:50:21.26	0.0380	20.51980	22.24	46.02	1.2	0.999276	19.8036	1.24728	773.76	0.96510	3.28	0
1089	11:50:21.56	0.0365	20.52043	22.24	46.02	1.2	0.999312	19.8038	1.24728	773.74	0.96508	3.28	0
1090	11:50:21.86	0.0360	20.52057	22.24	46.02	1.2	0.999318	19.8040	1.24728	773.74	0.96508	3.28	0
1091	11:50:22.16	0.0360	20.52050	22.24	46.02	1.2	0.999312	19.8040	1.24728	773.74	0.96509	3.28	0
1092	11:50:22.46	0.0335	20.52155	22.24	46.02	1.2	0.999360	19.8047	1.24728	773.76	0.96507	3.28	0
1093	11:50:22.76	0.0360	20.52057	22.24	46.02	1.2	0.999318	19.8040	1.24728	773.74	0.96508	3.28	0
1094	11:50:23.06	0.0360	20.52057	22.24	46.02	1.2	0.999318	19.8047	1.24732	773.76	0.96511	3.28	0
1095	11:50:23.36	0.0350	20.52085	22.24	46.02	1.2	0.999330	19.8046	1.24728	773.76	0.96510	3.28	0
1096	11:50:23.66	0.0375	20.51987	22.24	46.02	1.2	0.999282	19.8042	1.24732	773.76	0.96512	3.28	0
1097	11:50:23.96	0.0370	20.52029	22.24	46.02	1.2	0.999300	19.8045	1.24732	773.76	0.96512	3.28	0
1098	11:50:24.26	0.0375	20.52001	22.24	46.02	1.2	0.999288	19.8040	1.24732	773.76	0.96511	3.28	0
1099	11:50:24.56	0.0370	20.52015	22.24	46.02	1.2	0.999294	19.8040	1.24728	773.76	0.96510	3.28	0
1100	11:50:24.86	0.0375	20.51994	22.25	46.02	1.2	0.999288	19.8037	1.24728	773.76	0.96509	3.28	0
1101	11:50:25.16	0.0370	20.52008	22.25	46.02	1.2	0.999294	19.8045	1.24732	773.76	0.96513	3.28	0
1102	11:50:25.46	0.0375	20.51994	22.25	46.02	1.2	0.999288	19.8043	1.24732	773.76	0.96512	3.28	0
1103	11:50:25.76	0.0380	20.51959	22.25	46.02	1.2	0.999270	19.8038	1.24732	773.76	0.96512	3.28	0
1104	11:50:26.06	0.0365	20.52029	22.25	46.02	1.2	0.999306	19.8040	1.24728	773.76	0.96510	3.28	0
1105	11:50:26.36	0.0370	20.52008	22.25	46.02	1.2	0.999294	19.8040	1.24728	773.76	0.96511	3.28	0
1106	11:50:26.66	0.0360	20.52064	22.24	46.02	1.2	0.999318	19.8040	1.24728	773.76	0.96508	3.28	0
1107	11:50:26.96	0.0365	20.52036	22.24	46.02	1.2	0.999306	19.8041	1.24728	773.76	0.96509	3.28	0
1108	11:50:27.26	0.0375	20.52008	22.24	46.02	1.2	0.999288	19.8048	1.24732	773.78	0.96515	3.28	0
1109	11:50:27.56	0.0365	20.52036	22.24	46.02	1.2	0.999306	19.8051	1.24732	773.76	0.96514	3.28	0
1110	11:50:27.86	0.0370	20.52008	22.25	46.02	1.2	0.999294	19.8045	1.24732	773.76	0.96512	3.28	0
1111	11:50:28.16	0.0360	20.52043	22.25	46.02	1.2	0.999312	19.8046	1.24732	773.76	0.96512	3.28	0
1112	11:50:28.46	0.0370	20.52008	22.25	46.02	1.2	0.999294	19.8045	1.24732	773.76	0.96512	3.28	0
1113	11:50:28.76	0.0395	20.51910	22.25	46.02	1.2	0.999246	19.8040	1.24732	773.78	0.96515	3.28	0
1114	11:50:29.06	0.0350	20.52085	22.25	46.02	1.2	0.999336	19.8050	1.24728	773.76	0.96511	3.28	0
1115	11:50:29.36	0.0360	20.52050	22.25	46.02	1.2	0.999312	19.8047	1.24728	773.76	0.96512	3.28	0
1116	11:50:29.66	0.0370	20.52001	22.25	46.02	1.2	0.999294	19.8044	1.24732	773.76	0.96512	3.28	0
1117	11:50:29.96	0.0370	20.52015	22.25	46.02	1.2	0.999300	19.8043	1.24728	773.78	0.96512	3.28	0
1118	11:50:30.26	0.0350	20.52092	22.25	46.02	1.2	0.999336	19.8050	1.24728	773.76	0.96511	3.28	0
1119	11:50:30.56	0.0385	20.51959	22.25	46.02	1.2	0.999270	19.8043	1.24732	773.78	0.96514	3.28	0
1120	11:50:30.86	0.0375	20.51994	22.25	46.02	1.2	0.999288	19.8045	1.24732	773.78	0.96514	3.28	0
1121	11:50:31.16	0.0375	20.51994	22.25	46.02	1.2	0.999288	19.8043	1.24732	773.76	0.96512	3.28	0
1122	11:50:31.46	0.0370	20.52015	22.25	46.02	1.2	0.999300	19.8041	1.24728	773.76	0.96511	3.28	0
1123	11:50:31.76	0.0375	20.51987	22.25	46.02	1.2	0.999282	19.8047	1.24732	773.78	0.96515	3.28	0
1124	11:50:32.06	0.0360	20.52043	22.25	46.02	1.2	0.999312	19.8050	1.24732	773.78	0.96514	3.28	0
1125	11:50:32.36	0.0370	20.52008	22.25	46.02	1.2	0.999294	19.8047	1.24732	773.78	0.96514	3.28	0
1126	11:50:32.66	0.0355	20.52057	22.25	46.02	1.2	0.999318	19.8048	1.24728	773.78	0.96512	3.28	0
1127	11:50:32.96	0.0355	20.52071	22.25	46.02	1.2	0.999324	19.8049	1.24728	773.76	0.96512	3.28	0
1128	11:50:33.26	0.0360	20.52050	22.25	46.02	1.2	0.999312	19.8043	1.24728	773.76	0.96510	3.28	0
1129	11:50:33.56	0.0355	20.52057	22.25	46.02	1.2	0.999318	19.8050	1.24732	773.76	0.96512	3.28	0
1130	11:50:33.86	0.0375	20.51987	22.25	46.02	1.2	0.999282	19.8051	1.24732	773.78	0.96517	3.28	0
1131	11:50:34.16	0.0355	20.52064	22.25	46.02	1.2	0.999324	19.8046	1.24728	773.76	0.96511	3.28	0
1132	11:50:34.46	0.0350	20.52078	22.25	46.02	1.2	0.999330	19.8047	1.24728	773.76	0.96511	3.28	0
1133	11:50:34.76	0.0365	20.52036	22.25	46.02	1.2	0.999312	19.8048	1.24732	773.76	0.96513	3.28	0
1134	11:50:35.06	0.0360	20.52050	22.25	46.02	1.2	0.999318	19.8038	1.24728	773.74	0.96508	3.28	0
1135	11:50:35.36	0.0365	20.52022	22.25	46.02	1.2	0.999300	19.8044	1.24732	773.76	0.96512	3.28	0
1136	11:50:35.66	0.0375	20.51994	22.25	46.02	1.2	0.999288	19.8042	1.24732	773.76	0.96512	3.28	0
1137	11:50:35.96	0.0375	20.51980	22.25	46.02	1.2	0.999282	19.8042	1.24732	773.76	0.96512	3.28	0
1138	11:50:36.26	0.0375	20.51994	22.25	46.02	1.2	0.999288	19.8045	1.24732	773.76	0.96514	3.28	0
1139	11:50:36.56	0.0380	20.51980	22.25	46.02	1.2	0.999282	19.8047	1.24732	773.78	0.96515	3.28	0
1140	11:50:36.86	0.0380	20.51966	22.25	46.02	1.2	0.999276	19.8047	1.24732	773.78	0.96516	3.28	0
1141	11:50:37.16	0.0360	20.52057	22.25	46.02	1.2	0.999318	19.8052	1.24732	773.78	0.96514	3.28	0
1142	11:50:37.46	0.0375	20.51994	22.25	46.02	1.2	0.999288	19.8045	1.24732	773.78	0.96514	3.28	0
1143	11:50:37.76	0.0365	20.52022	22.25	46.02	1.2	0.999300	19.8046	1.24732	773.76	0.96513	3.28	0
1144	11:50:38.06	0.0375	20.51987	22.25	46.02	1.2	0.999288	19.8047	1.24732	773.78	0.96515	3.28	0
1145	11:50:38.36	0.0335	20.52141	22.25	46.02	1.2	0.999360	19.8048	1.24728	773.76	0.96508	3.28	0
1146	11:50:38.66	0.0365	20.52015	22.26	46.02	1.2	0.999306	19.8049	1.24732	773.78	0.96514	3.28	0
1147	11:50:38.96	0.0350	20.52071	22.26	46.02	1.2	0.999330	19.8049	1.24728	773.78	0.96511	3.28	0
1148	11:50:39.26	0.0370	20.52001	22.25	46.02	1.2	0.999294	19.8052	1.24732	773.78	0.96517	3.28	0
1149	11:50:39.56	0.0360	20.52043	22.25	46.02	1.2	0.999312	19.8042	1.24728	773.76	0.96509	3.28	0
1150	11:50:39.86	0.0355	20.52064	22.25	46.02	1.2	0.999324	19.8051	1.24732	773.76	0.96513	3.28	0
1151	11:50:40.16	0.0375	20.51994	22.25	46.02	1.2	0.999288	19.8054	1.24736	773.78	0.96518	3.28	0
1152	11:50:40.46	0.0360	20.52043	22.26	46.02	1.2	0.999318	19.8049	1.24732	773.78	0.96513	3.28	0
1153	11:50:40.76	0.0335	20.52127	22.26	46.02	1.2	0.999360	19.8057	1.24732	773.76	0.96512	3.28	0
1154	11:50:41.06	0.0380	20.51959	22.26	46.02	1.2	0.999276	19.8054	1.24736	773.80	0.96520	3.28	0
1155	11:50:41.36	0.0360	20.52036	22.26	46.02	1.2	0.999312	19.8051	1.24732	773.78	0.96515	3.28	0
1156	11:50:41.66	0.0360	20.52043	22.26	46.02	1.2	0.999318	19.8050	1.24732	773.78	0.96514	3.28	0
1157	11:50:41.96	0.0345	20.52092	22.26	46.02	1.2	0.999342	19.8054	1.24732	773.78	0.96514	3.28	0
1158	11:50:42.26	0.0365	20.52015	22.26	46.02	1.2	0.999306	19.8051	1.24732	773.78	0.96515	3.28	0
1159	11:50:42.56	0.0370	20.52001	22.26	46.02	1.2	0.999294	19.8050	1.24732	773.78	0.96516	3.28	0
1160	11:50:42.86	0.0385	20.51938	22.26	46.02	1.2	0.999264	19.8056	1.24736	773.80	0.96521	3.28	0
1161	11:50:43.16	0.0360	20.52043	22.26	46.02	1.2	0.999318	19.8054	1.24732	773.78	0.96515	3.28	0
1162	11:50:43.46	0.0365	20.52008	22.26	46.02	1.2	0.999300	19.8051	1.24732	773.78	0.96516	3.28	0
1163	11:50:43.76	0.0370	20.52008	22.26	46.02	1.2	0.999300	19.8052	1.24732	773.78	0.96516	3.28	0
1164	11:50:44.06	0.0340	20.52120	22.26	46.02	1.2	0.999354	19.8064	1.24732	773.78	0.96517	3.28	0
1165	11:50:44.36	0.0360	20.52043	22.26	46.02	1.2	0.999318	19.8051	1.24732	773.78	0.96514	3.28	0
1166	11:50:44.66	0.0345	20.52099	22.26	46.02	1.2	0.999342	19.8054	1.24732	773.78	0.96513	3.28	0
1167	11:50:44.96	0.0365	20.52022	22.26	46.02	1.2	0.999306	19.8056	1.24732	773.80	0.96517	3.28	0
1168	11:50:45.26	0.0355	20.52057	22.26	46.02	1.2	0.999324	19.8049	1.24732	773.76	0.96512	3.28	0
1169	11:50:45.56	0.0370	20.51994	22.26	46.02	1.2	0.999294	19.8054	1.24732	773.80	0.96518	3.28	0
1170	11:50:45.86	0.0355	20.52057	22.26	46.02	1.2	0.999324	19.8059	1.24732	773.80	0.96517	3.28	0
1171	11:50:46.16	0.0380	20.51966	22.26	46.02	1.2	0.999282	19.8057	1.24736	773.80	0.96521	3.28	0
1172	11:50:46.46	0.0350	20.52071	22.26	46.02	1.2	0.999330	19.8059	1.24732	773.78	0.96517	3.28	0
1173	11:50:46.76	0.0365	20.52022	22.26	46.02	1.2	0.999306	19.8054	1.24732	773.78	0.96517	3.28	0
1174	11:50:47.06	0.0350	20.52085	22.26	46.02	1.2	0.999336	19.8057	1.24732	773.78	0.96515	3.28	0
1175	11:50:47.36	0.0385	20.51938	22.26	46.02	1.2	0.999264	19.8055	1.24736	773.80	0.96521	3.28	0
1176	11:50:47.66	0.0360	20.52043	22.26	46.02	1.2	0.999318	19.8053	1.24732	773.78	0.96515	3.28	0
1177	11:50:47.96	0.0360	20.52043	22.26	46.02	1.2	0.999318	19.8059	1.24736	773.78	0.96518	3.28	0
1178	11:50:48.26	0.0365	20.52029	22.26	46.02	1.2	0.999312	19.8053	1.24732	773.78	0.96516	3.28	0
1179	11:50:48.56	0.0370	20.52008	22.26	46.02	1.2	0.999300	19.8052	1.24732	773.80	0.96517	3.28	0
1180	11:50:48.86	0.0355	20.52064	22.26	46.02	1.2	0.999330	19.8055	1.24732	773.78	0.96515	3.28	0
1181	11:50:49.16	0.0350	20.52071	22.26	46.02	1.2	0.999330	19.8054	1.24732	773.78	0.96515	3.28	0
1182	11:50:49.46	0.0375	20.51980	22.26	46.02	1.2	0.999288	19.8053	1.24732	773.80	0.96518	3.28	0
1183	11:50:49.76	0.0360	20.52036	22.26	46.02	1.2	0.999312	19.8052	1.24732	773.78	0.96515	3.28	0
1184	11:50:50.06	0.0360	20.52029	22.26	46.02	1.2	0.999312	19.8050	1.24732	773.78	0.96514	3.28	0
1185	11:50:50.36	0.0370	20.52008	22.26	46.02	1.2	0.999300	19.8047	1.24732	773.78	0.96514	3.28	0
1186	11:50:50.66	0.0375	20.51980	22.26	46.02	1.2	0.999288	19.8051	1.24732	773.78	0.96517	3.28	0
1187	11:50:50.96	0.0365	20.52015	22.26	46.02	1.2	0.999306	19.8049	1.24732	773.78	0.96514	3.28	0
1188	11:50:51.26	0.0375	20.51973	22.26	46.02	1.2	0.999282	19.8050	1.24732	773.80	0.96517	3.28	0
1189	11:50:51.56	0.0350	20.52071	22.26	46.02	1.2	0.999330	19.8055	1.24732	773.78	0.96515	3.28	0
1190	11:50:51.86	0.0355	20.52057	22.26	46.02	1.2	0.999324	19.8051	1.24728	773.78	0.96513	3.28	0
1191	11:50:52.16	0.0350	20.52078	22.26	46.02	1.2	0.999336	19.8050	1.24728	773.78	0.96512	3.28	0
1192	11:50:52.46	0.0370	20.51994	22.26	46.02	1.2	0.999294	19.8054	1.24732	773.80	0.96518	3.28	0
1193	11:50:52.76	0.0370	20.52008	22.26	46.02	1.2	0.999300	19.8053	1.24732	773.80	0.96517	3.28	0
1194	11:50:53.06	0.0355	20.52064	22.26	46.02	1.2	0.999330	19.8052	1.24732	773.78	0.96514	3.28	0
1195	11:50:53.36	0.0355	20.52057	22.26	46.02	1.2	0.999324	19.8057	1.24732	773.78	0.96516	3.28	0
1196	11:50:53.66	0.0370	20.51994	22.26	46.02	1.2	0.999294	19.8054	1.24732	773.80	0.96518	3.28	0
1197	11:50:53.96	0.0370	20.52001	22.26	46.02	1.2	0.999300	19.8052	1.24732	773.78	0.96517	3.28	0
1198	11:50:54.26	0.0380	20.51959	22.26	46.02	1.2	0.999276	19.8049	1.24732	773.78	0.96517	3.28	0
1199	11:50:54.56	0.0350	20.52085	22.26	46.02	1.2	0.999336	19.8050	1.24728	773.76	0.96512	3.28	0
1200	11:50:54.86	0.0340	20.52106	22.26	46.02	1.2	0.999348	19.8054	1.24728	773.78	0.96512	3.28	0
1201	11:50:55.16	0.0355	20.52064	22.26	46.02	1.2	0.999324	19.8054	1.24728	773.80	0.96514	3.28	0
1202	11:50:55.46	0.0360	20.52036	22.26	46.02	1.2	0.999312	19.8052	1.24732	773.78	0.96515	3.28	0
1203	11:50:55.76	0.0355	20.52064	22.26	46.02	1.2	0.999330	19.8050	1.24732	773.78	0.96513	3.28	0
1204	11:50:56.06	0.0375	20.51966	22.27	46.02	1.2	0.999282	19.8050	1.24732	773.78	0.96517	3.28	0
1205	11:50:56.36	0.0375	20.51980	22.27	46.02	1.2	0.999288	19.8052	1.24732	773.80	0.96518	3.28	0
1206	11:50:56.66	0.0365	20.52008	22.27	46.02	1.2	0.999306	19.8058	1.24736	773.80	0.96520	3.28	0
1207	11:50:56.96	0.0350	20.52064	22.27	46.02	1.2	0.999330	19.8053	1.24732	773.78	0.96514	3.28	0
1208	11:50:57.26	0.0360	20.52036	22.27	46.02	1.2	0.999318	19.8044	1.24728	773.76	0.96511	3.28	0
1209	11:50:57.56	0.0375	20.51973	22.27	46.02	1.2	0.999288	19.8052	1.24732	773.80	0.96518	3.28	0
1210	11:50:57.86	0.0365	20.52022	22.26	46.02	1.2	0.999306	19.8047	1.24732	773.78	0.96514	3.28	0
1211	11:50:58.16	0.0355	20.52064	22.26	46.02	1.2	0.999330	19.8046	1.24728	773.78	0.96511	3.28	0
1212	11:50:58.46	0.0365	20.52015	22.27	46.02	1.2	0.999306	19.8045	1.24728	773.78	0.96513	3.28	0
1213	11:50:58.76	0.0360	20.52029	22.27	46.02	1.2	0.999318	19.8048	1.24732	773.78	0.96514	3.28	0
1214	11:50:59.06	0.0355	20.52064	22.26	46.02	1.2	0.999324	19.8048	1.24728	773.78	0.96512	3.28	0
1215	11:50:59.36	0.0380	20.51959	22.26	46.02	1.2	0.999276	19.8050	1.24732	773.80	0.96517	3.28	0
1216	11:50:59.66	0.0365	20.52015	22.26	46.02	1.2	0.999300	19.8051	1.24732	773.78	0.96515	3.28	0
1217	11:50:59.96	0.0370	20.51994	22.26	46.02	1.2	0.999294	19.8046	1.24732	773.78	0.96514	3.28	0
1218	11:51:00.26	0.0360	20.52036	22.27	46.02	1.2	0.999318	19.8045	1.24728	773.78	0.96512	3.28	0
1219	11:51:00.56	0.0365	20.52008	22.27	46.02	1.2	0.999306	19.8054	1.24732	773.80	0.96517	3.28	0
1220	11:51:00.86	0.0385	20.51938	22.27	46.02	1.2	0.999270	19.8049	1.24732	773.80	0.96518	3.28	0
1221	11:51:01.16	0.0375	20.51973	22.27	46.02	1.2	0.999288	19.8051	1.24732	773.80	0.96518	3.28	0
1222	11:51:01.46	0.0375	20.51966	22.27	46.02	1.2	0.999288	19.8048	1.24732	773.78	0.96516	3.28	0
1223	11:51:01.76	0.0365	20.52015	22.27	46.02	1.2	0.999306	19.8051	1.24732	773.78	0.96515	3.28	0
1224	11:51:02.06	0.0360	20.52036	22.27	46.02	1.2	0.999318	19.8052	1.24732	773.78	0.96515	3.28	0
1225	11:51:02.36	0.0375	20.51973	22.27	46.02	1.2	0.999288	19.8049	1.24732	773.80	0.96517	3.28	0
1226	11:51:02.66	0.0360	20.52036	22.27	46.02	1.2	0.999318	19.8057	1.24732	773.80	0.96518	3.28	0
1227	11:51:02.96	0.0350	20.52064	22.27	46.01	1.2	0.999330	19.8054	1.24732	773.78	0.96514	3.28	0
1228	11:51:03.26	0.0355	20.52057	22.27	46.01	1.2	0.999324	19.8052	1.24732	773.78	0.96514	3.28	0
1229	11:51:03.56	0.0370	20.51987	22.27	46.02	1.2	0.999294	19.8056	1.24732	773.80	0.96519	3.28	0
1230	11:51:03.86	0.0370	20.51987	22.27	46.02	1.2	0.999294	19.8054	1.24732	773.80	0.96518	3.28	0
1231	11:51:04.16	0.0370	20.51994	22.27	46.02	1.2	0.999300	19.8054	1.24732	773.80	0.96518	3.28	0
1232	11:51:04.46	0.0355	20.52043	22.27	46.02	1.2	0.999318	19.8058	1.24732	773.80	0.96517	3.28	0
1233	11:51:04.76	0.0355	20.52057	22.27	45.99	1.2	0.999324	19.8054	1.24732	773.78	0.96515	3.28	0
1234	11:51:05.06	0.0360	20.52043	22.27	45.99	1.2	0.999318	19.8047	1.24732	773.76	0.96512	3.28	0
1235	11:51:05.36	0.0360	20.52022	22.27	46.02	1.2	0.999312	19.8050	1.24732	773.78	0.96514	3.28	0
1236	11:51:05.66	0.0380	20.51959	22.27	46.02	1.2	0.999282	19.8045	1.24732	773.78	0.96515	3.28	0
1237	11:51:05.96	0.0350	20.52064	22.27	46.02	1.2	0.999330	19.8053	1.24732	773.78	0.96514	3.28	0
1238	11:51:06.26	0.0380	20.51959	22.27	46.02	1.2	0.999282	19.8046	1.24732	773.78	0.96516	3.28	0
1239	11:51:06.56	0.0355	20.52057	22.27	46.02	1.2	0.999330	19.8053	1.24732	773.78	0.96515	3.28	0
1240	11:51:06.86	0.0360	20.52029	22.27	46.02	1.2	0.999312	19.8052	1.24732	773.80	0.96515	3.28	0
1241	11:51:07.16	0.0370	20.52001	22.27	46.02	1.2	0.999300	19.8050	1.24732	773.78	0.96515	3.28	0
1242	11:51:07.46	0.0360	20.52029	22.27	46.02	1.2	0.999318	19.8047	1.24728	773.78	0.96513	3.28	0
1243	11:51:07.76	0.0355	20.52057	22.27	45.99	1.2	0.999324	19.8059	1.24732	773.80	0.96518	3.28	0
1244	11:51:08.06	0.0375	20.51980	22.27	45.99	1.2	0.999288	19.8058	1.24736	773.80	0.96521	3.28	0
1245	11:51:08.36	0.0360	20.52029	22.27	45.99	1.2	0.999312	19.8054	1.24732	773.78	0.96516	3.28	0
1246	11:51:08.66	0.0390	20.51917	22.27	45.99	1.2	0.999258	19.8054	1.24736	773.80	0.96521	3.28	0
1247	11:51:08.96	0.0365	20.52015	22.27	45.99	1.2	0.999306	19.8062	1.24736	773.80	0.96521	3.28	0
1248	11:51:09.26	0.0365	20.52022	22.27	45.99	1.2	0.999306	19.8058	1.24732	773.80	0.96518	3.28	0
1249	11:51:09.56	0.0375	20.51966	22.27	46.02	1.2	0.999282	19.8060	1.24736	773.80	0.96523	3.28	0
1250	11:51:09.86	0.0370	20.51994	22.27	46.02	1.2	0.999300	19.8064	1.24736	773.82	0.96523	3.28	0
1251	11:51:10.16	0.0365	20.52022	22.27	45.99	1.2	0.999312	19.8058	1.24732	773.80	0.96518	3.28	0
1252	11:51:10.46	0.0380	20.51966	22.26	45.99	1.2	0.999276	19.8060	1.24736	773.82	0.96522	3.28	0
1253	11:51:10.76	0.0365	20.52015	22.26	46.02	1.2	0.999306	19.8056	1.24732	773.80	0.96518	3.28	0
1254	11:51:11.06	0.0355	20.52064	22.26	46.02	1.2	0.999330	19.8053	1.24732	773.78	0.96514	3.28	0
1255	11:51:11.36	0.0355	20.52057	22.26	45.99	1.2	0.999318	19.8052	1.24732	773.78	0.96514	3.28	0
1256	11:51:11.66	0.0355	20.52050	22.27	45.99	1.2	0.999324	19.8061	1.24736	773.80	0.96518	3.28	0
1257	11:51:11.96	0.0370	20.51987	22.27	45.99	1.2	0.999294	19.8056	1.24736	773.80	0.96519	3.28	0
1258	11:51:12.26	0.0355	20.52057	22.27	45.99	1.2	0.999330	19.8064	1.24732	773.80	0.96520	3.28	0
1259	11:51:12.55	0.0375	20.51980	22.27	45.99	1.2	0.999288	19.8058	1.24736	773.80	0.96521	3.28	0
1260	11:51:12.86	0.0355	20.52050	22.27	45.99	1.2	0.999324	19.8067	1.24736	773.82	0.96521	3.28	0
1261	11:51:13.16	0.0360	20.52022	22.27	46.02	1.2	0.999312	19.8059	1.24732	773.80	0.96518	3.28	0
1262	11:51:13.46	0.0360	20.52022	22.27	46.02	1.2	0.999312	19.8063	1.24736	773.80	0.96521	3.28	0
1263	11:51:13.76	0.0365	20.52015	22.27	46.02	1.2	0.999312	19.8061	1.24736	773.82	0.96521	3.28	0
1264	11:51:14.06	0.0370	20.52001	22.27	46.02	1.2	0.999300	19.8061	1.24736	773.80	0.96521	3.28	0
1265	11:51:14.36	0.0365	20.52008	22.27	45.99	1.2	0.999300	19.8060	1.24736	773.80	0.96520	3.28	0
1266	11:51:14.65	0.0370	20.51994	22.27	45.99	1.2	0.999294	19.8054	1.24732	773.80	0.96518	3.28	0
1267	11:51:14.95	0.0365	20.52008	22.27	45.99	1.2	0.999306	19.8059	1.24736	773.80	0.96520	3.28	0
1268	11:51:15.25	0.0360	20.52036	22.27	45.99	1.2	0.999318	19.8059	1.24732	773.80	0.96518	3.28	0
1269	11:51:15.56	0.0380	20.51959	22.27	45.99	1.2	0.999282	19.8057	1.24736	773.80	0.96521	3.28	0
1270	11:51:15.86	0.0365	20.52015	22.27	45.99	1.2	0.999306	19.8054	1.24732	773.78	0.96517	3.28	0
1271	11:51:16.16	0.0365	20.52015	22.27	45.99	1.2	0.999306	19.8063	1.24736	773.80	0.96521	3.28	0
1272	11:51:16.46	0.0365	20.52022	22.27	45.99	1.2	0.999306	19.8061	1.24736	773.80	0.96520	3.28	0
1273	11:51:16.76	0.0340	20.52120	22.27	45.99	1.2	0.999354	19.8063	1.24732	773.80	0.96516	3.28	0
1274	11:51:17.06	0.0380	20.51952	22.27	45.99	1.2	0.999276	19.8061	1.24736	773.82	0.96523	3.28	0
1275	11:51:17.36	0.0360	20.52022	22.27	46.02	1.2	0.999312	19.8056	1.24732	773.78	0.96517	3.28	0
1276	11:51:17.66	0.0370	20.51987	22.27	46.02	1.2	0.999294	19.8059	1.24732	773.80	0.96520	3.28	0
1277	11:51:17.95	0.0370	20.51987	22.27	46.02	1.2	0.999294	19.8058	1.24732	773.82	0.96520	3.28	0
1278	11:51:18.26	0.0350	20.52078	22.27	46.02	1.2	0.999336	19.8060	1.24732	773.80	0.96517	3.28	0
1279	11:51:18.56	0.0370	20.51994	22.27	45.99	1.2	0.999294	19.8058	1.24736	773.80	0.96520	3.28	0
1280	11:51:18.86	0.0365	20.52008	22.27	45.99	1.2	0.999306	19.8063	1.24736	773.80	0.96521	3.28	0
1281	11:51:19.16	0.0360	20.52022	22.27	46.02	1.2	0.999312	19.8061	1.24736	773.80	0.96520	3.28	0
1282	11:51:19.46	0.0360	20.52029	22.27	46.02	1.2	0.999318	19.8068	1.24736	773.82	0.96523	3.28	0
1283	11:51:19.76	0.0360	20.52029	22.27	45.99	1.2	0.999312	19.8064	1.24736	773.80	0.96521	3.28	0
1284	11:51:20.05	0.0370	20.52001	22.27	45.99	1.2	0.999300	19.8063	1.24736	773.82	0.96522	3.28	0
1285	11:51:20.36	0.0375	20.51966	22.27	46.04	1.2	0.999282	19.8050	1.24732	773.78	0.96517	3.28	0
1286	11:51:20.66	0.0370	20.51987	22.27	46.04	1.2	0.999300	19.8059	1.24736	773.80	0.96520	3.28	0
1287	11:51:20.96	0.0365	20.52008	22.27	45.99	1.2	0.999306	19.8058	1.24736	773.80	0.96519	3.28	0
1288	11:51:21.26	0.0370	20.52001	22.27	45.99	1.2	0.999300	19.8063	1.24736	773.82	0.96522	3.28	0
1289	11:51:21.56	0.0365	20.52015	22.27	45.99	1.2	0.999306	19.8061	1.24736	773.80	0.96520	3.28	0
1290	11:51:21.86	0.0370	20.51994	22.27	45.99	1.2	0.999294	19.8065	1.24736	773.82	0.96523	3.28	0
1291	11:51:22.16	0.0365	20.52015	22.27	45.99	1.2	0.999306	19.8063	1.24736	773.82	0.96521	3.28	0
1292	11:51:22.46	0.0375	20.51973	22.27	45.99	1.2	0.999288	19.8053	1.24732	773.80	0.96518	3.28	0
1293	11:51:22.75	0.0370	20.51994	22.27	45.99	1.2	0.999300	19.8062	1.24736	773.82	0.96521	3.28	0
1294	11:51:23.05	0.0365	20.52015	22.27	45.99	1.2	0.999306	19.8063	1.24736	773.82	0.96521	3.28	0
1295	11:51:23.35	0.0390	20.51917	22.27	46.02	1.2	0.999258	19.8066	1.24740	773.84	0.96527	3.28	0
1296	11:51:23.66	0.0330	20.52155	22.27	46.02	1.2	0.999378	19.8064	1.24732	773.78	0.96515	3.28	0
1297	11:51:23.96	0.0365	20.52015	22.27	45.99	1.2	0.999306	19.8059	1.24732	773.80	0.96520	3.28	0
1298	11:51:24.25	0.0360	20.52036	22.27	45.99	1.2	0.999318	19.8058	1.24732	773.80	0.96518	3.28	0
1299	11:51:24.56	0.0370	20.52001	22.27	45.99	1.2	0.999300	19.8063	1.24736	773.80	0.96522	3.28	0
1300	11:51:24.86	0.0380	20.51952	22.27	45.99	1.2	0.999276	19.8052	1.24732	773.80	0.96519	3.28	0
1301	11:51:25.16	0.0370	20.52001	22.27	45.99	1.2	0.999300	19.8056	1.24732	773.80	0.96518	3.28	0
1302	11:51:25.46	0.0370	20.51980	22.28	45.99	1.2	0.999294	19.8054	1.24732	773.80	0.96519	3.28	0
1303	11:51:25.75	0.0360	20.52022	22.28	46.04	1.2	0.999318	19.8057	1.24732	773.80	0.96518	3.28	0
1304	11:51:26.05	0.0350	20.52057	22.27	46.04	1.2	0.999330	19.8062	1.24732	773.80	0.96518	3.28	0
1305	11:51:26.35	0.0355	20.52043	22.27	45.99	1.2	0.999318	19.8061	1.24732	773.80	0.96519	3.28	0
1306	11:51:26.66	0.0365	20.52008	22.28	45.99	1.2	0.999306	19.8064	1.24736	773.82	0.96522	3.28	0
1307	11:51:26.96	0.0365	20.52001	22.28	45.99	1.2	0.999306	19.8061	1.24736	773.80	0.96521	3.28	0
1308	11:51:27.26	0.0370	20.51987	22.27	45.99	1.2	0.999294	19.8064	1.24736	773.82	0.96523	3.28	0
1309	11:51:27.56	0.0365	20.52001	22.27	46.02	1.2	0.999300	19.8062	1.24736	773.82	0.96521	3.28	0
1310	11:51:27.85	0.0350	20.52071	22.27	46.02	1.2	0.999336	19.8066	1.24732	773.82	0.96520	3.28	0
1311	11:51:28.16	0.0380	20.51959	22.27	45.99	1.2	0.999276	19.8058	1.24736	773.82	0.96522	3.28	0
1312	11:51:28.45	0.0360	20.52022	22.28	45.99	1.2	0.999312	19.8064	1.24736	773.82	0.96521	3.28	0
1313	11:51:28.75	0.0350	20.52050	22.28	46.04	1.2	0.999330	19.8062	1.24736	773.80	0.96520	3.28	0
1314	11:51:29.06	0.0350	20.52057	22.27	46.04	1.2	0.999330	19.8061	1.24732	773.80	0.96518	3.28	0
1315	11:51:29.35	0.0340	20.52099	22.27	46.02	1.2	0.999348	19.8062	1.24732	773.80	0.96517	3.28	0
1316	11:51:29.65	0.0365	20.52015	22.27	46.02	1.2	0.999306	19.8056	1.24732	773.80	0.96518	3.28	0
1317	11:51:29.96	0.0370	20.51987	22.27	46.02	1.2	0.999294	19.8053	1.24732	773.80	0.96518	3.28	0
1318	11:51:30.25	0.0375	20.51959	22.27	46.02	1.2	0.999282	19.8056	1.24736	773.80	0.96520	3.28	0
1319	11:51:30.55	0.0385	20.51938	22.27	45.99	1.2	0.999270	19.8064	1.24736	773.82	0.96525	3.28	0
1320	11:51:30.86	0.0370	20.52001	22.27	45.99	1.2	0.999300	19.8062	1.24736	773.82	0.96521	3.28	0
1321	11:51:31.16	0.0370	20.51994	22.27	46.02	1.2	0.999300	19.8062	1.24736	773.82	0.96522	3.28	0
1322	11:51:31.46	0.0355	20.52057	22.27	46.02	1.2	0.999330	19.8060	1.24732	773.80	0.96518	3.28	0
1323	11:51:31.75	0.0375	20.51966	22.27	45.99	1.2	0.999282	19.8052	1.24736	773.80	0.96518	3.28	0
1324	11:51:32.06	0.0370	20.51994	22.27	45.99	1.2	0.999300	19.8059	1.24732	773.82	0.96520	3.28	0
1325	11:51:32.36	0.0365	20.52001	22.27	46.01	1.2	0.999300	19.8067	1.24736	773.82	0.96524	3.28	0
1326	11:51:32.65	0.0360	20.52036	22.27	46.01	1.2	0.999318	19.8064	1.24736	773.80	0.96521	3.28	0
1327	11:51:32.95	0.0375	20.51980	22.27	46.02	1.2	0.999288	19.8058	1.24736	773.80	0.96521	3.28	0
1328	11:51:33.26	0.0375	20.51966	22.27	46.02	1.2	0.999282	19.8056	1.24736	773.80	0.96520	3.28	0
1329	11:51:33.55	0.0370	20.51994	22.27	45.99	1.2	0.999294	19.8061	1.24736	773.82	0.96521	3.28	0
1330	11:51:33.85	0.0385	20.51945	22.27	45.99	1.2	0.999270	19.8059	1.24736	773.82	0.96523	3.28	0
1331	11:51:34.15	0.0370	20.51987	22.27	45.99	1.2	0.999294	19.8049	1.24732	773.80	0.96516	3.28	0
1332	11:51:34.45	0.0360	20.52029	22.27	45.99	1.2	0.999312	19.8054	1.24732	773.78	0.96517	3.28	0
1333	11:51:34.75	0.0365	20.52015	22.27	45.99	1.2	0.999306	19.8059	1.24732	773.80	0.96519	3.28	0
1334	11:51:35.05	0.0355	20.52057	22.27	45.99	1.2	0.999324	19.8057	1.24732	773.80	0.96516	3.28	0
1335	11:51:35.35	0.0390	20.51917	22.27	46.02	1.2	0.999258	19.8047	1.24732	773.80	0.96518	3.28	0
1336	11:51:35.65	0.0355	20.52043	22.27	46.02	1.2	0.999324	19.8057	1.24732	773.78	0.96517	3.28	0
1337	11:51:35.95	0.0365	20.52001	22.27	46.02	1.2	0.999300	19.8058	1.24732	773.80	0.96520	3.28	0
1338	11:51:36.25	0.0355	20.52036	22.28	46.02	1.2	0.999324	19.8058	1.24732	773.80	0.96518	3.28	0
1339	11:51:36.56	0.0365	20.52008	22.28	45.99	1.2	0.999306	19.8064	1.24736	773.82	0.96522	3.28	0
1340	11:51:36.85	0.0365	20.52022	22.27	45.99	1.2	0.999306	19.8061	1.24732	773.80	0.96520	3.28	0
1341	11:51:37.16	0.0350	20.52078	22.27	46.02	1.2	0.999336	19.8057	1.24732	773.80	0.96515	3.28	0
1342	11:51:37.45	0.0375	20.51959	22.27	46.02	1.2	0.999282	19.8057	1.24736	773.82	0.96521	3.28	0
1343	11:51:37.75	0.0370	20.51994	22.27	45.99	1.2	0.999294	19.8056	1.24732	773.80	0.96519	3.28	0
1344	11:51:38.06	0.0345	20.52085	22.28	45.99	1.2	0.999342	19.8055	1.24728	773.78	0.96514	3.28	0
1345	11:51:38.36	0.0365	20.51994	22.28	46.02	1.2	0.999300	19.8061	1.24736	773.82	0.96521	3.28	0
1346	11:51:38.66	0.0350	20.52071	22.27	46.02	1.2	0.999336	19.8061	1.24732	773.80	0.96517	3.28	0
1347	11:51:38.95	0.0355	20.52057	22.27	46.02	1.2	0.999330	19.8059	1.24732	773.80	0.96517	3.28	0
1348	11:51:39.25	0.0370	20.51980	22.28	46.02	1.2	0.999294	19.8056	1.24732	773.82	0.96519	3.28	0
1349	11:51:39.55	0.0365	20.51994	22.28	46.01	1.2	0.999300	19.8058	1.24732	773.82	0.96520	3.28	0
1350	11:51:39.85	0.0375	20.51966	22.28	46.01	1.2	0.999288	19.8057	1.24732	773.80	0.96520	3.28	0
1351	11:51:40.15	0.0345	20.52078	22.28	46.01	1.2	0.999342	19.8063	1.24732	773.80	0.96518	3.28	0
1352	11:51:40.45	0.0375	20.51952	22.28	46.01	1.2	0.999282	19.8059	1.24736	773.82	0.96522	3.28	0
1353	11:51:40.75	0.0365	20.52001	22.28	46.02	1.2	0.999306	19.8059	1.24736	773.80	0.96520	3.28	0
1354	11:51:41.05	0.0375	20.51966	22.28	46.02	1.2	0.999288	19.8054	1.24732	773.80	0.96519	3.28	0
1355	11:51:41.35	0.0380	20.51945	22.28	45.99	1.2	0.999276	19.8059	1.24736	773.82	0.96523	3.28	0
1356	11:51:41.65	0.0355	20.52043	22.28	45.99	1.2	0.999324	19.8059	1.24732	773.80	0.96518	3.28	0
1357	11:51:41.95	0.0365	20.51994	22.28	46.01	1.2	0.999300	19.8057	1.24736	773.80	0.96519	3.28	0
1358	11:51:42.25	0.0385	20.51931	22.27	46.01	1.2	0.999264	19.8061	1.24736	773.82	0.96524	3.28	0
1359	11:51:42.55	0.0385	20.51924	22.27	46.01	1.2	0.999264	19.8062	1.24740	773.82	0.96525	3.28	0
1360	11:51:42.85	0.0370	20.51973	22.28	46.01	1.2	0.999294	19.8057	1.24732	773.82	0.96521	3.28	0
1361	11:51:43.15	0.0360	20.52022	22.28	45.99	1.2	0.999312	19.8052	1.24732	773.80	0.96516	3.28	0
1362	11:51:43.45	0.0355	20.52050	22.28	45.99	1.2	0.999330	19.8059	1.24732	773.80	0.96518	3.28	0
1363	11:51:43.75	0.0360	20.52029	22.28	46.01	1.2	0.999318	19.8059	1.24732	773.80	0.96519	3.28	0
1364	11:51:44.05	0.0365	20.52008	22.28	46.01	1.2	0.999306	19.8059	1.24732	773.80	0.96520	3.28	0
1365	11:51:44.35	0.0360	20.52015	22.28	46.04	1.2	0.999312	19.8057	1.24732	773.80	0.96518	3.28	0
1366	11:51:44.65	0.0370	20.51973	22.28	46.04	1.2	0.999294	19.8053	1.24732	773.80	0.96518	3.28	0
1367	11:51:44.96	0.0360	20.52029	22.28	45.99	1.2	0.999318	19.8059	1.24732	773.80	0.96518	3.28	0
1368	11:51:45.26	0.0355	20.52043	22.28	45.99	1.2	0.999324	19.8060	1.24732	773.80	0.96518	3.28	0
1369	11:51:45.56	0.0375	20.51973	22.28	45.99	1.2	0.999288	19.8059	1.24736	773.82	0.96521	3.28	0
1370	11:51:45.86	0.0360	20.52022	22.28	45.99	1.2	0.999312	19.8057	1.24732	773.80	0.96518	3.28	0
1371	11:51:46.15	0.0375	20.51952	22.28	46.04	1.2	0.999282	19.8056	1.24736	773.80	0.96521	3.28	0
1372	11:51:46.45	0.0345	20.52071	22.28	46.04	1.2	0.999342	19.8061	1.24732	773.80	0.96518	3.28	0
1373	11:51:46.75	0.0375	20.51952	22.28	46.02	1.2	0.999282	19.8058	1.24736	773.82	0.96521	3.28	0
1374	11:51:47.05	0.0360	20.52029	22.28	46.02	1.2	0.999318	19.8064	1.24736	773.82	0.96521	3.28	0
1375	11:51:47.35	0.0365	20.52008	22.28	45.99	1.2	0.999306	19.8063	1.24736	773.82	0.96521	3.28	0
1376	11:51:47.65	0.0365	20.52008	22.28	45.99	1.2	0.999306	19.8061	1.24732	773.82	0.96521	3.28	0
1377	11:51:47.95	0.0365	20.52015	22.28	45.99	1.2	0.999312	19.8062	1.24736	773.82	0.96521	3.28	0
1378	11:51:48.26	0.0360	20.52015	22.28	45.99	1.2	0.999312	19.8067	1.24736	773.82	0.96523	3.28	0
1379	11:51:48.55	0.0365	20.51994	22.28	45.99	1.2	0.999300	19.8060	1.24736	773.82	0.96521	3.28	0
1380	11:51:48.85	0.0360	20.52029	22.28	45.99	1.2	0.999318	19.8064	1.24736	773.82	0.96521	3.28	0
1381	11:51:49.15	0.0365	20.52001	22.28	46.01	1.2	0.999306	19.8064	1.24732	773.82	0.96523	3.28	0
1382	11:51:49.45	0.0365	20.52001	22.28	46.01	1.2	0.999306	19.8061	1.24736	773.80	0.96521	3.28	0
1383	11:51:49.75	0.0380	20.51952	22.28	45.99	1.2	0.999276	19.8056	1.24732	773.82	0.96521	3.28	0
1384	11:51:50.05	0.0365	20.52008	22.28	45.99	1.2	0.999306	19.8065	1.24736	773.82	0.96523	3.28	0
1385	11:51:50.35	0.0370	20.51994	22.28	45.99	1.2	0.999300	19.8066	1.24736	773.82	0.96524	3.28	0
1386	11:51:50.65	0.0380	20.51952	22.27	45.99	1.2	0.999276	19.8066	1.24736	773.84	0.96526	3.28	0
1387	11:51:50.95	0.0370	20.51987	22.27	46.01	1.2	0.999294	19.8066	1.24736	773.82	0.96524	3.28	0
1388	11:51:51.25	0.0355	20.52036	22.28	46.01	1.2	0.999324	19.8066	1.24736	773.82	0.96522	3.28	0
1389	11:51:51.55	0.0370	20.51987	22.28	45.99	1.2	0.999300	19.8061	1.24736	773.82	0.96522	3.28	0
1390	11:51:51.85	0.0355	20.52036	22.28	45.99	1.2	0.999318	19.8059	1.24732	773.80	0.96518	3.28	0
1391	11:51:52.15	0.0360	20.52015	22.28	46.01	1.2	0.999312	19.8059	1.24732	773.82	0.96519	3.28	0
1392	11:51:52.45	0.0365	20.51994	22.28	46.01	1.2	0.999300	19.8061	1.24736	773.82	0.96521	3.28	0
1393	11:51:52.75	0.0370	20.51973	22.28	46.01	1.2	0.999294	19.8064	1.24736	773.82	0.96523	3.28	0
1394	11:51:53.05	0.0375	20.51952	22.28	46.01	1.2	0.999282	19.8055	1.24732	773.80	0.96520	3.28	0
1395	11:51:53.35	0.0360	20.52029	22.28	46.01	1.2	0.999318	19.8062	1.24736	773.80	0.96520	3.28	0
1396	11:51:53.65	0.0355	20.52036	22.28	46.01	1.2	0.999324	19.8063	1.24732	773.80	0.96520	3.28	0
1397	11:51:53.95	0.0375	20.51959	22.28	46.01	1.2	0.999288	19.8060	1.24732	773.82	0.96522	3.28	0
1398	11:51:54.25	0.0365	20.52008	22.28	46.01	1.2	0.999306	19.8059	1.24732	773.80	0.96520	3.28	0
1399	11:51:54.55	0.0365	20.52015	22.28	45.99	1.2	0.999312	19.8058	1.24732	773.80	0.96519	3.28	0
1400	11:51:54.85	0.0375	20.51959	22.28	45.99	1.2	0.999282	19.8051	1.24732	773.80	0.96518	3.28	0
1401	11:51:55.15	0.0375	20.51966	22.28	45.99	1.2	0.999288	19.8054	1.24732	773.80	0.96520	3.28	0
1402	11:51:55.45	0.0360	20.52022	22.28	45.99	1.2	0.999312	19.8057	1.24732	773.80	0.96518	3.28	0
1403	11:51:55.75	0.0370	20.51987	22.28	46.01	1.2	0.999300	19.8064	1.24736	773.82	0.96523	3.28	0
1404	11:51:56.05	0.0360	20.52022	22.28	46.01	1.2	0.999318	19.8066	1.24732	773.82	0.96523	3.28	0
1405	11:51:56.35	0.0375	20.51966	22.28	45.99	1.2	0.999288	19.8061	1.24736	773.82	0.96523	3.28	0
1406	11:51:56.65	0.0355	20.52043	22.28	45.99	1.2	0.999324	19.8061	1.24732	773.80	0.96519	3.28	0
1407	11:51:56.95	0.0345	20.52078	22.28	46.01	1.2	0.999342	19.8065	1.24732	773.82	0.96519	3.28	0
1408	11:51:57.25	0.0375	20.51959	22.28	46.01	1.2	0.999288	19.8064	1.24736	773.82	0.96524	3.28	0
1409	11:51:57.55	0.0370	20.51987	22.28	46.01	1.2	0.999300	19.8066	1.24736	773.82	0.96524	3.28	0
1410	11:51:57.85	0.0355	20.52036	22.28	46.01	1.2	0.999318	19.8064	1.24732	773.82	0.96521	3.28	0
1411	11:51:58.15	0.0355	20.52036	22.28	45.99	1.2	0.999324	19.8066	1.24732	773.82	0.96521	3.28	0
1412	11:51:58.45	0.0365	20.52001	22.28	45.99	1.2	0.999300	19.8068	1.24736	773.84	0.96524	3.28	0
1413	11:51:58.75	0.0370	20.51987	22.28	45.99	1.2	0.999294	19.8060	1.24736	773.80	0.96521	3.28	0
1414	11:51:59.05	0.0365	20.51994	22.28	45.99	1.2	0.999300	19.8061	1.24732	773.82	0.96521	3.28	0
1415	11:51:59.35	0.0355	20.52050	22.28	46.01	1.2	0.999330	19.8067	1.24736	773.82	0.96522	3.28	0
1416	11:51:59.65	0.0370	20.51980	22.28	46.01	1.2	0.999294	19.8063	1.24736	773.82	0.96523	3.28	0
1417	11:51:59.95	0.0375	20.51973	22.28	46.01	1.2	0.999288	19.8071	1.24740	773.84	0.96527	3.28	0
1418	11:52:00.25	0.0365	20.52008	22.28	46.01	1.2	0.999306	19.8070	1.24736	773.84	0.96525	3.28	0
1419	11:52:00.55	0.0375	20.51959	22.28	45.99	1.2	0.999282	19.8068	1.24740	773.84	0.96527	3.28	0
1420	11:52:00.85	0.0345	20.52078	22.28	45.99	1.2	0.999342	19.8071	1.24736	773.82	0.96522	3.28	0
1421	11:52:01.15	0.0370	20.51980	22.28	46.01	1.2	0.999294	19.8066	1.24736	773.84	0.96525	3.28	0
1422	11:52:01.45	0.0370	20.51980	22.28	46.01	1.2	0.999294	19.8057	1.24732	773.80	0.96520	3.28	0
1423	11:52:01.75	0.0350	20.52057	22.28	45.99	1.2	0.999330	19.8068	1.24736	773.82	0.96522	3.28	0
1424	11:52:02.05	0.0365	20.52008	22.28	45.99	1.2	0.999306	19.8066	1.24736	773.82	0.96523	3.28	0
1425	11:52:02.35	0.0375	20.51966	22.28	46.01	1.2	0.999288	19.8061	1.24736	773.82	0.96523	3.28	0
1426	11:52:02.65	0.0360	20.52022	22.28	46.01	1.2	0.999318	19.8061	1.24732	773.80	0.96520	3.28	0
1427	11:52:02.95	0.0355	20.52036	22.28	46.01	1.2	0.999324	19.8067	1.24736	773.82	0.96523	3.28	0
1428	11:52:03.25	0.0375	20.51952	22.28	46.01	1.2	0.999282	19.8072	1.24740	773.84	0.96529	3.28	0
1429	11:52:03.55	0.0380	20.51938	22.28	46.01	1.2	0.999276	19.8064	1.24736	773.84	0.96525	3.28	0
1430	11:52:03.85	0.0390	20.51896	22.28	46.01	1.2	0.999252	19.8061	1.24736	773.84	0.96526	3.28	0
1431	11:52:04.15	0.0365	20.52001	22.28	46.01	1.2	0.999306	19.8068	1.24736	773.84	0.96524	3.28	0
1432	11:52:04.45	0.0380	20.51938	22.28	46.01	1.2	0.999276	19.8065	1.24736	773.84	0.96526	3.28	0
1433	11:52:04.75	0.0370	20.51980	22.28	46.01	1.2	0.999294	19.8059	1.24732	773.82	0.96521	3.28	0
1434	11:52:05.05	0.0380	20.51945	22.28	46.01	1.2	0.999276	19.8061	1.24736	773.82	0.96523	3.28	0
1435	11:52:05.35	0.0360	20.52015	22.28	46.01	1.2	0.999312	19.8075	1.24736	773.84	0.96527	3.28	0
1436	11:52:05.65	0.0365	20.52008	22.28	46.01	1.2	0.999312	19.8066	1.24736	773.82	0.96523	3.28	0
1437	11:52:05.95	0.0365	20.51994	22.28	46.01	1.2	0.999306	19.8064	1.24736	773.82	0.96522	3.28	0
1438	11:52:06.25	0.0370	20.51973	22.29	46.01	1.2	0.999300	19.8073	1.24740	773.84	0.96528	3.28	0
1439	11:52:06.55	0.0350	20.52043	22.29	46.01	1.2	0.999330	19.8073	1.24736	773.82	0.96524	3.28	0
1440	11:52:06.85	0.0365	20.51994	22.28	46.01	1.2	0.999300	19.8070	1.24736	773.84	0.96526	3.28	0
1441	11:52:07.15	0.0370	20.51987	22.28	45.99	1.2	0.999294	19.8066	1.24736	773.82	0.96524	3.28	0
1442	11:52:07.45	0.0370	20.51973	22.28	45.99	1.2	0.999294	19.8073	1.24740	773.84	0.96528	3.28	0
1443	11:52:07.75	0.0380	20.51931	22.28	46.01	1.2	0.999270	19.8066	1.24736	773.84	0.96527	3.28	0
1444	11:52:08.05	0.0360	20.52022	22.28	46.01	1.2	0.999318	19.8068	1.24736	773.82	0.96523	3.28	0
1445	11:52:08.35	0.0385	20.51924	22.28	46.01	1.2	0.999270	19.8071	1.24740	773.84	0.96529	3.28	0
1446	11:52:08.65	0.0375	20.51966	22.28	46.01	1.2	0.999288	19.8070	1.24740	773.84	0.96527	3.28	0
1447	11:52:08.95	0.0365	20.52008	22.28	46.01	1.2	0.999306	19.8064	1.24736	773.82	0.96522	3.28	0
1448	11:52:09.25	0.0360	20.52022	22.28	46.01	1.2	0.999318	19.8066	1.24736	773.82	0.96523	3.28	0
1449	11:52:09.55	0.0365	20.52008	22.28	46.01	1.2	0.999312	19.8068	1.24736	773.82	0.96524	3.28	0
1450	11:52:09.85	0.0380	20.51945	22.28	46.01	1.2	0.999282	19.8063	1.24736	773.82	0.96524	3.28	0
1451	11:52:10.15	0.0370	20.51987	22.28	46.01	1.2	0.999300	19.8060	1.24736	773.80	0.96521	3.28	0
1452	11:52:10.45	0.0370	20.51994	22.28	46.01	1.2	0.999300	19.8066	1.24736	773.82	0.96524	3.28	0
1453	11:52:10.75	0.0370	20.51980	22.28	46.01	1.2	0.999294	19.8061	1.24736	773.82	0.96522	3.28	0
1454	11:52:11.05	0.0355	20.52036	22.28	46.01	1.2	0.999324	19.8066	1.24732	773.82	0.96521	3.28	0
1455	11:52:11.35	0.0380	20.51952	22.28	46.01	1.2	0.999282	19.8065	1.24736	773.84	0.96526	3.28	0
1456	11:52:11.65	0.0370	20.51973	22.28	46.01	1.2	0.999294	19.8064	1.24736	773.84	0.96524	3.28	0
1457	11:52:11.95	0.0350	20.52057	22.28	46.01	1.2	0.999330	19.8064	1.24732	773.82	0.96520	3.28	0
1458	11:52:12.25	0.0360	20.52008	22.29	46.01	1.2	0.999312	19.8064	1.24736	773.82	0.96521	3.28	0
1459	11:52:12.55	0.0360	20.52008	22.29	46.01	1.2	0.999312	19.8057	1.24732	773.82	0.96519	3.28	0
1460	11:52:12.85	0.0355	20.52043	22.28	46.01	1.2	0.999324	19.8064	1.24732	773.82	0.96521	3.28	0
1461	11:52:13.15	0.0370	20.51980	22.28	46.01	1.2	0.999294	19.8058	1.24736	773.80	0.96521	3.28	0
1462	11:52:13.45	0.0370	20.51987	22.28	46.01	1.2	0.999300	19.8067	1.24736	773.82	0.96524	3.28	0
1463	11:52:13.75	0.0380	20.51938	22.28	46.01	1.2	0.999276	19.8068	1.24736	773.84	0.96527	3.28	0
1464	11:52:14.05	0.0355	20.52022	22.29	46.01	1.2	0.999324	19.8067	1.24736	773.82	0.96523	3.28	0
1465	11:52:14.35	0.0365	20.51994	22.29	46.01	1.2	0.999306	19.8061	1.24732	773.82	0.96521	3.28	0
1466	11:52:14.65	0.0375	20.51973	22.28	46.01	1.2	0.999288	19.8066	1.24736	773.82	0.96524	3.28	0
1467	11:52:14.95	0.0355	20.52036	22.28	46.01	1.2	0.999324	19.8061	1.24732	773.82	0.96520	3.28	0
1468	11:52:15.25	0.0375	20.51973	22.28	46.01	1.2	0.999288	19.8058	1.24736	773.82	0.96521	3.28	0
1469	11:52:15.55	0.0365	20.52008	22.28	46.01	1.2	0.999306	19.8061	1.24732	773.82	0.96520	3.28	0
1470	11:52:15.85	0.0335	20.52099	22.29	46.01	1.2	0.999360	19.8068	1.24732	773.80	0.96520	3.28	0
1471	11:52:16.15	0.0375	20.51952	22.29	46.01	1.2	0.999288	19.8057	1.24736	773.82	0.96521	3.28	0
1472	11:52:16.45	0.0380	20.51931	22.29	46.01	1.2	0.999276	19.8063	1.24736	773.84	0.96525	3.28	0
1473	11:52:16.75	0.0370	20.51973	22.29	46.01	1.2	0.999294	19.8067	1.24736	773.84	0.96525	3.28	0
1474	11:52:17.05	0.0370	20.51980	22.29	46.01	1.2	0.999300	19.8066	1.24736	773.84	0.96524	3.28	0
1475	11:52:17.35	0.0375	20.51959	22.29	46.01	1.2	0.999288	19.8060	1.24736	773.82	0.96523	3.28	0
1476	11:52:17.65	0.0355	20.52050	22.28	46.01	1.2	0.999330	19.8065	1.24732	773.82	0.96521	3.28	0
1477	11:52:17.95	0.0385	20.51931	22.28	46.01	1.2	0.999270	19.8064	1.24736	773.84	0.96526	3.28	0
1478	11:52:18.25	0.0345	20.52078	22.29	46.01	1.2	0.999348	19.8073	1.24736	773.82	0.96523	3.28	0
1479	11:52:18.55	0.0360	20.52015	22.29	46.01	1.2	0.999318	19.8068	1.24736	773.82	0.96524	3.28	0
1480	11:52:18.85	0.0355	20.52036	22.28	46.01	1.2	0.999324	19.8072	1.24736	773.82	0.96524	3.28	0
1481	11:52:19.15	0.0355	20.52043	22.28	46.01	1.2	0.999324	19.8066	1.24736	773.82	0.96521	3.28	0
1482	11:52:19.45	0.0370	20.51973	22.28	46.01	1.2	0.999294	19.8065	1.24736	773.82	0.96524	3.28	0
1483	11:52:19.75	0.0350	20.52050	22.28	46.01	1.2	0.999330	19.8072	1.24736	773.82	0.96524	3.28	0
1484	11:52:20.05	0.0350	20.52057	22.28	46.01	1.2	0.999336	19.8071	1.24736	773.82	0.96523	3.28	0
1485	11:52:20.35	0.0380	20.51952	22.28	46.01	1.2	0.999282	19.8064	1.24736	773.84	0.96525	3.28	0
1486	11:52:20.65	0.0365	20.52008	22.28	46.01	1.2	0.999312	19.8064	1.24736	773.82	0.96522	3.28	0
1487	11:52:20.95	0.0360	20.52022	22.28	46.01	1.2	0.999318	19.8061	1.24732	773.82	0.96520	3.28	0
1488	11:52:21.25	0.0375	20.51959	22.29	46.01	1.2	0.999288	19.8063	1.24736	773.82	0.96524	3.28	0
1489	11:52:21.55	0.0370	20.51966	22.29	46.01	1.2	0.999294	19.8062	1.24732	773.84	0.96523	3.28	0
1490	11:52:21.85	0.0350	20.52050	22.28	46.01	1.2	0.999330	19.8068	1.24732	773.82	0.96522	3.28	0
1491	11:52:22.15	0.0385	20.51917	22.28	46.01	1.2	0.999264	19.8071	1.24740	773.86	0.96529	3.28	0
1492	11:52:22.45	0.0375	20.51959	22.29	46.01	1.2	0.999288	19.8071	1.24736	773.84	0.96527	3.28	0
1493	11:52:22.75	0.0365	20.51987	22.29	46.01	1.2	0.999300	19.8073	1.24736	773.84	0.96527	3.28	0
1494	11:52:23.05	0.0370	20.51966	22.29	46.01	1.2	0.999294	19.8069	1.24736	773.84	0.96527	3.28	0
1495	11:52:23.35	0.0360	20.52008	22.29	46.01	1.2	0.999312	19.8066	1.24736	773.82	0.96523	3.28	0
1496	11:52:23.65	0.0360	20.52008	22.29	46.01	1.2	0.999312	19.8065	1.24736	773.82	0.96523	3.28	0
1497	11:52:23.95	0.0360	20.52008	22.29	46.01	1.2	0.999312	19.8059	1.24732	773.82	0.96520	3.28	0
1498	11:52:24.25	0.0360	20.52029	22.28	46.01	1.2	0.999318	19.8066	1.24736	773.82	0.96522	3.28	0
1499	11:52:24.55	0.0385	20.51931	22.28	46.01	1.2	0.999270	19.8058	1.24736	773.82	0.96523	3.28	0
1500	11:52:24.85	0.0390	20.51903	22.29	46.01	1.2	0.999264	19.8061	1.24736	773.84	0.96526	3.28	0
1501	11:52:25.15	0.0360	20.52008	22.29	46.01	1.2	0.999312	19.8064	1.24736	773.82	0.96522	3.28	0
1502	11:52:25.45	0.0360	20.52015	22.28	46.01	1.2	0.999312	19.8061	1.24732	773.82	0.96520	3.28	0
1503	11:52:25.75	0.0370	20.51987	22.28	46.01	1.2	0.999300	19.8067	1.24736	773.84	0.96524	3.28	0
1504	11:52:26.05	0.0350	20.52057	22.29	46.01	1.2	0.999336	19.8070	1.24736	773.82	0.96523	3.28	0
1505	11:52:26.35	0.0345	20.52071	22.29	46.01	1.2	0.999342	19.8071	1.24736	773.82	0.96523	3.28	0
1506	11:52:26.65	0.0375	20.51952	22.29	46.01	1.2	0.999288	19.8065	1.24736	773.82	0.96525	3.28	0
1507	11:52:26.95	0.0360	20.52015	22.29	46.01	1.2	0.999318	19.8064	1.24736	773.82	0.96521	3.28	0
1508	11:52:27.25	0.0370	20.51973	22.29	46.01	1.2	0.999294	19.8068	1.24736	773.84	0.96526	3.28	0
1509	11:52:27.55	0.0345	20.52064	22.29	46.01	1.2	0.999342	19.8065	1.24732	773.80	0.96520	3.28	0
1510	11:52:27.85	0.0380	20.51938	22.29	46.01	1.2	0.999276	19.8064	1.24736	773.84	0.96526	3.28	0
1511	11:52:28.15	0.0365	20.52001	22.29	46.01	1.2	0.999306	19.8064	1.24736	773.82	0.96523	3.28	0
1512	11:52:28.45	0.0355	20.52043	22.29	46.01	1.2	0.999330	19.8067	1.24736	773.82	0.96522	3.28	0
1513	11:52:28.75	0.0365	20.51994	22.29	46.01	1.2	0.999306	19.8061	1.24732	773.82	0.96521	3.28	0
1514	11:52:29.05	0.0355	20.52036	22.29	46.01	1.2	0.999324	19.8061	1.24732	773.82	0.96519	3.28	0
1515	11:52:29.35	0.0370	20.51966	22.29	46.01	1.2	0.999294	19.8064	1.24736	773.82	0.96524	3.28	0
1516	11:52:29.65	0.0365	20.51994	22.29	46.01	1.2	0.999306	19.8070	1.24736	773.84	0.96526	3.28	0
1517	11:52:29.95	0.0350	20.52050	22.29	46.01	1.2	0.999336	19.8063	1.24732	773.82	0.96520	3.28	0
1518	11:52:30.25	0.0360	20.52008	22.31	46.01	1.2	0.999318	19.8061	1.24732	773.82	0.96521	3.28	0
1519	11:52:30.55	0.0365	20.51980	22.31	46.01	1.2	0.999306	19.8068	1.24736	773.84	0.96526	3.28	0
1520	11:52:30.85	0.0355	20.52022	22.29	46.01	1.2	0.999318	19.8065	1.24736	773.82	0.96522	3.28	0
1521	11:52:31.15	0.0370	20.51973	22.29	46.01	1.2	0.999300	19.8066	1.24736	773.84	0.96524	3.28	0
1522	11:52:31.45	0.0370	20.51980	22.29	46.01	1.2	0.999300	19.8061	1.24736	773.82	0.96522	3.28	0
1523	11:52:31.75	0.0365	20.51994	22.29	46.01	1.2	0.999306	19.8064	1.24736	773.82	0.96523	3.28	0
1524	11:52:32.05	0.0370	20.51973	22.29	46.01	1.2	0.999294	19.8063	1.24736	773.82	0.96523	3.28	0
1525	11:52:32.35	0.0365	20.51987	22.29	46.01	1.2	0.999306	19.8065	1.24736	773.82	0.96523	3.28	0
1526	11:52:32.65	0.0360	20.52008	22.29	46.01	1.2	0.999312	19.8064	1.24736	773.82	0.96523	3.28	0
1527	11:52:32.95	0.0360	20.52015	22.29	46.01	1.2	0.999318	19.8054	1.24732	773.80	0.96517	3.28	0
1528	11:52:33.25	0.0390	20.51903	22.29	46.01	1.2	0.999264	19.8059	1.24736	773.82	0.96524	3.28	0
1529	11:52:33.55	0.0360	20.52015	22.29	46.01	1.2	0.999318	19.8061	1.24732	773.82	0.96520	3.28	0
1530	11:52:33.85	0.0360	20.52008	22.29	46.01	1.2	0.999312	19.8060	1.24732	773.82	0.96520	3.28	0
1531	11:52:34.15	0.0355	20.52036	22.29	46.01	1.2	0.999330	19.8064	1.24732	773.82	0.96521	3.28	0
1532	11:52:34.45	0.0360	20.52022	22.29	46.01	1.2	0.999318	19.8069	1.24736	773.82	0.96524	3.28	0
1533	11:52:34.75	0.0365	20.51994	22.29	46.01	1.2	0.999306	19.8061	1.24736	773.82	0.96521	3.28	0
1534	11:52:35.05	0.0370	20.51966	22.29	46.01	1.2	0.999294	19.8068	1.24736	773.84	0.96526	3.28	0
1535	11:52:35.35	0.0385	20.51910	22.29	46.01	1.2	0.999270	19.8052	1.24732	773.82	0.96521	3.28	0
1536	11:52:35.65	0.0375	20.51952	22.29	46.01	1.2	0.999288	19.8059	1.24736	773.82	0.96522	3.28	0
1537	11:52:35.95	0.0360	20.52015	22.29	46.01	1.2	0.999318	19.8060	1.24732	773.82	0.96520	3.28	0
1538	11:52:36.25	0.0395	20.51868	22.29	46.01	1.2	0.999246	19.8052	1.24736	773.82	0.96523	3.28	0
1539	11:52:36.55	0.0385	20.51917	22.29	46.01	1.2	0.999270	19.8060	1.24736	773.82	0.96524	3.28	0
1540	11:52:36.85	0.0360	20.52008	22.29	46.01	1.2	0.999312	19.8063	1.24732	773.82	0.96521	3.28	0
1541	11:52:37.15	0.0365	20.51987	22.29	46.01	1.2	0.999300	19.8059	1.24732	773.82	0.96521	3.28	0
1542	11:52:37.45	0.0360	20.52022	22.29	46.01	1.2	0.999318	19.8064	1.24732	773.82	0.96521	3.28	0
1543	11:52:37.75	0.0375	20.51952	22.29	46.01	1.2	0.999282	19.8059	1.24732	773.84	0.96523	3.28	0
1544	11:52:38.05	0.0360	20.52008	22.29	46.01	1.2	0.999312	19.8059	1.24732	773.82	0.96520	3.28	0
1545	11:52:38.35	0.0370	20.51980	22.29	46.01	1.2	0.999300	19.8062	1.24736	773.82	0.96523	3.28	0
1546	11:52:38.65	0.0370	20.51980	22.29	46.01	1.2	0.999300	19.8060	1.24736	773.82	0.96521	3.28	0
1547	11:52:38.95	0.0365	20.51994	22.29	46.01	1.2	0.999306	19.8063	1.24736	773.82	0.96523	3.28	0
1548	11:52:39.25	0.0350	20.52043	22.29	46.01	1.2	0.999330	19.8062	1.24732	773.82	0.96520	3.28	0
1549	11:52:39.55	0.0385	20.51910	22.29	46.01	1.2	0.999264	19.8062	1.24736	773.84	0.96526	3.28	0
1550	11:52:39.85	0.0360	20.52008	22.29	46.01	1.2	0.999312	19.8059	1.24732	773.80	0.96520	3.28	0
1551	11:52:40.15	0.0355	20.52022	22.29	46.01	1.2	0.999324	19.8062	1.24732	773.82	0.96520	3.28	0
1552	11:52:40.45	0.0385	20.51924	22.29	46.01	1.2	0.999270	19.8058	1.24736	773.82	0.96523	3.28	0
1553	11:52:40.75	0.0345	20.52064	22.29	46.01	1.2	0.999342	19.8057	1.24728	773.80	0.96515	3.28	0
1554	11:52:41.05	0.0370	20.51980	22.29	46.01	1.2	0.999300	19.8054	1.24732	773.80	0.96518	3.28	0
1555	11:52:41.35	0.0365	20.51987	22.29	46.01	1.2	0.999306	19.8062	1.24736	773.82	0.96522	3.28	0
1556	11:52:41.65	0.0375	20.51945	22.29	46.01	1.2	0.999282	19.8054	1.24732	773.82	0.96520	3.28	0
1557	11:52:41.95	0.0375	20.51952	22.29	46.01	1.2	0.999288	19.8056	1.24732	773.82	0.96520	3.28	0
1558	11:52:42.25	0.0380	20.51938	22.29	46.01	1.2	0.999276	19.8056	1.24736	773.82	0.96521	3.28	0
1559	11:52:42.55	0.0360	20.52001	22.29	46.01	1.2	0.999312	19.8055	1.24732	773.80	0.96518	3.28	0
1560	11:52:42.85	0.0355	20.52022	22.29	46.01	1.2	0.999324	19.8058	1.24732	773.80	0.96518	3.28	0
1561	11:52:43.15	0.0365	20.52001	22.29	46.01	1.2	0.999306	19.8056	1.24732	773.80	0.96518	3.28	0
1562	11:52:43.45	0.0365	20.51980	22.31	46.01	1.2	0.999306	19.8064	1.24736	773.82	0.96523	3.28	0
1563	11:52:43.75	0.0350	20.52036	22.31	46.01	1.2	0.999330	19.8061	1.24732	773.82	0.96520	3.28	0
1564	11:52:44.05	0.0375	20.51952	22.31	46.01	1.2	0.999288	19.8058	1.24732	773.82	0.96521	3.28	0
1565	11:52:44.35	0.0360	20.52001	22.31	46.01	1.2	0.999312	19.8058	1.24732	773.82	0.96520	3.28	0
1566	11:52:44.65	0.0355	20.52022	22.31	46.01	1.2	0.999324	19.8056	1.24732	773.80	0.96517	3.28	0
1567	11:52:44.95	0.0365	20.51987	22.31	46.01	1.2	0.999306	19.8057	1.24732	773.82	0.96520	3.28	0
1568	11:52:45.25	0.0370	20.51966	22.31	46.01	1.2	0.999300	19.8053	1.24732	773.80	0.96519	3.28	0
1569	11:52:45.55	0.0360	20.52001	22.31	46.01	1.2	0.999312	19.8060	1.24732	773.82	0.96520	3.28	0
1570	11:52:45.85	0.0355	20.52022	22.31	46.01	1.2	0.999324	19.8064	1.24732	773.82	0.96521	3.28	0
1571	11:52:46.15	0.0370	20.51959	22.31	46.01	1.2	0.999294	19.8068	1.24736	773.84	0.96526	3.28	0
1572	11:52:46.45	0.0360	20.51994	22.31	46.01	1.2	0.999312	19.8058	1.24732	773.82	0.96520	3.28	0
1573	11:52:46.75	0.0355	20.52015	22.31	46.01	1.2	0.999318	19.8057	1.24732	773.80	0.96518	3.28	0
1574	11:52:47.05	0.0355	20.52029	22.29	46.01	1.2	0.999324	19.8056	1.24732	773.80	0.96517	3.28	0
1575	11:52:47.35	0.0360	20.52015	22.29	46.01	1.2	0.999318	19.8063	1.24732	773.82	0.96521	3.28	0
1576	11:52:47.65	0.0360	20.51994	22.31	46.01	1.2	0.999312	19.8059	1.24736	773.80	0.96520	3.28	0
1577	11:52:47.95	0.0370	20.51966	22.31	46.01	1.2	0.999294	19.8059	1.24732	773.82	0.96522	3.28	0
1578	11:52:48.25	0.0385	20.51917	22.29	46.01	1.2	0.999270	19.8059	1.24736	773.84	0.96524	3.28	0
1579	11:52:48.55	0.0355	20.52029	22.29	46.01	1.2	0.999324	19.8059	1.24728	773.82	0.96519	3.28	0
1580	11:52:48.85	0.0375	20.51952	22.31	46.01	1.2	0.999294	19.8061	1.24736	773.82	0.96523	3.28	0
1581	11:52:49.15	0.0370	20.51959	22.31	46.01	1.2	0.999294	19.8053	1.24732	773.80	0.96519	3.28	0
1582	11:52:49.45	0.0355	20.52022	22.31	46.01	1.2	0.999324	19.8060	1.24732	773.82	0.96520	3.28	0
1583	11:52:49.75	0.0355	20.52015	22.31	46.01	1.2	0.999324	19.8057	1.24732	773.82	0.96518	3.28	0
1584	11:52:50.05	0.0370	20.51973	22.31	46.01	1.2	0.999300	19.8061	1.24736	773.82	0.96522	3.28	0
1585	11:52:50.35	0.0355	20.52029	22.31	46.01	1.2	0.999330	19.8063	1.24732	773.82	0.96520	3.28	0
1586	11:52:50.65	0.0350	20.52036	22.31	46.01	1.2	0.999336	19.8069	1.24736	773.82	0.96523	3.28	0
1587	11:52:50.95	0.0365	20.51973	22.31	46.01	1.2	0.999300	19.8064	1.24732	773.84	0.96524	3.28	0
1588	11:52:51.25	0.0355	20.52029	22.31	46.01	1.2	0.999330	19.8064	1.24732	773.82	0.96521	3.28	0
1589	11:52:51.55	0.0360	20.51994	22.31	46.01	1.2	0.999312	19.8064	1.24732	773.82	0.96523	3.28	0
1590	11:52:51.85	0.0355	20.52029	22.31	46.01	1.2	0.999330	19.8061	1.24732	773.82	0.96520	3.28	0
1591	11:52:52.15	0.0355	20.52015	22.31	46.01	1.2	0.999324	19.8068	1.24736	773.82	0.96524	3.28	0
1592	11:52:52.45	0.0370	20.51959	22.31	46.01	1.2	0.999294	19.8063	1.24736	773.84	0.96524	3.28	0
1593	11:52:52.75	0.0375	20.51945	22.31	46.01	1.2	0.999288	19.8062	1.24736	773.82	0.96524	3.28	0
1594	11:52:53.05	0.0370	20.51959	22.31	46.01	1.2	0.999294	19.8066	1.24736	773.82	0.96526	3.28	0
1595	11:52:53.35	0.0365	20.51980	22.31	46.01	1.2	0.999306	19.8064	1.24736	773.82	0.96523	3.28	0
1596	11:52:53.65	0.0380	20.51917	22.31	46.01	1.2	0.999276	19.8064	1.24736	773.84	0.96526	3.28	0
1597	11:52:53.95	0.0370	20.51959	22.31	46.01	1.2	0.999294	19.8073	1.24736	773.86	0.96529	3.28	0
1598	11:52:54.25	0.0370	20.51966	22.31	46.01	1.2	0.999294	19.8064	1.24736	773.84	0.96524	3.28	0
1599	11:52:54.55	0.0345	20.52071	22.31	46.01	1.2	0.999348	19.8070	1.24736	773.82	0.96522	3.28	0
1600	11:52:54.85	0.0370	20.51952	22.31	46.01	1.2	0.999294	19.8064	1.24736	773.84	0.96525	3.28	0
1601	11:52:55.15	0.0370	20.51973	22.31	46.01	1.2	0.999300	19.8066	1.24736	773.84	0.96524	3.28	0
1602	11:52:55.45	0.0365	20.51980	22.31	46.01	1.2	0.999306	19.8066	1.24736	773.84	0.96524	3.28	0
1603	11:52:55.75	0.0380	20.51917	22.31	46.01	1.2	0.999270	19.8063	1.24736	773.84	0.96526	3.28	0
1604	11:52:56.05	0.0345	20.52050	22.31	46.01	1.2	0.999342	19.8068	1.24732	773.82	0.96522	3.28	0
1605	11:52:56.35	0.0370	20.51973	22.31	46.01	1.2	0.999300	19.8066	1.24736	773.84	0.96524	3.28	0
1606	11:52:56.65	0.0365	20.51973	22.31	46.01	1.2	0.999300	19.8059	1.24732	773.82	0.96521	3.28	0
1607	11:52:56.95	0.0365	20.51994	22.31	46.01	1.2	0.999312	19.8062	1.24732	773.82	0.96522	3.28	0
1608	11:52:57.25	0.0355	20.52022	22.31	46.01	1.2	0.999324	19.8060	1.24732	773.82	0.96520	3.28	0
1609	11:52:57.55	0.0365	20.51980	22.31	46.01	1.2	0.999300	19.8061	1.24732	773.84	0.96522	3.28	0
1610	11:52:57.85	0.0370	20.51973	22.31	46.01	1.2	0.999300	19.8066	1.24736	773.84	0.96525	3.28	0
1611	11:52:58.15	0.0380	20.51931	22.31	46.01	1.2	0.999282	19.8057	1.24736	773.82	0.96522	3.28	0
1612	11:52:58.45	0.0360	20.51994	22.31	46.01	1.2	0.999312	19.8060	1.24732	773.82	0.96521	3.28	0
1613	11:52:58.75	0.0375	20.51945	22.31	46.01	1.2	0.999288	19.8059	1.24732	773.82	0.96523	3.28	0
1614	11:52:59.05	0.0370	20.51959	22.31	46.01	1.2	0.999294	19.8065	1.24736	773.84	0.96525	3.28	0
1615	11:52:59.35	0.0365	20.51994	22.31	46.01	1.2	0.999312	19.8061	1.24732	773.82	0.96521	3.28	0
1616	11:52:59.65	0.0375	20.51938	22.31	46.01	1.2	0.999282	19.8062	1.24736	773.84	0.96524	3.28	0
1617	11:52:59.95	0.0355	20.52015	22.31	46.01	1.2	0.999324	19.8063	1.24732	773.82	0.96521	3.28	0
1618	11:53:00.25	0.0375	20.51945	22.31	46.01	1.2	0.999288	19.8059	1.24736	773.82	0.96523	3.28	0
1619	11:53:00.55	0.0370	20.51973	22.31	46.01	1.2	0.999300	19.8059	1.24732	773.82	0.96521	3.28	0
1620	11:53:00.85	0.0360	20.51994	22.31	46.01	1.2	0.999312	19.8060	1.24732	773.82	0.96521	3.28	0
1621	11:53:01.15	0.0365	20.51973	22.31	46.01	1.2	0.999300	19.8059	1.24736	773.82	0.96521	3.28	0
1622	11:53:01.45	0.0365	20.51980	22.31	46.01	1.2	0.999306	19.8057	1.24732	773.82	0.96520	3.28	0
1623	11:53:01.75	0.0345	20.52050	22.31	46.01	1.2	0.999336	19.8060	1.24732	773.82	0.96518	3.28	0
1624	11:53:02.05	0.0350	20.52043	22.31	46.01	1.2	0.999336	19.8058	1.24732	773.80	0.96517	3.28	0
1625	11:53:02.35	0.0360	20.52008	22.31	46.01	1.2	0.999318	19.8058	1.24732	773.82	0.96519	3.28	0
1626	11:53:02.65	0.0370	20.51959	22.31	46.01	1.2	0.999294	19.8059	1.24732	773.82	0.96522	3.28	0
1627	11:53:02.95	0.0355	20.52022	22.31	46.01	1.2	0.999324	19.8064	1.24732	773.82	0.96521	3.28	0
1628	11:53:03.25	0.0360	20.52008	22.31	46.01	1.2	0.999318	19.8064	1.24732	773.82	0.96522	3.28	0
1629	11:53:03.55	0.0355	20.52015	22.31	46.01	1.2	0.999318	19.8061	1.24732	773.82	0.96521	3.28	0
1630	11:53:03.85	0.0375	20.51945	22.31	46.01	1.2	0.999288	19.8063	1.24736	773.84	0.96524	3.28	0
1631	11:53:04.15	0.0360	20.52001	22.31	46.01	1.2	0.999318	19.8054	1.24732	773.80	0.96517	3.28	0
1632	11:53:04.45	0.0350	20.52036	22.31	46.01	1.2	0.999330	19.8063	1.24732	773.82	0.96520	3.28	0
1633	11:53:04.75	0.0370	20.51959	22.31	46.01	1.2	0.999294	19.8060	1.24732	773.84	0.96523	3.28	0
1634	11:53:05.05	0.0360	20.51994	22.31	46.01	1.2	0.999312	19.8064	1.24732	773.82	0.96523	3.28	0
1635	11:53:05.35	0.0365	20.51980	22.31	45.98	1.2	0.999300	19.8061	1.24732	773.82	0.96522	3.28	0
1636	11:53:05.65	0.0375	20.51952	22.31	45.98	1.2	0.999288	19.8057	1.24732	773.82	0.96521	3.28	0
1637	11:53:05.95	0.0360	20.52008	22.31	46.01	1.2	0.999318	19.8061	1.24732	773.82	0.96521	3.28	0
1638	11:53:06.25	0.0370	20.51952	22.31	46.01	1.2	0.999294	19.8061	1.24736	773.82	0.96523	3.28	0
1639	11:53:06.55	0.0370	20.51959	22.31	46.01	1.2	0.999294	19.8064	1.24736	773.84	0.96524	3.28	0
1640	11:53:06.85	0.0370	20.51966	22.31	46.01	1.2	0.999294	19.8060	1.24732	773.84	0.96523	3.28	0
1641	11:53:07.15	0.0380	20.51931	22.31	45.98	1.2	0.999276	19.8066	1.24736	773.84	0.96526	3.28	0
1642	11:53:07.45	0.0360	20.52008	22.31	45.98	1.2	0.999318	19.8064	1.24732	773.82	0.96522	3.28	0
1643	11:53:07.75	0.0370	20.51973	22.31	45.98	1.2	0.999300	19.8064	1.24736	773.84	0.96523	3.28	0
1644	11:53:08.05	0.0360	20.52008	22.31	45.98	1.2	0.999318	19.8059	1.24732	773.82	0.96520	3.28	0
1645	11:53:08.35	0.0355	20.52029	22.31	45.98	1.2	0.999324	19.8066	1.24732	773.82	0.96522	3.28	0
1646	11:53:08.65	0.0375	20.51945	22.31	45.98	1.2	0.999288	19.8055	1.24732	773.82	0.96521	3.28	0
1647	11:53:08.95	0.0360	20.51994	22.31	46.01	1.2	0.999312	19.8057	1.24732	773.82	0.96520	3.28	0
1648	11:53:09.25	0.0380	20.51924	22.31	46.01	1.2	0.999276	19.8061	1.24736	773.84	0.96524	3.28	0
1649	11:53:09.55	0.0370	20.51966	22.31	46.01	1.2	0.999294	19.8064	1.24736	773.84	0.96524	3.28	0
1650	11:53:09.85	0.0350	20.52036	22.31	46.01	1.2	0.999330	19.8071	1.24736	773.84	0.96524	3.28	0
1651	11:53:10.15	0.0365	20.51987	22.31	45.98	1.2	0.999306	19.8061	1.24732	773.82	0.96521	3.28	0
1652	11:53:10.45	0.0370	20.51973	22.31	45.98	1.2	0.999300	19.8059	1.24732	773.82	0.96521	3.28	0
1653	11:53:10.75	0.0365	20.51994	22.31	45.98	1.2	0.999312	19.8062	1.24732	773.82	0.96522	3.28	0
1654	11:53:11.05	0.0375	20.51952	22.31	45.98	1.2	0.999288	19.8064	1.24736	773.82	0.96524	3.28	0
1655	11:53:11.35	0.0360	20.52008	22.31	45.98	1.2	0.999318	19.8059	1.24732	773.82	0.96520	3.28	0
1656	11:53:11.65	0.0370	20.51966	22.31	45.98	1.2	0.999294	19.8059	1.24732	773.82	0.96522	3.28	0
1657	11:53:11.95	0.0365	20.51994	22.31	45.98	1.2	0.999312	19.8058	1.24732	773.82	0.96520	3.28	0
1658	11:53:12.25	0.0355	20.52015	22.31	45.98	1.2	0.999318	19.8062	1.24732	773.82	0.96521	3.28	0
1659	11:53:12.55	0.0375	20.51952	22.31	45.98	1.2	0.999288	19.8059	1.24732	773.84	0.96522	3.28	0
1660	11:53:12.85	0.0365	20.51994	22.31	45.98	1.2	0.999312	19.8068	1.24736	773.84	0.96525	3.28	0
1661	11:53:13.15	0.0340	20.52092	22.31	45.98	1.2	0.999360	19.8067	1.24732	773.82	0.96520	3.28	0
1662	11:53:13.45	0.0350	20.52050	22.31	45.98	1.2	0.999336	19.8062	1.24732	773.82	0.96519	3.28	0
1663	11:53:13.75	0.0380	20.51931	22.31	45.98	1.2	0.999276	19.8060	1.24732	773.84	0.96524	3.28	0
1664	11:53:14.05	0.0350	20.52050	22.31	45.98	1.2	0.999336	19.8060	1.24732	773.82	0.96518	3.28	0
1665	11:53:14.35	0.0355	20.52029	22.31	45.98	1.2	0.999324	19.8064	1.24732	773.82	0.96521	3.28	0
1666	11:53:14.65	0.0375	20.51945	22.31	45.98	1.2	0.999282	19.8068	1.24736	773.84	0.96527	3.28	0
1667	11:53:14.95	0.0375	20.51959	22.31	45.98	1.2	0.999288	19.8062	1.24736	773.84	0.96524	3.28	0
1668	11:53:15.25	0.0370	20.51973	22.31	45.98	1.2	0.999300	19.8062	1.24732	773.82	0.96523	3.28	0
1669	11:53:15.55	0.0335	20.52099	22.31	45.98	1.2	0.999360	19.8059	1.24728	773.80	0.96515	3.28	0
1670	11:53:15.85	0.0355	20.52029	22.31	45.98	1.2	0.999324	19.8057	1.24732	773.82	0.96518	3.28	0
1671	11:53:16.15	0.0370	20.51966	22.31	45.98	1.2	0.999294	19.8059	1.24736	773.82	0.96522	3.28	0
1672	11:53:16.45	0.0385	20.51903	22.31	45.98	1.2	0.999264	19.8055	1.24732	773.82	0.96523	3.28	0
1673	11:53:16.75	0.0360	20.52001	22.31	45.98	1.2	0.999312	19.8068	1.24736	773.84	0.96524	3.28	0
1674	11:53:17.05	0.0365	20.51987	22.31	45.98	1.2	0.999306	19.8067	1.24736	773.84	0.96524	3.28	0
1675	11:53:17.35	0.0360	20.51994	22.31	45.98	1.2	0.999312	19.8066	1.24736	773.84	0.96524	3.28	0
1676	11:53:17.65	0.0355	20.52015	22.31	45.98	1.2	0.999318	19.8066	1.24732	773.84	0.96523	3.28	0
1677	11:53:17.95	0.0360	20.52001	22.31	45.98	1.2	0.999312	19.8071	1.24736	773.84	0.96526	3.28	0
1678	11:53:18.25	0.0375	20.51952	22.31	45.98	1.2	0.999288	19.8064	1.24736	773.84	0.96525	3.28	0
1679	11:53:18.55	0.0360	20.52001	22.31	45.98	1.2	0.999312	19.8064	1.24732	773.82	0.96523	3.28	0
1680	11:53:18.85	0.0370	20.51966	22.31	45.98	1.2	0.999294	19.8061	1.24732	773.84	0.96523	3.28	0
1681	11:53:19.15	0.0375	20.51959	22.31	45.98	1.2	0.999294	19.8063	1.24736	773.84	0.96524	3.28	0
1682	11:53:19.45	0.0370	20.51966	22.31	45.98	1.2	0.999294	19.8065	1.24736	773.84	0.96524	3.28	0
1683	11:53:19.75	0.0350	20.52036	22.31	45.98	1.2	0.999330	19.8066	1.24732	773.84	0.96522	3.28	0
1684	11:53:20.05	0.0390	20.51882	22.31	45.98	1.2	0.999258	19.8067	1.24736	773.86	0.96529	3.28	0
1685	11:53:20.35	0.0375	20.51952	22.31	45.98	1.2	0.999288	19.8068	1.24736	773.86	0.96527	3.28	0
1686	11:53:20.65	0.0385	20.51910	22.31	45.98	1.2	0.999270	19.8071	1.24736	773.86	0.96530	3.28	0
1687	11:53:20.95	0.0365	20.51994	22.31	45.98	1.2	0.999306	19.8060	1.24732	773.82	0.96521	3.28	0
1688	11:53:21.25	0.0385	20.51910	22.31	45.98	1.2	0.999264	19.8063	1.24736	773.84	0.96526	3.28	0
1689	11:53:21.55	0.0380	20.51917	22.31	45.98	1.2	0.999276	19.8066	1.24736	773.86	0.96527	3.28	0
1690	11:53:21.85	0.0370	20.51966	22.31	45.98	1.2	0.999294	19.8061	1.24732	773.84	0.96523	3.28	0
1691	11:53:22.15	0.0360	20.52008	22.31	45.98	1.2	0.999318	19.8060	1.24732	773.82	0.96520	3.28	0
1692	11:53:22.45	0.0380	20.51931	22.31	45.98	1.2	0.999276	19.8058	1.24732	773.84	0.96523	3.28	0
1693	11:53:22.75	0.0360	20.52001	22.31	45.98	1.2	0.999312	19.8059	1.24732	773.82	0.96520	3.28	0
1694	11:53:23.05	0.0380	20.51931	22.31	45.98	1.2	0.999276	19.8057	1.24732	773.82	0.96522	3.28	0
1695	11:53:23.35	0.0355	20.52029	22.31	45.98	1.2	0.999324	19.8059	1.24732	773.82	0.96519	3.28	0
1696	11:53:23.65	0.0350	20.52043	22.31	45.98	1.2	0.999336	19.8057	1.24728	773.80	0.96517	3.28	0
1697	11:53:23.95	0.0340	20.52078	22.31	45.98	1.2	0.999348	19.8063	1.24732	773.82	0.96518	3.28	0
1698	11:53:24.25	0.0370	20.51959	22.31	45.98	1.2	0.999294	19.8054	1.24732	773.82	0.96519	3.28	0
1699	11:53:24.55	0.0370	20.51973	22.31	45.98	1.2	0.999300	19.8059	1.24732	773.82	0.96521	3.28	0
1700	11:53:24.85	0.0370	20.51973	22.31	45.98	1.2	0.999300	19.8058	1.24732	773.82	0.96521	3.28	0
1701	11:53:25.15	0.0380	20.51938	22.31	45.98	1.2	0.999282	19.8056	1.24732	773.82	0.96521	3.28	0
1702	11:53:25.45	0.0370	20.51959	22.31	45.98	1.2	0.999294	19.8052	1.24732	773.82	0.96518	3.28	0
1703	11:53:25.75	0.0360	20.52015	22.31	45.98	1.2	0.999318	19.8060	1.24732	773.82	0.96520	3.28	0
1704	11:53:26.05	0.0355	20.52022	22.31	45.98	1.2	0.999324	19.8066	1.24732	773.84	0.96522	3.28	0
1705	11:53:26.35	0.0360	20.52008	22.31	45.98	1.2	0.999318	19.8062	1.24732	773.82	0.96521	3.28	0
1706	11:53:26.65	0.0375	20.51931	22.32	45.98	1.2	0.999282	19.8052	1.24732	773.82	0.96520	3.28	0
1707	11:53:26.95	0.0375	20.51938	22.32	45.98	1.2	0.999288	19.8053	1.24732	773.82	0.96520	3.28	0
1708	11:53:27.25	0.0380	20.51924	22.31	45.98	1.2	0.999276	19.8066	1.24736	773.86	0.96527	3.28	0
1709	11:53:27.55	0.0350	20.52036	22.31	45.98	1.2	0.999330	19.8063	1.24732	773.82	0.96520	3.28	0
1710	11:53:27.85	0.0360	20.51987	22.32	45.98	1.2	0.999312	19.8068	1.24736	773.84	0.96524	3.28	0
1711	11:53:28.15	0.0365	20.51980	22.32	45.98	1.2	0.999306	19.8066	1.24736	773.84	0.96524	3.28	0
1712	11:53:28.45	0.0375	20.51959	22.31	45.98	1.2	0.999288	19.8059	1.24732	773.82	0.96522	3.28	0
1713	11:53:28.75	0.0345	20.52064	22.31	45.98	1.2	0.999342	19.8064	1.24732	773.82	0.96519	3.28	0
1714	11:53:29.05	0.0350	20.52043	22.32	45.98	1.2	0.999336	19.8058	1.24732	773.82	0.96518	3.28	0
1715	11:53:29.35	0.0360	20.52001	22.32	45.98	1.2	0.999318	19.8067	1.24736	773.84	0.96524	3.28	0
1716	11:53:29.65	0.0345	20.52057	22.31	45.98	1.2	0.999342	19.8062	1.24732	773.82	0.96519	3.28	0
1717	11:53:29.95	0.0375	20.51945	22.31	45.98	1.2	0.999282	19.8061	1.24732	773.84	0.96524	3.28	0
1718	11:53:30.25	0.0365	20.51987	22.31	45.98	1.2	0.999306	19.8068	1.24736	773.84	0.96525	3.28	0
1719	11:53:30.55	0.0370	20.51966	22.31	45.98	1.2	0.999294	19.8062	1.24732	773.84	0.96523	3.28	0
1720	11:53:30.85	0.0335	20.52106	22.31	45.98	1.2	0.999366	19.8070	1.24732	773.82	0.96520	3.28	0
1721	11:53:31.15	0.0355	20.52022	22.31	45.98	1.2	0.999324	19.8064	1.24732	773.82	0.96521	3.28	0
1722	11:53:31.45	0.0375	20.51945	22.31	45.98	1.2	0.999282	19.8066	1.24736	773.86	0.96526	3.28	0
1723	11:53:31.75	0.0370	20.51959	22.31	45.98	1.2	0.999294	19.8064	1.24736	773.82	0.96524	3.28	0
1724	11:53:32.05	0.0365	20.51994	22.31	45.98	1.2	0.999306	19.8066	1.24732	773.84	0.96524	3.28	0
1725	11:53:32.35	0.0360	20.52008	22.31	45.98	1.2	0.999318	19.8067	1.24736	773.84	0.96523	3.28	0
1726	11:53:32.65	0.0360	20.52001	22.31	45.98	1.2	0.999312	19.8068	1.24732	773.84	0.96524	3.28	0
1727	11:53:32.95	0.0375	20.51952	22.31	45.98	1.2	0.999288	19.8066	1.24736	773.84	0.96526	3.28	0
1728	11:53:33.25	0.0375	20.51952	22.31	45.98	1.2	0.999288	19.8066	1.24736	773.84	0.96526	3.28	0
1729	11:53:33.55	0.0380	20.51931	22.31	45.98	1.2	0.999276	19.8067	1.24736	773.84	0.96527	3.28	0
1730	11:53:33.85	0.0375	20.51945	22.31	45.98	1.2	0.999288	19.8066	1.24736	773.84	0.96526	3.28	0
1731	11:53:34.15	0.0365	20.51980	22.31	45.98	1.2	0.999306	19.8068	1.24736	773.84	0.96526	3.28	0
1732	11:53:34.45	0.0370	20.51966	22.32	45.98	1.2	0.999300	19.8068	1.24736	773.86	0.96526	3.28	0
1733	11:53:34.75	0.0340	20.52064	22.32	45.98	1.2	0.999348	19.8071	1.24736	773.82	0.96523	3.28	0
1734	11:53:35.05	0.0365	20.51987	22.31	45.98	1.2	0.999306	19.8065	1.24732	773.84	0.96523	3.28	0
1735	11:53:35.35	0.0360	20.52008	22.31	45.98	1.2	0.999312	19.8069	1.24736	773.84	0.96525	3.28	0
1736	11:53:35.65	0.0365	20.51980	22.31	45.98	1.2	0.999300	19.8069	1.24736	773.84	0.96526	3.28	0
1737	11:53:35.95	0.0365	20.51980	22.31	45.98	1.2	0.999300	19.8069	1.24736	773.86	0.96526	3.28	0
1738	11:53:36.25	0.0355	20.52029	22.31	45.98	1.2	0.999324	19.8071	1.24736	773.84	0.96524	3.28	0
1739	11:53:36.55	0.0370	20.51966	22.31	45.98	1.2	0.999294	19.8074	1.24736	773.86	0.96529	3.28	0
1740	11:53:36.85	0.0370	20.51973	22.31	45.98	1.2	0.999300	19.8066	1.24736	773.84	0.96525	3.28	0
1741	11:53:37.15	0.0375	20.51952	22.31	45.98	1.2	0.999288	19.8065	1.24736	773.84	0.96525	3.28	0
1742	11:53:37.45	0.0370	20.51966	22.31	45.98	1.2	0.999294	19.8066	1.24736	773.84	0.96525	3.28	0
1743	11:53:37.75	0.0380	20.51931	22.31	45.98	1.2	0.999282	19.8066	1.24736	773.84	0.96527	3.28	0
1744	11:53:38.05	0.0360	20.52001	22.31	45.98	1.2	0.999312	19.8061	1.24732	773.82	0.96521	3.28	0
1745	11:53:38.35	0.0365	20.51994	22.31	45.98	1.2	0.999312	19.8066	1.24736	773.84	0.96524	3.28	0
1746	11:53:38.65	0.0365	20.51980	22.31	45.98	1.2	0.999300	19.8072	1.24736	773.84	0.96527	3.28	0
1747	11:53:38.95	0.0380	20.51924	22.31	45.98	1.2	0.999276	19.8064	1.24736	773.84	0.96526	3.28	0
1748	11:53:39.25	0.0370	20.51973	22.31	45.98	1.2	0.999300	19.8063	1.24732	773.84	0.96523	3.28	0
1749	11:53:39.55	0.0370	20.51973	22.31	45.98	1.2	0.999300	19.8068	1.24736	773.84	0.96526	3.28	0
1750	11:53:39.85	0.0360	20.52001	22.31	45.98	1.2	0.999312	19.8063	1.24732	773.84	0.96522	3.28	0
1751	11:53:40.15	0.0355	20.52022	22.31	45.98	1.2	0.999324	19.8069	1.24732	773.84	0.96524	3.28	0
1752	11:53:40.45	0.0375	20.51945	22.31	45.98	1.2	0.999288	19.8066	1.24736	773.84	0.96526	3.28	0
1753	11:53:40.75	0.0370	20.51966	22.31	45.98	1.2	0.999294	19.8066	1.24732	773.84	0.96525	3.28	0
1754	11:53:41.05	0.0365	20.51987	22.31	45.98	1.2	0.999306	19.8069	1.24736	773.84	0.96526	3.28	0
1755	11:53:41.35	0.0375	20.51952	22.31	45.98	1.2	0.999288	19.8064	1.24736	773.84	0.96524	3.28	0
1756	11:53:41.65	0.0370	20.51973	22.31	45.98	1.2	0.999300	19.8064	1.24736	773.84	0.96523	3.28	0
1757	11:53:41.95	0.0365	20.51980	22.31	45.98	1.2	0.999306	19.8066	1.24736	773.84	0.96524	3.28	0
1758	11:53:42.25	0.0360	20.52001	22.31	45.98	1.2	0.999312	19.8071	1.24736	773.84	0.96526	3.28	0
1759	11:53:42.55	0.0385	20.51896	22.31	45.98	1.2	0.999264	19.8071	1.24740	773.86	0.96530	3.28	0
1760	11:53:42.85	0.0375	20.51938	22.31	45.98	1.2	0.999282	19.8072	1.24736	773.86	0.96529	3.28	0
1761	11:53:43.15	0.0365	20.51980	22.31	45.98	1.2	0.999306	19.8072	1.24736	773.86	0.96527	3.28	0
1762	11:53:43.45	0.0400	20.51840	22.31	45.98	1.2	0.999234	19.8064	1.24736	773.86	0.96530	3.28	0
1763	11:53:43.75	0.0365	20.51994	22.31	45.98	1.2	0.999306	19.8066	1.24736	773.84	0.96524	3.28	0
1764	11:53:44.05	0.0375	20.51938	22.32	45.98	1.2	0.999288	19.8071	1.24736	773.86	0.96528	3.28	0
1765	11:53:44.35	0.0360	20.51987	22.32	45.98	1.2	0.999312	19.8070	1.24736	773.84	0.96526	3.28	0
1766	11:53:44.65	0.0375	20.51959	22.31	45.98	1.2	0.999294	19.8067	1.24736	773.86	0.96526	3.28	0
1767	11:53:44.95	0.0370	20.51973	22.31	45.98	1.2	0.999300	19.8071	1.24736	773.86	0.96527	3.28	0
1768	11:53:45.25	0.0375	20.51945	22.31	45.98	1.2	0.999288	19.8060	1.24732	773.84	0.96523	3.28	0
1769	11:53:45.55	0.0365	20.51994	22.31	45.98	1.2	0.999312	19.8068	1.24736	773.82	0.96524	3.28	0
1770	11:53:45.85	0.0385	20.51910	22.31	45.98	1.2	0.999270	19.8065	1.24736	773.84	0.96527	3.28	0
1771	11:53:46.15	0.0365	20.51987	22.31	45.98	1.2	0.999306	19.8069	1.24736	773.84	0.96526	3.28	0
1772	11:53:46.45	0.0360	20.52001	22.31	45.98	1.2	0.999312	19.8074	1.24736	773.86	0.96527	3.28	0
1773	11:53:46.75	0.0390	20.51896	22.31	45.98	1.2	0.999264	19.8061	1.24736	773.86	0.96526	3.28	0
1774	11:53:47.05	0.0380	20.51931	22.31	45.98	1.2	0.999282	19.8066	1.24736	773.84	0.96526	3.28	0
1775	11:53:47.35	0.0360	20.52008	22.31	45.98	1.2	0.999318	19.8062	1.24732	773.84	0.96521	3.28	0
1776	11:53:47.65	0.0355	20.52015	22.31	45.98	1.2	0.999318	19.8059	1.24732	773.82	0.96519	3.28	0
1777	11:53:47.95	0.0360	20.52001	22.31	45.98	1.2	0.999312	19.8060	1.24732	773.82	0.96520	3.28	0
1778	11:53:48.25	0.0375	20.51945	22.31	45.98	1.2	0.999282	19.8060	1.24736	773.82	0.96523	3.28	0
1779	11:53:48.55	0.0350	20.52050	22.31	45.98	1.2	0.999336	19.8057	1.24728	773.80	0.96517	3.28	0
1780	11:53:48.85	0.0370	20.51959	22.31	45.98	1.2	0.999294	19.8066	1.24736	773.84	0.96526	3.28	0
1781	11:53:49.15	0.0345	20.52057	22.31	45.98	1.2	0.999342	19.8070	1.24732	773.84	0.96523	3.28	0
1782	11:53:49.45	0.0375	20.51938	22.31	45.98	1.2	0.999282	19.8066	1.24736	773.84	0.96527	3.28	0
1783	11:53:49.75	0.0380	20.51931	22.31	45.98	1.2	0.999276	19.8075	1.24740	773.86	0.96531	3.28	0
1784	11:53:50.05	0.0350	20.52043	22.31	45.98	1.2	0.999336	19.8070	1.24732	773.84	0.96523	3.28	0
1785	11:53:50.35	0.0380	20.51931	22.31	45.98	1.2	0.999282	19.8073	1.24740	773.86	0.96530	3.28	0
1786	11:53:50.65	0.0355	20.52022	22.31	45.98	1.2	0.999324	19.8063	1.24732	773.82	0.96521	3.28	0
1787	11:53:50.95	0.0380	20.51931	22.31	45.98	1.2	0.999282	19.8071	1.24736	773.86	0.96529	3.28	0
1788	11:53:51.25	0.0365	20.51980	22.32	45.98	1.2	0.999306	19.8068	1.24736	773.84	0.96525	3.28	0
1789	11:53:51.55	0.0370	20.51959	22.32	45.98	1.2	0.999294	19.8061	1.24732	773.84	0.96523	3.28	0
1790	11:53:51.85	0.0355	20.52022	22.32	45.98	1.2	0.999324	19.8064	1.24732	773.82	0.96521	3.28	0
1791	11:53:52.15	0.0360	20.51987	22.32	45.98	1.2	0.999312	19.8061	1.24732	773.84	0.96521	3.28	0
1792	11:53:52.45	0.0370	20.51966	22.32	45.98	1.2	0.999300	19.8059	1.24732	773.82	0.96522	3.28	0
1793	11:53:52.75	0.0355	20.52022	22.32	45.98	1.2	0.999330	19.8063	1.24732	773.84	0.96521	3.28	0
1794	11:53:53.05	0.0375	20.51945	22.32	45.98	1.2	0.999288	19.8065	1.24736	773.84	0.96526	3.28	0
1795	11:53:53.35	0.0365	20.51973	22.32	45.98	1.2	0.999300	19.8064	1.24732	773.84	0.96524	3.28	0
1796	11:53:53.65	0.0365	20.51973	22.32	45.98	1.2	0.999306	19.8062	1.24732	773.84	0.96523	3.28	0
1797	11:53:53.95	0.0370	20.51959	22.32	45.98	1.2	0.999300	19.8070	1.24736	773.86	0.96527	3.28	0
1798	11:53:54.25	0.0380	20.51924	22.31	45.98	1.2	0.999276	19.8063	1.24736	773.84	0.96526	3.28	0
1799	11:53:54.55	0.0375	20.51959	22.31	45.98	1.2	0.999288	19.8066	1.24736	773.84	0.96525	3.28	0
1800	11:53:54.85	0.0375	20.51931	22.32	45.98	1.2	0.999282	19.8069	1.24736	773.86	0.96528	3.28	0
1801	11:53:55.15	0.0360	20.51994	22.32	45.98	1.2	0.999312	19.8068	1.24736	773.84	0.96525	3.28	0
1802	11:53:55.45	0.0365	20.51980	22.32	45.98	1.2	0.999306	19.8070	1.24736	773.84	0.96526	3.28	0
1803	11:53:55.75	0.0365	20.51973	22.32	45.98	1.2	0.999306	19.8069	1.24736	773.84	0.96526	3.28	0
1804	11:53:56.05	0.0385	20.51903	22.32	45.98	1.2	0.999270	19.8067	1.24736	773.86	0.96529	3.28	0
1805	11:53:56.35	0.0355	20.52008	22.32	45.98	1.2	0.999318	19.8067	1.24732	773.84	0.96524	3.28	0
1806	11:53:56.65	0.0370	20.51973	22.31	45.98	1.2	0.999300	19.8068	1.24736	773.84	0.96526	3.28	0
1807	11:53:56.95	0.0380	20.51924	22.31	45.98	1.2	0.999276	19.8070	1.24736	773.86	0.96529	3.28	0
1808	11:53:57.25	0.0385	20.51903	22.32	45.98	1.2	0.999270	19.8065	1.24736	773.86	0.96527	3.28	0
1809	11:53:57.55	0.0355	20.52015	22.32	45.98	1.2	0.999324	19.8077	1.24736	773.86	0.96527	3.28	0
1810	11:53:57.85	0.0370	20.51973	22.31	45.98	1.2	0.999300	19.8067	1.24736	773.84	0.96525	3.28	0
1811	11:53:58.15	0.0355	20.52015	22.31	45.98	1.2	0.999318	19.8073	1.24736	773.84	0.96526	3.28	0
1812	11:53:58.45	0.0370	20.51952	22.32	45.98	1.2	0.999294	19.8066	1.24736	773.86	0.96526	3.28	0
1813	11:53:58.75	0.0370	20.51952	22.32	45.98	1.2	0.999294	19.8066	1.24736	773.84	0.96526	3.28	0
1814	11:53:59.05	0.0360	20.52008	22.31	45.98	1.2	0.999318	19.8063	1.24732	773.84	0.96521	3.28	0
1815	11:53:59.35	0.0355	20.52029	22.31	45.98	1.2	0.999324	19.8070	1.24732	773.84	0.96524	3.28	0
1816	11:53:59.65	0.0370	20.51959	22.31	45.98	1.2	0.999294	19.8071	1.24736	773.86	0.96527	3.28	0
1817	11:53:59.95	0.0375	20.51945	22.31	45.98	1.2	0.999288	19.8066	1.24736	773.84	0.96526	3.28	0
1818	11:54:00.25	0.0370	20.51966	22.32	45.98	1.2	0.999300	19.8064	1.24736	773.84	0.96524	3.28	0
1819	11:54:00.55	0.0380	20.51924	22.32	45.98	1.2	0.999282	19.8070	1.24736	773.86	0.96529	3.28	0
1820	11:54:00.85	0.0350	20.52036	22.32	45.98	1.2	0.999336	19.8074	1.24736	773.84	0.96526	3.28	0
1821	11:54:01.15	0.0375	20.51945	22.32	45.98	1.2	0.999288	19.8062	1.24736	773.84	0.96524	3.28	0
1822	11:54:01.45	0.0365	20.51973	22.32	45.98	1.2	0.999300	19.8061	1.24732	773.84	0.96523	3.28	0
1823	11:54:01.75	0.0365	20.51973	22.32	45.98	1.2	0.999300	19.8071	1.24736	773.86	0.96527	3.28	0
1824	11:54:02.05	0.0365	20.51987	22.31	45.98	1.2	0.999306	19.8060	1.24732	773.82	0.96521	3.28	0
1825	11:54:02.35	0.0365	20.51994	22.31	45.98	1.2	0.999306	19.8064	1.24732	773.84	0.96523	3.28	0
1826	11:54:02.65	0.0375	20.51931	22.32	45.98	1.2	0.999282	19.8071	1.24736	773.86	0.96529	3.28	0
1827	11:54:02.95	0.0365	20.51966	22.32	45.98	1.2	0.999300	19.8066	1.24732	773.84	0.96525	3.28	0
1828	11:54:03.25	0.0375	20.51945	22.32	45.98	1.2	0.999288	19.8070	1.24736	773.86	0.96528	3.28	0
1829	11:54:03.55	0.0385	20.51910	22.32	45.98	1.2	0.999270	19.8071	1.24736	773.86	0.96530	3.28	0
1830	11:54:03.85	0.0360	20.51987	22.32	45.98	1.2	0.999312	19.8073	1.24736	773.86	0.96527	3.28	0
1831	11:54:04.15	0.0365	20.51980	22.32	45.98	1.2	0.999306	19.8069	1.24736	773.86	0.96526	3.28	0
1832	11:54:04.45	0.0370	20.51959	22.32	45.98	1.2	0.999300	19.8075	1.24736	773.86	0.96530	3.28	0
1833	11:54:04.75	0.0355	20.52022	22.32	45.98	1.2	0.999330	19.8071	1.24732	773.84	0.96524	3.28	0
1834	11:54:05.05	0.0380	20.51917	22.32	45.98	1.2	0.999276	19.8071	1.24736	773.86	0.96530	3.28	0
1835	11:54:05.35	0.0355	20.52008	22.32	45.98	1.2	0.999318	19.8071	1.24736	773.84	0.96525	3.28	0
1836	11:54:05.65	0.0370	20.51952	22.32	45.98	1.2	0.999294	19.8073	1.24736	773.86	0.96529	3.28	0
1837	11:54:05.95	0.0390	20.51889	22.32	45.98	1.2	0.999264	19.8075	1.24740	773.88	0.96533	3.28	0
1838	11:54:06.25	0.0355	20.52022	22.32	45.98	1.2	0.999330	19.8073	1.24736	773.84	0.96526	3.28	0
1839	11:54:06.55	0.0355	20.52008	22.32	45.98	1.2	0.999324	19.8071	1.24732	773.84	0.96525	3.28	0
1840	11:54:06.85	0.0355	20.52022	22.31	45.98	1.2	0.999324	19.8068	1.24732	773.84	0.96523	3.28	0
1841	11:54:07.15	0.0365	20.51980	22.31	45.98	1.2	0.999306	19.8070	1.24736	773.84	0.96526	3.28	0
1842	11:54:07.45	0.0370	20.51959	22.32	45.98	1.2	0.999294	19.8071	1.24736	773.86	0.96527	3.28	0
1843	11:54:07.75	0.0365	20.51980	22.32	45.98	1.2	0.999306	19.8071	1.24736	773.86	0.96527	3.28	0
1844	11:54:08.05	0.0365	20.51973	22.32	45.98	1.2	0.999306	19.8070	1.24736	773.86	0.96527	3.28	0
1845	11:54:08.35	0.0380	20.51917	22.32	45.98	1.2	0.999276	19.8071	1.24736	773.86	0.96530	3.28	0
1846	11:54:08.65	0.0350	20.52036	22.32	45.98	1.2	0.999336	19.8070	1.24732	773.84	0.96524	3.28	0
1847	11:54:08.95	0.0365	20.51980	22.32	45.98	1.2	0.999306	19.8080	1.24736	773.88	0.96531	3.28	0
1848	11:54:09.25	0.0365	20.51987	22.32	45.98	1.2	0.999306	19.8071	1.24736	773.86	0.96527	3.28	0
1849	11:54:09.55	0.0360	20.51994	22.32	45.98	1.2	0.999312	19.8073	1.24736	773.86	0.96527	3.28	0
1850	11:54:09.85	0.0370	20.51966	22.32	45.98	1.2	0.999300	19.8066	1.24736	773.84	0.96525	3.28	0
1851	11:54:10.15	0.0370	20.51959	22.32	45.98	1.2	0.999294	19.8066	1.24736	773.84	0.96525	3.28	0
1852	11:54:10.45	0.0380	20.51917	22.32	45.98	1.2	0.999276	19.8074	1.24740	773.86	0.96531	3.28	0
1853	11:54:10.75	0.0360	20.51994	22.32	45.98	1.2	0.999312	19.8071	1.24736	773.86	0.96526	3.28	0
1854	11:54:11.05	0.0365	20.51987	22.32	45.98	1.2	0.999312	19.8075	1.24736	773.86	0.96529	3.28	0
1855	11:54:11.35	0.0380	20.51917	22.32	45.98	1.2	0.999276	19.8068	1.24736	773.86	0.96528	3.28	0
1856	11:54:11.65	0.0355	20.52022	22.32	45.98	1.2	0.999330	19.8071	1.24736	773.84	0.96525	3.28	0
1857	11:54:11.95	0.0360	20.51994	22.32	45.98	1.2	0.999312	19.8070	1.24732	773.86	0.96526	3.28	0
1858	11:54:12.25	0.0370	20.51952	22.32	45.98	1.2	0.999294	19.8078	1.24740	773.88	0.96532	3.28	0
1859	11:54:12.55	0.0370	20.51966	22.32	45.98	1.2	0.999300	19.8068	1.24736	773.84	0.96526	3.28	0
1860	11:54:12.85	0.0390	20.51889	22.32	45.98	1.2	0.999264	19.8066	1.24740	773.86	0.96529	3.28	0
1861	11:54:13.15	0.0370	20.51952	22.32	45.98	1.2	0.999294	19.8073	1.24736	773.88	0.96529	3.28	0
1862	11:54:13.45	0.0390	20.51889	22.32	45.98	1.2	0.999264	19.8071	1.24740	773.86	0.96532	3.28	0
1863	11:54:13.75	0.0365	20.51973	22.32	45.98	1.2	0.999306	19.8073	1.24736	773.86	0.96529	3.28	0
1864	11:54:14.05	0.0355	20.52022	22.32	45.98	1.2	0.999330	19.8075	1.24736	773.86	0.96527	3.28	0
1865	11:54:14.35	0.0365	20.51973	22.32	45.98	1.2	0.999300	19.8067	1.24736	773.84	0.96526	3.28	0
1866	11:54:14.65	0.0375	20.51924	22.33	45.98	1.2	0.999282	19.8068	1.24736	773.86	0.96529	3.28	0
1867	11:54:14.95	0.0365	20.51959	22.33	45.98	1.2	0.999300	19.8071	1.24736	773.86	0.96527	3.28	0
1868	11:54:15.25	0.0380	20.51924	22.32	45.98	1.2	0.999282	19.8075	1.24736	773.88	0.96531	3.28	0
1869	11:54:15.55	0.0355	20.52022	22.32	45.98	1.2	0.999330	19.8070	1.24732	773.84	0.96524	3.28	0
1870	11:54:15.85	0.0360	20.51987	22.32	45.98	1.2	0.999312	19.8075	1.24736	773.86	0.96529	3.28	0
1871	11:54:16.15	0.0380	20.51910	22.32	45.98	1.2	0.999276	19.8075	1.24740	773.88	0.96532	3.28	0
1872	11:54:16.45	0.0360	20.51994	22.33	45.98	1.2	0.999318	19.8075	1.24736	773.86	0.96528	3.28	0
1873	11:54:16.75	0.0385	20.51896	22.33	45.98	1.2	0.999270	19.8075	1.24740	773.88	0.96533	3.28	0
1874	11:54:17.05	0.0380	20.51924	22.32	45.98	1.2	0.999282	19.8076	1.24740	773.88	0.96532	3.28	0
1875	11:54:17.35	0.0385	20.51889	22.32	45.98	1.2	0.999264	19.8070	1.24736	773.86	0.96530	3.28	0
1876	11:54:17.65	0.0360	20.51987	22.33	45.98	1.2	0.999312	19.8069	1.24736	773.84	0.96526	3.28	0
1877	11:54:17.95	0.0375	20.51938	22.33	45.98	1.2	0.999288	19.8069	1.24736	773.86	0.96528	3.28	0
1878	11:54:18.25	0.0365	20.51980	22.32	45.98	1.2	0.999306	19.8068	1.24736	773.84	0.96526	3.28	0
1879	11:54:18.55	0.0375	20.51938	22.32	45.98	1.2	0.999288	19.8072	1.24736	773.86	0.96529	3.28	0
1880	11:54:18.85	0.0365	20.51966	22.33	45.98	1.2	0.999306	19.8066	1.24732	773.84	0.96525	3.28	0
1881	11:54:19.15	0.0355	20.52001	22.33	45.98	1.2	0.999324	19.8071	1.24736	773.84	0.96526	3.28	0
1882	11:54:19.45	0.0385	20.51889	22.33	45.98	1.2	0.999264	19.8067	1.24736	773.86	0.96529	3.28	0
1883	11:54:19.75	0.0380	20.51917	22.33	45.98	1.2	0.999282	19.8073	1.24740	773.86	0.96531	3.28	0
1884	11:54:20.05	0.0375	20.51917	22.33	45.98	1.2	0.999282	19.8075	1.24736	773.88	0.96532	3.28	0
1885	11:54:20.35	0.0360	20.51994	22.33	45.98	1.2	0.999318	19.8076	1.24736	773.86	0.96529	3.28	0
1886	11:54:20.65	0.0360	20.52008	22.32	45.98	1.2	0.999318	19.8070	1.24736	773.84	0.96525	3.28	0
1887	11:54:20.95	0.0365	20.51973	22.32	45.98	1.2	0.999300	19.8082	1.24740	773.88	0.96533	3.28	0
1888	11:54:21.25	0.0370	20.51959	22.33	45.98	1.2	0.999300	19.8072	1.24736	773.86	0.96529	3.28	0
1889	11:54:21.55	0.0360	20.51980	22.33	45.98	1.2	0.999312	19.8075	1.24736	773.86	0.96529	3.28	0
1890	11:54:21.85	0.0375	20.51938	22.32	45.98	1.2	0.999288	19.8068	1.24736	773.86	0.96528	3.28	0
1891	11:54:22.15	0.0380	20.51917	22.32	45.98	1.2	0.999276	19.8075	1.24740	773.88	0.96532	3.28	0
1892	11:54:22.45	0.0365	20.51973	22.32	45.98	1.2	0.999306	19.8078	1.24736	773.88	0.96530	3.28	0
1893	11:54:22.75	0.0395	20.51847	22.32	45.98	1.2	0.999246	19.8077	1.24740	773.90	0.96536	3.28	0
1894	11:54:23.05	0.0365	20.51980	22.32	45.98	1.2	0.999306	19.8078	1.24736	773.86	0.96530	3.28	0
1895	11:54:23.35	0.0370	20.51966	22.32	45.98	1.2	0.999300	19.8070	1.24736	773.86	0.96527	3.28	0
1896	11:54:23.65	0.0370	20.51959	22.32	45.98	1.2	0.999294	19.8075	1.24736	773.86	0.96530	3.28	0
1897	11:54:23.95	0.0385	20.51889	22.32	45.98	1.2	0.999264	19.8082	1.24740	773.90	0.96536	3.28	0
1898	11:54:24.25	0.0375	20.51931	22.33	45.98	1.2	0.999288	19.8069	1.24736	773.86	0.96528	3.28	0
1899	11:54:24.55	0.0365	20.51959	22.33	45.98	1.2	0.999300	19.8073	1.24736	773.86	0.96529	3.28	0
1900	11:54:24.85	0.0380	20.51910	22.33	45.98	1.2	0.999282	19.8071	1.24736	773.86	0.96530	3.28	0
1901	11:54:25.15	0.0380	20.51903	22.33	45.98	1.2	0.999276	19.8067	1.24736	773.86	0.96529	3.28	0
1902	11:54:25.45	0.0375	20.51931	22.33	45.98	1.2	0.999288	19.8068	1.24736	773.86	0.96528	3.28	0
1903	11:54:25.75	0.0370	20.51938	22.33	45.98	1.2	0.999294	19.8078	1.24740	773.88	0.96532	3.28	0
1904	11:54:26.05	0.0350	20.52022	22.33	45.98	1.2	0.999330	19.8077	1.24736	773.86	0.96527	3.28	0
1905	11:54:26.35	0.0390	20.51875	22.33	45.98	1.2	0.999258	19.8069	1.24736	773.88	0.96531	3.28	0
1906	11:54:26.65	0.0365	20.51966	22.33	45.98	1.2	0.999306	19.8074	1.24736	773.86	0.96529	3.28	0
1907	11:54:26.95	0.0350	20.52022	22.33	45.98	1.2	0.999330	19.8075	1.24736	773.86	0.96527	3.28	0
1908	11:54:27.25	0.0380	20.51903	22.33	45.98	1.2	0.999270	19.8078	1.24740	773.88	0.96534	3.28	0
1909	11:54:27.55	0.0380	20.51910	22.33	45.98	1.2	0.999276	19.8082	1.24740	773.88	0.96536	3.28	0
1910	11:54:27.85	0.0360	20.51987	22.33	45.98	1.2	0.999312	19.8084	1.24740	773.88	0.96533	3.28	0
1911	11:54:28.15	0.0355	20.52015	22.33	45.98	1.2	0.999330	19.8075	1.24736	773.86	0.96527	3.28	0
1912	11:54:28.45	0.0370	20.51945	22.33	45.98	1.2	0.999294	19.8076	1.24740	773.88	0.96531	3.28	0
1913	11:54:28.75	0.0360	20.51980	22.33	45.98	1.2	0.999312	19.8073	1.24736	773.86	0.96527	3.28	0
1914	11:54:29.05	0.0355	20.52008	22.33	45.98	1.2	0.999324	19.8076	1.24736	773.86	0.96528	3.28	0
1915	11:54:29.35	0.0385	20.51896	22.33	45.98	1.2	0.999270	19.8070	1.24736	773.86	0.96530	3.28	0
1916	11:54:29.65	0.0370	20.51945	22.33	45.98	1.2	0.999294	19.8072	1.24736	773.86	0.96529	3.28	0
1917	11:54:29.95	0.0345	20.52050	22.33	45.98	1.2	0.999342	19.8080	1.24736	773.86	0.96528	3.28	0
1918	11:54:30.25	0.0390	20.51875	22.33	45.98	1.2	0.999258	19.8069	1.24736	773.88	0.96531	3.28	0
1919	11:54:30.55	0.0375	20.51924	22.33	45.98	1.2	0.999288	19.8073	1.24736	773.88	0.96530	3.28	0
1920	11:54:30.85	0.0360	20.51966	22.34	45.98	1.2	0.999312	19.8073	1.24736	773.86	0.96529	3.28	0
1921	11:54:31.15	0.0365	20.51966	22.34	45.98	1.2	0.999306	19.8075	1.24736	773.88	0.96529	3.28	0
1922	11:54:31.45	0.0375	20.51938	22.33	45.98	1.2	0.999288	19.8068	1.24736	773.86	0.96527	3.28	0
1923	11:54:31.75	0.0380	20.51910	22.33	45.98	1.2	0.999276	19.8070	1.24736	773.88	0.96530	3.28	0
1924	11:54:32.05	0.0360	20.51994	22.33	45.98	1.2	0.999318	19.8076	1.24736	773.86	0.96529	3.28	0
1925	11:54:32.35	0.0370	20.51952	22.33	45.98	1.2	0.999300	19.8076	1.24740	773.86	0.96531	3.28	0
1926	11:54:32.65	0.0360	20.51987	22.33	45.98	1.2	0.999312	19.8077	1.24736	773.86	0.96529	3.28	0
1927	11:54:32.95	0.0360	20.51994	22.33	45.98	1.2	0.999318	19.8076	1.24736	773.86	0.96529	3.28	0
1928	11:54:33.25	0.0390	20.51882	22.33	45.98	1.2	0.999264	19.8069	1.24736	773.86	0.96531	3.28	0
1929	11:54:33.55	0.0370	20.51952	22.33	45.98	1.2	0.999300	19.8071	1.24736	773.86	0.96528	3.28	0
1930	11:54:33.85	0.0365	20.51973	22.33	45.98	1.2	0.999312	19.8068	1.24732	773.86	0.96526	3.28	0
1931	11:54:34.15	0.0375	20.51924	22.33	45.98	1.2	0.999282	19.8071	1.24736	773.88	0.96530	3.28	0
1932	11:54:34.45	0.0355	20.52001	22.33	45.98	1.2	0.999324	19.8077	1.24736	773.86	0.96529	3.28	0
1933	11:54:34.75	0.0370	20.51952	22.33	45.98	1.2	0.999294	19.8075	1.24736	773.86	0.96530	3.28	0
1934	11:54:35.05	0.0375	20.51924	22.33	45.98	1.2	0.999282	19.8077	1.24740	773.88	0.96532	3.28	0
1935	11:54:35.35	0.0360	20.51980	22.33	45.98	1.2	0.999312	19.8084	1.24736	773.88	0.96533	3.28	0
1936	11:54:35.65	0.0375	20.51931	22.32	45.98	1.2	0.999282	19.8071	1.24736	773.86	0.96529	3.28	0
1937	11:54:35.95	0.0375	20.51938	22.32	45.98	1.2	0.999288	19.8075	1.24736	773.88	0.96531	3.28	0
1938	11:54:36.25	0.0365	20.51966	22.33	45.98	1.2	0.999306	19.8076	1.24736	773.86	0.96530	3.28	0
1939	11:54:36.55	0.0380	20.51903	22.33	45.98	1.2	0.999276	19.8072	1.24740	773.86	0.96530	3.28	0
1940	11:54:36.85	0.0355	20.52008	22.33	45.98	1.2	0.999324	19.8080	1.24736	773.86	0.96530	3.28	0
1941	11:54:37.15	0.0360	20.51987	22.33	45.98	1.2	0.999312	19.8079	1.24736	773.86	0.96530	3.28	0
1942	11:54:37.45	0.0355	20.52001	22.33	45.98	1.2	0.999318	19.8080	1.24736	773.88	0.96530	3.28	0
1943	11:54:37.75	0.0395	20.51854	22.33	45.98	1.2	0.999252	19.8066	1.24736	773.88	0.96530	3.28	0
1944	11:54:38.05	0.0380	20.51903	22.33	45.98	1.2	0.999276	19.8073	1.24736	773.88	0.96532	3.28	0
1945	11:54:38.35	0.0360	20.51987	22.33	45.98	1.2	0.999318	19.8076	1.24736	773.86	0.96529	3.28	0
1946	11:54:38.65	0.0375	20.51931	22.33	45.98	1.2	0.999288	19.8076	1.24736	773.88	0.96532	3.28	0
1947	11:54:38.95	0.0375	20.51931	22.33	45.98	1.2	0.999288	19.8072	1.24736	773.86	0.96530	3.28	0
1948	11:54:39.25	0.0370	20.51952	22.33	45.98	1.2	0.999294	19.8075	1.24736	773.88	0.96530	3.28	0
1949	11:54:39.55	0.0375	20.51931	22.33	45.98	1.2	0.999288	19.8077	1.24740	773.88	0.96532	3.28	0
1950	11:54:39.85	0.0375	20.51931	22.33	45.98	1.2	0.999288	19.8077	1.24740	773.88	0.96532	3.28	0
1951	11:54:40.15	0.0370	20.51959	22.33	45.98	1.2	0.999300	19.8080	1.24740	773.88	0.96532	3.28	0
1952	11:54:40.45	0.0360	20.51987	22.33	45.98	1.2	0.999312	19.8075	1.24736	773.86	0.96529	3.28	0
1953	11:54:40.75	0.0360	20.51987	22.33	45.98	1.2	0.999312	19.8073	1.24736	773.86	0.96528	3.28	0
1954	11:54:41.05	0.0360	20.52001	22.32	45.98	1.2	0.999318	19.8079	1.24736	773.86	0.96530	3.28	0
1955	11:54:41.35	0.0375	20.51931	22.32	45.98	1.2	0.999282	19.8068	1.24736	773.86	0.96528	3.28	0
1956	11:54:41.65	0.0365	20.51966	22.33	45.98	1.2	0.999306	19.8069	1.24736	773.86	0.96526	3.28	0
1957	11:54:41.95	0.0365	20.51959	22.33	45.98	1.2	0.999300	19.8068	1.24732	773.86	0.96526	3.28	0
1958	11:54:42.25	0.0355	20.52022	22.32	45.98	1.2	0.999324	19.8067	1.24732	773.84	0.96523	3.28	0
1959	11:54:42.55	0.0370	20.51966	22.32	45.98	1.2	0.999300	19.8071	1.24736	773.86	0.96527	3.28	0
1960	11:54:42.85	0.0375	20.51931	22.33	45.98	1.2	0.999288	19.8070	1.24736	773.86	0.96529	3.28	0
1961	11:54:43.15	0.0370	20.51945	22.33	45.98	1.2	0.999294	19.8071	1.24736	773.86	0.96529	3.28	0
1962	11:54:43.45	0.0365	20.51959	22.33	45.98	1.2	0.999300	19.8073	1.24736	773.86	0.96529	3.28	0
1963	11:54:43.75	0.0375	20.51931	22.33	45.98	1.2	0.999288	19.8068	1.24736	773.86	0.96527	3.28	0
1964	11:54:44.05	0.0370	20.51952	22.33	45.98	1.2	0.999300	19.8070	1.24736	773.86	0.96527	3.28	0
1965	11:54:44.35	0.0390	20.51875	22.33	45.98	1.2	0.999258	19.8068	1.24736	773.88	0.96530	3.28	0
1966	11:54:44.65	0.0375	20.51924	22.33	45.98	1.2	0.999282	19.8066	1.24736	773.86	0.96527	3.28	0
1967	11:54:44.95	0.0370	20.51945	22.33	45.98	1.2	0.999294	19.8071	1.24736	773.86	0.96529	3.28	0
1968	11:54:45.25	0.0355	20.52008	22.33	45.98	1.2	0.999324	19.8075	1.24736	773.86	0.96527	3.28	0
1969	11:54:45.55	0.0385	20.51889	22.33	45.98	1.2	0.999270	19.8070	1.24736	773.88	0.96530	3.28	0
1970	11:54:45.85	0.0360	20.51987	22.33	45.98	1.2	0.999312	19.8073	1.24736	773.86	0.96527	3.28	0
1971	11:54:46.15	0.0370	20.51952	22.33	45.98	1.2	0.999294	19.8078	1.24736	773.88	0.96531	3.28	0
1972	11:54:46.45	0.0360	20.51987	22.33	45.98	1.2	0.999312	19.8072	1.24736	773.86	0.96527	3.28	0
1973	11:54:46.75	0.0375	20.51931	22.33	45.98	1.2	0.999288	19.8069	1.24736	773.86	0.96528	3.28	0
1974	11:54:47.05	0.0390	20.51868	22.33	45.98	1.2	0.999258	19.8066	1.24736	773.86	0.96530	3.28	0
1975	11:54:47.35	0.0365	20.51966	22.33	45.98	1.2	0.999306	19.8077	1.24736	773.86	0.96530	3.28	0
1976	11:54:47.65	0.0360	20.51994	22.33	45.98	1.2	0.999318	19.8075	1.24736	773.86	0.96528	3.28	0
1977	11:54:47.95	0.0375	20.51931	22.33	45.98	1.2	0.999288	19.8069	1.24736	773.86	0.96528	3.28	0
1978	11:54:48.25	0.0355	20.52008	22.33	45.98	1.2	0.999324	19.8071	1.24736	773.86	0.96526	3.28	0
1979	11:54:48.55	0.0365	20.51966	22.33	45.98	1.2	0.999306	19.8069	1.24736	773.86	0.96527	3.28	0
1980	11:54:48.85	0.0365	20.51973	22.33	45.98	1.2	0.999306	19.8072	1.24736	773.86	0.96527	3.28	0
1981	11:54:49.15	0.0365	20.51973	22.33	45.98	1.2	0.999306	19.8074	1.24736	773.86	0.96529	3.28	0
1982	11:54:49.45	0.0360	20.51980	22.33	45.98	1.2	0.999312	19.8075	1.24736	773.86	0.96529	3.28	0
1983	11:54:49.75	0.0360	20.51994	22.33	45.98	1.2	0.999318	19.8065	1.24732	773.84	0.96523	3.28	0
1984	11:54:50.05	0.0375	20.51938	22.33	45.98	1.2	0.999288	19.8072	1.24736	773.88	0.96529	3.28	0
1985	11:54:50.35	0.0345	20.52043	22.33	45.98	1.2	0.999342	19.8075	1.24736	773.84	0.96526	3.28	0
1986	11:54:50.65	0.0365	20.51966	22.33	45.98	1.2	0.999306	19.8074	1.24736	773.86	0.96529	3.28	0
1987	11:54:50.95	0.0375	20.51924	22.33	45.98	1.2	0.999282	19.8073	1.24736	773.88	0.96531	3.28	0
1988	11:54:51.25	0.0370	20.51945	22.33	45.98	1.2	0.999294	19.8072	1.24736	773.86	0.96529	3.28	0
1989	11:54:51.55	0.0360	20.51994	22.33	45.98	1.2	0.999318	19.8075	1.24736	773.86	0.96528	3.28	0
1990	11:54:51.85	0.0365	20.51973	22.33	45.98	1.2	0.999306	19.8077	1.24736	773.86	0.96530	3.28	0
1991	11:54:52.15	0.0360	20.51987	22.33	45.98	1.2	0.999312	19.8072	1.24732	773.86	0.96527	3.28	0
1992	11:54:52.45	0.0360	20.51987	22.33	45.98	1.2	0.999318	19.8069	1.24736	773.84	0.96526	3.28	0
1993	11:54:52.75	0.0370	20.51945	22.33	45.98	1.2	0.999294	19.8064	1.24732	773.86	0.96525	3.28	0
1994	11:54:53.05	0.0385	20.51896	22.33	45.98	1.2	0.999270	19.8066	1.24736	773.86	0.96529	3.28	0
1995	11:54:53.35	0.0380	20.51910	22.33	45.98	1.2	0.999276	19.8071	1.24736	773.86	0.96530	3.28	0
1996	11:54:53.65	0.0355	20.52015	22.33	45.98	1.2	0.999330	19.8069	1.24732	773.84	0.96524	3.28	0
1997	11:54:53.95	0.0385	20.51882	22.33	45.98	1.2	0.999264	19.8065	1.24736	773.86	0.96529	3.28	0
1998	11:54:54.25	0.0355	20.52008	22.33	45.98	1.2	0.999324	19.8061	1.24728	773.84	0.96520	3.28	0
1999	11:54:54.55	0.0365	20.51959	22.33	45.98	1.2	0.999300	19.8068	1.24736	773.86	0.96527	3.28	0
2000	11:54:54.85	0.0355	20.52015	22.33	45.98	1.2	0.999330	19.8071	1.24732	773.86	0.96525	3.28	0
2001	11:54:55.15	0.0375	20.51931	22.33	45.98	1.2	0.999288	19.8065	1.24736	773.86	0.96526	3.28	0
2002	11:54:55.45	0.0375	20.51931	22.33	45.98	1.2	0.999288	19.8074	1.24740	773.86	0.96530	3.28	0
2003	11:54:55.75	0.0380	20.51903	22.33	45.98	1.2	0.999276	19.8078	1.24740	773.88	0.96533	3.28	0
2004	11:54:56.05	0.0370	20.51938	22.33	45.98	1.2	0.999294	19.8073	1.24736	773.88	0.96530	3.28	0
2005	11:54:56.35	0.0370	20.51952	22.33	45.98	1.2	0.999300	19.8068	1.24736	773.86	0.96526	3.28	0
2006	11:54:56.65	0.0370	20.51959	22.33	45.98	1.2	0.999300	19.8075	1.24736	773.86	0.96530	3.28	0
2007	11:54:56.95	0.0350	20.52015	22.33	45.98	1.2	0.999330	19.8073	1.24732	773.86	0.96526	3.28	0
2008	11:54:57.25	0.0365	20.51966	22.33	45.98	1.2	0.999300	19.8072	1.24736	773.86	0.96528	3.28	0
2009	11:54:57.55	0.0365	20.51966	22.33	45.98	1.2	0.999306	19.8073	1.24736	773.86	0.96529	3.28	0
2010	11:54:57.85	0.0365	20.51973	22.33	45.98	1.2	0.999306	19.8076	1.24736	773.86	0.96530	3.28	0
2011	11:54:58.15	0.0370	20.51952	22.33	45.98	1.2	0.999300	19.8076	1.24736	773.88	0.96530	3.28	0
2012	11:54:58.45	0.0350	20.52022	22.33	45.98	1.2	0.999330	19.8071	1.24732	773.86	0.96525	3.28	0
2013	11:54:58.75	0.0365	20.51973	22.33	45.98	1.2	0.999312	19.8070	1.24736	773.84	0.96526	3.28	0
2014	11:54:59.05	0.0380	20.51903	22.33	45.98	1.2	0.999276	19.8075	1.24736	773.88	0.96532	3.28	0
2015	11:54:59.35	0.0355	20.52008	22.33	45.98	1.2	0.999324	19.8075	1.24736	773.86	0.96528	3.28	0
2016	11:54:59.65	0.0355	20.52001	22.33	45.98	1.2	0.999324	19.8070	1.24732	773.86	0.96525	3.28	0
2017	11:54:59.95	0.0375	20.51931	22.33	45.98	1.2	0.999288	19.8073	1.24736	773.88	0.96530	3.28	0
2018	11:55:00.25	0.0365	20.51973	22.33	45.98	1.2	0.999306	19.8066	1.24732	773.86	0.96525	3.28	0
2019	11:55:00.55	0.0370	20.51945	22.33	45.98	1.2	0.999294	19.8068	1.24736	773.86	0.96527	3.28	0
2020	11:55:00.85	0.0345	20.52050	22.33	45.98	1.2	0.999342	19.8066	1.24732	773.84	0.96521	3.28	0
2021	11:55:01.15	0.0375	20.51924	22.33	45.98	1.2	0.999282	19.8071	1.24736	773.86	0.96529	3.28	0
2022	11:55:01.45	0.0370	20.51959	22.33	45.98	1.2	0.999300	19.8070	1.24732	773.86	0.96527	3.28	0
2023	11:55:01.75	0.0370	20.51945	22.33	45.98	1.2	0.999294	19.8073	1.24736	773.86	0.96529	3.28	0
2024	11:55:02.05	0.0345	20.52029	22.34	45.98	1.2	0.999342	19.8072	1.24732	773.84	0.96524	3.28	0
2025	11:55:02.35	0.0370	20.51945	22.34	45.98	1.2	0.999300	19.8073	1.24736	773.88	0.96529	3.28	0
2026	11:55:02.65	0.0375	20.51924	22.34	45.98	1.2	0.999288	19.8075	1.24740	773.88	0.96531	3.28	0
2027	11:55:02.95	0.0370	20.51945	22.34	45.98	1.2	0.999300	19.8070	1.24736	773.86	0.96528	3.28	0
2028	11:55:03.25	0.0370	20.51952	22.33	45.98	1.2	0.999300	19.8071	1.24736	773.88	0.96529	3.28	0
2029	11:55:03.55	0.0370	20.51938	22.33	45.98	1.2	0.999294	19.8065	1.24736	773.86	0.96526	3.28	0
2030	11:55:03.85	0.0375	20.51910	22.34	45.98	1.2	0.999282	19.8071	1.24736	773.88	0.96530	3.28	0
2031	11:55:04.15	0.0365	20.51966	22.34	45.98	1.2	0.999312	19.8073	1.24736	773.86	0.96529	3.28	0
2032	11:55:04.45	0.0360	20.51980	22.34	45.98	1.2	0.999318	19.8068	1.24732	773.86	0.96526	3.28	0
2033	11:55:04.75	0.0365	20.51959	22.34	45.98	1.2	0.999306	19.8068	1.24736	773.86	0.96527	3.28	0
2034	11:55:05.05	0.0355	20.52001	22.33	45.98	1.2	0.999324	19.8071	1.24732	773.86	0.96526	3.28	0
2035	11:55:05.35	0.0360	20.51987	22.33	45.98	1.2	0.999318	19.8075	1.24736	773.86	0.96528	3.28	0
2036	11:55:05.65	0.0350	20.52015	22.33	45.98	1.2	0.999330	19.8074	1.24736	773.86	0.96526	3.28	0
2037	11:55:05.95	0.0370	20.51952	22.33	45.98	1.2	0.999300	19.8061	1.24732	773.84	0.96523	3.28	0
2038	11:55:06.25	0.0360	20.51980	22.34	45.98	1.2	0.999318	19.8063	1.24732	773.84	0.96523	3.28	0
2039	11:55:06.55	0.0370	20.51952	22.34	45.98	1.2	0.999300	19.8068	1.24736	773.86	0.96527	3.28	0
2040	11:55:06.85	0.0355	20.52008	22.34	45.98	1.2	0.999330	19.8072	1.24732	773.86	0.96526	3.28	0
2041	11:55:07.15	0.0355	20.51994	22.34	45.98	1.2	0.999324	19.8073	1.24736	773.86	0.96527	3.28	0
2042	11:55:07.45	0.0345	20.52036	22.34	45.98	1.2	0.999342	19.8073	1.24732	773.86	0.96525	3.28	0
2043	11:55:07.75	0.0365	20.51966	22.34	45.98	1.2	0.999312	19.8072	1.24736	773.86	0.96528	3.28	0
2044	11:55:08.05	0.0360	20.51994	22.33	45.98	1.2	0.999318	19.8073	1.24732	773.86	0.96527	3.28	0
2045	11:55:08.35	0.0370	20.51938	22.33	45.98	1.2	0.999294	19.8078	1.24736	773.88	0.96532	3.28	0
2046	11:55:08.65	0.0360	20.51973	22.34	45.98	1.2	0.999312	19.8071	1.24736	773.86	0.96527	3.28	0
2047	11:55:08.95	0.0370	20.51931	22.34	45.98	1.2	0.999294	19.8073	1.24736	773.88	0.96530	3.28	0
2048	11:55:09.25	0.0375	20.51924	22.34	45.98	1.2	0.999288	19.8075	1.24736	773.88	0.96532	3.28	0
2049	11:55:09.55	0.0370	20.51938	22.34	45.98	1.2	0.999294	19.8078	1.24740	773.88	0.96532	3.28	0
2050	11:55:09.85	0.0355	20.51987	22.34	45.98	1.2	0.999318	19.8076	1.24736	773.86	0.96529	3.28	0
2051	11:55:10.15	0.0355	20.52001	22.34	45.98	1.2	0.999324	19.8074	1.24732	773.86	0.96527	3.28	0
2052	11:55:10.45	0.0365	20.51966	22.34	45.98	1.2	0.999306	19.8077	1.24736	773.88	0.96530	3.28	0
2053	11:55:10.75	0.0370	20.51938	22.34	45.98	1.2	0.999294	19.8077	1.24736	773.88	0.96532	3.28	0
2054	11:55:11.05	0.0365	20.51952	22.34	45.98	1.2	0.999300	19.8074	1.24736	773.88	0.96530	3.28	0
2055	11:55:11.35	0.0385	20.51889	22.34	45.98	1.2	0.999270	19.8076	1.24740	773.88	0.96533	3.28	0
2056	11:55:11.65	0.0370	20.51938	22.34	45.98	1.2	0.999294	19.8075	1.24736	773.88	0.96531	3.28	0
2057	11:55:11.95	0.0370	20.51931	22.34	45.98	1.2	0.999294	19.8069	1.24736	773.86	0.96529	3.28	0
2058	11:55:12.25	0.0375	20.51917	22.34	45.98	1.2	0.999282	19.8067	1.24736	773.86	0.96528	3.28	0
2059	11:55:12.55	0.0370	20.51945	22.34	45.98	1.2	0.999300	19.8069	1.24736	773.86	0.96527	3.28	0
2060	11:55:12.85	0.0365	20.51966	22.34	45.98	1.2	0.999306	19.8075	1.24736	773.88	0.96529	3.28	0
2061	11:55:13.15	0.0370	20.51945	22.34	45.98	1.2	0.999300	19.8067	1.24732	773.86	0.96526	3.28	0
2062	11:55:13.45	0.0350	20.52015	22.34	45.98	1.2	0.999336	19.8075	1.24736	773.86	0.96527	3.28	0
2063	11:55:13.75	0.0365	20.51959	22.34	45.98	1.2	0.999306	19.8075	1.24736	773.88	0.96529	3.28	0
2064	11:55:14.05	0.0385	20.51875	22.34	45.98	1.2	0.999264	19.8068	1.24736	773.86	0.96530	3.28	0
2065	11:55:14.35	0.0345	20.52029	22.34	45.98	1.2	0.999342	19.8077	1.24736	773.86	0.96527	3.28	0
2066	11:55:14.65	0.0360	20.51973	22.34	45.98	1.2	0.999312	19.8080	1.24736	773.88	0.96531	3.28	0
2067	11:55:14.95	0.0370	20.51945	22.34	45.98	1.2	0.999300	19.8066	1.24736	773.86	0.96526	3.28	0
2068	11:55:15.25	0.0365	20.51959	22.34	45.98	1.2	0.999306	19.8074	1.24736	773.86	0.96529	3.28	0
2069	11:55:15.55	0.0355	20.52001	22.34	45.98	1.2	0.999324	19.8073	1.24736	773.86	0.96527	3.28	0
2070	11:55:15.85	0.0365	20.51952	22.34	45.98	1.2	0.999300	19.8079	1.24736	773.88	0.96532	3.28	0
2071	11:55:16.15	0.0370	20.51931	22.34	45.98	1.2	0.999294	19.8081	1.24740	773.88	0.96534	3.28	0
2072	11:55:16.45	0.0350	20.52022	22.34	45.98	1.2	0.999336	19.8080	1.24736	773.88	0.96529	3.28	0
2073	11:55:16.75	0.0350	20.52015	22.34	45.98	1.2	0.999336	19.8082	1.24736	773.88	0.96531	3.28	0
2074	11:55:17.05	0.0350	20.52008	22.34	45.98	1.2	0.999330	19.8082	1.24736	773.88	0.96531	3.28	0
2075	11:55:17.35	0.0360	20.51973	22.34	45.98	1.2	0.999312	19.8081	1.24736	773.88	0.96532	3.28	0
2076	11:55:17.65	0.0360	20.51973	22.34	45.98	1.2	0.999312	19.8073	1.24736	773.86	0.96528	3.28	0
2077	11:55:17.95	0.0370	20.51945	22.34	45.98	1.2	0.999300	19.8066	1.24732	773.86	0.96526	3.28	0
2078	11:55:18.25	0.0370	20.51945	22.34	45.98	1.2	0.999300	19.8073	1.24736	773.88	0.96529	3.28	0
2079	11:55:18.55	0.0385	20.51889	22.34	45.98	1.2	0.999270	19.8075	1.24736	773.88	0.96533	3.28	0
2080	11:55:18.85	0.0370	20.51931	22.34	45.98	1.2	0.999294	19.8075	1.24736	773.88	0.96530	3.28	0
2081	11:55:19.15	0.0365	20.51952	22.34	45.98	1.2	0.999300	19.8080	1.24736	773.88	0.96532	3.28	0
2082	11:55:19.45	0.0365	20.51959	22.34	45.98	1.2	0.999306	19.8076	1.24736	773.88	0.96530	3.28	0
2083	11:55:19.75	0.0365	20.51952	22.34	45.98	1.2	0.999300	19.8073	1.24736	773.86	0.96530	3.28	0
2084	11:55:20.05	0.0365	20.51959	22.34	45.98	1.2	0.999306	19.8075	1.24736	773.88	0.96530	3.28	0
2085	11:55:20.35	0.0360	20.51980	22.34	45.98	1.2	0.999318	19.8079	1.24736	773.88	0.96530	3.28	0
2086	11:55:20.65	0.0380	20.51910	22.34	45.98	1.2	0.999282	19.8071	1.24736	773.88	0.96530	3.28	0
2087	11:55:20.95	0.0365	20.51952	22.34	45.98	1.2	0.999300	19.8075	1.24736	773.88	0.96530	3.28	0
2088	11:55:21.25	0.0360	20.51966	22.34	45.98	1.2	0.999312	19.8075	1.24736	773.86	0.96530	3.28	0
2089	11:55:21.55	0.0375	20.51917	22.34	45.98	1.2	0.999288	19.8073	1.24736	773.86	0.96530	3.28	0
2090	11:55:21.85	0.0360	20.51980	22.34	45.98	1.2	0.999318	19.8078	1.24736	773.88	0.96530	3.28	0
2091	11:55:22.15	0.0370	20.51945	22.34	45.98	1.2	0.999300	19.8076	1.24736	773.88	0.96531	3.28	0
2092	11:55:22.45	0.0365	20.51952	22.35	45.98	1.2	0.999306	19.8071	1.24736	773.86	0.96528	3.28	0
2093	11:55:22.75	0.0375	20.51903	22.35	45.98	1.2	0.999282	19.8073	1.24736	773.88	0.96532	3.28	0
2094	11:55:23.05	0.0370	20.51938	22.35	45.98	1.2	0.999300	19.8080	1.24740	773.88	0.96533	3.28	0
2095	11:55:23.35	0.0360	20.51973	22.35	45.98	1.2	0.999318	19.8075	1.24736	773.88	0.96529	3.28	0
2096	11:55:23.65	0.0360	20.51966	22.35	45.98	1.2	0.999318	19.8078	1.24736	773.88	0.96530	3.28	0
2097	11:55:23.95	0.0365	20.51945	22.35	45.98	1.2	0.999306	19.8072	1.24736	773.86	0.96529	3.28	0
2098	11:55:24.25	0.0370	20.51945	22.34	45.98	1.2	0.999300	19.8079	1.24736	773.88	0.96532	3.28	0
2099	11:55:24.55	0.0360	20.51973	22.34	45.98	1.2	0.999312	19.8082	1.24736	773.88	0.96532	3.28	0
2100	11:55:24.85	0.0350	20.52015	22.34	45.98	1.2	0.999336	19.8077	1.24736	773.86	0.96528	3.28	0
2101	11:55:25.15	0.0355	20.51994	22.34	45.98	1.2	0.999324	19.8082	1.24736	773.88	0.96532	3.28	0
2102	11:55:25.45	0.0375	20.51917	22.35	45.98	1.2	0.999288	19.8080	1.24740	773.88	0.96535	3.28	0
2103	11:55:25.75	0.0360	20.51973	22.35	45.98	1.2	0.999318	19.8071	1.24736	773.86	0.96527	3.28	0
2104	11:55:26.05	0.0375	20.51924	22.34	45.98	1.2	0.999288	19.8078	1.24740	773.88	0.96533	3.28	0
2105	11:55:26.35	0.0375	20.51917	22.34	45.98	1.2	0.999282	19.8073	1.24736	773.88	0.96530	3.28	0
2106	11:55:26.65	0.0350	20.52001	22.35	45.98	1.2	0.999330	19.8078	1.24736	773.86	0.96529	3.28	0
2107	11:55:26.95	0.0345	20.52015	22.35	45.98	1.2	0.999336	19.8080	1.24736	773.86	0.96529	3.28	0
2108	11:55:27.25	0.0360	20.51980	22.34	45.98	1.2	0.999318	19.8080	1.24736	773.88	0.96531	3.28	0
2109	11:55:27.55	0.0365	20.51959	22.34	45.98	1.2	0.999306	19.8081	1.24736	773.88	0.96533	3.28	0
2110	11:55:27.85	0.0365	20.51952	22.35	45.98	1.2	0.999306	19.8077	1.24736	773.88	0.96531	3.28	0
2111	11:55:28.15	0.0360	20.51966	22.35	45.98	1.2	0.999312	19.8075	1.24736	773.88	0.96530	3.28	0
2112	11:55:28.45	0.0375	20.51917	22.34	45.98	1.2	0.999282	19.8078	1.24736	773.88	0.96533	3.28	0
2113	11:55:28.75	0.0380	20.51910	22.34	45.98	1.2	0.999282	19.8082	1.24740	773.90	0.96536	3.28	0
2114	11:55:29.05	0.0365	20.51952	22.34	45.98	1.2	0.999300	19.8084	1.24740	773.90	0.96535	3.28	0
2115	11:55:29.35	0.0375	20.51917	22.34	45.98	1.2	0.999288	19.8071	1.24736	773.88	0.96530	3.28	0
2116	11:55:29.65	0.0370	20.51938	22.35	45.98	1.2	0.999300	19.8072	1.24736	773.86	0.96529	3.28	0
2117	11:55:29.95	0.0365	20.51959	22.35	45.98	1.2	0.999306	19.8082	1.24740	773.88	0.96533	3.28	0
2118	11:55:30.25	0.0360	20.51966	22.35	45.98	1.2	0.999312	19.8080	1.24736	773.88	0.96532	3.28	0
2119	11:55:30.55	0.0365	20.51938	22.35	45.98	1.2	0.999300	19.8084	1.24740	773.90	0.96535	3.28	0
2120	11:55:30.85	0.0360	20.51959	22.35	45.98	1.2	0.999312	19.8076	1.24736	773.88	0.96530	3.28	0
2121	11:55:31.15	0.0390	20.51847	22.35	45.98	1.2	0.999258	19.8075	1.24740	773.90	0.96535	3.28	0
2122	11:55:31.45	0.0355	20.51980	22.35	45.98	1.2	0.999324	19.8075	1.24736	773.86	0.96529	3.28	0
2123	11:55:31.75	0.0375	20.51903	22.35	45.98	1.2	0.999282	19.8083	1.24740	773.90	0.96536	3.28	0
2124	11:55:32.05	0.0355	20.51980	22.35	45.98	1.2	0.999318	19.8092	1.24740	773.92	0.96537	3.28	0
2125	11:55:32.35	0.0365	20.51945	22.35	45.98	1.2	0.999300	19.8073	1.24736	773.86	0.96530	3.28	0
2126	11:55:32.65	0.0380	20.51896	22.35	45.98	1.2	0.999282	19.8074	1.24736	773.88	0.96532	3.28	0
2127	11:55:32.95	0.0380	20.51889	22.35	45.98	1.2	0.999276	19.8076	1.24736	773.90	0.96534	3.28	0
2128	11:55:33.25	0.0365	20.51959	22.35	45.98	1.2	0.999306	19.8080	1.24736	773.88	0.96532	3.28	0
2129	11:55:33.55	0.0375	20.51910	22.35	45.98	1.2	0.999288	19.8074	1.24736	773.88	0.96532	3.28	0
2130	11:55:33.85	0.0340	20.52043	22.35	45.98	1.2	0.999348	19.8085	1.24736	773.88	0.96531	3.28	0
2131	11:55:34.15	0.0350	20.52001	22.35	45.98	1.2	0.999330	19.8081	1.24736	773.88	0.96531	3.28	0
2132	11:55:34.45	0.0355	20.51987	22.35	45.98	1.2	0.999324	19.8085	1.24740	773.88	0.96533	3.28	0
2133	11:55:34.75	0.0370	20.51924	22.35	45.98	1.2	0.999294	19.8082	1.24740	773.90	0.96535	3.28	0
2134	11:55:35.04	0.0380	20.51889	22.35	45.98	1.2	0.999276	19.8084	1.24740	773.90	0.96537	3.28	0
2135	11:55:35.35	0.0360	20.51966	22.35	45.98	1.2	0.999318	19.8086	1.24740	773.88	0.96535	3.28	0
2136	11:55:35.65	0.0365	20.51945	22.35	45.98	1.2	0.999306	19.8076	1.24736	773.88	0.96531	3.28	0
2137	11:55:35.95	0.0365	20.51945	22.35	45.98	1.2	0.999300	19.8082	1.24740	773.90	0.96534	3.28	0
2138	11:55:36.25	0.0355	20.51987	22.35	45.98	1.2	0.999324	19.8085	1.24736	773.88	0.96533	3.28	0
2139	11:55:36.55	0.0365	20.51945	22.35	45.98	1.2	0.999306	19.8080	1.24740	773.88	0.96533	3.28	0
2140	11:55:36.84	0.0375	20.51917	22.35	45.98	1.2	0.999288	19.8082	1.24740	773.90	0.96536	3.28	0
2141	11:55:37.15	0.0360	20.51966	22.35	45.98	1.2	0.999312	19.8078	1.24736	773.88	0.96531	3.28	0
2142	11:55:37.45	0.0355	20.51987	22.35	45.98	1.2	0.999324	19.8085	1.24740	773.88	0.96533	3.28	0
2143	11:55:37.75	0.0350	20.52001	22.35	45.98	1.2	0.999330	19.8079	1.24736	773.88	0.96530	3.28	0
2144	11:55:38.05	0.0380	20.51896	22.35	45.98	1.2	0.999276	19.8074	1.24740	773.88	0.96532	3.28	0
2145	11:55:38.35	0.0385	20.51882	22.35	45.98	1.2	0.999270	19.8081	1.24740	773.90	0.96536	3.28	0
2146	11:55:38.65	0.0360	20.51959	22.35	45.98	1.2	0.999312	19.8078	1.24736	773.88	0.96532	3.28	0
2147	11:55:38.95	0.0380	20.51896	22.35	45.98	1.2	0.999276	19.8068	1.24736	773.88	0.96530	3.28	0
2148	11:55:39.25	0.0385	20.51889	22.34	45.98	1.2	0.999270	19.8072	1.24736	773.88	0.96532	3.28	0
2149	11:55:39.55	0.0365	20.51959	22.34	45.98	1.2	0.999306	19.8081	1.24736	773.88	0.96533	3.28	0
2150	11:55:39.85	0.0360	20.51973	22.35	45.98	1.2	0.999318	19.8083	1.24736	773.90	0.96533	3.28	0
2151	11:55:40.15	0.0390	20.51861	22.35	45.98	1.2	0.999264	19.8078	1.24740	773.90	0.96536	3.28	0
2152	11:55:40.45	0.0365	20.51945	22.35	45.98	1.2	0.999306	19.8074	1.24736	773.88	0.96530	3.28	0
2153	11:55:40.75	0.0375	20.51910	22.35	45.98	1.2	0.999288	19.8066	1.24732	773.88	0.96528	3.28	0
2154	11:55:41.04	0.0345	20.52022	22.35	45.98	1.2	0.999342	19.8071	1.24732	773.86	0.96525	3.28	0
2155	11:55:41.35	0.0355	20.51987	22.35	45.98	1.2	0.999324	19.8068	1.24732	773.86	0.96525	3.28	0
2156	11:55:41.64	0.0340	20.52043	22.35	45.98	1.2	0.999348	19.8076	1.24732	773.86	0.96526	3.28	0
2157	11:55:41.94	0.0350	20.52015	22.35	45.98	1.2	0.999336	19.8073	1.24732	773.86	0.96526	3.28	0
2158	11:55:42.25	0.0375	20.51910	22.35	45.98	1.2	0.999288	19.8072	1.24736	773.88	0.96531	3.28	0
2159	11:55:42.55	0.0365	20.51959	22.35	45.98	1.2	0.999312	19.8073	1.24736	773.86	0.96529	3.28	0
2160	11:55:42.85	0.0370	20.51931	22.35	45.98	1.2	0.999294	19.8077	1.24736	773.88	0.96532	3.28	0
2161	11:55:43.15	0.0370	20.51931	22.35	45.98	1.2	0.999294	19.8081	1.24736	773.90	0.96534	3.28	0
2162	11:55:43.45	0.0375	20.51917	22.35	45.98	1.2	0.999288	19.8073	1.24736	773.88	0.96531	3.28	0
2163	11:55:43.75	0.0365	20.51952	22.35	45.98	1.2	0.999306	19.8075	1.24736	773.88	0.96530	3.28	0
2164	11:55:44.05	0.0365	20.51952	22.35	45.98	1.2	0.999306	19.8078	1.24736	773.88	0.96531	3.28	0
2165	11:55:44.34	0.0380	20.51889	22.35	45.98	1.2	0.999276	19.8075	1.24740	773.88	0.96533	3.28	0
2166	11:55:44.65	0.0350	20.52015	22.35	45.98	1.2	0.999336	19.8077	1.24736	773.86	0.96528	3.28	0
2167	11:55:44.95	0.0370	20.51938	22.35	45.98	1.2	0.999300	19.8066	1.24732	773.86	0.96526	3.28	0
2168	11:55:45.25	0.0365	20.51938	22.35	45.98	1.2	0.999300	19.8075	1.24736	773.88	0.96530	3.28	0
2169	11:55:45.54	0.0365	20.51938	22.35	45.98	1.2	0.999300	19.8082	1.24736	773.90	0.96534	3.28	0
2170	11:55:45.85	0.0355	20.51980	22.35	45.98	1.2	0.999324	19.8071	1.24732	773.86	0.96527	3.28	0
2171	11:55:46.14	0.0355	20.51987	22.35	45.98	1.2	0.999324	19.8080	1.24736	773.88	0.96530	3.28	0
2172	11:55:46.44	0.0375	20.51910	22.35	45.98	1.2	0.999288	19.8074	1.24736	773.88	0.96532	3.28	0
2173	11:55:46.74	0.0370	20.51924	22.35	45.98	1.2	0.999294	19.8077	1.24736	773.88	0.96532	3.28	0
2174	11:55:47.04	0.0365	20.51952	22.35	45.98	1.2	0.999306	19.8073	1.24736	773.88	0.96529	3.28	0
2175	11:55:47.35	0.0370	20.51938	22.35	45.98	1.2	0.999300	19.8075	1.24736	773.88	0.96530	3.28	0
2176	11:55:47.65	0.0360	20.51959	22.35	45.98	1.2	0.999312	19.8071	1.24736	773.86	0.96528	3.28	0
2177	11:55:47.95	0.0360	20.51959	22.35	45.98	1.2	0.999312	19.8080	1.24736	773.88	0.96532	3.28	0
2178	11:55:48.24	0.0370	20.51938	22.35	45.98	1.2	0.999300	19.8073	1.24736	773.88	0.96530	3.28	0
2179	11:55:48.54	0.0375	20.51910	22.35	45.98	1.2	0.999288	19.8076	1.24736	773.88	0.96532	3.28	0
2180	11:55:48.84	0.0350	20.52015	22.35	45.98	1.2	0.999336	19.8080	1.24736	773.88	0.96530	3.28	0
2181	11:55:49.15	0.0355	20.51994	22.35	45.98	1.2	0.999330	19.8078	1.24736	773.88	0.96530	3.28	0
2182	11:55:49.44	0.0375	20.51903	22.35	45.98	1.2	0.999282	19.8072	1.24736	773.88	0.96530	3.28	0
2183	11:55:49.74	0.0380	20.51896	22.35	45.98	1.2	0.999282	19.8071	1.24736	773.86	0.96531	3.28	0
2184	11:55:50.04	0.0370	20.51931	22.35	45.98	1.2	0.999294	19.8080	1.24740	773.88	0.96533	3.28	0
2185	11:55:50.35	0.0360	20.51966	22.35	45.98	1.2	0.999312	19.8075	1.24736	773.86	0.96529	3.28	0
2186	11:55:50.65	0.0385	20.51868	22.35	45.98	1.2	0.999264	19.8066	1.24736	773.86	0.96530	3.28	0
2187	11:55:50.94	0.0365	20.51952	22.35	45.98	1.2	0.999306	19.8073	1.24736	773.88	0.96529	3.28	0
2188	11:55:51.25	0.0390	20.51861	22.35	45.98	1.2	0.999264	19.8072	1.24740	773.88	0.96533	3.28	0
2189	11:55:51.55	0.0380	20.51882	22.35	45.98	1.2	0.999276	19.8067	1.24736	773.88	0.96529	3.28	0
2190	11:55:51.84	0.0330	20.52078	22.36	45.98	1.2	0.999372	19.8068	1.24728	773.84	0.96521	3.28	0
2191	11:55:52.14	0.0370	20.51924	22.36	45.98	1.2	0.999300	19.8066	1.24732	773.86	0.96527	3.28	0
2192	11:55:52.45	0.0365	20.51945	22.35	45.98	1.2	0.999306	19.8073	1.24736	773.86	0.96529	3.28	0
2193	11:55:52.74	0.0375	20.51910	22.35	45.98	1.2	0.999288	19.8073	1.24736	773.88	0.96531	3.28	0
2194	11:55:53.04	0.0350	20.52001	22.35	45.98	1.2	0.999330	19.8071	1.24732	773.86	0.96526	3.28	0
2195	11:55:53.35	0.0370	20.51924	22.35	45.98	1.2	0.999294	19.8064	1.24732	773.86	0.96526	3.28	0
2196	11:55:53.64	0.0360	20.51980	22.35	45.98	1.2	0.999318	19.8070	1.24732	773.86	0.96526	3.28	0
2197	11:55:53.94	0.0380	20.51882	22.35	45.98	1.2	0.999270	19.8060	1.24732	773.86	0.96526	3.28	0
2198	11:55:54.24	0.0380	20.51896	22.35	45.98	1.2	0.999276	19.8068	1.24736	773.88	0.96529	3.28	0
2199	11:55:54.54	0.0370	20.51931	22.35	45.98	1.2	0.999300	19.8075	1.24736	773.88	0.96531	3.28	0
2200	11:55:54.84	0.0360	20.51966	22.35	45.98	1.2	0.999312	19.8071	1.24732	773.88	0.96528	3.28	0
2201	11:55:55.15	0.0345	20.52029	22.35	45.98	1.2	0.999342	19.8073	1.24732	773.86	0.96526	3.28	0
2202	11:55:55.44	0.0365	20.51931	22.36	45.98	1.2	0.999300	19.8066	1.24732	773.86	0.96526	3.28	0
2203	11:55:55.75	0.0375	20.51896	22.36	45.98	1.2	0.999282	19.8072	1.24736	773.88	0.96532	3.28	0
2204	11:55:56.04	0.0355	20.51980	22.36	45.98	1.2	0.999324	19.8075	1.24732	773.88	0.96529	3.28	0
2205	11:55:56.34	0.0375	20.51903	22.36	45.98	1.2	0.999288	19.8068	1.24732	773.88	0.96529	3.28	0
2206	11:55:56.65	0.0370	20.51917	22.36	45.98	1.2	0.999294	19.8076	1.24736	773.88	0.96532	3.28	0
2207	11:55:56.94	0.0365	20.51931	22.36	45.98	1.2	0.999300	19.8075	1.24736	773.88	0.96531	3.28	0
2208	11:55:57.24	0.0350	20.51994	22.36	45.98	1.2	0.999330	19.8073	1.24732	773.86	0.96527	3.28	0
2209	11:55:57.54	0.0355	20.51973	22.36	45.98	1.2	0.999324	19.8071	1.24732	773.86	0.96527	3.28	0
2210	11:55:57.84	0.0365	20.51931	22.36	45.98	1.2	0.999300	19.8069	1.24732	773.88	0.96528	3.28	0
2211	11:55:58.14	0.0350	20.51994	22.36	45.98	1.2	0.999330	19.8074	1.24732	773.86	0.96528	3.28	0
2212	11:55:58.44	0.0385	20.51861	22.36	45.98	1.2	0.999270	19.8069	1.24736	773.88	0.96532	3.28	0
2213	11:55:58.74	0.0375	20.51896	22.36	45.98	1.2	0.999282	19.8071	1.24736	773.88	0.96530	3.28	0
2214	11:55:59.04	0.0355	20.51994	22.35	45.98	1.2	0.999330	19.8069	1.24732	773.86	0.96526	3.28	0
2215	11:55:59.34	0.0365	20.51945	22.35	45.98	1.2	0.999306	19.8073	1.24736	773.88	0.96530	3.28	0
2216	11:55:59.65	0.0360	20.51952	22.36	45.98	1.2	0.999312	19.8074	1.24736	773.88	0.96529	3.28	0
2217	11:55:59.94	0.0365	20.51938	22.36	45.98	1.2	0.999306	19.8075	1.24736	773.88	0.96531	3.28	0
2218	11:56:00.24	0.0365	20.51945	22.36	45.98	1.2	0.999312	19.8068	1.24732	773.88	0.96527	3.28	0
2219	11:56:00.54	0.0375	20.51910	22.36	45.98	1.2	0.999288	19.8073	1.24736	773.88	0.96531	3.28	0
2220	11:56:00.84	0.0380	20.51875	22.36	45.98	1.2	0.999276	19.8066	1.24732	773.88	0.96529	3.28	0
2221	11:56:01.14	0.0375	20.51910	22.36	45.98	1.2	0.999288	19.8072	1.24736	773.88	0.96530	3.28	0
2222	11:56:01.44	0.0365	20.51959	22.35	45.98	1.2	0.999312	19.8073	1.24736	773.88	0.96529	3.28	0
2223	11:56:01.74	0.0355	20.51994	22.35	45.98	1.2	0.999324	19.8082	1.24736	773.88	0.96532	3.28	0
2224	11:56:02.04	0.0370	20.51917	22.35	45.98	1.2	0.999294	19.8077	1.24736	773.90	0.96533	3.28	0
2225	11:56:02.34	0.0365	20.51945	22.35	45.98	1.2	0.999300	19.8073	1.24736	773.88	0.96530	3.28	0
2226	11:56:02.65	0.0375	20.51903	22.36	45.98	1.2	0.999288	19.8078	1.24736	773.90	0.96533	3.28	0
2227	11:56:02.94	0.0360	20.51966	22.36	45.98	1.2	0.999318	19.8082	1.24736	773.88	0.96532	3.28	0
2228	11:56:03.25	0.0385	20.51868	22.36	45.98	1.2	0.999270	19.8070	1.24736	773.88	0.96532	3.28	0
2229	11:56:03.54	0.0375	20.51896	22.36	45.98	1.2	0.999282	19.8075	1.24736	773.88	0.96533	3.28	0
2230	11:56:03.84	0.0360	20.51966	22.36	45.98	1.2	0.999318	19.8072	1.24736	773.86	0.96528	3.28	0
2231	11:56:04.14	0.0365	20.51938	22.36	45.98	1.2	0.999306	19.8071	1.24732	773.88	0.96529	3.28	0
2232	11:56:04.44	0.0370	20.51917	22.36	45.98	1.2	0.999294	19.8069	1.24732	773.88	0.96529	3.28	0
2233	11:56:04.74	0.0360	20.51966	22.36	45.98	1.2	0.999318	19.8068	1.24736	773.86	0.96527	3.28	0
2234	11:56:05.04	0.0360	20.51959	22.36	45.98	1.2	0.999312	19.8074	1.24732	773.88	0.96530	3.28	0
2235	11:56:05.34	0.0365	20.51945	22.36	45.98	1.2	0.999306	19.8068	1.24732	773.86	0.96527	3.28	0
2236	11:56:05.64	0.0370	20.51931	22.36	45.98	1.2	0.999300	19.8071	1.24736	773.88	0.96529	3.28	0
2237	11:56:05.94	0.0340	20.52036	22.36	45.98	1.2	0.999354	19.8074	1.24732	773.86	0.96526	3.28	0
2238	11:56:06.24	0.0370	20.51924	22.36	45.98	1.2	0.999294	19.8073	1.24736	773.88	0.96531	3.28	0
2239	11:56:06.54	0.0355	20.51980	22.36	45.98	1.2	0.999324	19.8075	1.24736	773.88	0.96529	3.28	0
2240	11:56:06.84	0.0345	20.52022	22.36	45.98	1.2	0.999348	19.8082	1.24736	773.88	0.96530	3.28	0
2241	11:56:07.14	0.0355	20.51973	22.36	45.98	1.2	0.999324	19.8079	1.24736	773.88	0.96531	3.28	0
2242	11:56:07.44	0.0370	20.51917	22.36	45.98	1.2	0.999294	19.8074	1.24736	773.88	0.96532	3.28	0
2243	11:56:07.74	0.0365	20.51938	22.36	45.98	1.2	0.999306	19.8077	1.24736	773.90	0.96532	3.28	0
2244	11:56:08.04	0.0370	20.51931	22.36	45.98	1.2	0.999300	19.8067	1.24732	773.88	0.96527	3.28	0
2245	11:56:08.34	0.0345	20.52015	22.36	45.98	1.2	0.999342	19.8073	1.24732	773.86	0.96526	3.28	0
2246	11:56:08.64	0.0375	20.51896	22.36	45.98	1.2	0.999282	19.8071	1.24736	773.90	0.96531	3.28	0
2247	11:56:08.94	0.0360	20.51959	22.36	45.98	1.2	0.999312	19.8071	1.24732	773.86	0.96527	3.28	0
2248	11:56:09.24	0.0365	20.51938	22.36	45.98	1.2	0.999306	19.8075	1.24736	773.90	0.96531	3.28	0
2249	11:56:09.54	0.0370	20.51931	22.36	45.98	1.2	0.999300	19.8066	1.24732	773.86	0.96526	3.28	0
2250	11:56:09.85	0.0360	20.51952	22.36	45.98	1.2	0.999312	19.8062	1.24732	773.86	0.96524	3.28	0
2251	11:56:10.14	0.0360	20.51966	22.36	45.98	1.2	0.999318	19.8068	1.24732	773.86	0.96526	3.28	0
2252	11:56:10.44	0.0375	20.51896	22.36	45.98	1.2	0.999282	19.8069	1.24736	773.88	0.96530	3.28	0
2253	11:56:10.74	0.0355	20.51987	22.36	45.98	1.2	0.999330	19.8071	1.24732	773.88	0.96527	3.28	0
2254	11:56:11.04	0.0375	20.51896	22.36	45.98	1.2	0.999282	19.8072	1.24736	773.90	0.96532	3.28	0
2255	11:56:11.34	0.0370	20.51924	22.36	45.98	1.2	0.999300	19.8075	1.24736	773.90	0.96531	3.28	0
2256	11:56:11.64	0.0365	20.51945	22.36	45.98	1.2	0.999312	19.8075	1.24736	773.88	0.96530	3.28	0
2257	11:56:11.94	0.0375	20.51903	22.36	45.98	1.2	0.999288	19.8072	1.24736	773.90	0.96531	3.28	0
2258	11:56:12.24	0.0360	20.51959	22.36	45.98	1.2	0.999318	19.8071	1.24732	773.88	0.96528	3.28	0
2259	11:56:12.54	0.0355	20.51973	22.36	45.98	1.2	0.999324	19.8071	1.24732	773.86	0.96527	3.28	0
2260	11:56:12.84	0.0360	20.51959	22.36	45.98	1.2	0.999318	19.8072	1.24732	773.88	0.96529	3.28	0
2261	11:56:13.14	0.0380	20.51889	22.36	45.98	1.2	0.999282	19.8071	1.24736	773.88	0.96531	3.28	0
2262	11:56:13.44	0.0375	20.51910	22.36	45.98	1.2	0.999288	19.8071	1.24736	773.88	0.96530	3.28	0
2263	11:56:13.74	0.0365	20.51952	22.36	45.98	1.2	0.999312	19.8079	1.24736	773.90	0.96532	3.28	0
2264	11:56:14.04	0.0380	20.51889	22.36	45.98	1.2	0.999282	19.8074	1.24736	773.90	0.96533	3.28	0
2265	11:56:14.34	0.0360	20.51959	22.36	45.98	1.2	0.999318	19.8082	1.24736	773.90	0.96533	3.28	0
2266	11:56:14.64	0.0355	20.51980	22.36	45.98	1.2	0.999324	19.8074	1.24736	773.86	0.96528	3.28	0
2267	11:56:14.94	0.0365	20.51945	22.36	45.98	1.2	0.999306	19.8072	1.24732	773.88	0.96529	3.28	0
2268	11:56:15.24	0.0350	20.51994	22.36	45.98	1.2	0.999330	19.8078	1.24736	773.88	0.96530	3.28	0
2269	11:56:15.54	0.0365	20.51945	22.36	45.98	1.2	0.999306	19.8078	1.24736	773.90	0.96532	3.28	0
2270	11:56:15.84	0.0375	20.51910	22.36	45.98	1.2	0.999288	19.8075	1.24736	773.88	0.96532	3.28	0
2271	11:56:16.15	0.0365	20.51938	22.36	45.98	1.2	0.999306	19.8071	1.24732	773.88	0.96529	3.28	0
2272	11:56:16.44	0.0360	20.51959	22.36	45.98	1.2	0.999318	19.8068	1.24732	773.86	0.96526	3.28	0
2273	11:56:16.74	0.0360	20.51959	22.36	45.98	1.2	0.999312	19.8080	1.24736	773.90	0.96532	3.28	0
2274	11:56:17.04	0.0360	20.51952	22.36	45.98	1.2	0.999312	19.8071	1.24732	773.88	0.96528	3.28	0
2275	11:56:17.34	0.0345	20.52008	22.36	45.98	1.2	0.999342	19.8074	1.24732	773.86	0.96527	3.28	0
2276	11:56:17.64	0.0390	20.51854	22.36	45.98	1.2	0.999264	19.8068	1.24736	773.88	0.96531	3.28	0
2277	11:56:17.94	0.0365	20.51938	22.36	45.98	1.2	0.999306	19.8075	1.24736	773.88	0.96531	3.28	0
2278	11:56:18.24	0.0355	20.51973	22.36	45.98	1.2	0.999324	19.8070	1.24732	773.86	0.96527	3.28	0
2279	11:56:18.54	0.0370	20.51924	22.36	45.98	1.2	0.999300	19.8076	1.24736	773.88	0.96532	3.28	0
2280	11:56:18.84	0.0375	20.51903	22.36	45.98	1.2	0.999288	19.8077	1.24736	773.88	0.96533	3.28	0
2281	11:56:19.14	0.0365	20.51938	22.36	45.98	1.2	0.999306	19.8079	1.24736	773.90	0.96532	3.28	0
2282	11:56:19.44	0.0360	20.51959	22.36	45.98	1.2	0.999318	19.8079	1.24736	773.88	0.96532	3.28	0
2283	11:56:19.74	0.0375	20.51903	22.36	45.98	1.2	0.999288	19.8077	1.24736	773.90	0.96533	3.28	0
2284	11:56:20.04	0.0365	20.51931	22.36	45.98	1.2	0.999300	19.8071	1.24732	773.88	0.96529	3.28	0
2285	11:56:20.34	0.0370	20.51910	22.36	45.98	1.2	0.999294	19.8080	1.24740	773.90	0.96535	3.28	0
2286	11:56:20.64	0.0355	20.51987	22.36	45.98	1.2	0.999330	19.8080	1.24736	773.88	0.96531	3.28	0
2287	11:56:20.94	0.0365	20.51938	22.36	45.98	1.2	0.999306	19.8080	1.24736	773.90	0.96533	3.28	0
2288	11:56:21.24	0.0345	20.52015	22.36	45.98	1.2	0.999342	19.8078	1.24732	773.88	0.96529	3.28	0
2289	11:56:21.55	0.0365	20.51938	22.36	45.98	1.2	0.999306	19.8076	1.24736	773.90	0.96532	3.28	0
2290	11:56:21.91	0.0380	20.51889	22.36	45.98	1.2	0.999282	19.8082	1.24740	773.90	0.96536	3.28	0
2291	11:56:22.14	0.0365	20.51945	22.36	45.98	1.2	0.999306	19.8080	1.24736	773.90	0.96533	3.28	0
2292	11:56:22.44	0.0375	20.51896	22.36	45.98	1.2	0.999282	19.8076	1.24736	773.90	0.96533	3.28	0
2293	11:56:22.74	0.0365	20.51931	22.36	45.98	1.2	0.999300	19.8078	1.24736	773.88	0.96533	3.28	0
2294	11:56:23.04	0.0370	20.51910	22.37	45.98	1.2	0.999294	19.8072	1.24736	773.88	0.96531	3.28	0
2295	11:56:23.34	0.0375	20.51889	22.37	45.98	1.2	0.999288	19.8074	1.24736	773.88	0.96532	3.28	0
2296	11:56:23.64	0.0350	20.51980	22.37	45.98	1.2	0.999330	19.8081	1.24736	773.90	0.96532	3.28	0
2297	11:56:23.94	0.0375	20.51882	22.37	45.98	1.2	0.999282	19.8078	1.24740	773.90	0.96535	3.28	0
2298	11:56:24.24	0.0365	20.51931	22.36	45.98	1.2	0.999300	19.8082	1.24736	773.90	0.96535	3.28	0
2299	11:56:24.54	0.0370	20.51924	22.36	45.98	1.2	0.999294	19.8073	1.24736	773.88	0.96530	3.28	0
2300	11:56:24.84	0.0375	20.51889	22.37	45.98	1.2	0.999282	19.8073	1.24736	773.88	0.96532	3.28	0
2301	11:56:25.14	0.0375	20.51896	22.37	45.98	1.2	0.999288	19.8078	1.24736	773.90	0.96534	3.28	0
2302	11:56:25.44	0.0400	20.51805	22.37	45.98	1.2	0.999246	19.8072	1.24740	773.90	0.96536	3.28	0
2303	11:56:25.74	0.0370	20.51903	22.37	45.98	1.2	0.999294	19.8078	1.24736	773.90	0.96533	3.28	0
2304	11:56:26.04	0.0800	20.50223	22.37	45.98	1.2	0.998472	19.7912	1.24736	773.88	0.96532	3.28	0
2305	11:56:26.34	0.7350	20.23749	22.37	45.98	1.2	0.985578	19.5319	1.24736	773.74	0.96514	3.28	0
2306	11:56:26.64	2.5720	19.49255	22.37	45.98	1.2	0.949302	18.8039	1.24736	773.36	0.96467	3.28	0
2307	11:56:26.94	5.2555	18.49449	22.37	45.98	1.2	0.900696	17.8299	1.24736	772.88	0.96406	3.28	0
2308	11:56:27.24	8.3040	17.46003	22.37	45.98	1.2	0.850314	16.8225	1.24740	772.40	0.96349	3.28	0
2309	11:56:27.54	11.3090	16.50516	22.37	45.94	1.2	0.803808	15.8932	1.24740	771.94	0.96293	3.28	0
2310	11:56:27.84	14.1235	15.66747	22.36	45.94	1.2	0.763014	15.0783	1.24740	771.52	0.96239	3.28	0
2311	11:56:28.14	16.7800	14.94444	22.36	45.81	1.2	0.727794	14.3759	1.24740	771.16	0.96196	3.28	0
2312	11:56:28.44	19.2705	14.30555	22.36	45.81	1.2	0.696678	13.7557	1.24744	770.84	0.96157	3.28	0
2313	11:56:28.74	21.5545	13.74954	22.36	45.54	1.2	0.669594	13.2158	1.24740	770.54	0.96118	3.28	0
2314	11:56:29.04	23.6395	13.26661	22.37	45.54	1.2	0.646074	12.7473	1.24740	770.28	0.96086	3.28	0
2315	11:56:29.34	25.5390	12.84745	22.37	45.19	1.2	0.625650	12.3410	1.24740	770.06	0.96058	3.28	0
2316	11:56:29.64	27.2605	12.48121	22.36	45.19	1.2	0.607812	11.9860	1.24744	769.84	0.96032	3.28	0
2317	11:56:29.94	28.8265	12.15921	22.36	44.79	1.2	0.592116	11.6745	1.24744	769.70	0.96014	3.28	0
2318	11:56:30.24	30.2390	11.87613	22.36	44.79	1.2	0.578328	11.3999	1.24740	769.52	0.95991	3.28	0
2319	11:56:30.55	31.5190	11.62805	22.36	44.35	1.2	0.566238	11.1602	1.24744	769.38	0.95976	3.28	0
2320	11:56:30.84	32.6725	11.40958	22.37	44.35	1.2	0.555600	10.9488	1.24744	769.26	0.95962	3.28	0
2321	11:56:31.14	33.7075	11.21750	22.37	43.93	1.2	0.546228	10.7627	1.24744	769.14	0.95945	3.28	0
2322	11:56:31.44	34.6480	11.04684	22.36	43.93	1.2	0.537918	10.5975	1.24740	769.06	0.95932	3.28	0
2323	11:56:31.74	35.4945	10.89515	22.36	43.53	1.2	0.530520	10.4507	1.24740	768.96	0.95921	3.28	0
2324	11:56:32.04	36.2605	10.75963	22.36	43.53	1.2	0.523920	10.3201	1.24744	768.88	0.95915	3.28	0
2325	11:56:32.34	36.9620	10.63937	22.36	43.16	1.2	0.518052	10.2035	1.24740	768.82	0.95903	3.28	0
2326	11:56:32.64	37.5885	10.53185	22.36	43.16	1.2	0.512814	10.0994	1.24744	768.74	0.95894	3.28	0
2327	11:56:32.94	38.1475	10.43679	22.36	42.84	1.2	0.508176	10.0078	1.24744	768.70	0.95890	3.28	0
2328	11:56:33.24	38.6540	10.35251	22.36	42.84	1.2	0.504072	9.9261	1.24740	768.64	0.95882	3.28	0
2329	11:56:33.54	39.0975	10.27887	22.36	42.54	1.1	0.500484	9.8552	1.24744	768.60	0.95878	3.28	0
2330	11:56:33.84	39.4865	10.21419	22.36	42.54	1.1	0.497328	9.7929	1.24744	768.58	0.95875	3.28	0
2331	11:56:34.14	39.8235	10.15826	22.36	42.37	1.1	0.494604	9.7384	1.24740	768.52	0.95867	3.28	0
2332	11:56:34.44	40.1175	10.11003	22.36	42.37	1.1	0.492252	9.6925	1.24744	768.54	0.95870	3.28	0
2333	11:56:34.74	40.3675	10.07013	22.36	42.14	1.1	0.490302	9.6540	1.24748	768.50	0.95867	3.28	0
2334	11:56:35.04	40.5730	10.03723	22.36	42.14	1.1	0.488706	9.6216	1.24744	768.46	0.95859	3.28	0
2335	11:56:35.34	40.7655	10.00650	22.36	41.97	1.1	0.487206	9.5923	1.24744	768.46	0.95860	3.28	0
2336	11:56:35.64	40.9680	9.97402	22.36	41.97	1.1	0.485622	9.5604	1.24740	768.42	0.95853	3.28	0
2337	11:56:35.94	41.3770	9.90857	22.36	41.84	1.1	0.482430	9.4972	1.24740	768.38	0.95848	3.28	0
2338	11:56:36.24	42.2330	9.77291	22.36	41.84	1.1	0.475824	9.3661	1.24740	768.28	0.95837	3.28	0
2339	11:56:36.54	43.1650	9.62906	22.36	41.68	1.1	0.468816	9.2275	1.24744	768.20	0.95830	3.28	0
2340	11:56:36.84	43.9830	9.50271	22.36	41.68	1.1	0.462666	9.1055	1.24744	768.14	0.95819	3.28	0
2341	11:56:37.14	44.7840	9.38294	22.36	41.55	1.1	0.456828	8.9897	1.24744	768.06	0.95810	3.28	0
2342	11:56:37.44	45.3025	9.30538	22.36	41.55	1.1	0.453054	8.9147	1.24744	767.98	0.95801	3.28	0
2343	11:56:37.74	45.6015	9.26093	22.36	41.25	1.1	0.450882	8.8721	1.24744	767.98	0.95801	3.28	0
2344	11:56:38.04	45.7085	9.24490	22.36	41.25	1.1	0.450102	8.8567	1.24744	767.98	0.95801	3.28	0
2345	11:56:38.35	45.5180	9.27367	22.36	40.75	1.1	0.451488	8.8846	1.24744	768.00	0.95804	3.28	0
2346	11:56:38.65	45.2220	9.31791	22.36	40.75	1.1	0.453642	8.9271	1.24744	768.02	0.95806	3.28	0
2347	11:56:38.95	44.9890	9.35312	22.36	40.06	1.1	0.455334	8.9613	1.24744	768.06	0.95810	3.28	0
2348	11:56:39.25	44.6820	9.39904	22.36	40.06	1.1	0.457572	9.0056	1.24744	768.08	0.95814	3.28	0
2349	11:56:39.54	44.4385	9.43593	22.36	39.23	1.1	0.459348	9.0410	1.24744	768.10	0.95814	3.28	0
2350	11:56:39.84	44.3210	9.45350	22.36	39.23	1.1	0.460200	9.0584	1.24748	768.12	0.95821	3.28	0
2351	11:56:40.14	44.4000	9.44209	22.36	38.47	1.0	0.459624	9.0471	1.24744	768.10	0.95817	3.28	0
2352	11:56:40.44	44.6045	9.41157	22.36	38.47	1.0	0.458136	9.0173	1.24744	768.08	0.95811	3.28	0
2353	11:56:40.74	44.6990	9.39785	22.36	37.78	1.0	0.457452	9.0041	1.24744	768.06	0.95810	3.28	0
2354	11:56:41.04	44.6805	9.40058	22.36	37.78	1.0	0.457584	9.0073	1.24748	768.10	0.95816	3.28	0
2355	11:56:41.34	44.3330	9.45294	22.36	37.11	1.0	0.460110	9.0577	1.24744	768.12	0.95819	3.28	0
2356	11:56:41.64	43.8965	9.51874	22.36	37.11	1.0	0.463314	9.1213	1.24748	768.16	0.95825	3.28	0
2357	11:56:41.94	43.4215	9.59245	22.36	36.55	1.0	0.466884	9.1921	1.24744	768.18	0.95826	3.28	0
2358	11:56:42.24	42.9360	9.66742	22.36	36.55	1.0	0.470538	9.2646	1.24744	768.24	0.95833	3.28	0
2359	11:56:42.54	42.4680	9.74008	22.36	36.02	1.0	0.474054	9.3346	1.24744	768.28	0.95837	3.28	0
2360	11:56:42.84	42.3905	9.75205	22.36	36.02	1.0	0.474636	9.3465	1.24744	768.30	0.95841	3.28	0
2361	11:56:43.14	42.4545	9.74246	22.36	35.56	1.0	0.474156	9.3371	1.24744	768.28	0.95839	3.28	0
2362	11:56:43.44	42.5540	9.72713	22.36	35.56	1.0	0.473412	9.3222	1.24744	768.28	0.95838	3.28	0
2363	11:56:43.74	42.3605	9.75723	22.36	35.20	0.9	0.474864	9.3513	1.24744	768.30	0.95840	3.28	0
2364	11:56:44.04	41.5410	9.88645	22.36	35.20	0.9	0.481158	9.4760	1.24744	768.38	0.95849	3.28	0
2365	11:56:44.34	40.2560	10.09253	22.36	34.89	0.9	0.491172	9.6753	1.24744	768.50	0.95866	3.28	0
2366	11:56:44.64	38.6225	10.36287	22.36	34.89	0.9	0.504330	9.9364	1.24744	768.66	0.95885	3.28	0
2367	11:56:44.94	37.4270	10.56517	22.36	34.60	0.9	0.514164	10.1322	1.24744	768.78	0.95902	3.28	0
2368	11:56:45.24	36.6700	10.69530	22.36	34.60	0.9	0.520500	10.2578	1.24744	768.86	0.95909	3.28	0
2369	11:56:45.54	36.5905	10.70902	22.36	34.44	0.9	0.521160	10.2711	1.24744	768.86	0.95911	3.28	0
2370	11:56:45.84	36.6305	10.70216	22.36	34.44	0.9	0.520830	10.2644	1.24744	768.86	0.95910	3.28	0
2371	11:56:46.14	35.6010	10.88227	22.36	34.37	0.9	0.529590	10.4390	1.24744	769.00	0.95926	3.28	0
2372	11:56:46.44	33.8530	11.19713	22.36	34.37	0.9	0.544914	10.7435	1.24744	769.18	0.95948	3.28	0
2373	11:56:46.74	31.6690	11.60614	22.36	34.34	0.9	0.564816	11.1387	1.24740	769.38	0.95974	3.28	0
2374	11:56:47.04	30.1970	11.89195	22.36	34.34	0.9	0.578730	11.4156	1.24740	769.54	0.95995	3.28	0
2375	11:56:47.34	29.2995	12.07150	22.36	34.37	0.9	0.587466	11.5894	1.24740	769.66	0.96007	3.28	0
2376	11:56:47.64	29.0730	12.11721	22.36	34.37	0.9	0.589692	11.6336	1.24740	769.66	0.96008	3.28	0
2377	11:56:47.94	29.7950	11.97147	22.36	34.50	0.9	0.582600	11.4920	1.24740	769.56	0.95995	3.28	0
2378	11:56:48.24	30.4625	11.84022	22.36	34.50	0.9	0.576216	11.3654	1.24744	769.50	0.95990	3.28	0
2379	11:56:48.54	30.3990	11.85240	22.36	34.73	0.9	0.576816	11.3774	1.24740	769.52	0.95992	3.28	0
2380	11:56:48.84	29.2600	12.07920	22.37	34.73	0.9	0.587856	11.5973	1.24744	769.68	0.96011	3.28	0
2381	11:56:49.14	28.5170	12.22900	22.37	34.89	0.9	0.595152	11.7427	1.24744	769.76	0.96023	3.28	0
2382	11:56:49.44	28.3245	12.26799	22.36	34.89	0.9	0.597048	11.7795	1.24740	769.74	0.96019	3.28	0
2383	11:56:49.74	28.4145	12.24958	22.36	35.06	0.9	0.596160	11.7622	1.24744	769.74	0.96021	3.28	0
2384	11:56:50.04	28.3570	12.26127	22.36	35.06	0.9	0.596730	11.7735	1.24740	769.76	0.96022	3.28	0
2385	11:56:50.34	27.1425	12.51376	22.36	35.26	1.0	0.609024	12.0181	1.24740	769.92	0.96039	3.28	0
2386	11:56:50.64	25.3860	12.88896	22.36	35.26	1.0	0.627282	12.3815	1.24740	770.10	0.96064	3.28	0
2387	11:56:50.94	24.1070	13.16882	22.36	35.46	1.0	0.640908	12.6528	1.24740	770.24	0.96082	3.28	0
2388	11:56:51.24	23.6135	13.28096	22.36	35.46	1.0	0.646368	12.7614	1.24740	770.30	0.96088	3.28	0
2389	11:56:51.54	23.8120	13.23518	22.36	35.66	1.0	0.644148	12.7170	1.24740	770.28	0.96085	3.28	0
2390	11:56:51.84	24.6535	13.04898	22.36	35.66	1.0	0.635088	12.5357	1.24740	770.14	0.96067	3.28	0
2391	11:56:52.14	25.2485	12.91850	22.36	35.92	1.0	0.628746	12.4102	1.24744	770.10	0.96065	3.28	0
2392	11:56:52.44	25.1855	12.93229	22.36	35.92	1.0	0.629418	12.4233	1.24740	770.12	0.96065	3.28	0
2393	11:56:52.74	25.0295	12.96624	22.36	36.19	1.0	0.631080	12.4571	1.24744	770.16	0.96073	3.28	0
2394	11:56:53.04	24.5285	13.07600	22.36	36.19	1.0	0.636420	12.5624	1.24740	770.18	0.96072	3.28	0
2395	11:56:53.34	23.7135	13.25716	22.36	36.45	1.0	0.645252	12.7379	1.24736	770.28	0.96083	3.28	0
2396	11:56:53.64	22.7505	13.47815	22.36	36.45	1.0	0.656010	12.9526	1.24740	770.40	0.96100	3.28	0
2397	11:56:53.94	22.3170	13.57748	22.36	36.62	1.0	0.660846	13.0484	1.24740	770.44	0.96103	3.28	0
2398	11:56:54.24	22.7685	13.47388	22.36	36.62	1.0	0.655806	12.9485	1.24740	770.40	0.96101	3.28	0
2399	11:56:54.54	23.3210	13.34690	22.36	36.82	1.0	0.649632	12.8254	1.24740	770.34	0.96093	3.28	0
2400	11:56:54.84	23.4625	13.31449	22.36	36.82	1.0	0.648054	12.7940	1.24740	770.32	0.96091	3.28	0
2401	11:56:55.14	23.0340	13.41263	22.36	37.01	1.0	0.652842	12.8891	1.24740	770.36	0.96097	3.28	0
2402	11:56:55.44	22.5630	13.52064	22.36	37.01	1.0	0.658098	12.9940	1.24740	770.44	0.96104	3.28	0
2403	11:56:55.74	22.4630	13.54339	22.36	37.21	1.0	0.659214	13.0157	1.24736	770.44	0.96103	3.28	0
2404	11:56:56.04	22.3925	13.55963	22.36	37.21	1.0	0.660006	13.0321	1.24744	770.46	0.96110	3.28	0
2405	11:56:56.37	22.2265	13.59757	22.36	37.38	1.0	0.661854	13.0679	1.24736	770.46	0.96104	3.28	0
2406	11:56:56.64	21.9345	13.66533	22.36	37.38	1.0	0.665154	13.1343	1.24740	770.52	0.96115	3.28	0
2407	11:56:56.94	21.7630	13.70628	22.36	37.54	1.0	0.667158	13.1743	1.24740	770.54	0.96118	3.28	0
2408	11:56:57.24	21.9970	13.65014	22.36	37.54	1.0	0.664422	13.1193	1.24740	770.50	0.96111	3.28	0
2409	11:56:57.54	22.1785	13.60828	22.36	37.68	1.0	0.662394	13.0786	1.24740	770.46	0.96107	3.28	0
2410	11:56:57.84	22.4245	13.55193	22.36	37.68	1.0	0.659646	13.0237	1.24736	770.44	0.96102	3.28	0
2411	11:56:58.14	22.5970	13.51217	22.36	37.81	1.0	0.657720	12.9852	1.24736	770.42	0.96100	3.28	0
2412	11:56:58.44	22.2420	13.59372	22.35	37.81	1.0	0.661686	13.0646	1.24740	770.48	0.96107	3.28	0
2413	11:56:58.74	21.7910	13.69935	22.35	37.91	1.0	0.666828	13.1671	1.24740	770.54	0.96115	3.28	0
2414	11:56:59.04	21.3315	13.80967	22.36	37.91	1.0	0.672204	13.2744	1.24740	770.60	0.96124	3.28	0
2415	11:56:59.34	20.9020	13.91271	22.36	38.01	1.0	0.677220	13.3748	1.24740	770.66	0.96133	3.28	0
2416	11:56:59.64	20.5905	13.98740	22.36	38.01	1.0	0.680862	13.4466	1.24740	770.68	0.96134	3.28	0
2417	11:56:59.94	20.4715	14.01589	22.36	38.11	1.0	0.682248	13.4743	1.24740	770.70	0.96136	3.28	0
2418	11:57:00.24	20.4215	14.02793	22.36	38.11	1.0	0.682836	13.4864	1.24740	770.72	0.96140	3.28	0
2419	11:57:00.54	20.4850	14.01253	22.36	38.24	1.0	0.682092	13.4714	1.24740	770.70	0.96138	3.28	0
2420	11:57:00.84	20.6445	13.97431	22.36	38.24	1.0	0.680232	13.4346	1.24744	770.68	0.96138	3.28	0
2421	11:57:01.15	21.0125	13.88590	22.36	38.33	1.0	0.675930	13.3480	1.24740	770.62	0.96127	3.28	0
2422	11:57:01.45	21.3830	13.79693	22.36	38.33	1.0	0.671598	13.2621	1.24740	770.58	0.96124	3.28	0
2423	11:57:01.74	21.6640	13.72931	22.36	38.43	1.0	0.668310	13.1968	1.24744	770.56	0.96122	3.28	0
2424	11:57:02.04	21.8890	13.67534	22.36	38.43	1.0	0.665688	13.1443	1.24740	770.52	0.96117	3.28	0
2425	11:57:02.34	21.8090	13.69452	22.36	38.50	1.0	0.666624	13.1622	1.24740	770.52	0.96113	3.28	0
2426	11:57:02.64	21.4275	13.78608	22.36	38.50	1.0	0.671082	13.2519	1.24740	770.60	0.96125	3.28	0
2427	11:57:02.95	21.1065	13.86308	22.36	38.60	1.0	0.674832	13.3265	1.24740	770.62	0.96130	3.28	0
2428	11:57:03.25	20.8795	13.91754	22.36	38.60	1.0	0.677484	13.3792	1.24740	770.66	0.96131	3.28	0
2429	11:57:03.54	20.8105	13.93413	22.36	38.63	1.0	0.678288	13.3951	1.24740	770.66	0.96131	3.28	0
2430	11:57:03.84	20.7155	13.95681	22.36	38.63	1.0	0.679398	13.4174	1.24740	770.68	0.96135	3.28	0
2431	11:57:04.14	20.7045	13.95947	22.36	38.67	1.0	0.679524	13.4200	1.24744	770.68	0.96136	3.28	0
2432	11:57:04.44	20.7515	13.94827	22.35	38.67	1.0	0.678978	13.4095	1.24744	770.68	0.96137	3.28	0
2433	11:57:04.74	20.7840	13.94043	22.35	38.70	1.0	0.678600	13.4011	1.24740	770.66	0.96131	3.28	0
2434	11:57:05.04	20.5870	13.98768	22.36	38.70	1.0	0.680898	13.4469	1.24740	770.68	0.96134	3.28	0
2435	11:57:05.34	20.4000	14.03255	22.36	38.77	1.0	0.683088	13.4903	1.24740	770.70	0.96135	3.28	0
2436	11:57:05.64	20.3655	14.04081	22.36	38.77	1.0	0.683490	13.4984	1.24740	770.70	0.96137	3.28	0
2437	11:57:05.94	20.3390	14.04718	22.36	38.80	1.0	0.683802	13.5047	1.24740	770.70	0.96139	3.28	0
2438	11:57:06.24	20.3960	14.03339	22.36	38.80	1.0	0.683130	13.4918	1.24740	770.72	0.96140	3.28	0
2439	11:57:06.54	20.3670	14.04046	22.36	38.83	1.0	0.683478	13.4982	1.24740	770.70	0.96139	3.28	0
2440	11:57:06.84	20.3045	14.05537	22.36	38.83	1.0	0.684204	13.5128	1.24740	770.72	0.96140	3.28	0
2441	11:57:07.14	20.1900	14.08281	22.36	38.90	1.0	0.685542	13.5393	1.24740	770.72	0.96140	3.28	0
2442	11:57:07.44	20.0375	14.11942	22.36	38.90	1.0	0.687324	13.5751	1.24740	770.76	0.96145	3.28	0
2443	11:57:07.74	19.9655	14.13713	22.36	38.97	1.1	0.688188	13.5918	1.24736	770.76	0.96143	3.28	0
2444	11:57:08.04	19.9425	14.14287	22.36	38.97	1.1	0.688470	13.5973	1.24736	770.76	0.96142	3.28	0
2445	11:57:08.34	19.9170	14.14917	22.36	39.00	1.1	0.688776	13.6039	1.24740	770.76	0.96146	3.28	0
2446	11:57:08.64	19.9600	14.13846	22.36	39.00	1.1	0.688254	13.5927	1.24736	770.74	0.96140	3.28	0
2447	11:57:08.94	20.0655	14.11263	22.36	39.03	1.1	0.687000	13.5680	1.24740	770.74	0.96140	3.28	0
2448	11:57:09.24	20.2035	14.07952	22.36	39.03	1.1	0.685386	13.5353	1.24736	770.70	0.96135	3.28	0
2449	11:57:09.54	20.1735	14.08666	22.36	39.07	1.1	0.685734	13.5428	1.24740	770.72	0.96139	3.28	0
2450	11:57:09.84	19.9645	14.13727	22.36	39.07	1.1	0.688200	13.5918	1.24736	770.76	0.96142	3.28	0
2451	11:57:10.14	19.7840	14.18256	22.36	39.10	1.1	0.690402	13.6359	1.24740	770.76	0.96146	3.28	0
2452	11:57:10.44	19.7290	14.19635	22.35	39.10	1.1	0.691074	13.6494	1.24740	770.80	0.96147	3.28	0
2453	11:57:10.74	19.7300	14.19614	22.35	39.13	1.1	0.691062	13.6492	1.24740	770.78	0.96148	3.28	0
2454	11:57:11.04	19.7750	14.18473	22.36	39.13	1.1	0.690516	13.6387	1.24744	770.80	0.96151	3.28	0
2455	11:57:11.34	19.8215	14.17297	22.36	39.17	1.1	0.689940	13.6271	1.24740	770.78	0.96148	3.28	0
2456	11:57:11.64	19.8505	14.16576	22.35	39.17	1.1	0.689586	13.6200	1.24740	770.78	0.96148	3.28	0
2457	11:57:11.94	19.9230	14.14756	22.35	39.20	1.1	0.688704	13.6019	1.24740	770.76	0.96143	3.28	0
2458	11:57:12.24	19.8885	14.15624	22.35	39.20	1.1	0.689124	13.6103	1.24740	770.76	0.96143	3.28	0
2459	11:57:12.54	19.8110	14.17563	22.35	39.23	1.1	0.690072	13.6291	1.24740	770.76	0.96145	3.28	0
2460	11:57:12.84	19.7535	14.18998	22.36	39.23	1.1	0.690774	13.6433	1.24740	770.78	0.96148	3.28	0
2461	11:57:13.14	19.6315	14.22064	22.36	39.27	1.1	0.692268	13.6728	1.24740	770.80	0.96148	3.28	0
2462	11:57:13.44	19.5055	14.25228	22.36	39.27	1.1	0.693804	13.7038	1.24740	770.82	0.96152	3.28	0
2463	11:57:13.74	19.5330	14.24535	22.36	39.27	1.1	0.693468	13.6963	1.24736	770.78	0.96145	3.28	0
2464	11:57:14.04	19.7455	14.19208	22.35	39.27	1.1	0.690876	13.6449	1.24736	770.78	0.96144	3.28	0
2465	11:57:14.34	19.8590	14.16352	22.35	39.33	1.1	0.689484	13.6175	1.24740	770.76	0.96145	3.28	0
2466	11:57:14.64	19.8065	14.17661	22.36	39.33	1.1	0.690126	13.6296	1.24736	770.76	0.96142	3.28	0
2467	11:57:14.94	19.6700	14.21084	22.36	39.36	1.1	0.691794	13.6634	1.24740	770.80	0.96148	3.28	0
2468	11:57:15.24	19.6020	14.22799	22.36	39.36	1.1	0.692628	13.6799	1.24740	770.80	0.96148	3.28	0
2469	11:57:15.54	19.5145	14.24983	22.36	39.36	1.1	0.693690	13.7014	1.24740	770.82	0.96151	3.28	0
2470	11:57:15.84	19.4310	14.27083	22.36	39.36	1.1	0.694716	13.7223	1.24744	770.84	0.96156	3.28	0
2471	11:57:16.14	19.3605	14.28854	22.36	39.36	1.1	0.695574	13.7395	1.24744	770.86	0.96158	3.28	0
2472	11:57:16.44	19.3280	14.29666	22.36	39.36	1.1	0.695970	13.7475	1.24744	770.86	0.96158	3.28	0
2473	11:57:16.74	19.3365	14.29456	22.36	39.39	1.1	0.695868	13.7449	1.24740	770.84	0.96155	3.28	0
2474	11:57:17.04	19.2570	14.31458	22.36	39.39	1.1	0.696846	13.7649	1.24740	770.88	0.96160	3.28	0
2475	11:57:17.34	19.0420	14.36841	22.36	39.43	1.1	0.699468	13.8167	1.24740	770.88	0.96160	3.28	0
2476	11:57:17.65	18.8420	14.41867	22.36	39.43	1.1	0.701916	13.8659	1.24740	770.92	0.96166	3.28	0
2477	11:57:17.94	18.8595	14.41426	22.36	39.43	1.1	0.701700	13.8616	1.24740	770.92	0.96166	3.28	0
2478	11:57:18.24	18.8660	14.41258	22.36	39.43	1.1	0.701616	13.8601	1.24740	770.92	0.96166	3.28	0
2479	11:57:18.54	18.8685	14.41195	22.36	39.46	1.1	0.701586	13.8589	1.24740	770.90	0.96163	3.28	0
2480	11:57:18.84	18.7715	14.43631	22.36	39.46	1.1	0.702774	13.8830	1.24740	770.92	0.96167	3.28	0
2481	11:57:19.14	18.8280	14.42210	22.36	39.49	1.1	0.702084	13.8688	1.24740	770.92	0.96164	3.28	0
2482	11:57:19.44	18.8565	14.41496	22.36	39.49	1.1	0.701736	13.8615	1.24740	770.90	0.96161	3.28	0
2483	11:57:19.74	18.9590	14.38920	22.36	39.52	1.1	0.700482	13.8365	1.24740	770.88	0.96159	3.28	0
2484	11:57:20.04	19.0755	14.35994	22.35	39.52	1.1	0.699060	13.8081	1.24736	770.88	0.96157	3.28	0
2485	11:57:20.34	19.0230	14.37310	22.35	39.56	1.1	0.699702	13.8208	1.24740	770.86	0.96157	3.28	0
2486	11:57:20.64	19.0015	14.37856	22.35	39.56	1.1	0.699966	13.8269	1.24740	770.90	0.96163	3.28	0
2487	11:57:20.94	18.8890	14.40677	22.35	39.56	1.1	0.701340	13.8539	1.24740	770.90	0.96163	3.28	0
2488	11:57:21.24	18.7865	14.43253	22.35	39.56	1.1	0.702594	13.8785	1.24736	770.90	0.96161	3.28	0
2489	11:57:21.54	18.7835	14.43323	22.35	39.59	1.1	0.702630	13.8799	1.24744	770.92	0.96166	3.28	0
2490	11:57:21.84	18.8230	14.42336	22.35	39.59	1.1	0.702144	13.8698	1.24740	770.90	0.96162	3.28	0
2491	11:57:22.14	18.9330	14.39571	22.35	39.62	1.1	0.700800	13.8426	1.24736	770.88	0.96158	3.28	0
2492	11:57:22.44	18.7595	14.43925	22.35	39.62	1.1	0.702924	13.8851	1.24740	770.92	0.96162	3.28	0
2493	11:57:22.74	18.5405	14.49420	22.35	39.62	1.1	0.705594	13.9386	1.24740	770.94	0.96167	3.28	0
2494	11:57:23.04	18.3985	14.52983	22.35	39.62	1.1	0.707334	13.9730	1.24740	770.96	0.96167	3.28	0
2495	11:57:23.34	18.4055	14.52801	22.35	39.69	1.1	0.707244	13.9718	1.24740	770.96	0.96172	3.28	0
2496	11:57:23.64	18.3010	14.55426	22.35	39.69	1.1	0.708522	13.9973	1.24740	770.98	0.96173	3.28	0
2497	11:57:23.94	18.2460	14.56805	22.35	39.69	1.1	0.709194	14.0108	1.24740	771.00	0.96175	3.28	0
2498	11:57:24.24	18.3090	14.55223	22.35	39.69	1.1	0.708426	13.9956	1.24740	771.00	0.96175	3.28	0
2499	11:57:24.54	18.2780	14.56000	22.35	39.72	1.1	0.708804	14.0025	1.24740	770.98	0.96171	3.28	0
2500	11:57:24.84	18.3225	14.54880	22.35	39.72	1.1	0.708258	13.9918	1.24740	770.96	0.96172	3.28	0
2501	11:57:25.14	18.2815	14.55909	22.35	39.76	1.1	0.708762	14.0009	1.24736	770.96	0.96166	3.28	0
2502	11:57:25.44	18.2770	14.56021	22.35	39.76	1.1	0.708816	14.0024	1.24740	770.96	0.96169	3.28	0
2503	11:57:25.74	18.2180	14.57498	22.35	39.79	1.1	0.709536	14.0173	1.24740	771.00	0.96173	3.28	0
2504	11:57:26.04	18.0910	14.60690	22.35	39.79	1.1	0.711090	14.0482	1.24740	771.00	0.96175	3.28	0
2505	11:57:26.34	18.2000	14.57953	22.35	39.83	1.1	0.709758	14.0218	1.24740	771.00	0.96174	3.28	0
2506	11:57:26.64	18.3595	14.53942	22.35	39.83	1.1	0.707808	13.9827	1.24740	770.96	0.96170	3.28	0
2507	11:57:26.94	18.5065	14.50253	22.35	39.83	1.1	0.706014	13.9466	1.24740	770.94	0.96167	3.28	0
2508	11:57:27.24	18.5605	14.48909	22.35	39.83	1.1	0.705354	13.9343	1.24740	770.96	0.96172	3.28	0
2509	11:57:27.54	18.5430	14.49343	22.35	39.86	1.1	0.705570	13.9376	1.24736	770.94	0.96164	3.28	0
2510	11:57:27.84	18.3785	14.53473	22.35	39.86	1.1	0.707580	13.9784	1.24740	770.98	0.96173	3.28	0
2511	11:57:28.14	18.3225	14.54873	22.35	39.86	1.1	0.708264	13.9915	1.24740	770.96	0.96170	3.28	0
2512	11:57:28.44	18.2935	14.55601	22.35	39.86	1.1	0.708612	13.9988	1.24740	770.98	0.96172	3.28	0
2513	11:57:28.74	18.1335	14.59619	22.35	39.86	1.1	0.710568	14.0377	1.24740	771.00	0.96173	3.28	0
2514	11:57:29.04	18.0620	14.61411	22.35	39.86	1.1	0.711444	14.0554	1.24740	771.00	0.96177	3.28	0
2515	11:57:29.34	18.0265	14.62293	22.35	39.89	1.1	0.711876	14.0640	1.24740	771.02	0.96178	3.28	0
2516	11:57:29.64	17.9705	14.63742	22.35	39.89	1.1	0.712578	14.0778	1.24740	771.02	0.96177	3.28	0
2517	11:57:29.94	18.0310	14.62188	22.35	39.89	1.1	0.711822	14.0630	1.24744	771.00	0.96178	3.28	0
2518	11:57:30.24	18.1205	14.59934	22.35	39.89	1.1	0.710724	14.0409	1.24740	771.00	0.96175	3.28	0
2519	11:57:30.54	18.2420	14.56889	22.35	39.92	1.1	0.709248	14.0114	1.24740	770.98	0.96173	3.28	0
2520	11:57:30.84	18.3450	14.54299	22.35	39.92	1.1	0.707982	13.9861	1.24740	770.96	0.96170	3.28	0
2521	11:57:31.14	18.4090	14.52696	22.35	39.92	1.1	0.707202	13.9707	1.24740	770.96	0.96171	3.28	0
2522	11:57:31.44	18.4040	14.52822	22.35	39.92	1.1	0.707268	13.9719	1.24740	770.96	0.96171	3.28	0
2523	11:57:31.74	18.3120	14.55125	22.35	39.96	1.1	0.708390	13.9938	1.24740	770.96	0.96169	3.28	0
2524	11:57:32.04	18.2825	14.55867	22.35	39.96	1.1	0.708750	14.0015	1.24740	770.98	0.96172	3.28	0
2525	11:57:32.34	18.3025	14.55370	22.35	39.96	1.1	0.708504	13.9960	1.24736	770.96	0.96168	3.28	0
2526	11:57:32.64	18.3960	14.53018	22.35	39.96	1.1	0.707364	13.9731	1.24736	770.96	0.96166	3.28	0
2527	11:57:32.94	18.5205	14.49896	22.35	39.96	1.1	0.705840	13.9434	1.24740	770.94	0.96169	3.28	0
2528	11:57:33.24	18.4645	14.51296	22.35	39.96	1.1	0.706524	13.9569	1.24740	770.96	0.96169	3.28	0
2529	11:57:33.54	18.4145	14.52556	22.35	39.96	1.1	0.707136	13.9692	1.24740	770.96	0.96170	3.28	0
2530	11:57:33.84	18.4000	14.52927	22.35	39.96	1.1	0.707316	13.9733	1.24744	770.98	0.96173	3.28	0
2531	11:57:34.14	18.3570	14.53991	22.35	39.96	1.1	0.707838	13.9828	1.24740	770.96	0.96169	3.28	0
2532	11:57:34.44	18.2905	14.55671	22.34	39.96	1.1	0.708648	13.9996	1.24740	770.98	0.96173	3.28	0
2533	11:57:34.74	18.1925	14.58128	22.34	39.96	1.1	0.709848	14.0236	1.24740	771.00	0.96175	3.28	0
2534	11:57:35.04	18.1030	14.60375	22.35	39.96	1.1	0.710940	14.0453	1.24740	771.00	0.96176	3.28	0
2535	11:57:35.34	18.1230	14.59871	22.35	39.92	1.1	0.710694	14.0407	1.24744	771.00	0.96178	3.28	0
2536	11:57:35.64	18.1520	14.59150	22.35	39.92	1.1	0.710346	14.0328	1.24740	770.98	0.96172	3.28	0
2537	11:57:35.94	18.2545	14.56581	22.35	39.92	1.1	0.709092	14.0076	1.24736	770.96	0.96168	3.28	0
2538	11:57:36.24	18.3035	14.55356	22.34	39.92	1.1	0.708498	13.9963	1.24740	770.98	0.96171	3.28	0
2539	11:57:36.54	18.2960	14.55531	22.34	39.96	1.1	0.708582	13.9973	1.24736	770.94	0.96166	3.28	0
2540	11:57:36.84	18.2785	14.55972	22.34	39.96	1.1	0.708798	14.0020	1.24740	770.96	0.96169	3.28	0
2541	11:57:37.14	18.2235	14.57351	22.34	39.96	1.1	0.709470	14.0157	1.24740	770.98	0.96172	3.28	0
2542	11:57:37.44	18.1970	14.58009	22.35	39.96	1.1	0.709794	14.0223	1.24740	771.00	0.96174	3.28	0
2543	11:57:37.74	18.2130	14.57617	22.35	39.96	1.1	0.709602	14.0178	1.24740	770.98	0.96170	3.28	0
2544	11:57:38.04	18.2050	14.57806	22.35	39.96	1.1	0.709692	14.0200	1.24740	770.98	0.96172	3.28	0
2545	11:57:38.34	18.1515	14.59150	22.35	39.96	1.1	0.710346	14.0332	1.24740	770.98	0.96173	3.28	0
2546	11:57:38.64	18.1120	14.60151	22.35	39.96	1.1	0.710832	14.0422	1.24736	770.98	0.96170	3.28	0
2547	11:57:38.94	18.0820	14.60907	22.35	39.96	1.1	0.711204	14.0507	1.24744	771.00	0.96178	3.28	0
2548	11:57:39.24	18.0550	14.61586	22.34	39.96	1.1	0.711534	14.0566	1.24740	771.00	0.96173	3.28	0
2549	11:57:39.54	18.0730	14.61138	22.34	39.96	1.1	0.711312	14.0524	1.24740	771.00	0.96175	3.28	0
2550	11:57:39.84	18.0680	14.61257	22.34	39.96	1.1	0.711372	14.0536	1.24740	771.00	0.96175	3.28	0
2551	11:57:40.14	18.0570	14.61537	22.34	39.96	1.1	0.711510	14.0559	1.24740	770.98	0.96172	3.28	0
2552	11:57:40.44	18.0525	14.61642	22.34	39.96	1.1	0.711558	14.0567	1.24736	771.00	0.96170	3.28	0
2553	11:57:40.74	18.0550	14.61586	22.34	39.99	1.1	0.711528	14.0566	1.24740	771.00	0.96173	3.28	0
2554	11:57:41.04	18.0610	14.61432	22.34	39.99	1.1	0.711456	14.0552	1.24740	771.00	0.96174	3.28	0
2555	11:57:41.34	18.0635	14.61376	22.34	39.99	1.1	0.711426	14.0537	1.24736	770.98	0.96168	3.28	0
2556	11:57:41.64	18.0620	14.61397	22.34	39.99	1.1	0.711438	14.0545	1.24736	770.98	0.96172	3.28	0
2557	11:57:41.94	18.0465	14.61789	22.34	39.99	1.1	0.711630	14.0577	1.24736	770.96	0.96168	3.28	0
2558	11:57:42.24	18.0290	14.62237	22.34	39.99	1.1	0.711846	14.0628	1.24740	771.00	0.96173	3.28	0
2559	11:57:42.54	18.0255	14.62321	22.34	39.99	1.1	0.711888	14.0634	1.24740	770.98	0.96172	3.28	0
2560	11:57:42.84	18.0150	14.62587	22.34	39.99	1.1	0.712014	14.0662	1.24740	771.00	0.96174	3.28	0
2561	11:57:43.14	18.0215	14.62412	22.34	40.06	1.1	0.711936	14.0647	1.24740	771.00	0.96175	3.28	0
2562	11:57:43.44	18.0290	14.62223	22.34	40.06	1.1	0.711846	14.0630	1.24740	771.00	0.96176	3.28	0
2563	11:57:43.74	18.0315	14.62174	22.34	40.06	1.1	0.711822	14.0619	1.24736	771.00	0.96172	3.28	0
2564	11:57:44.04	18.0360	14.62055	22.34	40.06	1.1	0.711762	14.0605	1.24736	770.98	0.96170	3.28	0
2565	11:57:44.34	18.0410	14.61929	22.34	40.06	1.1	0.711702	14.0600	1.24740	771.00	0.96174	3.28	0
2566	11:57:44.64	18.0455	14.61817	22.34	40.06	1.1	0.711648	14.0587	1.24740	770.98	0.96173	3.28	0
2567	11:57:44.94	18.0410	14.61929	22.34	40.09	1.1	0.711702	14.0594	1.24736	770.98	0.96170	3.28	0
2568	11:57:45.24	18.0360	14.62048	22.34	40.09	1.1	0.711762	14.0599	1.24736	770.96	0.96166	3.28	0
2569	11:57:45.54	18.0355	14.62062	22.34	40.09	1.1	0.711768	14.0605	1.24736	770.98	0.96170	3.28	0
2570	11:57:45.84	18.0320	14.62146	22.34	40.09	1.1	0.711810	14.0610	1.24736	770.98	0.96167	3.28	0
2571	11:57:46.14	18.0300	14.62209	22.34	40.09	1.1	0.711840	14.0622	1.24740	770.98	0.96172	3.28	0
2572	11:57:46.44	18.0320	14.62160	22.33	40.09	1.1	0.711810	14.0619	1.24740	770.98	0.96173	3.28	0
2573	11:57:46.74	18.0370	14.62027	22.33	40.09	1.1	0.711750	14.0612	1.24740	771.00	0.96176	3.28	0
2574	11:57:47.04	18.0400	14.61950	22.34	40.09	1.1	0.711714	14.0597	1.24736	770.98	0.96171	3.28	0
2575	11:57:47.34	18.0460	14.61796	22.34	40.09	1.1	0.711636	14.0578	1.24736	770.96	0.96169	3.28	0
2576	11:57:47.64	18.0510	14.61677	22.34	40.09	1.1	0.711582	14.0561	1.24732	770.96	0.96164	3.28	0
2577	11:57:47.94	18.0605	14.61439	22.34	40.09	1.1	0.711462	14.0548	1.24740	770.98	0.96171	3.28	0
2578	11:57:48.24	18.0625	14.61390	22.33	40.09	1.1	0.711438	14.0539	1.24736	770.98	0.96168	3.28	0
2579	11:57:48.54	18.0670	14.61278	22.33	40.12	1.1	0.711384	14.0533	1.24740	770.98	0.96171	3.28	0
2580	11:57:48.84	18.0625	14.61390	22.33	40.12	1.1	0.711438	14.0545	1.24740	770.98	0.96172	3.28	0
2581	11:57:49.14	18.0525	14.61635	22.33	40.12	1.1	0.711558	14.0566	1.24740	770.98	0.96170	3.28	0
2582	11:57:49.44	18.0435	14.61866	22.33	40.12	1.1	0.711666	14.0589	1.24740	770.98	0.96172	3.28	0
2583	11:57:49.74	18.0360	14.62055	22.33	40.12	1.1	0.711762	14.0610	1.24740	770.98	0.96173	3.28	0
2584	11:57:50.04	18.0330	14.62132	22.33	40.12	1.1	0.711798	14.0611	1.24736	770.98	0.96169	3.28	0
2585	11:57:50.34	18.0345	14.62090	22.33	40.12	1.1	0.711780	14.0610	1.24736	770.98	0.96171	3.28	0
2586	11:57:50.64	18.0360	14.62048	22.33	40.12	1.1	0.711756	14.0605	1.24736	770.98	0.96170	3.28	0
2587	11:57:50.94	18.0400	14.61957	22.33	40.12	1.1	0.711714	14.0598	1.24740	770.98	0.96172	3.28	0
2588	11:57:51.25	18.0425	14.61894	22.33	40.12	1.1	0.711684	14.0595	1.24740	771.00	0.96173	3.28	0
2589	11:57:51.54	18.0435	14.61866	22.33	40.12	1.1	0.711672	14.0590	1.24740	770.98	0.96172	3.28	0
2590	11:57:51.84	18.0440	14.61852	22.33	40.12	1.1	0.711666	14.0593	1.24740	771.00	0.96175	3.28	0
2591	11:57:52.14	18.0415	14.61915	22.33	40.12	1.1	0.711690	14.0601	1.24740	771.00	0.96176	3.28	0
2592	11:57:52.44	18.0370	14.62027	22.33	40.12	1.1	0.711750	14.0605	1.24736	770.98	0.96171	3.28	0
2593	11:57:52.74	18.0380	14.61999	22.33	40.12	1.1	0.711732	14.0601	1.24736	770.98	0.96170	3.28	0
2594	11:57:53.04	18.0370	14.62027	22.33	40.12	1.1	0.711750	14.0602	1.24736	770.98	0.96169	3.28	0
2595	11:57:53.34	18.0380	14.62006	22.33	40.12	1.1	0.711738	14.0603	1.24740	770.98	0.96171	3.28	0
2596	11:57:53.64	18.0355	14.62069	22.33	40.12	1.1	0.711768	14.0607	1.24736	770.98	0.96170	3.28	0
2597	11:57:53.94	18.0340	14.62104	22.33	40.12	1.1	0.711786	14.0613	1.24740	770.98	0.96172	3.28	0
2598	11:57:54.24	18.0325	14.62139	22.33	40.12	1.1	0.711804	14.0619	1.24740	771.00	0.96174	3.28	0
2599	11:57:54.54	18.0355	14.62062	22.33	40.12	1.1	0.711762	14.0616	1.24744	771.00	0.96176	3.28	0
2600	11:57:54.84	18.0340	14.62104	22.33	40.12	1.1	0.711786	14.0611	1.24736	770.98	0.96170	3.28	0
2601	11:57:55.14	18.0315	14.62160	22.33	40.16	1.1	0.711816	14.0614	1.24736	770.98	0.96169	3.28	0
2602	11:57:55.44	18.0350	14.62069	22.33	40.16	1.1	0.711768	14.0602	1.24736	770.96	0.96167	3.28	0
2603	11:57:55.74	18.0350	14.62069	22.33	40.16	1.1	0.711774	14.0606	1.24736	770.98	0.96169	3.28	0
2604	11:57:56.04	18.0370	14.62020	22.33	40.16	1.1	0.711744	14.0610	1.24740	771.00	0.96176	3.28	0
2605	11:57:56.34	18.0345	14.62090	22.33	40.16	1.1	0.711780	14.0607	1.24736	770.98	0.96168	3.28	0
2606	11:57:56.64	18.0365	14.62041	22.33	40.16	1.1	0.711756	14.0608	1.24740	770.98	0.96173	3.28	0
2607	11:57:56.94	18.0350	14.62076	22.33	40.16	1.1	0.711774	14.0606	1.24736	770.98	0.96169	3.28	0
2608	11:57:57.24	18.0360	14.62055	22.33	40.16	1.1	0.711762	14.0609	1.24740	770.98	0.96172	3.28	0
2609	11:57:57.54	18.0360	14.62055	22.33	40.16	1.1	0.711762	14.0605	1.24736	770.98	0.96169	3.28	0
2610	11:57:57.84	18.0390	14.61978	22.33	40.16	1.1	0.711726	14.0601	1.24740	770.98	0.96172	3.28	0
2611	11:57:58.14	18.0340	14.62104	22.33	40.16	1.1	0.711786	14.0605	1.24736	770.96	0.96166	3.28	0
2612	11:57:58.44	18.0345	14.62083	22.33	40.16	1.1	0.711780	14.0606	1.24736	770.98	0.96168	3.28	0
2613	11:57:58.74	18.0320	14.62146	22.33	40.16	1.1	0.711810	14.0617	1.24736	770.98	0.96171	3.28	0
2614	11:57:59.04	18.0300	14.62202	22.33	40.16	1.1	0.711834	14.0623	1.24740	770.98	0.96172	3.28	0
2615	11:57:59.34	18.0300	14.62195	22.33	40.16	1.1	0.711834	14.0618	1.24736	770.98	0.96169	3.28	0
2616	11:57:59.64	18.0295	14.62209	22.33	40.16	1.1	0.711840	14.0626	1.24740	771.00	0.96174	3.28	0
2617	11:57:59.94	18.0265	14.62286	22.33	40.16	1.1	0.711876	14.0626	1.24736	770.98	0.96169	3.28	0
2618	11:58:00.24	18.0245	14.62342	22.32	40.16	1.1	0.711900	14.0628	1.24736	770.96	0.96167	3.28	0
2619	11:58:00.54	18.0300	14.62209	22.32	40.16	1.1	0.711834	14.0620	1.24736	770.98	0.96169	3.28	0
2620	11:58:00.84	18.0305	14.62195	22.32	40.16	1.1	0.711828	14.0624	1.24740	771.00	0.96173	3.28	0
2621	11:58:01.14	18.0260	14.62307	22.32	40.16	1.1	0.711882	14.0629	1.24736	770.98	0.96169	3.28	0
2622	11:58:01.44	18.0300	14.62209	22.32	40.16	1.1	0.711834	14.0627	1.24740	771.00	0.96175	3.28	0
2623	11:58:01.74	18.0285	14.62251	22.32	40.16	1.1	0.711858	14.0625	1.24736	770.98	0.96170	3.28	0
2624	11:58:02.04	18.0265	14.62300	22.32	40.16	1.1	0.711876	14.0630	1.24740	770.98	0.96170	3.28	0
2625	11:58:02.34	18.0260	14.62307	22.32	40.16	1.1	0.711882	14.0629	1.24736	770.98	0.96169	3.28	0
2626	11:58:02.64	18.0270	14.62279	22.32	40.16	1.1	0.711870	14.0626	1.24740	770.96	0.96169	3.28	0
2627	11:58:02.94	18.0270	14.62279	22.32	40.16	1.1	0.711870	14.0634	1.24740	771.00	0.96175	3.28	0
2628	11:58:03.24	18.0230	14.62377	22.32	40.16	1.1	0.711918	14.0636	1.24736	770.98	0.96169	3.28	0
2629	11:58:03.54	18.0230	14.62384	22.32	40.16	1.1	0.711924	14.0633	1.24736	770.98	0.96167	3.28	0
2630	11:58:03.84	18.0235	14.62370	22.32	40.16	1.1	0.711912	14.0633	1.24736	770.98	0.96168	3.28	0
2631	11:58:04.14	18.0230	14.62384	22.32	40.16	1.1	0.711924	14.0640	1.24736	770.98	0.96171	3.28	0
2632	11:58:04.44	18.0195	14.62468	22.32	40.16	1.1	0.711960	14.0643	1.24736	770.98	0.96169	3.28	0
2633	11:58:04.74	18.0220	14.62398	22.32	40.16	1.1	0.711930	14.0638	1.24740	770.96	0.96169	3.28	0
2634	11:58:05.04	18.0230	14.62384	22.32	40.16	1.1	0.711918	14.0640	1.24740	770.98	0.96172	3.28	0
2635	11:58:05.34	18.0220	14.62405	22.32	40.16	1.1	0.711930	14.0642	1.24740	770.98	0.96172	3.28	0
2636	11:58:05.64	18.0180	14.62510	22.32	40.16	1.1	0.711984	14.0646	1.24736	770.96	0.96168	3.28	0
2637	11:58:05.94	18.0195	14.62468	22.32	40.16	1.1	0.711966	14.0643	1.24736	770.98	0.96168	3.28	0
2638	11:58:06.24	18.0190	14.62482	22.32	40.16	1.1	0.711972	14.0648	1.24740	770.98	0.96171	3.28	0
2639	11:58:06.54	18.0195	14.62468	22.32	40.19	1.1	0.711960	14.0650	1.24740	770.98	0.96173	3.28	0
2640	11:58:06.84	18.0175	14.62517	22.32	40.19	1.1	0.711990	14.0650	1.24740	770.98	0.96170	3.28	0
2641	11:58:07.14	18.0210	14.62426	22.32	40.19	1.1	0.711942	14.0647	1.24740	771.00	0.96173	3.28	0
2642	11:58:07.44	18.0190	14.62475	22.32	40.19	1.1	0.711966	14.0650	1.24740	771.00	0.96172	3.28	0
2643	11:58:07.74	18.0195	14.62461	22.32	40.19	1.1	0.711960	14.0645	1.24736	770.98	0.96170	3.28	0
2644	11:58:08.04	18.0180	14.62503	22.32	40.19	1.1	0.711984	14.0647	1.24740	770.96	0.96169	3.28	0
2645	11:58:08.34	18.0185	14.62489	22.32	40.19	1.1	0.711972	14.0646	1.24736	770.98	0.96169	3.28	0
2646	11:58:08.64	18.0210	14.62433	22.32	40.19	1.1	0.711948	14.0645	1.24740	770.98	0.96172	3.28	0
2647	11:58:08.94	18.0160	14.62552	22.32	40.19	1.1	0.712002	14.0651	1.24736	770.96	0.96168	3.28	0
2648	11:58:09.24	18.0175	14.62510	22.32	40.19	1.1	0.711984	14.0650	1.24736	770.98	0.96170	3.28	0
2649	11:58:09.54	18.0165	14.62538	22.32	40.19	1.1	0.711996	14.0652	1.24736	770.98	0.96170	3.28	0
2650	11:58:09.84	18.0175	14.62517	22.32	40.19	1.1	0.711990	14.0654	1.24740	770.98	0.96173	3.28	0
2651	11:58:10.14	18.0170	14.62524	22.32	40.19	1.1	0.711990	14.0657	1.24740	771.00	0.96173	3.28	0
2652	11:58:10.44	18.0180	14.62496	22.32	40.19	1.1	0.711978	14.0652	1.24740	770.98	0.96172	3.28	0
2653	11:58:10.74	18.0165	14.62538	22.32	40.19	1.1	0.711996	14.0658	1.24740	771.00	0.96174	3.28	0
2654	11:58:11.04	18.0150	14.62587	22.32	40.19	1.1	0.712020	14.0660	1.24740	770.98	0.96172	3.28	0
2655	11:58:11.34	18.0175	14.62517	22.32	40.19	1.1	0.711984	14.0652	1.24740	770.98	0.96172	3.28	0
2656	11:58:11.64	18.0165	14.62538	22.32	40.19	1.1	0.711996	14.0657	1.24740	770.98	0.96173	3.28	0
2657	11:58:11.94	18.0155	14.62566	22.32	40.19	1.1	0.712014	14.0661	1.24740	771.00	0.96174	3.28	0
2658	11:58:12.24	18.0165	14.62545	22.32	40.19	1.1	0.712002	14.0659	1.24740	771.00	0.96174	3.28	0
2659	11:58:12.54	18.0135	14.62615	22.32	40.19	1.1	0.712038	14.0662	1.24740	770.98	0.96172	3.28	0
2660	11:58:12.84	18.0130	14.62629	22.32	40.19	1.1	0.712044	14.0666	1.24740	771.00	0.96174	3.28	0
2661	11:58:13.14	18.0125	14.62636	22.32	40.19	1.1	0.712044	14.0663	1.24736	770.98	0.96170	3.28	0
2662	11:58:13.44	18.0120	14.62650	22.32	40.19	1.1	0.712050	14.0664	1.24740	770.98	0.96171	3.28	0
2663	11:58:13.74	18.0100	14.62706	22.32	40.19	1.1	0.712080	14.0665	1.24736	770.96	0.96167	3.28	0
2664	11:58:14.04	18.0105	14.62699	22.32	40.19	1.1	0.712074	14.0668	1.24740	770.98	0.96170	3.28	0
2665	11:58:14.34	18.0125	14.62636	22.32	40.19	1.1	0.712044	14.0667	1.24740	771.00	0.96174	3.28	0
2666	11:58:14.67	18.0115	14.62664	22.32	40.19	1.1	0.712062	14.0666	1.24740	770.98	0.96171	3.28	0
2667	11:58:14.94	18.0140	14.62608	22.32	40.19	1.1	0.712032	14.0664	1.24740	770.98	0.96173	3.28	0
2668	11:58:15.24	18.0110	14.62685	22.32	40.19	1.1	0.712068	14.0668	1.24740	770.98	0.96171	3.28	0
2669	11:58:15.54	18.0105	14.62692	22.32	40.19	1.1	0.712074	14.0668	1.24740	770.98	0.96170	3.28	0
2670	11:58:15.84	18.0120	14.62657	22.32	40.19	1.1	0.712056	14.0670	1.24740	771.00	0.96175	3.28	0
2671	11:58:16.14	18.0095	14.62713	22.32	40.19	1.1	0.712080	14.0666	1.24736	770.96	0.96168	3.28	0
2672	11:58:16.44	18.0105	14.62692	22.32	40.19	1.1	0.712074	14.0664	1.24736	770.96	0.96168	3.28	0
2673	11:58:16.74	18.0075	14.62762	22.32	40.19	1.1	0.712104	14.0665	1.24732	770.96	0.96164	3.28	0
2674	11:58:17.04	18.0090	14.62734	22.32	40.19	1.1	0.712092	14.0662	1.24736	770.96	0.96164	3.28	0
2675	11:58:17.34	18.0110	14.62685	22.32	40.19	1.1	0.712068	14.0662	1.24736	770.96	0.96167	3.28	0
2676	11:58:17.64	18.0085	14.62741	22.32	40.19	1.1	0.712098	14.0666	1.24736	770.96	0.96166	3.28	0
2677	11:58:17.94	18.0070	14.62776	22.32	40.19	1.1	0.712116	14.0670	1.24736	770.96	0.96167	3.28	0
2678	11:58:18.24	18.0100	14.62706	22.32	40.19	1.1	0.712080	14.0666	1.24740	770.96	0.96168	3.28	0
2679	11:58:18.54	18.0080	14.62755	22.32	40.19	1.1	0.712104	14.0668	1.24736	770.96	0.96167	3.28	0
2680	11:58:18.84	18.0090	14.62734	22.32	40.19	1.1	0.712092	14.0675	1.24740	770.98	0.96173	3.28	0
2681	11:58:19.14	18.0070	14.62783	22.32	40.19	1.1	0.712116	14.0669	1.24736	770.96	0.96165	3.28	0
2682	11:58:19.44	18.0085	14.62741	22.32	40.19	1.1	0.712098	14.0672	1.24740	770.98	0.96170	3.28	0
2683	11:58:19.74	18.0065	14.62797	22.32	40.19	1.1	0.712122	14.0672	1.24736	770.96	0.96167	3.28	0
2684	11:58:20.04	18.0075	14.62776	22.31	40.19	1.1	0.712110	14.0677	1.24740	770.98	0.96172	3.28	0
2685	11:58:20.34	18.0055	14.62818	22.31	40.19	1.1	0.712134	14.0678	1.24736	770.98	0.96169	3.28	0
2686	11:58:20.64	18.0070	14.62783	22.32	40.19	1.1	0.712116	14.0674	1.24736	770.98	0.96169	3.28	0
2687	11:58:20.94	18.0070	14.62783	22.32	40.19	1.1	0.712116	14.0675	1.24740	770.98	0.96170	3.28	0
2688	11:58:21.24	18.0060	14.62818	22.31	40.19	1.1	0.712128	14.0681	1.24740	770.98	0.96172	3.28	0
2689	11:58:21.54	18.0050	14.62839	22.31	40.19	1.1	0.712140	14.0680	1.24740	770.96	0.96169	3.28	0
2690	11:58:21.84	18.0070	14.62783	22.32	40.19	1.1	0.712116	14.0677	1.24740	770.98	0.96171	3.28	0
2691	11:58:22.14	18.0070	14.62783	22.32	40.19	1.1	0.712116	14.0679	1.24740	770.98	0.96172	3.28	0
2692	11:58:22.44	18.0020	14.62902	22.32	40.19	1.1	0.712176	14.0685	1.24736	770.96	0.96168	3.28	0
2693	11:58:22.74	18.0035	14.62867	22.32	40.19	1.1	0.712158	14.0687	1.24740	770.98	0.96172	3.28	0
2694	11:58:23.04	18.0020	14.62909	22.32	40.19	1.1	0.712176	14.0682	1.24736	770.96	0.96166	3.28	0
2695	11:58:23.34	18.0035	14.62867	22.32	40.22	1.1	0.712158	14.0690	1.24740	770.98	0.96174	3.28	0
2696	11:58:23.64	18.0050	14.62839	22.31	40.22	1.1	0.712140	14.0687	1.24740	771.00	0.96174	3.28	0
2697	11:58:23.94	18.0050	14.62839	22.31	40.19	1.1	0.712140	14.0685	1.24740	770.98	0.96173	3.28	0
2698	11:58:24.24	18.0040	14.62860	22.31	40.19	1.1	0.712152	14.0687	1.24740	770.98	0.96172	3.28	0
2699	11:58:24.54	18.0020	14.62916	22.31	40.19	1.1	0.712176	14.0685	1.24736	770.98	0.96167	3.28	0
2700	11:58:24.84	18.0035	14.62874	22.31	40.19	1.1	0.712158	14.0684	1.24736	770.98	0.96169	3.28	0
2701	11:58:25.14	18.0025	14.62888	22.31	40.22	1.1	0.712170	14.0686	1.24736	770.98	0.96170	3.28	0
2702	11:58:25.44	18.0030	14.62874	22.32	40.22	1.1	0.712164	14.0691	1.24740	770.98	0.96174	3.28	0
2703	11:58:25.74	18.0040	14.62853	22.32	40.22	1.1	0.712152	14.0687	1.24740	770.98	0.96173	3.28	0
2704	11:58:26.04	18.0020	14.62909	22.32	40.22	1.1	0.712176	14.0683	1.24740	770.96	0.96167	3.28	0
2705	11:58:26.34	18.0025	14.62888	22.32	40.22	1.1	0.712170	14.0690	1.24740	771.00	0.96173	3.28	0
2706	11:58:26.64	18.0025	14.62902	22.31	40.22	1.1	0.712170	14.0689	1.24740	770.98	0.96172	3.28	0
2707	11:58:26.94	18.0010	14.62937	22.31	40.22	1.1	0.712188	14.0691	1.24740	770.98	0.96170	3.28	0
2708	11:58:27.24	18.0035	14.62867	22.31	40.22	1.1	0.712158	14.0685	1.24740	770.98	0.96170	3.28	0
2709	11:58:27.54	18.0025	14.62895	22.31	40.22	1.1	0.712170	14.0685	1.24736	770.96	0.96169	3.28	0
2710	11:58:27.84	17.9995	14.62965	22.32	40.22	1.1	0.712206	14.0690	1.24736	770.96	0.96168	3.28	0
2711	11:58:28.14	17.9995	14.62965	22.32	40.22	1.1	0.712206	14.0691	1.24736	770.98	0.96169	3.28	0
2712	11:58:28.44	17.9990	14.62986	22.31	40.22	1.1	0.712212	14.0692	1.24736	770.98	0.96168	3.28	0
2713	11:58:28.74	17.9995	14.62972	22.31	40.22	1.1	0.712206	14.0696	1.24740	770.98	0.96172	3.28	0
2714	11:58:29.04	17.9970	14.63035	22.32	40.22	1.1	0.712242	14.0697	1.24736	770.96	0.96168	3.28	0
2715	11:58:29.34	17.9980	14.63000	22.32	40.22	1.1	0.712224	14.0703	1.24740	771.00	0.96175	3.28	0
2716	11:58:29.64	18.0015	14.62916	22.32	40.22	1.1	0.712182	14.0692	1.24740	770.98	0.96173	3.28	0
2717	11:58:29.94	17.9965	14.63049	22.32	40.22	1.1	0.712248	14.0698	1.24736	770.96	0.96168	3.28	0
2718	11:58:30.24	17.9970	14.63042	22.31	40.22	1.1	0.712242	14.0695	1.24736	770.96	0.96166	3.28	0
2719	11:58:30.54	17.9965	14.63056	22.31	40.22	1.1	0.712248	14.0699	1.24736	770.96	0.96168	3.28	0
2720	11:58:30.84	17.9970	14.63042	22.31	40.22	1.1	0.712242	14.0701	1.24740	770.98	0.96171	3.28	0
2721	11:58:31.14	17.9980	14.63007	22.31	40.22	1.1	0.712224	14.0703	1.24740	770.98	0.96173	3.28	0
2722	11:58:31.44	17.9975	14.63021	22.32	40.22	1.1	0.712236	14.0696	1.24736	770.96	0.96168	3.28	0
2723	11:58:31.74	17.9980	14.63007	22.32	40.22	1.1	0.712224	14.0699	1.24740	770.98	0.96171	3.28	0
2724	11:58:32.04	17.9990	14.62986	22.31	40.22	1.1	0.712212	14.0696	1.24740	770.98	0.96171	3.28	0
2725	11:58:32.34	17.9965	14.63049	22.31	40.22	1.1	0.712242	14.0699	1.24736	770.96	0.96168	3.28	0
2726	11:58:32.64	17.9970	14.63035	22.31	40.22	1.1	0.712236	14.0699	1.24740	770.96	0.96169	3.28	0
2727	11:58:32.94	17.9950	14.63091	22.31	40.22	1.1	0.712266	14.0705	1.24740	770.96	0.96170	3.28	0
2728	11:58:33.24	17.9945	14.63098	22.31	40.22	1.1	0.712272	14.0705	1.24736	770.98	0.96169	3.28	0
2729	11:58:33.54	17.9965	14.63049	22.31	40.22	1.1	0.712248	14.0703	1.24740	770.98	0.96172	3.28	0
2730	11:58:33.87	17.9940	14.63112	22.31	40.22	1.1	0.712278	14.0707	1.24736	770.98	0.96169	3.28	0
2731	11:58:34.14	17.9935	14.63133	22.31	40.26	1.1	0.712284	14.0708	1.24736	770.98	0.96169	3.28	0
2732	11:58:34.44	17.9945	14.63098	22.31	40.26	1.1	0.712266	14.0708	1.24740	770.98	0.96171	3.28	0
2733	11:58:34.74	17.9940	14.63112	22.31	40.26	1.1	0.712278	14.0707	1.24740	770.98	0.96170	3.28	0
2734	11:58:35.04	17.9930	14.63140	22.31	40.26	1.1	0.712290	14.0710	1.24740	770.98	0.96170	3.28	0
2735	11:58:35.34	17.9910	14.63189	22.31	40.26	1.1	0.712314	14.0711	1.24736	770.96	0.96167	3.28	0
2736	11:58:35.64	17.9935	14.63112	22.32	40.26	1.1	0.712284	14.0708	1.24740	770.96	0.96170	3.28	0
2737	11:58:35.94	17.9930	14.63140	22.32	40.26	1.1	0.712296	14.0705	1.24736	770.96	0.96166	3.28	0
2738	11:58:36.24	17.9955	14.63070	22.31	40.26	1.1	0.712254	14.0703	1.24740	770.96	0.96170	3.28	0
2739	11:58:36.54	17.9950	14.63084	22.31	40.26	1.1	0.712260	14.0706	1.24740	770.98	0.96171	3.28	0
2740	11:58:36.84	17.9900	14.63210	22.32	40.26	1.1	0.712326	14.0711	1.24736	770.96	0.96166	3.28	0
2741	11:58:37.14	17.9930	14.63126	22.32	40.26	1.1	0.712290	14.0708	1.24740	770.96	0.96169	3.28	0
2742	11:58:37.44	17.9940	14.63119	22.31	40.26	1.1	0.712278	14.0713	1.24740	771.00	0.96173	3.28	0
2743	11:58:37.74	17.9920	14.63168	22.31	40.26	1.1	0.712302	14.0708	1.24736	770.96	0.96166	3.28	0
2744	11:58:38.04	17.9910	14.63182	22.32	40.26	1.1	0.712314	14.0713	1.24740	770.96	0.96169	3.28	0
2745	11:58:38.34	17.9925	14.63147	22.32	40.26	1.1	0.712296	14.0712	1.24740	770.98	0.96170	3.28	0
2746	11:58:38.64	17.9905	14.63203	22.31	40.26	1.1	0.712320	14.0720	1.24740	770.98	0.96172	3.28	0
2747	11:58:38.94	17.9900	14.63217	22.31	40.26	1.1	0.712326	14.0720	1.24740	770.98	0.96172	3.28	0
2748	11:58:39.24	17.9905	14.63203	22.31	40.26	1.1	0.712320	14.0717	1.24740	770.98	0.96171	3.28	0
2749	11:58:39.54	17.9915	14.63182	22.31	40.26	1.1	0.712308	14.0720	1.24740	770.98	0.96174	3.28	0
2750	11:58:39.84	17.9910	14.63196	22.31	40.26	1.1	0.712320	14.0718	1.24740	770.98	0.96172	3.28	0
2751	11:58:40.14	17.9875	14.63280	22.31	40.26	1.1	0.712362	14.0728	1.24740	770.98	0.96173	3.28	0
2752	11:58:40.44	17.9895	14.63231	22.31	40.26	1.1	0.712332	14.0717	1.24736	770.98	0.96169	3.28	0
2753	11:58:40.74	17.9890	14.63252	22.31	40.26	1.1	0.712344	14.0726	1.24740	771.00	0.96173	3.28	0
2754	11:58:41.04	17.9890	14.63252	22.31	40.26	1.1	0.712344	14.0724	1.24740	770.98	0.96173	3.28	0
2755	11:58:41.34	17.9895	14.63231	22.31	40.26	1.1	0.712338	14.0721	1.24740	770.98	0.96172	3.28	0
2756	11:58:41.64	17.9890	14.63245	22.31	40.26	1.1	0.712344	14.0722	1.24736	770.98	0.96171	3.28	0
2757	11:58:41.94	17.9900	14.63224	22.31	40.26	1.1	0.712332	14.0726	1.24740	771.00	0.96175	3.28	0
2758	11:58:42.24	17.9880	14.63273	22.31	40.26	1.1	0.712356	14.0728	1.24740	771.00	0.96173	3.28	0
2759	11:58:42.54	17.9880	14.63273	22.31	40.26	1.1	0.712356	14.0729	1.24740	771.00	0.96173	3.28	0
2760	11:58:42.84	17.9900	14.63224	22.31	40.26	1.1	0.712332	14.0726	1.24740	771.00	0.96175	3.28	0
2761	11:58:43.14	17.9870	14.63294	22.31	40.26	1.1	0.712368	14.0726	1.24740	770.98	0.96170	3.28	0
2762	11:58:43.44	17.9860	14.63329	22.31	40.26	1.1	0.712380	14.0727	1.24736	770.98	0.96169	3.28	0
2763	11:58:43.74	17.9845	14.63364	22.31	40.26	1.1	0.712398	14.0729	1.24736	770.96	0.96168	3.28	0
2764	11:58:44.04	17.9870	14.63294	22.31	40.26	1.1	0.712368	14.0727	1.24740	770.98	0.96172	3.28	0
2765	11:58:44.34	17.9840	14.63371	22.31	40.26	1.1	0.712404	14.0733	1.24740	770.98	0.96170	3.28	0
2766	11:58:44.64	17.9840	14.63371	22.31	40.26	1.1	0.712404	14.0731	1.24736	770.98	0.96169	3.28	0
2767	11:58:44.94	17.9850	14.63350	22.31	40.26	1.1	0.712392	14.0739	1.24744	771.00	0.96176	3.28	0
2768	11:58:45.24	17.9850	14.63350	22.31	40.26	1.1	0.712392	14.0732	1.24740	770.98	0.96171	3.28	0
2769	11:58:45.54	17.9850	14.63350	22.31	40.29	1.1	0.712392	14.0731	1.24740	770.98	0.96171	3.28	0
2770	11:58:45.84	17.9830	14.63399	22.32	40.29	1.1	0.712422	14.0735	1.24736	770.98	0.96170	3.28	0
2771	11:58:46.14	17.9825	14.63406	22.32	40.26	1.1	0.712422	14.0736	1.24736	770.98	0.96170	3.28	0
2772	11:58:46.44	17.9815	14.63441	22.31	40.26	1.1	0.712434	14.0734	1.24736	770.96	0.96167	3.28	0
2773	11:58:46.74	17.9830	14.63399	22.31	40.26	1.1	0.712416	14.0738	1.24740	770.98	0.96172	3.28	0
2774	11:58:47.04	17.9805	14.63462	22.31	40.26	1.1	0.712446	14.0740	1.24736	770.98	0.96169	3.28	0
2775	11:58:47.34	17.9815	14.63434	22.31	40.29	1.1	0.712434	14.0737	1.24736	770.98	0.96169	3.28	0
2776	11:58:47.64	17.9825	14.63413	22.31	40.29	1.1	0.712422	14.0736	1.24736	770.98	0.96170	3.28	0
2777	11:58:47.94	17.9825	14.63413	22.31	40.29	1.1	0.712428	14.0738	1.24740	770.98	0.96171	3.28	0
2778	11:58:48.24	17.9800	14.63483	22.31	40.29	1.1	0.712458	14.0743	1.24736	770.98	0.96170	3.28	0
2779	11:58:48.54	17.9810	14.63448	22.31	40.29	1.1	0.712440	14.0741	1.24740	770.98	0.96171	3.28	0
2780	11:58:48.84	17.9810	14.63455	22.31	40.29	1.1	0.712446	14.0743	1.24740	770.98	0.96172	3.28	0
2781	11:58:49.14	17.9820	14.63420	22.31	40.29	1.1	0.712428	14.0745	1.24740	771.00	0.96175	3.28	0
2782	11:58:49.44	17.9820	14.63434	22.31	40.29	1.1	0.712434	14.0743	1.24740	770.98	0.96174	3.28	0
2783	11:58:49.74	17.9815	14.63434	22.31	40.29	1.1	0.712434	14.0742	1.24740	770.98	0.96172	3.28	0
2784	11:58:50.04	17.9790	14.63504	22.31	40.29	1.1	0.712470	14.0746	1.24740	770.98	0.96170	3.28	0
2785	11:58:50.34	17.9785	14.63518	22.31	40.29	1.1	0.712476	14.0747	1.24740	770.98	0.96170	3.28	0
2786	11:58:50.64	17.9790	14.63504	22.31	40.29	1.1	0.712470	14.0748	1.24740	770.98	0.96172	3.28	0
2787	11:58:50.94	17.9795	14.63483	22.31	40.29	1.1	0.712458	14.0750	1.24740	771.00	0.96175	3.28	0
2788	11:58:51.24	17.9795	14.63490	22.31	40.29	1.1	0.712464	14.0744	1.24740	770.98	0.96170	3.28	0
2789	11:58:51.54	17.9795	14.63490	22.31	40.29	1.1	0.712464	14.0747	1.24740	770.98	0.96172	3.28	0
2790	11:58:51.84	17.9770	14.63560	22.31	40.29	1.1	0.712494	14.0749	1.24740	770.96	0.96169	3.28	0
2791	11:58:52.14	17.9775	14.63553	22.31	40.29	1.1	0.712494	14.0748	1.24736	770.98	0.96169	3.28	0
2792	11:58:52.44	17.9770	14.63553	22.31	40.29	1.1	0.712494	14.0750	1.24740	770.98	0.96170	3.28	0
2793	11:58:52.74	17.9765	14.63574	22.31	40.29	1.1	0.712506	14.0750	1.24736	770.96	0.96168	3.28	0
2794	11:58:53.04	17.9795	14.63490	22.31	40.29	1.1	0.712458	14.0750	1.24740	771.00	0.96175	3.28	0
2795	11:58:53.34	17.9755	14.63602	22.31	40.29	1.1	0.712518	14.0753	1.24736	770.96	0.96169	3.28	0
2796	11:58:53.64	17.9760	14.63588	22.31	40.29	1.1	0.712512	14.0755	1.24740	770.98	0.96171	3.28	0
2797	11:58:53.94	17.9760	14.63581	22.31	40.29	1.1	0.712506	14.0752	1.24740	770.98	0.96170	3.28	0
2798	11:58:54.24	17.9740	14.63630	22.31	40.29	1.1	0.712530	14.0755	1.24736	770.96	0.96169	3.28	0
2799	11:58:54.54	17.9770	14.63553	22.31	40.29	1.1	0.712494	14.0752	1.24740	770.98	0.96172	3.28	0
2800	11:58:54.84	17.9770	14.63553	22.31	40.29	1.1	0.712494	14.0759	1.24744	771.00	0.96176	3.28	0
2801	11:58:55.14	17.9755	14.63595	22.31	40.29	1.1	0.712512	14.0755	1.24740	770.98	0.96171	3.28	0
2802	11:58:55.44	17.9725	14.63672	22.31	40.29	1.1	0.712548	14.0756	1.24736	770.96	0.96166	3.28	0
2803	11:58:55.74	17.9750	14.63602	22.31	40.29	1.1	0.712518	14.0752	1.24736	770.98	0.96168	3.28	0
2804	11:58:56.04	17.9745	14.63616	22.31	40.29	1.1	0.712524	14.0757	1.24736	770.98	0.96171	3.28	0
2805	11:58:56.34	17.9720	14.63693	22.31	40.29	1.1	0.712560	14.0759	1.24736	770.96	0.96167	3.28	0
2806	11:58:56.64	17.9720	14.63693	22.31	40.29	1.1	0.712560	14.0757	1.24736	770.96	0.96166	3.28	0
2807	11:58:56.94	17.9725	14.63672	22.31	40.29	1.1	0.712554	14.0759	1.24736	770.98	0.96168	3.28	0
2808	11:58:57.24	17.9735	14.63644	22.31	40.29	1.1	0.712536	14.0762	1.24740	770.98	0.96172	3.28	0
2809	11:58:57.54	17.9705	14.63721	22.31	40.29	1.1	0.712578	14.0765	1.24740	770.96	0.96169	3.28	0
2810	11:58:57.84	17.9720	14.63686	22.31	40.29	1.1	0.712560	14.0764	1.24740	770.98	0.96172	3.28	0
2811	11:58:58.14	17.9725	14.63672	22.31	40.29	1.1	0.712554	14.0762	1.24740	770.98	0.96170	3.28	0
2812	11:58:58.44	17.9725	14.63679	22.31	40.29	1.1	0.712554	14.0764	1.24740	770.98	0.96171	3.28	0
2813	11:58:58.74	17.9725	14.63679	22.31	40.29	1.1	0.712554	14.0762	1.24736	770.98	0.96169	3.28	0
2814	11:58:59.04	17.9745	14.63630	22.31	40.29	1.1	0.712530	14.0757	1.24736	770.98	0.96170	3.28	0
2815	11:58:59.34	17.9715	14.63707	22.31	40.29	1.1	0.712566	14.0766	1.24740	770.98	0.96171	3.28	0
2816	11:58:59.64	17.9705	14.63721	22.31	40.29	1.1	0.712578	14.0762	1.24736	770.96	0.96167	3.28	0
2817	11:58:59.94	17.9720	14.63693	22.31	40.32	1.1	0.712560	14.0765	1.24740	770.98	0.96172	3.28	0
2818	11:59:00.24	17.9705	14.63728	22.31	40.32	1.1	0.712578	14.0769	1.24740	770.98	0.96172	3.28	0
2819	11:59:00.54	17.9695	14.63749	22.31	40.29	1.1	0.712590	14.0766	1.24736	770.98	0.96168	3.28	0
2820	11:59:00.84	17.9700	14.63742	22.31	40.29	1.1	0.712584	14.0764	1.24736	770.96	0.96167	3.28	0
2821	11:59:01.14	17.9695	14.63749	22.31	40.32	1.1	0.712590	14.0766	1.24736	770.96	0.96168	3.28	0
2822	11:59:01.44	17.9695	14.63756	22.31	40.32	1.1	0.712590	14.0766	1.24736	770.96	0.96168	3.28	0
2823	11:59:01.74	17.9725	14.63672	22.31	40.32	1.1	0.712554	14.0759	1.24736	770.96	0.96168	3.28	0
2824	11:59:02.04	17.9705	14.63728	22.31	40.32	1.1	0.712578	14.0766	1.24740	770.96	0.96169	3.28	0
2825	11:59:02.34	17.9705	14.63728	22.31	40.32	1.1	0.712578	14.0765	1.24736	770.96	0.96169	3.28	0
2826	11:59:02.64	17.9700	14.63742	22.31	40.32	1.1	0.712584	14.0769	1.24740	770.98	0.96170	3.28	0
2827	11:59:02.94	17.9680	14.63791	22.31	40.32	1.1	0.712608	14.0773	1.24740	770.98	0.96170	3.28	0
2828	11:59:03.24	17.9685	14.63777	22.31	40.32	1.1	0.712602	14.0776	1.24740	771.00	0.96173	3.28	0
2829	11:59:03.54	17.9680	14.63791	22.31	40.32	1.1	0.712608	14.0776	1.24740	770.98	0.96173	3.28	0
2830	11:59:03.84	17.9660	14.63847	22.31	40.32	1.1	0.712638	14.0778	1.24740	770.96	0.96170	3.28	0
2831	11:59:04.14	17.9645	14.63889	22.31	40.32	1.1	0.712656	14.0777	1.24736	770.96	0.96166	3.28	0
2832	11:59:04.44	17.9675	14.63805	22.31	40.32	1.1	0.712614	14.0775	1.24740	770.98	0.96170	3.28	0
2833	11:59:04.74	17.9655	14.63854	22.31	40.32	1.1	0.712638	14.0778	1.24740	770.96	0.96170	3.28	0
2834	11:59:05.04	17.9675	14.63812	22.31	40.32	1.1	0.712620	14.0776	1.24740	770.98	0.96171	3.28	0
2835	11:59:05.34	17.9675	14.63812	22.31	40.32	1.1	0.712620	14.0766	1.24736	770.94	0.96164	3.28	0
2836	11:59:05.64	17.9650	14.63868	22.31	40.32	1.1	0.712644	14.0772	1.24736	770.94	0.96164	3.28	0
2837	11:59:05.94	17.9650	14.63868	22.31	40.32	1.1	0.712650	14.0778	1.24736	770.96	0.96169	3.28	0
2838	11:59:06.24	17.9650	14.63875	22.31	40.32	1.1	0.712650	14.0779	1.24736	770.96	0.96169	3.28	0
2839	11:59:06.54	17.9660	14.63840	22.31	40.32	1.1	0.712632	14.0778	1.24740	770.98	0.96170	3.28	0
2840	11:59:06.84	17.9645	14.63889	22.31	40.32	1.1	0.712656	14.0782	1.24740	770.96	0.96170	3.28	0
2841	11:59:07.14	17.9635	14.63910	22.31	40.32	1.1	0.712668	14.0786	1.24740	770.98	0.96172	3.28	0
2842	11:59:07.44	17.9620	14.63952	22.31	40.32	1.1	0.712692	14.0787	1.24736	770.98	0.96169	3.28	0
2843	11:59:07.74	17.9635	14.63917	22.31	40.32	1.1	0.712668	14.0780	1.24736	770.96	0.96167	3.28	0
2844	11:59:08.04	17.9645	14.63889	22.31	40.32	1.1	0.712656	14.0778	1.24736	770.96	0.96167	3.28	0
2845	11:59:08.34	17.9675	14.63805	22.31	40.32	1.1	0.712614	14.0777	1.24740	770.98	0.96172	3.28	0
2846	11:59:08.64	17.9625	14.63931	22.31	40.32	1.1	0.712680	14.0783	1.24740	770.96	0.96168	3.28	0
2847	11:59:08.94	17.9615	14.63966	22.31	40.32	1.1	0.712698	14.0785	1.24736	770.96	0.96167	3.28	0
2848	11:59:09.24	17.9620	14.63945	22.31	40.32	1.1	0.712686	14.0787	1.24736	770.98	0.96170	3.28	0
2849	11:59:09.54	17.9615	14.63966	22.31	40.32	1.1	0.712692	14.0785	1.24736	770.96	0.96167	3.28	0
2850	11:59:09.84	17.9615	14.63966	22.31	40.32	1.1	0.712698	14.0785	1.24736	770.96	0.96167	3.28	0
2851	11:59:10.14	17.9625	14.63938	22.31	40.32	1.1	0.712680	14.0790	1.24740	770.98	0.96172	3.28	0
2852	11:59:10.44	17.9635	14.63910	22.31	40.32	1.1	0.712668	14.0794	1.24744	771.00	0.96177	3.28	0
2853	11:59:10.74	17.9605	14.63980	22.31	40.32	1.1	0.712704	14.0789	1.24740	770.96	0.96169	3.28	0
2854	11:59:11.04	17.9615	14.63966	22.31	40.32	1.1	0.712698	14.0792	1.24740	770.98	0.96172	3.28	0
2855	11:59:11.34	17.9580	14.64050	22.31	40.36	1.1	0.712734	14.0794	1.24736	770.96	0.96168	3.28	0
2856	11:59:11.64	17.9605	14.63987	22.31	40.36	1.1	0.712704	14.0798	1.24740	771.00	0.96175	3.28	0
2857	11:59:11.94	17.9585	14.64029	22.31	40.36	1.1	0.712728	14.0795	1.24740	770.96	0.96169	3.28	0
2858	11:59:12.24	17.9620	14.63945	22.31	40.36	1.1	0.712686	14.0790	1.24740	770.98	0.96172	3.28	0
2859	11:59:12.54	17.9620	14.63945	22.31	40.32	1.1	0.712686	14.0792	1.24740	770.98	0.96173	3.28	0
2860	11:59:12.84	17.9585	14.64043	22.31	40.32	1.1	0.712734	14.0798	1.24740	770.98	0.96171	3.28	0
2861	11:59:13.14	17.9595	14.64008	22.31	40.36	1.1	0.712716	14.0796	1.24740	770.98	0.96172	3.28	0
2862	11:59:13.44	17.9610	14.63973	22.31	40.36	1.1	0.712698	14.0796	1.24740	770.98	0.96174	3.28	0
2863	11:59:13.74	17.9590	14.64022	22.31	40.36	1.1	0.712722	14.0797	1.24740	770.98	0.96172	3.28	0
2864	11:59:14.04	17.9580	14.64057	22.31	40.36	1.1	0.712740	14.0801	1.24740	770.98	0.96172	3.28	0
2865	11:59:14.34	17.9595	14.64015	22.31	40.36	1.1	0.712722	14.0797	1.24740	770.98	0.96172	3.28	0
2866	11:59:14.64	17.9555	14.64113	22.31	40.36	1.1	0.712770	14.0804	1.24740	770.98	0.96170	3.28	0
2867	11:59:14.94	17.9560	14.64099	22.31	40.36	1.1	0.712758	14.0797	1.24736	770.96	0.96166	3.28	0
2868	11:59:15.24	17.9585	14.64043	22.31	40.36	1.1	0.712734	14.0801	1.24740	770.98	0.96173	3.28	0
2869	11:59:15.54	17.9565	14.64092	22.31	40.36	1.1	0.712758	14.0799	1.24736	770.96	0.96168	3.28	0
2870	11:59:15.84	17.9550	14.64134	22.31	40.36	1.1	0.712776	14.0807	1.24740	770.98	0.96171	3.28	0
2871	11:59:16.14	17.9575	14.64057	22.31	40.36	1.1	0.712740	14.0804	1.24740	770.98	0.96174	3.28	0
2872	11:59:16.44	17.9570	14.64085	22.31	40.36	1.1	0.712752	14.0800	1.24740	770.96	0.96169	3.28	0
2873	11:59:16.74	17.9550	14.64120	22.31	40.36	1.1	0.712776	14.0807	1.24740	770.98	0.96172	3.28	0
2874	11:59:17.04	17.9555	14.64120	22.31	40.36	1.1	0.712770	14.0807	1.24740	770.98	0.96172	3.28	0
2875	11:59:17.34	17.9575	14.64064	22.31	40.36	1.1	0.712746	14.0804	1.24740	770.98	0.96173	3.28	0
2876	11:59:17.64	17.9560	14.64106	22.31	40.36	1.1	0.712764	14.0806	1.24740	770.98	0.96172	3.28	0
2877	11:59:17.94	17.9555	14.64120	22.31	40.36	1.1	0.712770	14.0804	1.24740	770.96	0.96170	3.28	0
2878	11:59:18.24	17.9550	14.64127	22.31	40.36	1.1	0.712776	14.0806	1.24740	770.98	0.96171	3.28	0
2879	11:59:18.54	17.9540	14.64148	22.31	40.36	1.1	0.712788	14.0808	1.24736	770.98	0.96170	3.28	0
2880	11:59:18.84	17.9530	14.64176	22.31	40.36	1.1	0.712800	14.0806	1.24736	770.96	0.96167	3.28	0
2881	11:59:19.14	17.9560	14.64106	22.31	40.36	1.1	0.712764	14.0814	1.24744	771.00	0.96178	3.28	0
2882	11:59:19.44	17.9540	14.64162	22.31	40.36	1.1	0.712794	14.0810	1.24740	770.98	0.96171	3.28	0
2883	11:59:19.74	17.9515	14.64218	22.31	40.36	1.1	0.712818	14.0813	1.24736	770.98	0.96169	3.28	0
2884	11:59:20.04	17.9525	14.64190	22.31	40.36	1.1	0.712806	14.0817	1.24740	771.00	0.96173	3.28	0
2885	11:59:20.34	17.9535	14.64176	22.31	40.36	1.1	0.712800	14.0813	1.24740	770.98	0.96172	3.28	0
2886	11:59:20.64	17.9535	14.64176	22.31	40.36	1.1	0.712800	14.0815	1.24740	770.98	0.96174	3.28	0
2887	11:59:20.94	17.9525	14.64190	22.31	40.36	1.1	0.712806	14.0816	1.24740	770.98	0.96173	3.28	0
2888	11:59:21.24	17.9520	14.64204	22.31	40.36	1.1	0.712812	14.0819	1.24740	770.98	0.96175	3.28	0
2889	11:59:21.54	17.9505	14.64246	22.31	40.36	1.1	0.712836	14.0819	1.24740	770.98	0.96172	3.28	0
2890	11:59:21.84	17.9500	14.64253	22.31	40.36	1.1	0.712836	14.0818	1.24740	770.98	0.96170	3.28	0
2891	11:59:22.14	17.9520	14.64211	22.31	40.36	1.1	0.712818	14.0813	1.24740	770.96	0.96170	3.28	0
2892	11:59:22.44	17.9510	14.64239	22.31	40.36	1.1	0.712830	14.0820	1.24740	770.98	0.96173	3.28	0
2893	11:59:22.74	17.9495	14.64274	22.31	40.36	1.1	0.712848	14.0823	1.24740	771.00	0.96173	3.28	0
2894	11:59:23.04	17.9485	14.64302	22.31	40.36	1.1	0.712860	14.0825	1.24740	771.00	0.96172	3.28	0
2895	11:59:23.34	17.9475	14.64330	22.31	40.36	1.1	0.712872	14.0831	1.24740	771.00	0.96174	3.28	0
2896	11:59:23.64	17.9485	14.64302	22.31	40.36	1.1	0.712860	14.0827	1.24740	770.98	0.96173	3.28	0
2897	11:59:23.94	17.9520	14.64204	22.31	40.36	1.1	0.712812	14.0826	1.24744	771.02	0.96179	3.28	0
2898	11:59:24.24	17.9480	14.64309	22.31	40.36	1.1	0.712866	14.0829	1.24740	771.00	0.96174	3.28	0
2899	11:59:24.54	17.9480	14.64309	22.31	40.36	1.1	0.712866	14.0830	1.24740	771.00	0.96175	3.28	0
2900	11:59:24.84	17.9470	14.64344	22.31	40.36	1.1	0.712884	14.0836	1.24744	771.00	0.96176	3.28	0
2901	11:59:25.14	17.9475	14.64330	22.31	40.36	1.1	0.712872	14.0825	1.24740	770.98	0.96170	3.28	0
2902	11:59:25.44	17.9495	14.64274	22.31	40.36	1.1	0.712848	14.0829	1.24740	771.00	0.96177	3.28	0
2903	11:59:25.74	17.9475	14.64330	22.31	40.36	1.1	0.712872	14.0827	1.24740	770.98	0.96172	3.28	0
2904	11:59:26.04	17.9490	14.64281	22.31	40.36	1.1	0.712848	14.0827	1.24740	771.00	0.96175	3.28	0
2905	11:59:26.34	17.9460	14.64365	22.31	40.36	1.1	0.712890	14.0829	1.24740	770.98	0.96171	3.28	0
2906	11:59:26.64	17.9465	14.64351	22.31	40.36	1.1	0.712884	14.0829	1.24740	770.98	0.96172	3.28	0
2907	11:59:26.94	17.9455	14.64372	22.31	40.36	1.1	0.712896	14.0834	1.24740	770.98	0.96173	3.28	0
2908	11:59:27.24	17.9470	14.64337	22.31	40.36	1.1	0.712878	14.0832	1.24740	770.98	0.96174	3.28	0
2909	11:59:27.54	17.9460	14.64365	22.31	40.36	1.1	0.712890	14.0832	1.24740	770.98	0.96172	3.28	0
2910	11:59:27.84	17.9445	14.64407	22.31	40.36	1.1	0.712914	14.0836	1.24740	770.98	0.96173	3.28	0
2911	11:59:28.14	17.9455	14.64379	22.31	40.36	1.1	0.712896	14.0836	1.24740	771.00	0.96175	3.28	0
2912	11:59:28.44	17.9455	14.64372	22.31	40.36	1.1	0.712896	14.0837	1.24740	771.00	0.96176	3.28	0
2913	11:59:28.74	17.9440	14.64414	22.31	40.36	1.1	0.712914	14.0839	1.24740	770.98	0.96174	3.28	0
2914	11:59:29.04	17.9470	14.64337	22.31	40.36	1.1	0.712878	14.0834	1.24740	771.00	0.96176	3.28	0
2915	11:59:29.34	17.9460	14.64365	22.31	40.36	1.1	0.712890	14.0836	1.24740	771.00	0.96175	3.28	0
2916	11:59:29.64	17.9440	14.64421	22.31	40.36	1.1	0.712920	14.0836	1.24740	770.98	0.96172	3.28	0
2917	11:59:29.94	17.9420	14.64477	22.31	40.36	1.1	0.712944	14.0843	1.24740	770.98	0.96173	3.28	0
2918	11:59:30.24	17.9455	14.64386	22.31	40.36	1.1	0.712902	14.0836	1.24740	771.00	0.96175	3.28	0
2919	11:59:30.54	17.9420	14.64470	22.31	40.36	1.1	0.712944	14.0843	1.24740	771.00	0.96173	3.28	0
2920	11:59:30.84	17.9430	14.64442	22.31	40.36	1.1	0.712926	14.0834	1.24740	770.96	0.96169	3.28	0
2921	11:59:31.14	17.9465	14.64344	22.31	40.42	1.1	0.712884	14.0842	1.24744	771.02	0.96181	3.28	0
2922	11:59:31.44	17.9425	14.64456	22.31	40.42	1.1	0.712938	14.0842	1.24740	771.00	0.96173	3.28	0
2923	11:59:31.74	17.9405	14.64505	22.31	40.36	1.1	0.712962	14.0842	1.24740	770.98	0.96170	3.28	0
2924	11:59:32.04	17.9410	14.64491	22.31	40.36	1.1	0.712956	14.0845	1.24740	770.98	0.96173	3.28	0
2925	11:59:32.34	17.9405	14.64505	22.31	40.42	1.1	0.712962	14.0847	1.24740	771.00	0.96174	3.28	0
2926	11:59:32.64	17.9400	14.64519	22.31	40.42	1.1	0.712968	14.0847	1.24740	771.00	0.96173	3.28	0
2927	11:59:32.96	17.9400	14.64519	22.31	40.42	1.1	0.712968	14.0846	1.24740	770.98	0.96172	3.28	0
2928	11:59:33.24	17.9400	14.64519	22.31	40.42	1.1	0.712968	14.0850	1.24744	771.00	0.96175	3.28	0
2929	11:59:33.54	17.9385	14.64554	22.31	40.42	1.1	0.712986	14.0848	1.24740	770.98	0.96172	3.28	0
2930	11:59:33.84	17.9390	14.64547	22.31	40.42	1.1	0.712980	14.0848	1.24740	770.98	0.96172	3.28	0
2931	11:59:34.14	17.9390	14.64547	22.31	40.42	1.1	0.712980	14.0845	1.24740	770.98	0.96170	3.28	0
2932	11:59:34.44	17.9425	14.64456	22.31	40.42	1.1	0.712938	14.0843	1.24740	771.00	0.96175	3.28	0
2933	11:59:34.74	17.9120	14.65247	22.31	40.42	1.1	0.713322	14.0918	1.24740	771.00	0.96174	3.28	0
2934	11:59:35.04	16.0605	15.13869	22.31	40.42	1.1	0.736992	14.5653	1.24736	771.32	0.96213	3.28	0
2935	11:59:35.34	9.9615	16.94245	22.31	40.42	1.1	0.824808	16.3205	1.24736	772.26	0.96329	3.28	0
2936	11:59:35.64	4.7830	18.67082	22.31	40.42	1.1	0.908946	18.0046	1.24740	773.06	0.96432	3.28	0
2937	11:59:35.94	2.2325	19.63241	22.31	40.42	1.1	0.955764	18.9410	1.24736	773.46	0.96478	3.28	0
2938	11:59:36.24	1.1865	20.05059	22.31	40.42	1.1	0.976116	19.3497	1.24740	773.64	0.96505	3.28	0
2939	11:59:36.54	0.7130	20.25387	22.31	40.59	1.1	0.986028	19.5480	1.24736	773.74	0.96515	3.28	0
2940	11:59:36.84	0.4265	20.37196	22.31	40.59	1.1	0.991776	19.6630	1.24736	773.78	0.96520	3.28	0
2941	11:59:37.14	0.2720	20.43391	22.31	40.95	1.1	0.994812	19.7231	1.24736	773.82	0.96521	3.28	0
2942	11:59:37.44	0.1630	20.47675	22.31	40.95	1.1	0.996900	19.7654	1.24736	773.84	0.96526	3.28	0
2943	11:59:37.74	0.1040	20.49936	22.31	41.35	1.1	0.998022	19.7878	1.24740	773.84	0.96529	3.28	0
2944	11:59:38.04	0.0785	20.50937	22.31	41.35	1.1	0.998508	19.7982	1.24740	773.86	0.96532	3.28	0
2945	11:59:38.34	0.0625	20.51497	22.31	41.74	1.1	0.998808	19.8036	1.24740	773.86	0.96532	3.28	0
2946	11:59:38.64	0.0565	20.51735	22.31	41.74	1.1	0.998922	19.8056	1.24740	773.86	0.96531	3.28	0
2947	11:59:38.94	0.0535	20.51819	22.31	42.07	1.1	0.998988	19.8070	1.24740	773.88	0.96534	3.28	0
2948	11:59:39.24	0.0500	20.51952	22.31	42.07	1.1	0.999048	19.8072	1.24740	773.84	0.96529	3.28	0
2949	11:59:39.54	0.0480	20.51980	22.31	42.44	1.1	0.999084	19.8077	1.24740	773.86	0.96530	3.28	0
2950	11:59:39.84	0.0470	20.52015	22.31	42.44	1.1	0.999102	19.8074	1.24736	773.84	0.96527	3.28	0
2951	11:59:40.14	0.0460	20.52029	22.31	42.67	1.1	0.999120	19.8067	1.24732	773.84	0.96523	3.28	0
2952	11:59:40.44	0.0470	20.51994	22.31	42.67	1.1	0.999108	19.8068	1.24736	773.84	0.96524	3.28	0
2953	11:59:40.74	0.0455	20.52015	22.31	42.93	1.2	0.999132	19.8075	1.24736	773.86	0.96527	3.28	0
2954	11:59:41.04	0.0480	20.51931	22.31	42.93	1.2	0.999090	19.8068	1.24736	773.86	0.96528	3.28	0
2955	11:59:41.34	0.0435	20.52071	22.31	43.13	1.2	0.999168	19.8077	1.24736	773.84	0.96526	3.28	0
2956	11:59:41.64	0.0450	20.52008	22.32	43.13	1.2	0.999144	19.8071	1.24736	773.84	0.96526	3.28	0
2957	11:59:41.94	0.0425	20.52071	22.32	43.36	1.2	0.999192	19.8076	1.24736	773.84	0.96526	3.28	0
2958	11:59:42.24	0.0440	20.52029	22.31	43.36	1.2	0.999168	19.8073	1.24736	773.84	0.96526	3.28	0
2959	11:59:42.54	0.0415	20.52092	22.31	43.49	1.2	0.999204	19.8074	1.24736	773.82	0.96523	3.28	0
2960	11:59:42.84	0.0435	20.52029	22.31	43.49	1.2	0.999174	19.8077	1.24736	773.84	0.96527	3.28	0
2961	11:59:43.14	0.0420	20.52071	22.31	43.66	1.2	0.999204	19.8080	1.24736	773.86	0.96527	3.28	0
2962	11:59:43.44	0.0410	20.52106	22.31	43.66	1.2	0.999222	19.8085	1.24736	773.86	0.96527	3.28	0
2963	11:59:43.74	0.0415	20.52071	22.31	43.80	1.2	0.999210	19.8080	1.24736	773.84	0.96527	3.28	0
2964	11:59:44.04	0.0420	20.52043	22.31	43.80	1.2	0.999198	19.8082	1.24736	773.86	0.96529	3.28	0
2965	11:59:44.34	0.0450	20.51924	22.31	43.89	1.2	0.999144	19.8078	1.24740	773.88	0.96533	3.28	0
2966	11:59:44.64	0.0425	20.52008	22.31	43.89	1.2	0.999186	19.8082	1.24736	773.88	0.96531	3.28	0
2967	11:59:44.94	0.0425	20.52001	22.31	44.00	1.2	0.999192	19.8077	1.24740	773.84	0.96529	3.28	0
2968	11:59:45.24	0.0410	20.52050	22.31	44.00	1.2	0.999216	19.8079	1.24736	773.86	0.96527	3.28	0
2969	11:59:45.54	0.0425	20.51980	22.31	44.09	1.2	0.999186	19.8080	1.24740	773.88	0.96532	3.28	0
2970	11:59:45.84	0.0415	20.52029	22.31	44.09	1.2	0.999210	19.8071	1.24736	773.84	0.96524	3.28	0
2971	11:59:46.14	0.0420	20.52008	22.31	44.13	1.2	0.999204	19.8081	1.24740	773.86	0.96530	3.28	0
2972	11:59:46.44	0.0430	20.51973	22.31	44.13	1.2	0.999186	19.8077	1.24736	773.86	0.96530	3.28	0
2973	11:59:46.74	0.0400	20.52078	22.31	44.16	1.2	0.999240	19.8074	1.24732	773.84	0.96524	3.28	0
2974	11:59:47.04	0.0410	20.52036	22.31	44.16	1.2	0.999216	19.8077	1.24736	773.84	0.96527	3.28	0
2975	11:59:47.34	0.0410	20.52022	22.31	44.22	1.2	0.999216	19.8071	1.24736	773.84	0.96524	3.28	0
2976	11:59:47.64	0.0400	20.52078	22.31	44.22	1.2	0.999240	19.8073	1.24736	773.84	0.96523	3.28	0
2977	11:59:47.94	0.0405	20.52036	22.31	44.25	1.2	0.999228	19.8078	1.24736	773.84	0.96527	3.28	0
2978	11:59:48.24	0.0395	20.52078	22.31	44.25	1.2	0.999246	19.8077	1.24736	773.84	0.96525	3.28	0
2979	11:59:48.53	0.0380	20.52141	22.31	44.29	1.2	0.999276	19.8082	1.24732	773.84	0.96524	3.28	0
2980	11:59:48.84	0.0415	20.51994	22.31	44.29	1.2	0.999210	19.8075	1.24736	773.86	0.96528	3.28	0
2981	11:59:49.14	0.0390	20.52099	22.31	44.38	1.2	0.999264	19.8081	1.24736	773.84	0.96526	3.28	0
2982	11:59:49.44	0.0395	20.52064	22.31	44.38	1.2	0.999246	19.8082	1.24736	773.86	0.96528	3.28	0
2983	11:59:49.74	0.0390	20.52092	22.31	44.38	1.2	0.999258	19.8081	1.24736	773.84	0.96527	3.28	0
2984	11:59:50.04	0.0400	20.52043	22.31	44.38	1.2	0.999234	19.8080	1.24736	773.86	0.96529	3.28	0
2985	11:59:50.33	0.0405	20.52036	22.31	44.42	1.2	0.999234	19.8082	1.24736	773.86	0.96530	3.28	0
2986	11:59:50.64	0.0405	20.52036	22.31	44.42	1.2	0.999234	19.8082	1.24736	773.86	0.96529	3.28	0
2987	11:59:50.94	0.0395	20.52071	22.31	44.42	1.2	0.999252	19.8078	1.24736	773.84	0.96526	3.28	0
2988	11:59:51.24	0.0405	20.52029	22.31	44.42	1.2	0.999228	19.8080	1.24740	773.84	0.96529	3.28	0
2989	11:59:51.54	0.0390	20.52085	22.31	44.45	1.2	0.999258	19.8078	1.24736	773.84	0.96525	3.28	0
2990	11:59:51.84	0.0390	20.52085	22.31	44.45	1.2	0.999258	19.8079	1.24736	773.84	0.96526	3.28	0
2991	11:59:52.14	0.0395	20.52057	22.31	44.45	1.2	0.999246	19.8074	1.24732	773.84	0.96524	3.28	0
2992	11:59:52.44	0.0410	20.52008	22.31	44.45	1.2	0.999222	19.8078	1.24736	773.86	0.96529	3.28	0
2993	11:59:52.74	0.0405	20.52029	22.31	44.45	1.2	0.999234	19.8083	1.24740	773.86	0.96530	3.28	0
2994	11:59:53.04	0.0390	20.52078	22.31	44.45	1.2	0.999258	19.8082	1.24736	773.86	0.96527	3.28	0
2995	11:59:53.34	0.0395	20.52057	22.31	44.48	1.2	0.999246	19.8079	1.24736	773.84	0.96527	3.28	0
2996	11:59:53.64	0.0400	20.52043	22.31	44.48	1.2	0.999240	19.8082	1.24736	773.86	0.96529	3.28	0
2997	11:59:53.94	0.0405	20.52022	22.31	44.48	1.2	0.999234	19.8080	1.24736	773.86	0.96529	3.28	0
2998	11:59:54.24	0.0400	20.52043	22.31	44.48	1.2	0.999240	19.8080	1.24736	773.86	0.96528	3.28	0
2999	11:59:54.53	0.0390	20.52064	22.31	44.48	1.2	0.999252	19.8081	1.24736	773.86	0.96527	3.28	0
3000	11:59:54.84	0.0380	20.52113	22.31	44.48	1.2	0.999276	19.8087	1.24736	773.86	0.96529	3.28	0
3001	11:59:55.14	0.0395	20.52043	22.31	44.52	1.2	0.999246	19.8083	1.24736	773.86	0.96530	3.28	0
3002	11:59:55.43	0.0380	20.52113	22.31	44.52	1.2	0.999276	19.8091	1.24740	773.86	0.96530	3.28	0
3003	11:59:55.74	0.0400	20.52022	22.31	44.52	1.2	0.999234	19.8087	1.24740	773.88	0.96532	3.28	0
3004	11:59:56.04	0.0360	20.52197	22.31	44.52	1.2	0.999318	19.8090	1.24736	773.84	0.96526	3.28	0
3005	11:59:56.33	0.0380	20.52113	22.31	44.52	1.2	0.999276	19.8096	1.24740	773.88	0.96533	3.28	0
3006	11:59:56.64	0.0400	20.52022	22.31	44.52	1.2	0.999234	19.8076	1.24736	773.86	0.96527	3.28	0
3007	11:59:56.93	0.0380	20.52120	22.31	44.52	1.2	0.999282	19.8086	1.24736	773.86	0.96527	3.28	0
3008	11:59:57.24	0.0385	20.52092	22.31	44.52	1.2	0.999264	19.8080	1.24736	773.84	0.96526	3.28	0
3009	11:59:57.54	0.0395	20.52050	22.31	44.52	1.2	0.999246	19.8085	1.24736	773.86	0.96530	3.28	0
3010	11:59:57.84	0.0370	20.52155	22.31	44.52	1.2	0.999300	19.8080	1.24736	773.84	0.96523	3.28	0
3011	11:59:58.13	0.0375	20.52127	22.31	44.52	1.2	0.999282	19.8080	1.24736	773.84	0.96524	3.28	0
3012	11:59:58.43	0.0380	20.52113	22.31	44.52	1.2	0.999276	19.8076	1.24732	773.84	0.96523	3.28	0
3013	11:59:58.73	0.0360	20.52190	22.31	44.52	1.2	0.999318	19.8083	1.24732	773.84	0.96523	3.28	0
3014	11:59:59.04	0.0380	20.52113	22.31	44.52	1.2	0.999276	19.8083	1.24736	773.84	0.96526	3.28	0
3015	11:59:59.34	0.0370	20.52148	22.31	44.52	1.2	0.999294	19.8078	1.24732	773.84	0.96523	3.28	0
3016	11:59:59.64	0.0390	20.52064	22.31	44.52	1.2	0.999252	19.8086	1.24736	773.86	0.96530	3.28	0
3017	11:59:59.93	0.0380	20.52113	22.31	44.52	1.2	0.999276	19.8080	1.24736	773.84	0.96525	3.28	0
3018	12:00:00.24	0.0390	20.52078	22.31	44.52	1.2	0.999258	19.8075	1.24736	773.84	0.96524	3.28	0
3019	12:00:00.54	0.0395	20.52050	22.31	44.52	1.2	0.999246	19.8082	1.24736	773.86	0.96529	3.28	0
3020	12:00:00.83	0.0395	20.52057	22.31	44.52	1.2	0.999252	19.8080	1.24736	773.84	0.96527	3.28	0
3021	12:00:01.13	0.0385	20.52085	22.31	44.52	1.2	0.999264	19.8079	1.24736	773.84	0.96526	3.28	0
3022	12:00:01.44	0.0385	20.52085	22.31	44.52	1.2	0.999264	19.8079	1.24736	773.84	0.96526	3.28	0
3023	12:00:01.73	0.0370	20.52155	22.31	44.52	1.2	0.999300	19.8079	1.24732	773.84	0.96523	3.28	0
3024	12:00:02.04	0.0385	20.52099	22.31	44.52	1.2	0.999270	19.8076	1.24736	773.84	0.96524	3.28	0
