1434	17:31:31.05	0.0400	20.53191	21.95	37.63	1.0	0.999240	19.8049	1.24712	773.44	0.96459	3.28	0
1435	17:31:31.36	0.0400	20.53184	21.95	37.63	1.0	0.999240	19.8038	1.24712	773.42	0.96454	3.28	0
1436	17:31:31.82	0.0375	20.53268	21.95	37.70	1.0	0.999282	19.8041	1.24708	773.42	0.96452	3.28	0
1437	17:31:32.16	0.0405	20.53156	21.95	37.70	1.0	0.999228	19.8045	1.24716	773.44	0.96459	3.28	0
1438	17:31:32.47	0.0390	20.53219	21.95	37.73	1.0	0.999258	19.8045	1.24712	773.42	0.96456	3.28	0
1439	17:31:32.60	0.0410	20.53135	21.95	37.73	1.0	0.999222	19.8047	1.24716	773.44	0.96461	3.28	0
1440	17:31:32.86	0.0385	20.53240	21.95	37.73	1.0	0.999270	19.8045	1.24712	773.42	0.96455	3.28	0
1441	17:31:33.16	0.0395	20.53191	21.95	37.73	1.0	0.999246	19.8052	1.24716	773.44	0.96461	3.28	0
1442	17:31:33.45	0.0380	20.53254	21.95	37.77	1.0	0.999282	19.8050	1.24712	773.44	0.96457	3.28	0
1443	17:31:33.75	0.0385	20.53226	21.95	37.77	1.0	0.999264	19.8043	1.24712	773.42	0.96454	3.28	0
1444	17:31:34.05	0.0385	20.53233	21.95	37.77	1.0	0.999270	19.8051	1.24712	773.44	0.96458	3.28	0
1445	17:31:34.35	0.0390	20.53205	21.95	37.77	1.0	0.999258	19.8045	1.24712	773.44	0.96457	3.28	0
1446	17:31:34.65	0.0385	20.53226	21.95	37.77	1.0	0.999264	19.8052	1.24716	773.44	0.96460	3.28	0
1447	17:31:34.95	0.0400	20.53163	21.95	37.77	1.0	0.999234	19.8043	1.24712	773.44	0.96457	3.28	0
1448	17:31:35.25	0.0390	20.53205	21.95	37.77	1.0	0.999258	19.8040	1.24712	773.42	0.96454	3.28	0
1449	17:31:35.55	0.0400	20.53163	21.95	37.77	1.0	0.999234	19.8040	1.24712	773.44	0.96456	3.28	0
1450	17:31:35.85	0.0420	20.53100	21.95	37.77	1.0	0.999204	19.8043	1.24716	773.44	0.96460	3.28	0
1451	17:31:36.15	0.0395	20.53198	21.95	37.77	1.0	0.999252	19.8038	1.24712	773.42	0.96454	3.28	0
1452	17:31:36.45	0.0375	20.53261	21.95	37.83	1.0	0.999288	19.8045	1.24712	773.42	0.96454	3.28	0
1453	17:31:36.75	0.0380	20.53240	21.95	37.83	1.0	0.999276	19.8040	1.24708	773.42	0.96452	3.28	0
1454	17:31:37.05	0.0400	20.53163	21.95	37.83	1.0	0.999240	19.8039	1.24712	773.42	0.96455	3.28	0
1455	17:31:37.35	0.0375	20.53261	21.95	37.83	1.0	0.999288	19.8045	1.24712	773.42	0.96454	3.28	0
1456	17:31:37.65	0.0385	20.53226	21.95	37.83	1.0	0.999270	19.8040	1.24712	773.42	0.96453	3.28	0
1457	17:31:37.95	0.0385	20.53233	21.95	37.83	1.0	0.999270	19.8040	1.24712	773.42	0.96453	3.28	0
1458	17:31:38.25	0.0430	20.53037	21.95	37.87	1.0	0.999180	19.8034	1.24716	773.44	0.96460	3.28	0
1459	17:31:38.55	0.0390	20.53191	21.95	37.87	1.0	0.999258	19.8046	1.24712	773.44	0.96458	3.28	0
1460	17:31:38.85	0.0385	20.53219	21.95	37.87	1.0	0.999270	19.8052	1.24712	773.44	0.96459	3.28	0
1461	17:31:39.15	0.0400	20.53163	21.95	37.87	1.0	0.999240	19.8047	1.24716	773.44	0.96460	3.28	0
1462	17:31:39.45	0.0410	20.53121	21.95	37.87	1.0	0.999222	19.8043	1.24716	773.44	0.96460	3.28	0
1463	17:31:39.75	0.0395	20.53170	21.95	37.87	1.0	0.999246	19.8039	1.24712	773.44	0.96455	3.28	0
1464	17:31:40.05	0.0405	20.53128	21.95	37.90	1.0	0.999228	19.8046	1.24716	773.44	0.96460	3.28	0
1465	17:31:40.35	0.0415	20.53100	21.94	37.90	1.0	0.999210	19.8039	1.24712	773.44	0.96458	3.28	0
1466	17:31:40.65	0.0430	20.53037	21.94	37.90	1.0	0.999180	19.8036	1.24716	773.44	0.96460	3.28	0
1467	17:31:40.95	0.0415	20.53093	21.95	37.90	1.0	0.999210	19.8043	1.24716	773.44	0.96461	3.28	0
1468	17:31:41.25	0.0410	20.53107	21.95	37.93	1.0	0.999216	19.8040	1.24712	773.44	0.96459	3.28	0
1469	17:31:41.55	0.0410	20.53114	21.95	37.93	1.0	0.999222	19.8045	1.24716	773.44	0.96461	3.28	0
1470	17:31:41.85	0.0420	20.53072	21.95	37.97	1.0	0.999204	19.8040	1.24716	773.44	0.96461	3.28	0
1471	17:31:42.15	0.0410	20.53107	21.95	37.97	1.0	0.999216	19.8038	1.24712	773.44	0.96458	3.28	0
1472	17:31:42.45	0.0405	20.53121	21.95	38.00	1.0	0.999228	19.8038	1.24712	773.44	0.96457	3.28	0
1473	17:31:42.75	0.0405	20.53114	21.95	38.00	1.0	0.999228	19.8037	1.24712	773.44	0.96457	3.28	0
1474	17:31:43.05	0.0410	20.53107	21.95	38.00	1.0	0.999222	19.8033	1.24712	773.42	0.96455	3.28	0
1475	17:31:43.35	0.0395	20.53170	21.95	38.00	1.0	0.999252	19.8038	1.24708	773.44	0.96455	3.28	0
1476	17:31:43.65	0.0405	20.53121	21.95	38.03	1.0	0.999234	19.8033	1.24712	773.42	0.96455	3.28	0
1477	17:31:43.95	0.0400	20.53156	21.94	38.03	1.0	0.999246	19.8036	1.24712	773.42	0.96454	3.28	0
1478	17:31:44.25	0.0395	20.53156	21.94	38.07	1.0	0.999246	19.8041	1.24712	773.44	0.96457	3.28	0
1479	17:31:44.55	0.0400	20.53135	21.95	38.07	1.0	0.999240	19.8043	1.24712	773.44	0.96458	3.28	0
1480	17:31:44.85	0.0405	20.53114	21.95	38.07	1.0	0.999228	19.8045	1.24716	773.44	0.96460	3.28	0
1481	17:31:45.15	0.0405	20.53107	21.95	38.07	1.0	0.999228	19.8035	1.24712	773.44	0.96456	3.28	0
1482	17:31:45.45	0.0415	20.53072	21.95	38.10	1.0	0.999210	19.8041	1.24716	773.44	0.96461	3.28	0
1483	17:31:45.75	0.0405	20.53107	21.95	38.10	1.0	0.999228	19.8047	1.24716	773.46	0.96463	3.28	0
1484	17:31:46.05	0.0410	20.53093	21.95	38.10	1.0	0.999222	19.8037	1.24712	773.44	0.96458	3.28	0
1485	17:31:46.35	0.0390	20.53177	21.94	38.10	1.0	0.999258	19.8037	1.24712	773.42	0.96454	3.28	0
1486	17:31:46.65	0.0410	20.53093	21.94	38.13	1.0	0.999216	19.8040	1.24712	773.44	0.96460	3.28	0
1487	17:31:46.95	0.0395	20.53156	21.94	38.13	1.0	0.999252	19.8037	1.24712	773.44	0.96455	3.28	0
1488	17:31:47.25	0.0400	20.53149	21.94	38.11	1.0	0.999246	19.8040	1.24712	773.44	0.96457	3.28	0
1489	17:31:47.55	0.0395	20.53142	21.95	38.11	1.0	0.999246	19.8033	1.24712	773.42	0.96454	3.28	0
1490	17:31:47.85	0.0380	20.53191	21.95	38.20	1.0	0.999276	19.8031	1.24708	773.40	0.96451	3.28	0
1491	17:31:48.15	0.0380	20.53198	21.94	38.20	1.0	0.999276	19.8038	1.24712	773.42	0.96454	3.28	0
1492	17:31:48.45	0.0390	20.53156	21.94	38.20	1.0	0.999252	19.8040	1.24712	773.42	0.96456	3.28	0
1493	17:31:48.75	0.0360	20.53282	21.94	38.20	1.0	0.999312	19.8049	1.24712	773.42	0.96455	3.28	0
1494	17:31:49.05	0.0405	20.53107	21.94	38.20	1.0	0.999228	19.8036	1.24712	773.42	0.96457	3.28	0
1495	17:31:49.35	0.0390	20.53149	21.95	38.20	1.0	0.999252	19.8042	1.24712	773.44	0.96458	3.28	0
1496	17:31:49.65	0.0385	20.53177	21.95	38.20	1.0	0.999270	19.8036	1.24712	773.42	0.96454	3.28	0
1497	17:31:49.95	0.0375	20.53226	21.94	38.20	1.0	0.999288	19.8043	1.24712	773.42	0.96454	3.28	0
1498	17:31:50.25	0.0380	20.53205	21.94	38.20	1.0	0.999276	19.8040	1.24712	773.42	0.96454	3.28	0
1499	17:31:50.55	0.0380	20.53198	21.94	38.20	1.0	0.999276	19.8035	1.24712	773.42	0.96452	3.28	0
1500	17:31:50.85	0.0410	20.53086	21.94	38.20	1.0	0.999216	19.8029	1.24712	773.42	0.96455	3.28	0
1501	17:31:51.15	0.0375	20.53219	21.94	38.20	1.0	0.999282	19.8036	1.24708	773.40	0.96451	3.28	0
1502	17:31:51.45	0.0380	20.53205	21.94	38.20	1.0	0.999276	19.8035	1.24712	773.40	0.96452	3.28	0
1503	17:31:51.75	0.0370	20.53233	21.95	38.20	1.0	0.999294	19.8045	1.24712	773.42	0.96455	3.28	0
1504	17:31:52.05	0.0375	20.53212	21.95	38.20	1.0	0.999282	19.8045	1.24712	773.44	0.96456	3.28	0
1505	17:31:52.35	0.0385	20.53184	21.94	38.20	1.0	0.999264	19.8040	1.24712	773.42	0.96455	3.28	0
1506	17:31:52.65	0.0385	20.53177	21.94	38.20	1.0	0.999264	19.8040	1.24712	773.42	0.96455	3.28	0
1507	17:31:52.95	0.0385	20.53177	21.95	38.20	1.0	0.999270	19.8041	1.24712	773.42	0.96456	3.28	0
1508	17:31:53.25	0.0380	20.53191	21.95	38.20	1.0	0.999276	19.8038	1.24712	773.42	0.96454	3.28	0
1509	17:31:53.55	0.0380	20.53205	21.95	38.20	1.0	0.999282	19.8044	1.24712	773.44	0.96456	3.28	0
1510	17:31:53.85	0.0375	20.53226	21.95	38.20	1.0	0.999294	19.8044	1.24712	773.42	0.96455	3.28	0
1511	17:31:54.15	0.0380	20.53184	21.95	38.20	1.0	0.999270	19.8044	1.24712	773.44	0.96457	3.28	0
1512	17:31:54.45	0.0375	20.53212	21.95	38.20	1.0	0.999288	19.8046	1.24712	773.42	0.96457	3.28	0
1513	17:31:54.75	0.0390	20.53163	21.94	38.20	1.0	0.999258	19.8046	1.24712	773.44	0.96459	3.28	0
1514	17:31:55.05	0.0385	20.53184	21.94	38.20	1.0	0.999270	19.8041	1.24712	773.42	0.96455	3.28	0
1515	17:31:55.35	0.0410	20.53086	21.94	38.20	1.0	0.999216	19.8037	1.24712	773.44	0.96458	3.28	0
1516	17:31:55.65	0.0395	20.53135	21.94	38.20	1.0	0.999246	19.8036	1.24712	773.42	0.96455	3.28	0
1517	17:31:55.95	0.0380	20.53205	21.95	38.20	1.0	0.999282	19.8045	1.24712	773.44	0.96457	3.28	0
1518	17:31:56.25	0.0375	20.53212	21.95	38.20	1.0	0.999282	19.8046	1.24712	773.44	0.96457	3.28	0
1519	17:31:56.55	0.0375	20.53226	21.94	38.20	1.0	0.999288	19.8044	1.24712	773.44	0.96455	3.28	0
1520	17:31:56.85	0.0390	20.53170	21.94	38.23	1.0	0.999258	19.8041	1.24712	773.44	0.96457	3.28	0
1521	17:31:57.15	0.0400	20.53121	21.95	38.23	1.0	0.999240	19.8039	1.24716	773.44	0.96458	3.28	0
1522	17:31:57.45	0.0375	20.53212	21.95	38.23	1.0	0.999288	19.8043	1.24712	773.42	0.96455	3.28	0
1523	17:31:57.75	0.0385	20.53177	21.94	38.23	1.0	0.999264	19.8037	1.24712	773.42	0.96454	3.28	0
1524	17:31:58.05	0.0395	20.53142	21.94	38.23	1.0	0.999246	19.8034	1.24712	773.42	0.96454	3.28	0
1525	17:31:58.35	0.0400	20.53114	21.94	38.23	1.0	0.999234	19.8037	1.24712	773.44	0.96457	3.28	0
1526	17:31:58.65	0.0400	20.53128	21.94	38.23	1.0	0.999240	19.8040	1.24712	773.44	0.96458	3.28	0
1527	17:31:58.95	0.0390	20.53163	21.94	38.23	1.0	0.999258	19.8038	1.24712	773.42	0.96455	3.28	0
1528	17:31:59.25	0.0375	20.53226	21.94	38.23	1.0	0.999288	19.8050	1.24712	773.44	0.96458	3.28	0
1529	17:31:59.55	0.0385	20.53177	21.95	38.23	1.0	0.999270	19.8049	1.24712	773.44	0.96460	3.28	0
1530	17:31:59.85	0.0390	20.53163	21.95	38.23	1.0	0.999264	19.8040	1.24712	773.42	0.96456	3.28	0
1531	17:32:00.15	0.0400	20.53121	21.94	38.23	1.0	0.999240	19.8042	1.24716	773.44	0.96459	3.28	0
1532	17:32:00.45	0.0385	20.53191	21.94	38.20	1.0	0.999270	19.8038	1.24712	773.42	0.96454	3.28	0
1533	17:32:00.75	0.0385	20.53191	21.94	38.20	1.0	0.999270	19.8043	1.24712	773.44	0.96456	3.28	0
1534	17:32:01.05	0.0375	20.53219	21.94	38.20	1.0	0.999282	19.8044	1.24712	773.44	0.96455	3.28	0
1535	17:32:01.35	0.0390	20.53163	21.94	38.20	1.0	0.999258	19.8040	1.24712	773.42	0.96457	3.28	0
1536	17:32:01.65	0.0395	20.53149	21.94	38.20	1.0	0.999252	19.8045	1.24712	773.44	0.96459	3.28	0
1537	17:32:01.95	0.0380	20.53198	21.94	38.20	1.0	0.999276	19.8047	1.24712	773.44	0.96458	3.28	0
1538	17:32:02.25	0.0390	20.53163	21.94	38.23	1.0	0.999258	19.8042	1.24712	773.44	0.96457	3.28	0
1539	17:32:02.55	0.0400	20.53121	21.94	38.23	1.0	0.999240	19.8037	1.24712	773.44	0.96457	3.28	0
1540	17:32:02.85	0.0385	20.53191	21.94	38.23	1.0	0.999270	19.8045	1.24712	773.44	0.96457	3.28	0
1541	17:32:03.15	0.0380	20.53191	21.95	38.23	1.0	0.999276	19.8045	1.24712	773.44	0.96457	3.28	0
1542	17:32:03.45	0.0360	20.53261	21.95	38.23	1.0	0.999312	19.8046	1.24712	773.42	0.96455	3.28	0
1543	17:32:03.75	0.0395	20.53135	21.94	38.23	1.0	0.999246	19.8043	1.24712	773.44	0.96459	3.28	0
1544	17:32:04.05	0.0405	20.53100	21.94	38.23	1.0	0.999228	19.8042	1.24716	773.44	0.96460	3.28	0
1545	17:32:04.35	0.0395	20.53149	21.94	38.23	1.0	0.999252	19.8047	1.24716	773.44	0.96460	3.28	0
1546	17:32:04.65	0.0400	20.53128	21.94	38.23	1.0	0.999246	19.8043	1.24716	773.44	0.96460	3.28	0
1547	17:32:04.95	0.0390	20.53156	21.94	38.23	1.0	0.999258	19.8045	1.24712	773.44	0.96458	3.28	0
1548	17:32:05.25	0.0365	20.53261	21.94	38.23	1.0	0.999306	19.8047	1.24712	773.42	0.96455	3.28	0
1549	17:32:05.55	0.0385	20.53177	21.95	38.23	1.0	0.999270	19.8049	1.24712	773.46	0.96460	3.28	0
1550	17:32:05.85	0.0385	20.53177	21.95	38.23	1.0	0.999270	19.8046	1.24716	773.44	0.96458	3.28	0
1551	17:32:06.15	0.0370	20.53240	21.94	38.23	1.0	0.999294	19.8050	1.24712	773.44	0.96458	3.28	0
1552	17:32:06.45	0.0405	20.53107	21.94	38.23	1.0	0.999228	19.8045	1.24716	773.46	0.96461	3.28	0
1553	17:32:06.75	0.0380	20.53205	21.94	38.23	1.0	0.999282	19.8039	1.24708	773.42	0.96454	3.28	0
1554	17:32:07.05	0.0395	20.53135	21.94	38.27	1.0	0.999246	19.8043	1.24716	773.44	0.96459	3.28	0
1555	17:32:07.35	0.0405	20.53107	21.94	38.27	1.0	0.999234	19.8045	1.24716	773.46	0.96461	3.28	0
1556	17:32:07.65	0.0405	20.53107	21.94	38.27	1.0	0.999234	19.8043	1.24716	773.44	0.96460	3.28	0
1557	17:32:07.95	0.0395	20.53135	21.95	38.27	1.0	0.999252	19.8052	1.24716	773.46	0.96463	3.28	0
1558	17:32:08.25	0.0380	20.53184	21.95	38.24	1.0	0.999276	19.8052	1.24716	773.44	0.96461	3.28	0
1559	17:32:08.55	0.0400	20.53121	21.94	38.24	1.0	0.999240	19.8048	1.24716	773.44	0.96462	3.28	0
1560	17:32:08.85	0.0395	20.53135	21.94	38.30	1.0	0.999246	19.8043	1.24716	773.44	0.96459	3.28	0
1561	17:32:09.15	0.0385	20.53170	21.94	38.30	1.0	0.999270	19.8045	1.24712	773.44	0.96458	3.28	0
1562	17:32:09.45	0.0400	20.53121	21.94	38.30	1.0	0.999240	19.8045	1.24716	773.44	0.96461	3.28	0
1563	17:32:09.75	0.0405	20.53093	21.94	38.30	1.0	0.999228	19.8040	1.24716	773.44	0.96460	3.28	0
1564	17:32:10.05	0.0400	20.53114	21.94	38.30	1.0	0.999240	19.8041	1.24712	773.44	0.96459	3.28	0
1565	17:32:10.35	0.0390	20.53149	21.94	38.30	1.0	0.999258	19.8034	1.24712	773.42	0.96454	3.28	0
1566	17:32:10.65	0.0400	20.53121	21.94	38.33	1.0	0.999240	19.8037	1.24712	773.42	0.96457	3.28	0
1567	17:32:10.95	0.0380	20.53177	21.94	38.33	1.0	0.999270	19.8037	1.24712	773.42	0.96454	3.28	0
1568	17:32:11.25	0.0400	20.53121	21.94	38.33	1.0	0.999246	19.8036	1.24712	773.42	0.96456	3.28	0
1569	17:32:11.55	0.0370	20.53233	21.94	38.33	1.0	0.999300	19.8040	1.24708	773.42	0.96452	3.28	0
1570	17:32:11.85	0.0395	20.53135	21.94	38.36	1.0	0.999252	19.8038	1.24712	773.44	0.96457	3.28	0
1571	17:32:12.15	0.0390	20.53142	21.94	38.36	1.0	0.999258	19.8036	1.24712	773.42	0.96455	3.28	0
1572	17:32:12.45	0.0395	20.53121	21.94	38.36	1.0	0.999246	19.8035	1.24712	773.42	0.96455	3.28	0
1573	17:32:12.75	0.0375	20.53198	21.95	38.36	1.0	0.999288	19.8038	1.24712	773.42	0.96454	3.28	0
1574	17:32:13.05	0.0385	20.53163	21.95	38.36	1.0	0.999270	19.8037	1.24712	773.42	0.96455	3.28	0
1575	17:32:13.35	0.0385	20.53170	21.94	38.36	1.0	0.999270	19.8038	1.24712	773.42	0.96455	3.28	0
1576	17:32:13.65	0.0385	20.53170	21.94	38.36	1.0	0.999270	19.8034	1.24712	773.42	0.96453	3.28	0
1577	17:32:13.95	0.0375	20.53212	21.94	38.36	1.0	0.999294	19.8040	1.24712	773.42	0.96454	3.28	0
1578	17:32:14.25	0.0415	20.53051	21.94	38.36	1.0	0.999210	19.8033	1.24716	773.44	0.96458	3.28	0
1579	17:32:14.55	0.0390	20.53142	21.94	38.36	1.0	0.999258	19.8041	1.24712	773.44	0.96457	3.28	0
1580	17:32:14.85	0.0410	20.53058	21.94	38.40	1.0	0.999222	19.8033	1.24712	773.44	0.96458	3.28	0
1581	17:32:15.15	0.0385	20.53163	21.94	38.40	1.0	0.999270	19.8036	1.24712	773.42	0.96454	3.28	0
1582	17:32:15.45	0.0395	20.53121	21.94	38.43	1.0	0.999252	19.8035	1.24712	773.42	0.96455	3.28	0
1583	17:32:15.75	0.0360	20.53247	21.95	38.43	1.0	0.999318	19.8034	1.24708	773.40	0.96449	3.28	0
1584	17:32:16.05	0.0395	20.53114	21.95	38.43	1.0	0.999252	19.8031	1.24712	773.42	0.96454	3.28	0
1585	17:32:16.35	0.0405	20.53072	21.94	38.43	1.0	0.999228	19.8033	1.24712	773.44	0.96457	3.28	0
1586	17:32:16.65	0.0395	20.53114	21.94	38.46	1.0	0.999252	19.8034	1.24712	773.42	0.96455	3.28	0
1587	17:32:16.95	0.0375	20.53191	21.95	38.46	1.0	0.999288	19.8036	1.24712	773.42	0.96453	3.28	0
1588	17:32:17.25	0.0400	20.53093	21.95	38.49	1.0	0.999246	19.8035	1.24712	773.42	0.96457	3.28	0
1589	17:32:17.55	0.0375	20.53177	21.94	38.49	1.0	0.999282	19.8037	1.24712	773.42	0.96454	3.28	0
1590	17:32:17.85	0.0400	20.53086	21.94	38.56	1.0	0.999240	19.8033	1.24712	773.44	0.96457	3.28	0
1591	17:32:18.15	0.0385	20.53149	21.94	38.56	1.0	0.999270	19.8041	1.24712	773.44	0.96457	3.28	0
1592	17:32:18.45	0.0405	20.53058	21.94	38.59	1.0	0.999228	19.8041	1.24716	773.46	0.96461	3.28	0
1593	17:32:18.75	0.0405	20.53051	21.94	38.59	1.0	0.999228	19.8036	1.24716	773.44	0.96459	3.28	0
1594	17:32:19.05	0.0395	20.53093	21.94	38.59	1.0	0.999246	19.8028	1.24712	773.42	0.96454	3.28	0
1595	17:32:19.35	0.0375	20.53170	21.94	38.59	1.0	0.999282	19.8032	1.24708	773.42	0.96452	3.28	0
1596	17:32:19.65	0.0380	20.53149	21.94	38.62	1.0	0.999276	19.8034	1.24712	773.42	0.96454	3.28	0
1597	17:32:19.95	0.0385	20.53128	21.94	38.62	1.0	0.999264	19.8029	1.24712	773.40	0.96452	3.28	0
1598	17:32:20.25	0.0400	20.53072	21.94	38.66	1.0	0.999240	19.8031	1.24712	773.42	0.96455	3.28	0
1599	17:32:20.55	0.0395	20.53079	21.94	38.66	1.0	0.999246	19.8031	1.24712	773.42	0.96455	3.28	0
1600	17:32:20.85	0.0380	20.53149	21.94	38.66	1.0	0.999276	19.8042	1.24712	773.44	0.96458	3.28	0
1601	17:32:21.15	0.0400	20.53072	21.94	38.66	1.0	0.999240	19.8038	1.24716	773.44	0.96460	3.28	0
1602	17:32:21.45	0.0400	20.53058	21.94	38.69	1.0	0.999234	19.8036	1.24716	773.44	0.96459	3.28	0
1603	17:32:21.75	0.0390	20.53107	21.94	38.69	1.0	0.999258	19.8037	1.24712	773.44	0.96457	3.28	0
1604	17:32:22.05	0.0380	20.53149	21.94	38.69	1.0	0.999276	19.8032	1.24712	773.42	0.96453	3.28	0
1605	17:32:22.35	0.0390	20.53100	21.95	38.69	1.0	0.999258	19.8027	1.24712	773.42	0.96453	3.28	0
1606	17:32:22.65	0.0380	20.53128	21.95	38.72	1.0	0.999276	19.8031	1.24712	773.42	0.96454	3.28	0
1607	17:32:22.95	0.0380	20.53135	21.94	38.72	1.0	0.999276	19.8036	1.24712	773.42	0.96455	3.28	0
1608	17:32:23.25	0.0380	20.53142	21.94	38.72	1.0	0.999276	19.8032	1.24708	773.42	0.96453	3.28	0
1609	17:32:23.55	0.0385	20.53107	21.94	38.72	1.0	0.999264	19.8030	1.24712	773.42	0.96454	3.28	0
1610	17:32:23.85	0.0390	20.53100	21.94	38.72	1.0	0.999258	19.8031	1.24712	773.42	0.96455	3.28	0
1611	17:32:24.15	0.0370	20.53177	21.94	38.72	1.0	0.999294	19.8031	1.24708	773.40	0.96451	3.28	0
1612	17:32:24.45	0.0410	20.53030	21.94	38.72	1.0	0.999222	19.8025	1.24712	773.42	0.96455	3.28	0
1613	17:32:24.75	0.0390	20.53086	21.95	38.72	1.0	0.999252	19.8031	1.24712	773.42	0.96455	3.28	0
1614	17:32:25.05	0.0385	20.53107	21.95	38.72	1.0	0.999264	19.8031	1.24712	773.42	0.96454	3.28	0
1615	17:32:25.35	0.0375	20.53156	21.94	38.72	1.0	0.999288	19.8027	1.24708	773.40	0.96450	3.28	0
1616	17:32:25.65	0.0395	20.53079	21.94	38.72	1.0	0.999246	19.8030	1.24712	773.42	0.96455	3.28	0
1617	17:32:25.95	0.0370	20.53170	21.94	38.72	1.0	0.999294	19.8033	1.24708	773.42	0.96452	3.28	0
1618	17:32:26.25	0.0410	20.53030	21.94	38.71	1.0	0.999222	19.8029	1.24712	773.42	0.96457	3.28	0
1619	17:32:26.55	0.0395	20.53079	21.94	38.71	1.0	0.999246	19.8028	1.24712	773.42	0.96454	3.28	0
1620	17:32:26.85	0.0380	20.53149	21.94	38.72	1.0	0.999282	19.8029	1.24708	773.40	0.96451	3.28	0
1621	17:32:27.15	0.0395	20.53072	21.94	38.72	1.0	0.999246	19.8027	1.24712	773.42	0.96454	3.28	0
1622	17:32:27.45	0.0395	20.53093	21.94	38.72	1.0	0.999252	19.8033	1.24712	773.44	0.96456	3.28	0
1623	17:32:27.75	0.0390	20.53093	21.94	38.72	1.0	0.999252	19.8029	1.24712	773.42	0.96454	3.28	0
1624	17:32:28.05	0.0400	20.53058	21.94	38.69	1.0	0.999234	19.8035	1.24716	773.44	0.96458	3.28	0
1625	17:32:28.35	0.0390	20.53100	21.94	38.69	1.0	0.999258	19.8029	1.24712	773.42	0.96454	3.28	0
1626	17:32:28.65	0.0390	20.53100	21.94	38.69	1.0	0.999258	19.8035	1.24712	773.44	0.96457	3.28	0
1627	17:32:28.95	0.0380	20.53142	21.94	38.69	1.0	0.999276	19.8032	1.24708	773.42	0.96453	3.28	0
1628	17:32:29.25	0.0395	20.53079	21.94	38.72	1.0	0.999246	19.8033	1.24712	773.42	0.96457	3.28	0
1629	17:32:29.55	0.0375	20.53156	21.94	38.72	1.0	0.999282	19.8038	1.24712	773.42	0.96456	3.28	0
1630	17:32:29.85	0.0410	20.53030	21.94	38.72	1.0	0.999222	19.8036	1.24716	773.44	0.96460	3.28	0
1631	17:32:30.15	0.0370	20.53184	21.94	38.72	1.0	0.999300	19.8038	1.24712	773.42	0.96454	3.28	0
1632	17:32:30.45	0.0395	20.53079	21.94	38.71	1.0	0.999246	19.8032	1.24712	773.42	0.96456	3.28	0
1633	17:32:30.75	0.0380	20.53128	21.94	38.71	1.0	0.999270	19.8040	1.24712	773.44	0.96458	3.28	0
1634	17:32:31.05	0.0380	20.53135	21.94	38.71	1.0	0.999276	19.8036	1.24712	773.42	0.96455	3.28	0
1635	17:32:31.35	0.0395	20.53086	21.94	38.71	1.0	0.999252	19.8035	1.24712	773.42	0.96457	3.28	0
1636	17:32:31.65	0.0385	20.53121	21.94	38.71	1.0	0.999270	19.8033	1.24712	773.42	0.96455	3.28	0
1637	17:32:31.95	0.0370	20.53177	21.94	38.71	1.0	0.999294	19.8037	1.24712	773.42	0.96454	3.28	0
1638	17:32:32.25	0.0415	20.53002	21.94	38.72	1.0	0.999210	19.8029	1.24716	773.44	0.96458	3.28	0
1639	17:32:32.55	0.0385	20.53114	21.94	38.72	1.0	0.999264	19.8028	1.24712	773.42	0.96452	3.28	0
1640	17:32:32.85	0.0370	20.53184	21.94	38.72	1.0	0.999300	19.8034	1.24708	773.42	0.96452	3.28	0
1641	17:32:33.15	0.0395	20.53072	21.94	38.72	1.0	0.999246	19.8024	1.24712	773.42	0.96452	3.28	0
1642	17:32:33.45	0.0385	20.53121	21.94	38.76	1.0	0.999270	19.8026	1.24708	773.42	0.96452	3.28	0
1643	17:32:33.75	0.0375	20.53156	21.94	38.76	1.0	0.999288	19.8033	1.24712	773.42	0.96453	3.28	0
1644	17:32:34.05	0.0385	20.53121	21.94	38.76	1.0	0.999270	19.8040	1.24712	773.44	0.96458	3.28	0
1645	17:32:34.35	0.0405	20.53030	21.94	38.76	1.0	0.999228	19.8034	1.24716	773.44	0.96460	3.28	0
1646	17:32:34.65	0.0400	20.53051	21.94	38.79	1.0	0.999240	19.8036	1.24716	773.44	0.96460	3.28	0
1647	17:32:34.95	0.0380	20.53128	21.94	38.79	1.0	0.999276	19.8033	1.24712	773.42	0.96454	3.28	0
1648	17:32:35.25	0.0380	20.53128	21.94	38.79	1.0	0.999276	19.8038	1.24712	773.44	0.96457	3.28	0
1649	17:32:35.55	0.0390	20.53100	21.93	38.79	1.0	0.999258	19.8031	1.24712	773.42	0.96455	3.28	0
1650	17:32:35.85	0.0385	20.53121	21.93	38.79	1.0	0.999270	19.8033	1.24712	773.42	0.96455	3.28	0
1651	17:32:36.15	0.0380	20.53135	21.93	38.79	1.0	0.999276	19.8024	1.24708	773.40	0.96450	3.28	0
1652	17:32:36.45	0.0390	20.53100	21.93	38.79	1.0	0.999258	19.8029	1.24712	773.42	0.96454	3.28	0
1653	17:32:36.75	0.0400	20.53044	21.94	38.79	1.0	0.999234	19.8024	1.24712	773.42	0.96454	3.28	0
1654	17:32:37.05	0.0390	20.53100	21.94	38.77	1.0	0.999264	19.8040	1.24716	773.44	0.96459	3.28	0
1655	17:32:37.35	0.0365	20.53191	21.94	38.77	1.0	0.999306	19.8037	1.24712	773.42	0.96454	3.28	0
1656	17:32:37.65	0.0385	20.53107	21.94	38.79	1.0	0.999264	19.8037	1.24712	773.44	0.96457	3.28	0
1657	17:32:37.95	0.0410	20.53016	21.94	38.79	1.0	0.999222	19.8029	1.24716	773.42	0.96457	3.28	0
1658	17:32:38.25	0.0420	20.52981	21.94	38.79	1.0	0.999204	19.8022	1.24712	773.42	0.96455	3.28	0
1659	17:32:38.55	0.0400	20.53072	21.93	38.79	1.0	0.999246	19.8027	1.24712	773.42	0.96454	3.28	0
1660	17:32:38.85	0.0380	20.53149	21.93	38.79	1.0	0.999282	19.8035	1.24712	773.42	0.96454	3.28	0
1661	17:32:39.15	0.0405	20.53037	21.94	38.79	1.0	0.999228	19.8033	1.24716	773.44	0.96458	3.28	0
1662	17:32:39.45	0.0390	20.53093	21.94	38.79	1.0	0.999258	19.8033	1.24712	773.44	0.96456	3.28	0
1663	17:32:39.75	0.0360	20.53205	21.94	38.79	1.0	0.999312	19.8036	1.24712	773.40	0.96452	3.28	0
1664	17:32:40.05	0.0385	20.53107	21.94	38.79	1.0	0.999264	19.8032	1.24712	773.42	0.96455	3.28	0
1665	17:32:40.35	0.0355	20.53233	21.94	38.79	1.0	0.999330	19.8040	1.24708	773.42	0.96452	3.28	0
1666	17:32:40.65	0.0375	20.53142	21.94	38.79	1.0	0.999282	19.8034	1.24712	773.42	0.96454	3.28	0
1667	17:32:40.95	0.0385	20.53114	21.94	38.79	1.0	0.999270	19.8037	1.24712	773.44	0.96457	3.28	0
1668	17:32:41.25	0.0390	20.53093	21.94	38.79	1.0	0.999258	19.8036	1.24712	773.42	0.96457	3.28	0
1669	17:32:41.55	0.0385	20.53107	21.94	38.79	1.0	0.999270	19.8035	1.24712	773.44	0.96456	3.28	0
1670	17:32:41.85	0.0360	20.53205	21.94	38.77	1.0	0.999312	19.8033	1.24708	773.40	0.96451	3.28	0
1671	17:32:42.15	0.0370	20.53184	21.94	38.77	1.0	0.999300	19.8034	1.24712	773.40	0.96452	3.28	0
1672	17:32:42.45	0.0375	20.53149	21.94	38.79	1.0	0.999282	19.8033	1.24712	773.42	0.96454	3.28	0
1673	17:32:42.75	0.0385	20.53121	21.94	38.79	1.0	0.999270	19.8037	1.24712	773.44	0.96457	3.28	0
1674	17:32:43.05	0.0385	20.53114	21.94	38.76	1.0	0.999264	19.8036	1.24712	773.42	0.96457	3.28	0
1675	17:32:43.35	0.0380	20.53135	21.93	38.76	1.0	0.999276	19.8032	1.24712	773.42	0.96454	3.28	0
1676	17:32:43.65	0.0385	20.53121	21.93	38.76	1.0	0.999264	19.8035	1.24712	773.42	0.96455	3.28	0
1677	17:32:43.95	0.0380	20.53149	21.93	38.76	1.0	0.999276	19.8039	1.24712	773.42	0.96457	3.28	0
1678	17:32:44.25	0.0375	20.53177	21.93	38.71	1.0	0.999288	19.8036	1.24712	773.42	0.96454	3.28	0
1679	17:32:44.55	0.0400	20.53058	21.94	38.71	1.0	0.999240	19.8031	1.24712	773.42	0.96457	3.28	0
1680	17:32:44.85	0.0370	20.53170	21.94	38.72	1.0	0.999294	19.8037	1.24712	773.42	0.96454	3.28	0
1681	17:32:45.15	0.0370	20.53177	21.94	38.72	1.0	0.999294	19.8036	1.24708	773.42	0.96454	3.28	0
1682	17:32:45.45	0.0380	20.53135	21.94	38.72	1.0	0.999276	19.8035	1.24712	773.42	0.96455	3.28	0
1683	17:32:45.75	0.0385	20.53114	21.94	38.72	1.0	0.999264	19.8039	1.24712	773.44	0.96458	3.28	0
1684	17:32:46.05	0.0375	20.53163	21.94	38.69	1.0	0.999288	19.8035	1.24712	773.42	0.96454	3.28	0
1685	17:32:46.35	0.0370	20.53170	21.94	38.69	1.0	0.999294	19.8040	1.24712	773.42	0.96456	3.28	0
1686	17:32:46.65	0.0385	20.53121	21.94	38.69	1.0	0.999270	19.8037	1.24712	773.44	0.96457	3.28	0
1687	17:32:46.95	0.0390	20.53114	21.94	38.69	1.0	0.999264	19.8036	1.24712	773.44	0.96457	3.28	0
1688	17:32:47.25	0.0385	20.53128	21.94	38.69	1.0	0.999270	19.8033	1.24712	773.42	0.96454	3.28	0
1689	17:32:47.55	0.0360	20.53219	21.94	38.69	1.0	0.999312	19.8029	1.24708	773.40	0.96448	3.28	0
1690	17:32:47.85	0.0380	20.53149	21.94	38.67	1.0	0.999282	19.8036	1.24708	773.44	0.96455	3.28	0
1691	17:32:48.15	0.0375	20.53163	21.94	38.67	1.0	0.999288	19.8035	1.24712	773.42	0.96454	3.28	0
1692	17:32:48.45	0.0370	20.53170	21.94	38.69	1.0	0.999294	19.8031	1.24708	773.40	0.96451	3.28	0
1693	17:32:48.75	0.0400	20.53065	21.94	38.69	1.0	0.999240	19.8038	1.24716	773.44	0.96460	3.28	0
1694	17:32:49.05	0.0365	20.53212	21.94	38.69	1.0	0.999312	19.8027	1.24708	773.40	0.96448	3.28	0
1695	17:32:49.35	0.0375	20.53156	21.94	38.69	1.0	0.999282	19.8029	1.24708	773.42	0.96451	3.28	0
1696	17:32:49.65	0.0390	20.53114	21.94	38.67	1.0	0.999258	19.8035	1.24712	773.42	0.96456	3.28	0
1697	17:32:49.95	0.0390	20.53107	21.94	38.67	1.0	0.999258	19.8038	1.24712	773.44	0.96458	3.28	0
1698	17:32:50.25	0.0380	20.53149	21.94	38.66	1.0	0.999276	19.8040	1.24716	773.42	0.96457	3.28	0
1699	17:32:50.55	0.0405	20.53044	21.94	38.66	1.0	0.999228	19.8035	1.24716	773.44	0.96459	3.28	0
1700	17:32:50.85	0.0380	20.53149	21.94	38.66	1.0	0.999276	19.8042	1.24712	773.44	0.96458	3.28	0
1701	17:32:51.16	0.0385	20.53135	21.94	38.66	1.0	0.999270	19.8040	1.24712	773.44	0.96458	3.28	0
1702	17:32:51.45	0.0370	20.53177	21.94	38.66	1.0	0.999294	19.8043	1.24712	773.42	0.96457	3.28	0
1703	17:32:51.75	0.0400	20.53072	21.94	38.66	1.0	0.999240	19.8035	1.24716	773.42	0.96458	3.28	0
1704	17:32:52.05	0.0365	20.53198	21.94	38.66	1.0	0.999300	19.8043	1.24712	773.42	0.96456	3.28	0
1705	17:32:52.35	0.0370	20.53191	21.94	38.66	1.0	0.999300	19.8038	1.24712	773.42	0.96454	3.28	0
1706	17:32:52.65	0.0370	20.53191	21.94	38.66	1.0	0.999300	19.8038	1.24712	773.42	0.96454	3.28	0
1707	17:32:52.95	0.0405	20.53051	21.94	38.66	1.0	0.999228	19.8030	1.24712	773.42	0.96456	3.28	0
1708	17:32:53.25	0.0385	20.53121	21.94	38.64	1.0	0.999264	19.8033	1.24712	773.42	0.96455	3.28	0
1709	17:32:53.55	0.0395	20.53100	21.94	38.64	1.0	0.999252	19.8032	1.24712	773.42	0.96455	3.28	0
1710	17:32:53.85	0.0390	20.53114	21.94	38.64	1.0	0.999258	19.8036	1.24712	773.42	0.96456	3.28	0
1711	17:32:54.15	0.0390	20.53114	21.93	38.64	1.0	0.999258	19.8032	1.24712	773.42	0.96455	3.28	0
1712	17:32:54.45	0.0370	20.53191	21.93	38.64	1.0	0.999294	19.8040	1.24712	773.42	0.96455	3.28	0
1713	17:32:54.75	0.0385	20.53128	21.94	38.64	1.0	0.999264	19.8032	1.24712	773.42	0.96454	3.28	0
1714	17:32:55.05	0.0375	20.53170	21.94	38.66	1.0	0.999288	19.8036	1.24712	773.42	0.96454	3.28	0
1715	17:32:55.35	0.0385	20.53121	21.94	38.66	1.0	0.999264	19.8033	1.24712	773.42	0.96455	3.28	0
1716	17:32:55.65	0.0380	20.53142	21.94	38.69	1.0	0.999276	19.8031	1.24712	773.42	0.96453	3.28	0
1717	17:32:55.95	0.0395	20.53086	21.94	38.69	1.0	0.999252	19.8036	1.24712	773.44	0.96458	3.28	0
1718	17:32:56.25	0.0380	20.53135	21.94	38.69	1.0	0.999276	19.8036	1.24712	773.42	0.96455	3.28	0
1719	17:32:56.55	0.0370	20.53184	21.93	38.69	1.0	0.999294	19.8033	1.24712	773.40	0.96452	3.28	0
1720	17:32:56.85	0.0375	20.53184	21.93	38.66	1.0	0.999288	19.8039	1.24712	773.42	0.96455	3.28	0
1721	17:32:57.15	0.0360	20.53226	21.94	38.66	1.0	0.999312	19.8040	1.24708	773.42	0.96453	3.28	0
1722	17:32:57.45	0.0355	20.53254	21.94	38.66	1.0	0.999330	19.8039	1.24708	773.42	0.96451	3.28	0
1723	17:32:57.75	0.0385	20.53128	21.94	38.66	1.0	0.999270	19.8040	1.24716	773.44	0.96458	3.28	0
1724	17:32:58.05	0.0370	20.53198	21.94	38.61	1.0	0.999300	19.8047	1.24716	773.42	0.96458	3.28	0
1725	17:32:58.35	0.0370	20.53191	21.94	38.61	1.0	0.999294	19.8040	1.24712	773.42	0.96455	3.28	0
1726	17:32:58.65	0.0390	20.53107	21.94	38.62	1.0	0.999258	19.8035	1.24712	773.44	0.96456	3.28	0
1727	17:32:58.95	0.0375	20.53177	21.94	38.62	1.0	0.999288	19.8041	1.24712	773.42	0.96456	3.28	0
1728	17:32:59.25	0.0370	20.53191	21.94	38.62	1.0	0.999294	19.8043	1.24712	773.42	0.96456	3.28	0
1729	17:32:59.55	0.0365	20.53205	21.94	38.62	1.0	0.999300	19.8038	1.24712	773.42	0.96454	3.28	0
1730	17:32:59.85	0.0395	20.53100	21.94	38.57	1.0	0.999252	19.8037	1.24716	773.42	0.96458	3.28	0
1731	17:33:00.15	0.0365	20.53212	21.94	38.57	1.0	0.999300	19.8033	1.24708	773.40	0.96451	3.28	0
1732	17:33:00.45	0.0365	20.53219	21.94	38.59	1.0	0.999312	19.8037	1.24712	773.40	0.96452	3.28	0
1733	17:33:00.75	0.0370	20.53191	21.94	38.59	1.0	0.999294	19.8032	1.24708	773.40	0.96451	3.28	0
1734	17:33:01.05	0.0380	20.53156	21.94	38.59	1.0	0.999276	19.8033	1.24712	773.42	0.96453	3.28	0
1735	17:33:01.35	0.0375	20.53177	21.93	38.59	1.0	0.999282	19.8040	1.24712	773.42	0.96456	3.28	0
1736	17:33:01.65	0.0375	20.53191	21.93	38.59	1.0	0.999288	19.8036	1.24712	773.42	0.96452	3.28	0
1737	17:33:01.95	0.0385	20.53135	21.94	38.59	1.0	0.999270	19.8033	1.24712	773.42	0.96454	3.28	0
1738	17:33:02.25	0.0395	20.53100	21.94	38.59	1.0	0.999252	19.8033	1.24712	773.44	0.96456	3.28	0
1739	17:33:02.55	0.0390	20.53107	21.94	38.59	1.0	0.999252	19.8036	1.24712	773.42	0.96457	3.28	0
1740	17:33:02.85	0.0370	20.53184	21.94	38.59	1.0	0.999294	19.8039	1.24712	773.42	0.96455	3.28	0
1741	17:33:03.15	0.0360	20.53233	21.94	38.59	1.0	0.999312	19.8038	1.24712	773.40	0.96452	3.28	0
1742	17:33:03.45	0.0365	20.53219	21.94	38.57	1.0	0.999306	19.8036	1.24708	773.40	0.96451	3.28	0
1743	17:33:03.75	0.0370	20.53198	21.94	38.57	1.0	0.999294	19.8034	1.24708	773.42	0.96452	3.28	0
1744	17:33:04.05	0.0405	20.53065	21.94	38.59	1.0	0.999234	19.8031	1.24712	773.42	0.96456	3.28	0
1745	17:33:04.35	0.0390	20.53121	21.93	38.59	1.0	0.999258	19.8026	1.24712	773.40	0.96452	3.28	0
1746	17:33:04.65	0.0395	20.53107	21.93	38.57	1.0	0.999246	19.8033	1.24712	773.42	0.96456	3.28	0
1747	17:33:04.95	0.0400	20.53072	21.94	38.57	1.0	0.999234	19.8029	1.24712	773.42	0.96455	3.28	0
1748	17:33:05.25	0.0370	20.53191	21.94	38.57	1.0	0.999294	19.8033	1.24712	773.40	0.96452	3.28	0
1749	17:33:05.55	0.0370	20.53191	21.94	38.57	1.0	0.999294	19.8038	1.24712	773.42	0.96454	3.28	0
1750	17:33:05.85	0.0365	20.53205	21.94	38.59	1.0	0.999300	19.8032	1.24708	773.40	0.96450	3.28	0
1751	17:33:06.15	0.0365	20.53219	21.94	38.59	1.0	0.999306	19.8033	1.24708	773.40	0.96450	3.28	0
1752	17:33:06.45	0.0395	20.53100	21.94	38.57	1.0	0.999246	19.8027	1.24708	773.42	0.96453	3.28	0
1753	17:33:06.75	0.0375	20.53170	21.94	38.57	1.0	0.999282	19.8028	1.24708	773.40	0.96450	3.28	0
1754	17:33:07.05	0.0375	20.53184	21.94	38.59	1.0	0.999288	19.8029	1.24708	773.40	0.96450	3.28	0
1755	17:33:07.35	0.0390	20.53121	21.94	38.59	1.0	0.999258	19.8026	1.24712	773.40	0.96452	3.28	0
1756	17:33:07.65	0.0380	20.53149	21.94	38.59	1.0	0.999276	19.8038	1.24712	773.44	0.96455	3.28	0
1757	17:33:07.95	0.0400	20.53093	21.93	38.59	1.0	0.999240	19.8031	1.24712	773.42	0.96455	3.28	0
1758	17:33:08.25	0.0370	20.53205	21.93	38.59	1.0	0.999294	19.8035	1.24708	773.42	0.96452	3.28	0
1759	17:33:08.55	0.0380	20.53170	21.93	38.59	1.0	0.999282	19.8033	1.24708	773.42	0.96452	3.28	0
1760	17:33:08.85	0.0385	20.53149	21.93	38.59	1.0	0.999270	19.8034	1.24712	773.42	0.96454	3.28	0
1761	17:33:09.15	0.0390	20.53121	21.93	38.59	1.0	0.999258	19.8036	1.24712	773.44	0.96456	3.28	0
1762	17:33:09.45	0.0380	20.53170	21.93	38.59	1.0	0.999276	19.8035	1.24712	773.42	0.96454	3.28	0
1763	17:33:09.75	0.0380	20.53163	21.93	38.59	1.0	0.999276	19.8033	1.24712	773.40	0.96452	3.28	0
1764	17:33:10.05	0.0385	20.53135	21.93	38.57	1.0	0.999264	19.8031	1.24712	773.40	0.96453	3.28	0
1765	17:33:10.35	0.0390	20.53128	21.94	38.57	1.0	0.999258	19.8034	1.24712	773.42	0.96455	3.28	0
1766	17:33:10.65	0.0395	20.53107	21.94	38.57	1.0	0.999252	19.8034	1.24712	773.42	0.96456	3.28	0
1767	17:33:10.95	0.0385	20.53135	21.94	38.57	1.0	0.999264	19.8034	1.24712	773.42	0.96455	3.28	0
1768	17:33:11.25	0.0395	20.53107	21.94	38.59	1.0	0.999252	19.8031	1.24712	773.42	0.96455	3.28	0
1769	17:33:11.55	0.0355	20.53247	21.94	38.59	1.0	0.999324	19.8037	1.24708	773.40	0.96451	3.28	0
1770	17:33:11.85	0.0390	20.53114	21.94	38.57	1.0	0.999252	19.8037	1.24712	773.42	0.96457	3.28	0
1771	17:33:12.15	0.0390	20.53128	21.94	38.57	1.0	0.999264	19.8036	1.24712	773.42	0.96456	3.28	0
1772	17:33:12.45	0.0375	20.53184	21.94	38.59	1.0	0.999288	19.8043	1.24712	773.44	0.96457	3.28	0
1773	17:33:12.75	0.0385	20.53142	21.93	38.59	1.0	0.999264	19.8042	1.24712	773.44	0.96458	3.28	0
1774	17:33:13.05	0.0380	20.53163	21.93	38.59	1.0	0.999276	19.8039	1.24712	773.42	0.96455	3.28	0
1775	17:33:13.35	0.0390	20.53114	21.94	38.59	1.0	0.999258	19.8032	1.24712	773.42	0.96454	3.28	0
1776	17:33:13.65	0.0385	20.53135	21.94	38.57	1.0	0.999270	19.8033	1.24712	773.42	0.96454	3.28	0
1777	17:33:13.95	0.0395	20.53100	21.93	38.57	1.0	0.999246	19.8037	1.24712	773.44	0.96458	3.28	0
1778	17:33:14.25	0.0375	20.53177	21.93	38.57	1.0	0.999282	19.8040	1.24712	773.44	0.96455	3.28	0
1779	17:33:14.55	0.0385	20.53135	21.94	38.57	1.0	0.999264	19.8033	1.24712	773.42	0.96454	3.28	0
1780	17:33:14.85	0.0360	20.53226	21.94	38.59	1.0	0.999312	19.8041	1.24712	773.42	0.96454	3.28	0
1781	17:33:15.15	0.0375	20.53184	21.94	38.59	1.0	0.999288	19.8036	1.24712	773.42	0.96454	3.28	0
1782	17:33:15.45	0.0360	20.53226	21.94	38.57	1.0	0.999312	19.8038	1.24708	773.42	0.96452	3.28	0
1783	17:33:15.75	0.0375	20.53184	21.94	38.57	1.0	0.999294	19.8037	1.24708	773.42	0.96454	3.28	0
1784	17:33:16.05	0.0395	20.53100	21.94	38.59	1.0	0.999252	19.8040	1.24716	773.44	0.96459	3.28	0
1785	17:33:16.35	0.0395	20.53100	21.93	38.59	1.0	0.999246	19.8038	1.24716	773.42	0.96458	3.28	0
1786	17:33:16.65	0.0385	20.53149	21.93	38.54	1.0	0.999270	19.8041	1.24712	773.44	0.96457	3.28	0
1787	17:33:16.95	0.0380	20.53163	21.94	38.54	1.0	0.999276	19.8045	1.24712	773.44	0.96458	3.28	0
1788	17:33:17.25	0.0360	20.53233	21.94	38.54	1.0	0.999312	19.8044	1.24712	773.42	0.96455	3.28	0
1789	17:33:17.55	0.0380	20.53170	21.94	38.54	1.0	0.999282	19.8042	1.24712	773.44	0.96457	3.28	0
1790	17:33:17.85	0.0370	20.53212	21.94	38.49	1.0	0.999300	19.8038	1.24712	773.42	0.96453	3.28	0
1791	17:33:18.15	0.0360	20.53254	21.94	38.49	1.0	0.999318	19.8045	1.24712	773.42	0.96455	3.28	0
1792	17:33:18.45	0.0380	20.53170	21.94	38.47	1.0	0.999276	19.8037	1.24712	773.42	0.96454	3.28	0
1793	17:33:18.75	0.0365	20.53226	21.94	38.47	1.0	0.999306	19.8043	1.24712	773.42	0.96454	3.28	0
1794	17:33:19.05	0.0375	20.53184	21.94	38.49	1.0	0.999288	19.8040	1.24712	773.42	0.96455	3.28	0
1795	17:33:19.35	0.0375	20.53184	21.94	38.49	1.0	0.999288	19.8040	1.24712	773.42	0.96455	3.28	0
1796	17:33:19.65	0.0380	20.53177	21.94	38.46	1.0	0.999282	19.8040	1.24712	773.42	0.96456	3.28	0
1797	17:33:19.95	0.0370	20.53212	21.94	38.46	1.0	0.999294	19.8040	1.24712	773.42	0.96454	3.28	0
1798	17:33:20.25	0.0370	20.53205	21.94	38.46	1.0	0.999294	19.8040	1.24712	773.42	0.96454	3.28	0
1799	17:33:20.55	0.0365	20.53219	21.94	38.46	1.0	0.999300	19.8040	1.24708	773.42	0.96454	3.28	0
1800	17:33:20.85	0.0385	20.53149	21.94	38.46	1.0	0.999270	19.8035	1.24712	773.42	0.96454	3.28	0
1801	17:33:21.15	0.0365	20.53226	21.94	38.46	1.0	0.999306	19.8045	1.24712	773.42	0.96455	3.28	0
1802	17:33:21.45	0.0365	20.53226	21.94	38.46	1.0	0.999306	19.8038	1.24712	773.40	0.96452	3.28	0
1803	17:33:21.75	0.0370	20.53205	21.94	38.46	1.0	0.999294	19.8036	1.24712	773.40	0.96452	3.28	0
1804	17:33:22.05	0.0375	20.53191	21.94	38.46	1.0	0.999288	19.8042	1.24712	773.42	0.96455	3.28	0
1805	17:33:22.35	0.0390	20.53142	21.94	38.46	1.0	0.999264	19.8029	1.24712	773.40	0.96452	3.28	0
1806	17:33:22.65	0.0380	20.53170	21.94	38.44	1.0	0.999276	19.8038	1.24712	773.42	0.96455	3.28	0
1807	17:33:22.95	0.0380	20.53177	21.94	38.44	1.0	0.999276	19.8040	1.24712	773.42	0.96455	3.28	0
1808	17:33:23.25	0.0380	20.53163	21.94	38.49	1.0	0.999276	19.8032	1.24712	773.40	0.96452	3.28	0
1809	17:33:23.55	0.0380	20.53163	21.94	38.49	1.0	0.999276	19.8038	1.24712	773.44	0.96455	3.28	0
1810	17:33:23.85	0.0380	20.53177	21.94	38.44	1.0	0.999276	19.8038	1.24712	773.42	0.96454	3.28	0
1811	17:33:24.15	0.0365	20.53240	21.94	38.44	1.0	0.999306	19.8039	1.24712	773.42	0.96452	3.28	0
1812	17:33:24.45	0.0380	20.53177	21.94	38.47	1.0	0.999282	19.8041	1.24712	773.42	0.96456	3.28	0
1813	17:33:24.75	0.0365	20.53233	21.94	38.47	1.0	0.999306	19.8043	1.24712	773.42	0.96454	3.28	0
1814	17:33:25.05	0.0365	20.53226	21.94	38.49	1.0	0.999306	19.8045	1.24712	773.42	0.96456	3.28	0
1815	17:33:25.35	0.0400	20.53093	21.94	38.49	1.0	0.999240	19.8041	1.24716	773.44	0.96460	3.28	0
1816	17:33:25.65	0.0355	20.53261	21.94	38.47	1.0	0.999324	19.8037	1.24708	773.40	0.96450	3.28	0
1817	17:33:25.95	0.0390	20.53135	21.94	38.47	1.0	0.999258	19.8036	1.24712	773.42	0.96456	3.28	0
1818	17:33:26.25	0.0385	20.53142	21.94	38.49	1.0	0.999264	19.8042	1.24716	773.44	0.96458	3.28	0
1819	17:33:26.55	0.0395	20.53114	21.94	38.49	1.0	0.999252	19.8033	1.24712	773.42	0.96455	3.28	0
1820	17:33:26.85	0.0395	20.53107	21.94	38.49	1.0	0.999246	19.8035	1.24712	773.42	0.96456	3.28	0
1821	17:33:27.15	0.0385	20.53142	21.94	38.49	1.0	0.999264	19.8033	1.24712	773.42	0.96454	3.28	0
1822	17:33:27.45	0.0380	20.53163	21.94	38.49	1.0	0.999276	19.8031	1.24712	773.40	0.96452	3.28	0
1823	17:33:27.75	0.0365	20.53226	21.94	38.49	1.0	0.999306	19.8035	1.24708	773.40	0.96451	3.28	0
1824	17:33:28.05	0.0365	20.53219	21.94	38.49	1.0	0.999300	19.8038	1.24708	773.42	0.96452	3.28	0
1825	17:33:28.35	0.0365	20.53219	21.94	38.49	1.0	0.999300	19.8043	1.24712	773.44	0.96455	3.28	0
1826	17:33:28.65	0.0360	20.53247	21.94	38.49	1.0	0.999318	19.8035	1.24708	773.40	0.96449	3.28	0
1827	17:33:28.95	0.0365	20.53219	21.94	38.49	1.0	0.999300	19.8038	1.24712	773.40	0.96452	3.28	0
1828	17:33:29.25	0.0370	20.53205	21.94	38.49	1.0	0.999294	19.8036	1.24708	773.42	0.96452	3.28	0
1829	17:33:29.55	0.0375	20.53191	21.93	38.49	1.0	0.999282	19.8037	1.24712	773.42	0.96453	3.28	0
1830	17:33:29.85	0.0370	20.53219	21.93	38.47	1.0	0.999294	19.8040	1.24712	773.42	0.96454	3.28	0
1831	17:33:30.15	0.0370	20.53205	21.94	38.47	1.0	0.999294	19.8035	1.24708	773.42	0.96451	3.28	0
1832	17:33:30.45	0.0390	20.53128	21.94	38.47	1.0	0.999258	19.8038	1.24712	773.42	0.96457	3.28	0
1833	17:33:30.75	0.0385	20.53156	21.94	38.47	1.0	0.999270	19.8033	1.24712	773.40	0.96453	3.28	0
1834	17:33:31.05	0.0395	20.53107	21.94	38.49	1.0	0.999246	19.8033	1.24712	773.42	0.96455	3.28	0
1835	17:33:31.35	0.0375	20.53191	21.93	38.49	1.0	0.999288	19.8037	1.24712	773.42	0.96453	3.28	0
1836	17:33:31.65	0.0385	20.53170	21.93	38.47	1.0	0.999270	19.8034	1.24712	773.42	0.96453	3.28	0
1837	17:33:31.95	0.0370	20.53212	21.94	38.47	1.0	0.999294	19.8034	1.24708	773.40	0.96451	3.28	0
1838	17:33:32.25	0.0390	20.53121	21.94	38.47	1.0	0.999252	19.8039	1.24716	773.42	0.96457	3.28	0
1839	17:33:32.55	0.0370	20.53212	21.94	38.47	1.0	0.999300	19.8034	1.24708	773.40	0.96451	3.28	0
1840	17:33:32.85	0.0370	20.53212	21.94	38.49	1.0	0.999300	19.8035	1.24708	773.40	0.96451	3.28	0
1841	17:33:33.15	0.0385	20.53163	21.93	38.49	1.0	0.999270	19.8033	1.24712	773.42	0.96452	3.28	0
1842	17:33:33.45	0.0380	20.53170	21.93	38.47	1.0	0.999276	19.8031	1.24712	773.40	0.96451	3.28	0
1843	17:33:33.75	0.0390	20.53128	21.93	38.47	1.0	0.999252	19.8031	1.24712	773.40	0.96453	3.28	0
1844	17:33:34.05	0.0375	20.53205	21.93	38.47	1.0	0.999288	19.8033	1.24712	773.40	0.96451	3.28	0
1845	17:33:34.35	0.0380	20.53170	21.94	38.47	1.0	0.999276	19.8035	1.24712	773.42	0.96454	3.28	0
1846	17:33:34.65	0.0365	20.53219	21.94	38.49	1.0	0.999300	19.8042	1.24712	773.42	0.96454	3.28	0
1847	17:33:34.95	0.0375	20.53184	21.94	38.49	1.0	0.999282	19.8033	1.24712	773.40	0.96452	3.28	0
1848	17:33:35.25	0.0390	20.53128	21.94	38.47	1.0	0.999258	19.8034	1.24712	773.42	0.96455	3.28	0
1849	17:33:35.55	0.0390	20.53135	21.93	38.47	1.0	0.999258	19.8039	1.24712	773.42	0.96457	3.28	0
1850	17:33:35.85	0.0395	20.53128	21.93	38.47	1.0	0.999252	19.8035	1.24712	773.42	0.96455	3.28	0
1851	17:33:36.15	0.0355	20.53268	21.94	38.47	1.0	0.999324	19.8038	1.24708	773.40	0.96450	3.28	0
1852	17:33:36.45	0.0370	20.53212	21.94	38.49	1.0	0.999300	19.8039	1.24712	773.42	0.96454	3.28	0
1853	17:33:36.75	0.0380	20.53170	21.94	38.49	1.0	0.999276	19.8036	1.24712	773.42	0.96454	3.28	0
1854	17:33:37.05	0.0365	20.53226	21.94	38.49	1.0	0.999306	19.8035	1.24708	773.40	0.96451	3.28	0
1855	17:33:37.35	0.0380	20.53170	21.94	38.49	1.0	0.999276	19.8030	1.24712	773.40	0.96451	3.28	0
1856	17:33:37.65	0.0380	20.53163	21.94	38.47	1.0	0.999270	19.8024	1.24708	773.40	0.96448	3.28	0
1857	17:33:37.95	0.0400	20.53100	21.93	38.47	1.0	0.999240	19.8028	1.24712	773.40	0.96453	3.28	0
1858	17:33:38.25	0.0360	20.53254	21.93	38.49	1.0	0.999318	19.8037	1.24708	773.40	0.96450	3.28	0
1859	17:33:38.55	0.0375	20.53184	21.94	38.49	1.0	0.999288	19.8029	1.24708	773.40	0.96450	3.28	0
1860	17:33:38.85	0.0390	20.53142	21.94	38.47	1.0	0.999264	19.8033	1.24712	773.42	0.96454	3.28	0
1861	17:33:39.15	0.0370	20.53219	21.93	38.47	1.0	0.999300	19.8033	1.24708	773.40	0.96450	3.28	0
1862	17:33:39.45	0.0385	20.53163	21.93	38.49	1.0	0.999270	19.8032	1.24712	773.40	0.96452	3.28	0
1863	17:33:39.75	0.0430	20.52981	21.93	38.49	1.0	0.999186	19.8027	1.24712	773.44	0.96458	3.28	0
1864	17:33:40.05	0.0390	20.53135	21.93	38.49	1.0	0.999258	19.8040	1.24712	773.44	0.96458	3.28	0
1865	17:33:40.35	0.0375	20.53191	21.93	38.49	1.0	0.999288	19.8037	1.24712	773.42	0.96453	3.28	0
1866	17:33:40.65	0.0390	20.53142	21.93	38.47	1.0	0.999258	19.8039	1.24712	773.42	0.96457	3.28	0
1867	17:33:40.95	0.0375	20.53191	21.93	38.47	1.0	0.999282	19.8031	1.24708	773.40	0.96451	3.28	0
1868	17:33:41.25	0.0370	20.53219	21.93	38.47	1.0	0.999294	19.8029	1.24708	773.40	0.96448	3.28	0
1869	17:33:41.55	0.0385	20.53170	21.93	38.47	1.0	0.999270	19.8036	1.24712	773.42	0.96454	3.28	0
1870	17:33:41.85	0.0385	20.53149	21.93	38.54	1.0	0.999264	19.8041	1.24712	773.42	0.96457	3.28	0
1871	17:33:42.15	0.0360	20.53247	21.93	38.54	1.0	0.999312	19.8040	1.24708	773.42	0.96452	3.28	0
1872	17:33:42.45	0.0385	20.53142	21.93	38.59	1.0	0.999270	19.8034	1.24712	773.42	0.96454	3.28	0
1873	17:33:42.75	0.0375	20.53177	21.93	38.59	1.0	0.999288	19.8037	1.24712	773.42	0.96454	3.28	0
1874	17:33:43.05	0.0375	20.53177	21.93	38.57	1.0	0.999282	19.8032	1.24708	773.40	0.96452	3.28	0
1875	17:33:43.35	0.0400	20.53086	21.93	38.57	1.0	0.999234	19.8034	1.24712	773.44	0.96457	3.28	0
1876	17:33:43.65	0.0380	20.53163	21.93	38.62	1.0	0.999282	19.8034	1.24712	773.42	0.96453	3.28	0
1877	17:33:43.95	0.0395	20.53086	21.94	38.62	1.0	0.999246	19.8033	1.24716	773.42	0.96456	3.28	0
1878	17:33:44.25	0.0390	20.53107	21.94	38.66	1.0	0.999258	19.8030	1.24712	773.42	0.96454	3.28	0
1879	17:33:44.55	0.0415	20.53023	21.93	38.66	1.0	0.999216	19.8033	1.24716	773.44	0.96459	3.28	0
1880	17:33:44.85	0.0390	20.53114	21.93	38.69	1.0	0.999258	19.8033	1.24712	773.42	0.96455	3.28	0
1881	17:33:45.15	0.0380	20.53142	21.93	38.69	1.0	0.999276	19.8029	1.24712	773.40	0.96452	3.28	0
1882	17:33:45.45	0.0385	20.53142	21.93	38.67	1.0	0.999270	19.8036	1.24712	773.42	0.96455	3.28	0
1883	17:33:45.75	0.0390	20.53114	21.93	38.67	1.0	0.999258	19.8030	1.24712	773.42	0.96454	3.28	0
1884	17:33:46.05	0.0380	20.53156	21.93	38.71	1.0	0.999276	19.8028	1.24708	773.40	0.96451	3.28	0
1885	17:33:46.35	0.0380	20.53142	21.93	38.71	1.0	0.999270	19.8031	1.24712	773.42	0.96453	3.28	0
1886	17:33:46.65	0.0385	20.53121	21.93	38.72	1.0	0.999264	19.8026	1.24708	773.40	0.96451	3.28	0
1887	17:33:46.95	0.0400	20.53079	21.93	38.72	1.0	0.999246	19.8026	1.24712	773.42	0.96454	3.28	0
1888	17:33:47.25	0.0400	20.53065	21.93	38.71	1.0	0.999234	19.8030	1.24712	773.42	0.96456	3.28	0
1889	17:33:47.55	0.0370	20.53184	21.93	38.71	1.0	0.999294	19.8034	1.24708	773.42	0.96452	3.28	0
1890	17:33:47.85	0.0385	20.53121	21.93	38.71	1.0	0.999264	19.8031	1.24712	773.42	0.96454	3.28	0
1891	17:33:48.15	0.0390	20.53100	21.94	38.71	1.0	0.999258	19.8036	1.24712	773.42	0.96457	3.28	0
1892	17:33:48.45	0.0390	20.53100	21.94	38.72	1.0	0.999258	19.8031	1.24712	773.42	0.96455	3.28	0
1893	17:33:48.75	0.0395	20.53086	21.94	38.72	1.0	0.999252	19.8036	1.24712	773.44	0.96458	3.28	0
1894	17:33:49.05	0.0395	20.53086	21.94	38.74	1.0	0.999252	19.8037	1.24712	773.44	0.96458	3.28	0
1895	17:33:49.35	0.0390	20.53100	21.93	38.74	1.0	0.999252	19.8037	1.24716	773.42	0.96458	3.28	0
1896	17:33:49.65	0.0395	20.53079	21.93	38.74	1.0	0.999246	19.8034	1.24716	773.42	0.96457	3.28	0
1897	17:33:49.95	0.0370	20.53177	21.94	38.74	1.0	0.999294	19.8036	1.24712	773.42	0.96454	3.28	0
1898	17:33:50.25	0.0375	20.53163	21.94	38.74	1.0	0.999288	19.8036	1.24712	773.42	0.96454	3.28	0
1899	17:33:50.55	0.0415	20.53016	21.93	38.74	1.0	0.999210	19.8028	1.24712	773.44	0.96457	3.28	0
1900	17:33:50.85	0.0380	20.53142	21.93	38.76	1.0	0.999276	19.8038	1.24712	773.42	0.96457	3.28	0
1901	17:33:51.15	0.0380	20.53149	21.93	38.76	1.0	0.999282	19.8038	1.24712	773.42	0.96455	3.28	0
1902	17:33:51.45	0.0375	20.53163	21.93	38.74	1.0	0.999288	19.8040	1.24712	773.42	0.96456	3.28	0
1903	17:33:51.75	0.0390	20.53100	21.93	38.74	1.0	0.999252	19.8031	1.24712	773.42	0.96455	3.28	0
1904	17:33:52.05	0.0385	20.53114	21.93	38.76	1.0	0.999264	19.8036	1.24712	773.42	0.96456	3.28	0
1905	17:33:52.35	0.0360	20.53205	21.94	38.76	1.0	0.999312	19.8039	1.24712	773.42	0.96454	3.28	0
1906	17:33:52.65	0.0400	20.53065	21.94	38.76	1.0	0.999240	19.8032	1.24712	773.42	0.96457	3.28	0
1907	17:33:52.95	0.0385	20.53121	21.94	38.76	1.0	0.999270	19.8037	1.24712	773.44	0.96457	3.28	0
1908	17:33:53.25	0.0360	20.53219	21.94	38.76	1.0	0.999318	19.8036	1.24708	773.40	0.96451	3.28	0
1909	17:33:53.55	0.0375	20.53163	21.94	38.76	1.0	0.999288	19.8036	1.24712	773.42	0.96454	3.28	0
1910	17:33:53.85	0.0395	20.53079	21.94	38.76	1.0	0.999252	19.8029	1.24712	773.42	0.96455	3.28	0
1911	17:33:54.15	0.0385	20.53107	21.94	38.76	1.0	0.999264	19.8033	1.24712	773.42	0.96455	3.28	0
1912	17:33:54.45	0.0380	20.53149	21.94	38.72	1.0	0.999282	19.8038	1.24712	773.42	0.96456	3.28	0
1913	17:33:54.75	0.0375	20.53156	21.93	38.72	1.0	0.999282	19.8037	1.24712	773.42	0.96455	3.28	0
1914	17:33:55.05	0.0380	20.53149	21.93	38.74	1.0	0.999282	19.8035	1.24712	773.42	0.96454	3.28	0
1915	17:33:55.35	0.0385	20.53135	21.93	38.74	1.0	0.999270	19.8033	1.24712	773.42	0.96454	3.28	0
1916	17:33:55.65	0.0400	20.53072	21.93	38.74	1.0	0.999240	19.8034	1.24712	773.44	0.96458	3.28	0
1917	17:33:55.95	0.0380	20.53156	21.93	38.74	1.0	0.999282	19.8037	1.24712	773.42	0.96455	3.28	0
1918	17:33:56.25	0.0365	20.53198	21.93	38.76	1.0	0.999300	19.8041	1.24712	773.42	0.96455	3.28	0
1919	17:33:56.55	0.0395	20.53079	21.93	38.76	1.0	0.999246	19.8039	1.24716	773.44	0.96460	3.28	0
1920	17:33:56.85	0.0400	20.53065	21.93	38.71	1.0	0.999234	19.8036	1.24716	773.44	0.96459	3.28	0
1921	17:33:57.15	0.0390	20.53107	21.93	38.71	1.0	0.999258	19.8034	1.24712	773.42	0.96456	3.28	0
1922	17:33:57.45	0.0375	20.53156	21.93	38.72	1.0	0.999282	19.8040	1.24712	773.42	0.96457	3.28	0
1923	17:33:57.75	0.0390	20.53114	21.93	38.72	1.0	0.999258	19.8033	1.24712	773.42	0.96455	3.28	0
1924	17:33:58.05	0.0380	20.53142	21.93	38.72	1.0	0.999276	19.8038	1.24712	773.42	0.96456	3.28	0
1925	17:33:58.35	0.0365	20.53198	21.93	38.72	1.0	0.999300	19.8038	1.24712	773.42	0.96454	3.28	0
1926	17:33:58.65	0.0380	20.53149	21.93	38.71	1.0	0.999276	19.8036	1.24712	773.42	0.96455	3.28	0
1927	17:33:58.95	0.0390	20.53100	21.93	38.71	1.0	0.999252	19.8039	1.24716	773.44	0.96458	3.28	0
1928	17:33:59.25	0.0370	20.53177	21.93	38.72	1.0	0.999294	19.8042	1.24712	773.44	0.96457	3.28	0
1929	17:33:59.55	0.0370	20.53177	21.93	38.72	1.0	0.999294	19.8040	1.24712	773.42	0.96455	3.28	0
1930	17:33:59.85	0.0370	20.53184	21.93	38.71	1.0	0.999294	19.8044	1.24712	773.42	0.96457	3.28	0
1931	17:34:00.15	0.0375	20.53177	21.93	38.71	1.0	0.999288	19.8040	1.24712	773.44	0.96455	3.28	0
1932	17:34:00.45	0.0375	20.53156	21.93	38.71	1.0	0.999282	19.8039	1.24712	773.42	0.96456	3.28	0
1933	17:34:00.75	0.0355	20.53247	21.93	38.71	1.0	0.999324	19.8040	1.24708	773.42	0.96452	3.28	0
1934	17:34:01.05	0.0385	20.53135	21.93	38.72	1.0	0.999270	19.8040	1.24712	773.44	0.96458	3.28	0
1935	17:34:01.35	0.0370	20.53198	21.93	38.72	1.0	0.999300	19.8038	1.24712	773.42	0.96454	3.28	0
1936	17:34:01.65	0.0370	20.53205	21.93	38.67	1.0	0.999300	19.8044	1.24712	773.42	0.96456	3.28	0
1937	17:34:01.95	0.0390	20.53107	21.93	38.67	1.0	0.999258	19.8040	1.24716	773.44	0.96458	3.28	0
1938	17:34:02.25	0.0385	20.53135	21.93	38.69	1.0	0.999270	19.8036	1.24712	773.42	0.96455	3.28	0
1939	17:34:02.55	0.0390	20.53121	21.93	38.69	1.0	0.999264	19.8043	1.24716	773.44	0.96460	3.28	0
1940	17:34:02.85	0.0380	20.53156	21.93	38.64	1.0	0.999276	19.8041	1.24716	773.42	0.96457	3.28	0
1941	17:34:03.15	0.0380	20.53149	21.93	38.64	1.0	0.999270	19.8044	1.24712	773.44	0.96458	3.28	0
1942	17:34:03.45	0.0370	20.53191	21.93	38.66	1.0	0.999294	19.8041	1.24712	773.42	0.96455	3.28	0
1943	17:34:03.75	0.0360	20.53233	21.93	38.66	1.0	0.999312	19.8047	1.24712	773.44	0.96456	3.28	0
1944	17:34:04.05	0.0365	20.53212	21.93	38.64	1.0	0.999306	19.8040	1.24712	773.42	0.96454	3.28	0
1945	17:34:04.35	0.0380	20.53156	21.93	38.64	1.0	0.999276	19.8043	1.24716	773.42	0.96458	3.28	0
1946	17:34:04.65	0.0360	20.53233	21.93	38.62	1.0	0.999312	19.8043	1.24712	773.42	0.96454	3.28	0
1947	17:34:04.95	0.0385	20.53142	21.93	38.62	1.0	0.999270	19.8032	1.24712	773.42	0.96453	3.28	0
1948	17:34:05.25	0.0365	20.53226	21.93	38.61	1.0	0.999312	19.8045	1.24712	773.42	0.96455	3.28	0
1949	17:34:05.55	0.0350	20.53282	21.93	38.61	1.0	0.999336	19.8048	1.24712	773.42	0.96454	3.28	0
1950	17:34:05.85	0.0355	20.53268	21.93	38.57	1.0	0.999324	19.8044	1.24712	773.40	0.96453	3.28	0
1951	17:34:06.15	0.0385	20.53149	21.93	38.57	1.0	0.999270	19.8036	1.24712	773.42	0.96455	3.28	0
1952	17:34:06.45	0.0375	20.53177	21.93	38.57	1.0	0.999282	19.8040	1.24712	773.42	0.96455	3.28	0
1953	17:34:06.75	0.0370	20.53198	21.93	38.57	1.0	0.999294	19.8042	1.24712	773.42	0.96455	3.28	0
1954	17:34:07.05	0.0385	20.53149	21.93	38.57	1.0	0.999270	19.8033	1.24712	773.40	0.96454	3.28	0
1955	17:34:07.35	0.0375	20.53184	21.93	38.57	1.0	0.999288	19.8036	1.24712	773.42	0.96454	3.28	0
1956	17:34:07.65	0.0370	20.53212	21.93	38.57	1.0	0.999300	19.8042	1.24712	773.42	0.96455	3.28	0
1957	17:34:07.95	0.0380	20.53163	21.93	38.57	1.0	0.999276	19.8042	1.24712	773.44	0.96457	3.28	0
1958	17:34:08.25	0.0385	20.53156	21.93	38.57	1.0	0.999270	19.8039	1.24712	773.44	0.96456	3.28	0
1959	17:34:08.55	0.0395	20.53100	21.93	38.57	1.0	0.999246	19.8036	1.24712	773.42	0.96457	3.28	0
1960	17:34:08.85	0.0380	20.53170	21.93	38.57	1.0	0.999282	19.8042	1.24716	773.42	0.96457	3.28	0
1961	17:34:09.15	0.0385	20.53142	21.93	38.57	1.0	0.999264	19.8038	1.24712	773.42	0.96456	3.28	0
1962	17:34:09.45	0.0365	20.53233	21.93	38.54	1.0	0.999312	19.8045	1.24712	773.42	0.96455	3.28	0
1963	17:34:09.75	0.0370	20.53219	21.93	38.54	1.0	0.999300	19.8035	1.24712	773.40	0.96451	3.28	0
1964	17:34:10.05	0.0370	20.53198	21.93	38.54	1.0	0.999294	19.8044	1.24712	773.42	0.96456	3.28	0
1965	17:34:10.35	0.0375	20.53184	21.93	38.54	1.0	0.999282	19.8044	1.24716	773.42	0.96457	3.28	0
1966	17:34:10.65	0.0370	20.53205	21.93	38.56	1.0	0.999294	19.8038	1.24712	773.40	0.96454	3.28	0
1967	17:34:10.95	0.0380	20.53177	21.93	38.56	1.0	0.999282	19.8038	1.24712	773.42	0.96455	3.28	0
1968	17:34:11.25	0.0385	20.53156	21.93	38.54	1.0	0.999270	19.8040	1.24712	773.42	0.96457	3.28	0
1969	17:34:11.55	0.0365	20.53219	21.93	38.54	1.0	0.999300	19.8043	1.24712	773.42	0.96455	3.28	0
1970	17:34:11.85	0.0370	20.53198	21.93	38.54	1.0	0.999294	19.8041	1.24712	773.42	0.96455	3.28	0
1971	17:34:12.15	0.0355	20.53261	21.93	38.54	1.0	0.999324	19.8036	1.24708	773.40	0.96449	3.28	0
1972	17:34:12.45	0.0400	20.53107	21.93	38.47	1.0	0.999240	19.8034	1.24712	773.42	0.96456	3.28	0
1973	17:34:12.75	0.0385	20.53156	21.93	38.47	1.0	0.999264	19.8043	1.24716	773.42	0.96458	3.28	0
1974	17:34:13.05	0.0405	20.53079	21.93	38.49	1.0	0.999234	19.8031	1.24712	773.42	0.96455	3.28	0
1975	17:34:13.35	0.0400	20.53093	21.94	38.49	1.0	0.999240	19.8037	1.24716	773.42	0.96458	3.28	0
1976	17:34:13.65	0.0370	20.53212	21.94	38.47	1.0	0.999300	19.8037	1.24712	773.42	0.96452	3.28	0
1977	17:34:13.95	0.0385	20.53156	21.93	38.47	1.0	0.999264	19.8031	1.24712	773.42	0.96452	3.28	0
1978	17:34:14.25	0.0365	20.53233	21.93	38.47	1.0	0.999306	19.8043	1.24712	773.42	0.96454	3.28	0
1979	17:34:14.55	0.0385	20.53156	21.93	38.47	1.0	0.999270	19.8035	1.24712	773.40	0.96454	3.28	0
1980	17:34:14.85	0.0380	20.53170	21.93	38.47	1.0	0.999276	19.8031	1.24708	773.40	0.96452	3.28	0
1981	17:34:15.15	0.0380	20.53170	21.93	38.47	1.0	0.999276	19.8032	1.24712	773.40	0.96452	3.28	0
1982	17:34:15.45	0.0400	20.53107	21.93	38.49	1.0	0.999240	19.8028	1.24712	773.40	0.96453	3.28	0
1983	17:34:15.75	0.0370	20.53212	21.93	38.49	1.0	0.999294	19.8035	1.24708	773.40	0.96451	3.28	0
1984	17:34:16.05	0.0400	20.53100	21.93	38.49	1.0	0.999240	19.8045	1.24716	773.44	0.96461	3.28	0
1985	17:34:16.35	0.0400	20.53093	21.93	38.49	1.0	0.999240	19.8033	1.24712	773.42	0.96456	3.28	0
1986	17:34:16.65	0.0370	20.53219	21.93	38.47	1.0	0.999294	19.8038	1.24712	773.42	0.96453	3.28	0
1987	17:34:16.95	0.0380	20.53184	21.93	38.47	1.0	0.999276	19.8037	1.24712	773.42	0.96454	3.28	0
1988	17:34:17.25	0.0390	20.53142	21.93	38.47	1.0	0.999258	19.8031	1.24712	773.42	0.96453	3.28	0
1989	17:34:17.55	0.0385	20.53149	21.93	38.47	1.0	0.999264	19.8038	1.24712	773.42	0.96455	3.28	0
1990	17:34:17.85	0.0370	20.53212	21.93	38.47	1.0	0.999294	19.8036	1.24708	773.40	0.96452	3.28	0
1991	17:34:18.15	0.0390	20.53135	21.93	38.47	1.0	0.999258	19.8032	1.24712	773.40	0.96454	3.28	0
1992	17:34:18.45	0.0375	20.53205	21.93	38.47	1.0	0.999294	19.8043	1.24712	773.42	0.96455	3.28	0
1993	17:34:18.75	0.0390	20.53142	21.93	38.47	1.0	0.999258	19.8036	1.24712	773.42	0.96455	3.28	0
1994	17:34:19.05	0.0385	20.53156	21.93	38.47	1.0	0.999264	19.8038	1.24712	773.42	0.96455	3.28	0
1995	17:34:19.35	0.0380	20.53177	21.93	38.47	1.0	0.999276	19.8035	1.24712	773.42	0.96453	3.28	0
1996	17:34:19.65	0.0380	20.53184	21.93	38.47	1.0	0.999276	19.8038	1.24712	773.42	0.96454	3.28	0
1997	17:34:19.95	0.0405	20.53079	21.93	38.47	1.0	0.999228	19.8027	1.24712	773.42	0.96454	3.28	0
1998	17:34:20.25	0.0405	20.53079	21.93	38.47	1.0	0.999228	19.8035	1.24716	773.42	0.96457	3.28	0
1999	17:34:20.55	0.0395	20.53128	21.93	38.47	1.0	0.999252	19.8033	1.24712	773.42	0.96454	3.28	0
2000	17:34:20.85	0.0395	20.53128	21.93	38.47	1.0	0.999252	19.8033	1.24712	773.42	0.96454	3.28	0
2001	17:34:21.15	0.0385	20.53156	21.93	38.47	1.0	0.999264	19.8040	1.24712	773.42	0.96457	3.28	0
2002	17:34:21.45	0.0385	20.53149	21.93	38.47	1.0	0.999264	19.8038	1.24712	773.42	0.96455	3.28	0
2003	17:34:21.75	0.0390	20.53142	21.93	38.47	1.0	0.999258	19.8037	1.24712	773.42	0.96455	3.28	0
2004	17:34:22.05	0.0370	20.53205	21.93	38.54	1.0	0.999294	19.8040	1.24712	773.42	0.96454	3.28	0
2005	17:34:22.35	0.0380	20.53170	21.92	38.54	1.0	0.999270	19.8035	1.24712	773.42	0.96453	3.28	0
2006	17:34:22.65	0.0385	20.53170	21.92	38.54	1.0	0.999270	19.8029	1.24708	773.40	0.96450	3.28	0
2007	17:34:22.95	0.0400	20.53100	21.93	38.54	1.0	0.999240	19.8036	1.24716	773.42	0.96457	3.28	0
2008	17:34:23.25	0.0390	20.53135	21.93	38.54	1.0	0.999258	19.8036	1.24712	773.42	0.96455	3.28	0
2009	17:34:23.55	0.0400	20.53086	21.93	38.54	1.0	0.999240	19.8031	1.24712	773.42	0.96455	3.28	0
2010	17:34:23.85	0.0410	20.53051	21.93	38.57	1.0	0.999222	19.8038	1.24716	773.44	0.96461	3.28	0
2011	17:34:24.15	0.0365	20.53226	21.93	38.57	1.0	0.999306	19.8039	1.24712	773.40	0.96452	3.28	0
2012	17:34:24.45	0.0385	20.53156	21.93	38.57	1.0	0.999270	19.8040	1.24712	773.42	0.96457	3.28	0
2013	17:34:24.75	0.0375	20.53177	21.93	38.57	1.0	0.999282	19.8038	1.24712	773.42	0.96454	3.28	0
2014	17:34:25.05	0.0365	20.53212	21.93	38.64	1.0	0.999306	19.8036	1.24712	773.40	0.96451	3.28	0
2015	17:34:25.35	0.0400	20.53086	21.92	38.64	1.0	0.999240	19.8027	1.24712	773.40	0.96454	3.28	0
2016	17:34:25.65	0.0390	20.53121	21.92	38.67	1.0	0.999258	19.8038	1.24716	773.42	0.96457	3.28	0
2017	17:34:25.95	0.0370	20.53205	21.93	38.67	1.0	0.999300	19.8036	1.24712	773.40	0.96452	3.28	0
2018	17:34:26.25	0.0390	20.53114	21.93	38.71	1.0	0.999258	19.8031	1.24712	773.42	0.96454	3.28	0
2019	17:34:26.55	0.0390	20.53114	21.93	38.71	1.0	0.999258	19.8032	1.24712	773.42	0.96455	3.28	0
2020	17:34:26.85	0.0380	20.53156	21.93	38.71	1.0	0.999276	19.8034	1.24712	773.40	0.96454	3.28	0
2021	17:34:27.15	0.0390	20.53107	21.93	38.71	1.0	0.999258	19.8033	1.24712	773.42	0.96455	3.28	0
2022	17:34:27.45	0.0385	20.53135	21.93	38.74	1.0	0.999270	19.8036	1.24712	773.42	0.96455	3.28	0
2023	17:34:27.75	0.0380	20.53135	21.93	38.74	1.0	0.999270	19.8033	1.24712	773.40	0.96454	3.28	0
2024	17:34:28.05	0.0390	20.53114	21.93	38.74	1.0	0.999264	19.8031	1.24712	773.40	0.96454	3.28	0
2025	17:34:28.35	0.0380	20.53149	21.92	38.74	1.0	0.999276	19.8033	1.24712	773.40	0.96453	3.28	0
2026	17:34:28.65	0.0380	20.53163	21.92	38.74	1.0	0.999282	19.8034	1.24712	773.40	0.96453	3.28	0
2027	17:34:28.95	0.0390	20.53107	21.93	38.74	1.0	0.999258	19.8032	1.24712	773.42	0.96455	3.28	0
2028	17:34:29.25	0.0385	20.53121	21.93	38.77	1.0	0.999264	19.8024	1.24712	773.40	0.96451	3.28	0
2029	17:34:29.55	0.0370	20.53184	21.92	38.77	1.0	0.999294	19.8026	1.24708	773.38	0.96448	3.28	0
2030	17:34:29.85	0.0365	20.53212	21.92	38.77	1.0	0.999306	19.8039	1.24712	773.42	0.96453	3.28	0
2031	17:34:30.15	0.0385	20.53128	21.92	38.77	1.0	0.999264	19.8033	1.24712	773.42	0.96455	3.28	0
2032	17:34:30.45	0.0365	20.53212	21.92	38.77	1.0	0.999306	19.8038	1.24712	773.42	0.96452	3.28	0
2033	17:34:30.75	0.0395	20.53093	21.92	38.77	1.0	0.999252	19.8027	1.24712	773.42	0.96453	3.28	0
2034	17:34:31.05	0.0390	20.53114	21.92	38.77	1.0	0.999258	19.8033	1.24712	773.42	0.96455	3.28	0
2035	17:34:31.35	0.0380	20.53156	21.92	38.77	1.0	0.999282	19.8033	1.24712	773.40	0.96453	3.28	0
2036	17:34:31.65	0.0375	20.53170	21.92	38.77	1.0	0.999288	19.8033	1.24712	773.40	0.96452	3.28	0
2037	17:34:31.95	0.0390	20.53107	21.92	38.77	1.0	0.999258	19.8031	1.24712	773.40	0.96454	3.28	0
2038	17:34:32.25	0.0375	20.53163	21.92	38.77	1.0	0.999282	19.8033	1.24712	773.40	0.96453	3.28	0
2039	17:34:32.55	0.0375	20.53170	21.92	38.77	1.0	0.999288	19.8039	1.24712	773.42	0.96455	3.28	0
2040	17:34:32.85	0.0370	20.53184	21.92	38.77	1.0	0.999294	19.8037	1.24712	773.42	0.96454	3.28	0
2041	17:34:33.15	0.0380	20.53156	21.92	38.77	1.0	0.999282	19.8037	1.24712	773.42	0.96455	3.28	0
2042	17:34:33.45	0.0385	20.53121	21.92	38.77	1.0	0.999264	19.8039	1.24716	773.42	0.96457	3.28	0
2043	17:34:33.75	0.0385	20.53128	21.93	38.77	1.0	0.999270	19.8032	1.24712	773.42	0.96454	3.28	0
2044	17:34:34.05	0.0370	20.53177	21.93	38.77	1.0	0.999294	19.8035	1.24712	773.40	0.96453	3.28	0
2045	17:34:34.35	0.0380	20.53156	21.92	38.77	1.0	0.999282	19.8033	1.24712	773.42	0.96453	3.28	0
2046	17:34:34.65	0.0375	20.53170	21.92	38.77	1.0	0.999288	19.8031	1.24712	773.40	0.96452	3.28	0
2047	17:34:34.95	0.0395	20.53100	21.92	38.77	1.0	0.999252	19.8027	1.24712	773.40	0.96452	3.28	0
2048	17:34:35.25	0.0370	20.53184	21.92	38.77	1.0	0.999294	19.8033	1.24712	773.40	0.96452	3.28	0
2049	17:34:35.55	0.0365	20.53212	21.92	38.77	1.0	0.999306	19.8039	1.24712	773.42	0.96454	3.28	0
2050	17:34:35.85	0.0385	20.53128	21.92	38.77	1.0	0.999264	19.8033	1.24712	773.42	0.96454	3.28	0
2051	17:34:36.15	0.0380	20.53156	21.92	38.77	1.0	0.999282	19.8040	1.24712	773.42	0.96456	3.28	0
2052	17:34:36.45	0.0380	20.53156	21.92	38.77	1.0	0.999276	19.8030	1.24708	773.42	0.96452	3.28	0
2053	17:34:36.75	0.0385	20.53142	21.92	38.77	1.0	0.999270	19.8039	1.24712	773.42	0.96457	3.28	0
2054	17:34:37.05	0.0400	20.53072	21.92	38.77	1.0	0.999240	19.8035	1.24716	773.42	0.96458	3.28	0
2055	17:34:37.35	0.0375	20.53177	21.92	38.77	1.0	0.999288	19.8030	1.24708	773.40	0.96451	3.28	0
2056	17:34:37.65	0.0385	20.53142	21.92	38.77	1.0	0.999270	19.8029	1.24712	773.40	0.96452	3.28	0
2057	17:34:37.95	0.0365	20.53198	21.92	38.77	1.0	0.999300	19.8035	1.24712	773.40	0.96452	3.28	0
2058	17:34:38.25	0.0385	20.53142	21.92	38.77	1.0	0.999270	19.8034	1.24712	773.42	0.96454	3.28	0
2059	17:34:38.55	0.0385	20.53121	21.92	38.77	1.0	0.999264	19.8033	1.24712	773.42	0.96455	3.28	0
2060	17:34:38.85	0.0380	20.53156	21.92	38.81	1.0	0.999282	19.8028	1.24712	773.40	0.96451	3.28	0
2061	17:34:39.15	0.0380	20.53142	21.92	38.81	1.0	0.999276	19.8026	1.24708	773.40	0.96451	3.28	0
2062	17:34:39.45	0.0390	20.53107	21.92	38.81	1.0	0.999258	19.8026	1.24712	773.40	0.96452	3.28	0
2063	17:34:39.75	0.0370	20.53191	21.92	38.81	1.0	0.999300	19.8026	1.24708	773.38	0.96448	3.28	0
2064	17:34:40.05	0.0385	20.53135	21.92	38.81	1.0	0.999270	19.8038	1.24712	773.42	0.96456	3.28	0
2065	17:34:40.35	0.0375	20.53156	21.92	38.81	1.0	0.999282	19.8035	1.24712	773.42	0.96454	3.28	0
2066	17:34:40.65	0.0375	20.53170	21.92	38.81	1.0	0.999288	19.8038	1.24712	773.40	0.96454	3.28	0
2067	17:34:40.95	0.0360	20.53219	21.92	38.81	1.0	0.999312	19.8043	1.24716	773.40	0.96455	3.28	0
2068	17:34:41.25	0.0365	20.53212	21.92	38.81	1.0	0.999312	19.8031	1.24712	773.38	0.96449	3.28	0
2069	17:34:41.77	0.0380	20.53142	21.92	38.81	1.0	0.999276	19.8040	1.24716	773.42	0.96457	3.28	0
2070	17:34:41.85	0.0380	20.53149	21.92	38.81	1.0	0.999282	19.8035	1.24716	773.40	0.96454	3.28	0
2071	17:34:42.16	0.0380	20.53156	21.92	38.81	1.0	0.999282	19.8036	1.24712	773.42	0.96455	3.28	0
2072	17:34:42.45	0.0365	20.53198	21.92	38.81	1.0	0.999300	19.8038	1.24712	773.40	0.96454	3.28	0
2073	17:34:42.75	0.0380	20.53135	21.92	38.81	1.0	0.999270	19.8036	1.24712	773.42	0.96455	3.28	0
2074	17:34:43.05	0.0385	20.53128	21.92	38.81	1.0	0.999270	19.8033	1.24712	773.42	0.96454	3.28	0
2075	17:34:43.35	0.0375	20.53177	21.92	38.81	1.0	0.999288	19.8028	1.24708	773.40	0.96450	3.28	0
2076	17:34:43.65	0.0360	20.53219	21.92	38.81	1.0	0.999312	19.8033	1.24708	773.40	0.96450	3.28	0
2077	17:34:43.95	0.0375	20.53170	21.92	38.81	1.0	0.999288	19.8028	1.24708	773.40	0.96449	3.28	0
2078	17:34:44.25	0.0370	20.53184	21.92	38.81	1.0	0.999294	19.8029	1.24712	773.40	0.96450	3.28	0
2079	17:34:44.56	0.0375	20.53170	21.92	38.81	1.0	0.999288	19.8031	1.24712	773.40	0.96451	3.28	0
Device address	Device ID	Factory Device ID	Firmware	Measurement mode	Gain	Speed	Y_AH_Cal (-)	TF_Cal (V/W)	Temp_Cal (°C)																																				
FF47	D3	12J691	 C3.8	H2   	1.000	Norm 	 0.995544	20.464394	29.717340																																				
Iteration	Time	Output (%)	Transfer (V/W)	Tsens (°C)	RH (%)	AH (kPa)	Corr transfer (-)	Utp (mV)	Ih (mA)	Uh (mV)	Ph (mW)	Usyst (V)	Alarm																																
0	18:11:46.01	0.0415	20.53212	21.32	41.18	1.0	0.999210	19.7840	1.24684	772.80	0.96356	3.28	0
1	18:11:46.14	0.0380	20.53331	21.33	41.18	1.0	0.999276	19.7843	1.24684	772.78	0.96352	3.28	0
2	18:11:46.44	0.0410	20.53226	21.33	41.18	1.0	0.999222	19.7835	1.24684	772.78	0.96353	3.28	0
3	18:11:46.74	0.0400	20.53254	21.33	41.18	1.0	0.999240	19.7832	1.24684	772.76	0.96350	3.28	0
4	18:11:47.04	0.0390	20.53296	21.33	41.14	1.0	0.999258	19.7830	1.24680	772.76	0.96347	3.28	0
5	18:11:47.34	0.0395	20.53289	21.33	41.14	1.0	0.999252	19.7834	1.24680	772.78	0.96350	3.28	0
6	18:11:47.65	0.0385	20.53310	21.33	41.14	1.0	0.999264	19.7836	1.24680	772.76	0.96350	3.28	0
7	18:11:47.94	0.0390	20.53303	21.33	41.14	1.0	0.999258	19.7830	1.24680	772.76	0.96347	3.28	0
8	18:11:48.28	0.0390	20.53289	21.33	41.18	1.0	0.999252	19.7840	1.24684	772.78	0.96353	3.28	0
9	18:11:48.60	0.0395	20.53275	21.33	41.18	1.0	0.999246	19.7838	1.24684	772.78	0.96353	3.28	0
10	18:11:48.87	0.0415	20.53191	21.33	41.18	1.0	0.999210	19.7833	1.24684	772.78	0.96354	3.28	0
11	18:11:49.42	0.0385	20.53317	21.33	41.18	1.0	0.999270	19.7839	1.24680	772.78	0.96351	3.28	0
12	18:11:49.52	0.0410	20.53212	21.33	41.18	1.0	0.999216	19.7829	1.24684	772.78	0.96351	3.28	0
13	18:11:49.74	0.0400	20.53268	21.33	41.18	1.0	0.999240	19.7832	1.24680	772.76	0.96350	3.28	0
14	18:11:50.04	0.0400	20.53247	21.33	41.18	1.0	0.999234	19.7838	1.24684	772.78	0.96354	3.28	0
15	18:11:50.34	0.0380	20.53338	21.33	41.18	1.0	0.999276	19.7833	1.24680	772.76	0.96347	3.28	0
16	18:11:50.64	0.0375	20.53359	21.33	41.14	1.0	0.999288	19.7835	1.24680	772.76	0.96347	3.28	0
17	18:11:50.94	0.0400	20.53261	21.33	41.14	1.0	0.999240	19.7835	1.24684	772.78	0.96352	3.28	0
18	18:11:51.24	0.0410	20.53226	21.33	41.18	1.0	0.999222	19.7828	1.24684	772.76	0.96350	3.28	0
19	18:11:51.54	0.0400	20.53254	21.33	41.18	1.0	0.999234	19.7836	1.24684	772.78	0.96352	3.28	0
20	18:11:51.84	0.0395	20.53275	21.33	41.14	1.0	0.999246	19.7841	1.24684	772.78	0.96353	3.28	0
21	18:11:52.14	0.0395	20.53282	21.33	41.14	1.0	0.999246	19.7835	1.24680	772.78	0.96350	3.28	0
22	18:11:52.44	0.0380	20.53331	21.33	41.18	1.0	0.999276	19.7832	1.24680	772.76	0.96347	3.28	0
23	18:11:52.74	0.0390	20.53296	21.33	41.18	1.0	0.999258	19.7837	1.24684	772.78	0.96351	3.28	0
24	18:11:53.04	0.0400	20.53254	21.33	41.18	1.0	0.999234	19.7828	1.24680	772.76	0.96349	3.28	0
25	18:11:53.34	0.0390	20.53289	21.33	41.18	1.0	0.999252	19.7836	1.24680	772.78	0.96351	3.28	0
26	18:11:53.64	0.0395	20.53275	21.33	41.18	1.0	0.999246	19.7830	1.24680	772.76	0.96349	3.28	0
27	18:11:53.94	0.0405	20.53233	21.33	41.18	1.0	0.999228	19.7826	1.24680	772.76	0.96349	3.28	0
28	18:11:54.24	0.0405	20.53233	21.33	41.14	1.0	0.999228	19.7830	1.24680	772.78	0.96350	3.28	0
29	18:11:54.54	0.0380	20.53338	21.33	41.14	1.0	0.999276	19.7833	1.24680	772.76	0.96347	3.28	0
30	18:11:54.84	0.0395	20.53275	21.33	41.18	1.0	0.999246	19.7834	1.24680	772.78	0.96350	3.28	0
31	18:11:55.14	0.0400	20.53268	21.32	41.18	1.0	0.999240	19.7830	1.24680	772.76	0.96349	3.28	0
32	18:11:55.44	0.0380	20.53345	21.32	41.18	1.0	0.999276	19.7830	1.24676	772.76	0.96345	3.28	0
33	18:11:55.74	0.2475	20.45141	21.33	41.18	1.0	0.995292	19.7030	1.24680	772.70	0.96340	3.28	0
34	18:11:56.04	1.7510	19.82953	21.33	41.18	1.0	0.965022	19.0973	1.24684	772.42	0.96307	3.28	0
35	18:11:56.34	4.7065	18.70505	21.33	41.18	1.0	0.910302	18.0013	1.24684	771.86	0.96238	3.28	0
36	18:11:56.64	8.1340	17.52779	21.33	41.18	1.0	0.853008	16.8562	1.24684	771.30	0.96169	3.28	0
37	18:11:56.94	11.4510	16.47128	21.32	41.18	1.0	0.801588	15.8295	1.24684	770.78	0.96103	3.28	0
38	18:11:57.24	14.6190	15.54168	21.32	41.11	1.0	0.756348	14.9275	1.24684	770.32	0.96048	3.28	0
39	18:11:57.54	17.6160	14.73542	21.32	41.11	1.0	0.717108	14.1457	1.24688	769.92	0.95998	3.28	0
40	18:11:57.84	20.3795	14.04144	21.32	40.98	1.0	0.683328	13.4737	1.24688	769.58	0.95957	3.28	0
41	18:11:58.14	22.8910	13.44770	21.32	40.98	1.0	0.654432	12.8978	1.24684	769.24	0.95911	3.28	0
42	18:11:58.44	25.1725	12.93670	21.32	40.68	1.0	0.629556	12.4039	1.24688	768.98	0.95882	3.28	0
43	18:11:58.74	27.2195	12.49850	21.32	40.68	1.0	0.608232	11.9799	1.24684	768.74	0.95851	3.28	0
44	18:11:59.04	29.0750	12.11742	21.32	40.32	1.0	0.589674	11.6116	1.24688	768.54	0.95825	3.28	0
45	18:11:59.34	30.7375	11.78751	21.32	40.32	1.0	0.573618	11.2925	1.24684	768.34	0.95800	3.28	0
46	18:11:59.64	32.2290	11.50002	21.32	39.96	1.0	0.559620	11.0154	1.24688	768.20	0.95786	3.28	0
47	18:11:59.94	33.5830	11.24802	21.32	39.96	1.0	0.547356	10.7720	1.24688	768.06	0.95768	3.28	0
48	18:12:00.24	34.8070	11.02577	21.32	39.56	1.0	0.536526	10.5572	1.24688	767.92	0.95750	3.28	0
49	18:12:00.54	35.9055	10.82851	21.32	39.56	1.0	0.526926	10.3668	1.24688	767.80	0.95737	3.28	0
50	18:12:00.85	36.9175	10.65407	21.32	39.14	1.0	0.518430	10.1986	1.24692	767.70	0.95726	3.28	0
51	18:12:01.14	37.8155	10.49972	21.32	39.14	1.0	0.510918	10.0501	1.24692	767.64	0.95719	3.28	0
52	18:12:01.44	38.6260	10.36392	21.32	38.84	1.0	0.504300	9.9188	1.24688	767.54	0.95705	3.28	0
53	18:12:01.74	39.3500	10.24345	21.32	38.84	1.0	0.498438	9.8024	1.24688	767.46	0.95694	3.28	0
54	18:12:02.04	39.9965	10.13600	21.32	38.51	1.0	0.493200	9.6989	1.24692	767.40	0.95688	3.28	0
55	18:12:02.34	40.5930	10.04038	21.32	38.51	1.0	0.488550	9.6065	1.24688	767.34	0.95679	3.28	0
56	18:12:02.64	41.1160	9.95673	21.32	38.24	1.0	0.484470	9.5262	1.24692	767.30	0.95676	3.28	0
57	18:12:02.94	41.5790	9.88253	21.32	38.24	1.0	0.480858	9.4546	1.24692	767.26	0.95670	3.28	0
58	18:12:03.24	41.9820	9.81806	21.32	37.98	1.0	0.477714	9.3925	1.24692	767.22	0.95665	3.28	0
59	18:12:03.54	42.3380	9.76297	21.32	37.98	1.0	0.475032	9.3393	1.24688	767.18	0.95660	3.28	0
60	18:12:03.84	42.6370	9.71684	21.32	37.75	1.0	0.472782	9.2951	1.24692	767.18	0.95660	3.28	0
61	18:12:04.14	42.8795	9.67939	21.32	37.75	1.0	0.470964	9.2590	1.24692	767.14	0.95656	3.28	0
62	18:12:04.44	43.0805	9.64838	21.32	37.65	1.0	0.469452	9.2285	1.24688	767.10	0.95648	3.28	0
63	18:12:04.74	43.2685	9.61933	21.32	37.65	1.0	0.468036	9.2010	1.24692	767.10	0.95651	3.28	0
64	18:12:05.04	43.4300	9.59441	21.32	37.49	0.9	0.466818	9.1769	1.24688	767.08	0.95648	3.28	0
65	18:12:05.34	43.5785	9.57152	21.31	37.49	0.9	0.465702	9.1546	1.24688	767.06	0.95644	3.28	0
66	18:12:05.64	43.7120	9.55101	21.31	37.35	0.9	0.464700	9.1347	1.24688	767.06	0.95642	3.28	0
67	18:12:05.94	43.8300	9.53274	21.32	37.35	0.9	0.463812	9.1178	1.24692	767.08	0.95648	3.28	0
68	18:12:06.24	43.9255	9.51797	21.32	37.29	0.9	0.463092	9.1032	1.24692	767.04	0.95642	3.28	0
69	18:12:06.54	44.0085	9.50523	21.31	37.29	0.9	0.462474	9.0910	1.24692	767.04	0.95642	3.28	0
70	18:12:06.84	44.0825	9.49417	21.31	37.22	0.9	0.461934	9.0805	1.24692	767.02	0.95642	3.28	0
71	18:12:07.14	44.1400	9.48556	21.31	37.22	0.9	0.461514	9.0716	1.24688	767.00	0.95636	3.28	0
72	18:12:07.44	44.1915	9.47793	21.31	37.15	0.9	0.461142	9.0644	1.24688	767.02	0.95637	3.28	0
73	18:12:07.74	44.2360	9.47128	21.32	37.15	0.9	0.460818	9.0578	1.24688	766.98	0.95634	3.28	0
74	18:12:08.04	44.2820	9.46435	21.32	37.12	0.9	0.460482	9.0513	1.24688	767.00	0.95636	3.28	0
75	18:12:08.34	44.3435	9.45525	21.31	37.12	0.9	0.460038	9.0426	1.24688	767.00	0.95636	3.28	0
76	18:12:08.64	44.7485	9.39463	21.31	37.09	0.9	0.457086	8.9840	1.24688	766.94	0.95629	3.28	0
77	18:12:08.94	45.4730	9.28627	21.32	37.09	0.9	0.451818	8.8794	1.24688	766.86	0.95618	3.28	0
78	18:12:09.24	46.1635	9.18379	21.32	37.06	0.9	0.446832	8.7804	1.24684	766.80	0.95608	3.28	0
79	18:12:09.54	46.9085	9.07634	21.32	37.06	0.9	0.441600	8.6773	1.24688	766.74	0.95603	3.28	0
80	18:12:09.84	47.4795	8.99402	21.32	37.06	0.9	0.437592	8.5982	1.24688	766.70	0.95600	3.28	0
81	18:12:10.14	47.7635	8.95300	21.31	37.06	0.9	0.435600	8.5586	1.24688	766.66	0.95596	3.28	0
82	18:12:10.44	47.9375	8.92801	21.31	36.89	0.9	0.434376	8.5346	1.24688	766.66	0.95594	3.28	0
83	18:12:10.74	48.0095	8.91765	21.31	36.89	0.9	0.433872	8.5245	1.24688	766.66	0.95592	3.28	0
84	18:12:11.04	47.8275	8.94404	21.31	36.63	0.9	0.435150	8.5500	1.24688	766.68	0.95595	3.28	0
85	18:12:11.34	47.6155	8.97456	21.32	36.63	0.9	0.436638	8.5794	1.24688	766.68	0.95597	3.28	0
86	18:12:11.64	47.3990	9.00606	21.32	36.23	0.9	0.438162	8.6095	1.24688	766.70	0.95597	3.28	0
87	18:12:11.94	47.3340	9.01544	21.31	36.23	0.9	0.438618	8.6185	1.24688	766.70	0.95597	3.28	0
88	18:12:12.24	47.4075	9.00508	21.31	35.83	0.9	0.438102	8.6080	1.24684	766.66	0.95591	3.28	0
89	18:12:12.54	47.5380	8.98618	21.31	35.83	0.9	0.437184	8.5905	1.24688	766.68	0.95597	3.28	0
90	18:12:12.84	47.6080	8.97631	21.31	35.40	0.9	0.436692	8.5809	1.24688	766.68	0.95595	3.28	0
91	18:12:13.14	47.5585	8.98352	21.31	35.40	0.9	0.437040	8.5878	1.24688	766.68	0.95596	3.28	0
92	18:12:13.44	47.3850	9.00872	21.31	35.05	0.9	0.438258	8.6122	1.24688	766.70	0.95598	3.28	0
93	18:12:13.74	47.0210	9.06122	21.31	35.05	0.9	0.440814	8.6631	1.24688	766.76	0.95606	3.28	0
94	18:12:14.04	46.7185	9.10504	21.31	34.68	0.9	0.442932	8.7049	1.24688	766.76	0.95606	3.28	0
95	18:12:14.34	46.5210	9.13360	21.31	34.68	0.9	0.444324	8.7324	1.24688	766.78	0.95607	3.28	0
96	18:12:14.64	46.2530	9.17238	21.31	34.35	0.9	0.446202	8.7697	1.24688	766.80	0.95609	3.28	0
97	18:12:14.94	46.0530	9.20129	21.31	34.35	0.9	0.447606	8.7977	1.24688	766.82	0.95614	3.28	0
98	18:12:15.24	45.7770	9.24245	21.31	34.05	0.9	0.449604	8.8374	1.24688	766.86	0.95618	3.28	0
99	18:12:15.54	45.4210	9.29572	21.32	34.05	0.9	0.452196	8.8885	1.24688	766.88	0.95619	3.28	0
100	18:12:15.84	44.9520	9.36600	21.32	33.86	0.9	0.455610	8.9559	1.24684	766.92	0.95622	3.28	0
101	18:12:16.14	44.4215	9.44531	21.31	33.86	0.9	0.459468	9.0329	1.24688	766.98	0.95634	3.28	0
102	18:12:16.44	43.7745	9.54338	21.31	33.63	0.9	0.464232	9.1273	1.24688	767.04	0.95640	3.28	0
103	18:12:16.74	43.2665	9.62192	21.32	33.63	0.9	0.468054	9.2027	1.24684	767.08	0.95644	3.28	0
104	18:12:17.04	42.5960	9.72559	21.32	33.50	0.8	0.473094	9.3026	1.24684	767.14	0.95650	3.28	0
105	18:12:17.34	41.7495	9.85803	21.31	33.50	0.8	0.479532	9.4300	1.24684	767.22	0.95659	3.28	0
106	18:12:17.64	40.8835	9.99684	21.31	33.37	0.8	0.486282	9.5644	1.24688	767.32	0.95674	3.28	0
107	18:12:17.94	39.9080	10.15385	21.31	33.37	0.8	0.493920	9.7161	1.24688	767.42	0.95689	3.28	0
108	18:12:18.25	38.6395	10.36511	21.31	33.32	0.8	0.504192	9.9196	1.24684	767.54	0.95701	3.28	0
109	18:12:18.54	37.6010	10.54025	21.31	33.32	0.8	0.512712	10.0883	1.24684	767.64	0.95711	3.28	0
110	18:12:18.85	36.2700	10.76908	21.31	33.32	0.8	0.523842	10.3097	1.24688	767.80	0.95735	3.28	0
111	18:12:19.15	34.7175	11.04593	21.32	33.32	0.8	0.537312	10.5766	1.24688	767.94	0.95752	3.28	0
112	18:12:19.45	33.2280	11.31844	21.32	33.40	0.8	0.550572	10.8406	1.24692	768.12	0.95778	3.28	0
113	18:12:19.74	31.9335	11.56001	21.31	33.40	0.8	0.562320	11.0733	1.24688	768.24	0.95789	3.28	0
114	18:12:20.04	31.3600	11.67124	21.31	33.56	0.8	0.567738	11.1806	1.24688	768.30	0.95797	3.28	0
115	18:12:20.34	31.2790	11.68692	21.32	33.56	0.8	0.568500	11.1964	1.24692	768.32	0.95802	3.28	0
116	18:12:20.64	31.0920	11.72311	21.32	33.76	0.9	0.570270	11.2307	1.24684	768.32	0.95799	3.28	0
117	18:12:20.94	31.2820	11.68629	21.31	33.76	0.9	0.568470	11.1954	1.24688	768.30	0.95799	3.28	0
118	18:12:21.24	30.7010	11.79899	21.31	34.02	0.9	0.573966	11.3046	1.24688	768.38	0.95810	3.28	0
119	18:12:21.54	29.5385	12.02831	21.31	34.02	0.9	0.585120	11.5259	1.24688	768.52	0.95824	3.28	0
120	18:12:21.84	29.2125	12.09397	21.31	34.28	0.9	0.588324	11.5895	1.24688	768.54	0.95829	3.28	0
121	18:12:22.14	29.5255	12.03076	21.32	34.28	0.9	0.585252	11.5283	1.24688	768.52	0.95824	3.28	0
122	18:12:22.44	29.1130	12.11378	21.32	34.55	0.9	0.589296	11.6085	1.24688	768.56	0.95829	3.28	0
123	18:12:22.74	27.7940	12.38202	21.31	34.55	0.9	0.602346	11.8686	1.24692	768.74	0.95854	3.28	0
124	18:12:23.04	26.5860	12.63640	21.31	34.78	0.9	0.614730	12.1138	1.24688	768.84	0.95864	3.28	0
125	18:12:23.34	25.9290	12.77535	21.32	34.78	0.9	0.621492	12.2482	1.24688	768.92	0.95873	3.28	0
126	18:12:23.64	25.5640	12.85522	21.32	35.05	0.9	0.625386	12.3252	1.24688	768.96	0.95878	3.28	0
127	18:12:23.94	25.6495	12.83639	21.32	35.05	0.9	0.624468	12.3072	1.24688	768.94	0.95878	3.28	0
128	18:12:24.24	26.1240	12.73335	21.32	35.34	0.9	0.619464	12.2072	1.24688	768.88	0.95868	3.28	0
129	18:12:24.54	26.8665	12.57690	21.31	35.34	0.9	0.611856	12.0560	1.24688	768.80	0.95858	3.28	0
130	18:12:24.84	27.1500	12.51691	21.31	35.64	0.9	0.608946	11.9983	1.24688	768.76	0.95857	3.28	0
131	18:12:25.14	27.0710	12.53350	21.31	35.64	0.9	0.609756	12.0136	1.24684	768.76	0.95852	3.28	0
132	18:12:25.44	26.8145	12.58740	21.31	35.83	0.9	0.612384	12.0661	1.24684	768.80	0.95858	3.28	0
133	18:12:25.74	26.5550	12.64214	21.31	35.83	0.9	0.615048	12.1189	1.24684	768.84	0.95861	3.28	0
134	18:12:26.04	26.2095	12.71473	21.31	36.07	0.9	0.618588	12.1894	1.24688	768.88	0.95868	3.28	0
135	18:12:26.34	26.0975	12.73832	21.32	36.07	0.9	0.619734	12.2121	1.24684	768.88	0.95869	3.28	0
136	18:12:26.64	26.1305	12.73125	21.32	36.23	0.9	0.619398	12.2047	1.24684	768.86	0.95864	3.28	0
137	18:12:26.94	25.9560	12.76842	21.31	36.23	0.9	0.621204	12.2411	1.24684	768.90	0.95870	3.28	0
138	18:12:27.24	25.4535	12.87839	21.31	36.40	0.9	0.626562	12.3479	1.24688	768.98	0.95881	3.28	0
139	18:12:27.54	24.6370	13.05717	21.32	36.40	0.9	0.635262	12.5210	1.24688	769.08	0.95894	3.28	0
140	18:12:27.84	23.9465	13.20900	21.32	36.53	0.9	0.642654	12.6678	1.24688	769.14	0.95903	3.28	0
141	18:12:28.14	23.6590	13.27501	21.32	36.53	0.9	0.645864	12.7313	1.24684	769.18	0.95905	3.28	0
142	18:12:28.44	23.4915	13.31323	21.32	36.72	0.9	0.647730	12.7682	1.24684	769.18	0.95906	3.28	0
143	18:12:28.74	23.5475	13.30035	21.32	36.72	0.9	0.647106	12.7561	1.24688	769.20	0.95908	3.28	0
144	18:12:29.04	24.2605	13.13928	21.32	36.89	0.9	0.639276	12.5996	1.24684	769.08	0.95893	3.28	0
145	18:12:29.34	24.8165	13.01748	21.32	36.89	0.9	0.633348	12.4818	1.24684	769.02	0.95885	3.28	0
146	18:12:29.64	24.9770	12.98227	21.32	37.06	0.9	0.631644	12.4483	1.24688	769.02	0.95887	3.28	0
147	18:12:29.94	24.5795	13.06935	21.31	37.06	0.9	0.635874	12.5324	1.24684	769.06	0.95891	3.28	0
148	18:12:30.24	24.0980	13.17470	21.31	37.19	0.9	0.641004	12.6341	1.24684	769.12	0.95896	3.28	0
149	18:12:30.54	23.7760	13.24757	21.32	37.19	0.9	0.644556	12.7041	1.24684	769.14	0.95897	3.28	0
150	18:12:30.84	23.6095	13.28572	21.32	37.29	0.9	0.646416	12.7415	1.24684	769.18	0.95903	3.28	0
151	18:12:31.14	23.4755	13.31645	21.32	37.29	0.9	0.647910	12.7709	1.24684	769.18	0.95903	3.28	0
152	18:12:31.44	23.3965	13.33451	21.32	37.42	0.9	0.648792	12.7888	1.24684	769.20	0.95908	3.28	0
153	18:12:31.74	23.3650	13.34172	21.32	37.42	0.9	0.649140	12.7955	1.24684	769.20	0.95906	3.28	0
154	18:12:32.04	23.2320	13.37217	21.32	37.52	0.9	0.650628	12.8254	1.24684	769.22	0.95911	3.28	0
155	18:12:32.34	23.1350	13.39443	21.32	37.52	0.9	0.651714	12.8472	1.24684	769.26	0.95915	3.28	0
156	18:12:32.64	23.1800	13.38393	21.32	37.65	1.0	0.651204	12.8368	1.24688	769.22	0.95912	3.28	0
157	18:12:32.94	23.5275	13.30420	21.32	37.65	1.0	0.647328	12.7595	1.24684	769.18	0.95905	3.28	0
158	18:12:33.24	24.0030	13.19514	21.32	37.69	1.0	0.642018	12.6540	1.24684	769.14	0.95899	3.28	0
159	18:12:33.54	24.1610	13.16049	21.32	37.69	1.0	0.640332	12.6209	1.24688	769.12	0.95900	3.28	0
160	18:12:33.84	23.6825	13.26850	21.32	37.79	1.0	0.645594	12.7256	1.24688	769.20	0.95909	3.28	0
161	18:12:34.14	23.0155	13.42166	21.31	37.79	1.0	0.653046	12.8741	1.24688	769.28	0.95920	3.28	0
162	18:12:34.44	22.6550	13.50440	21.31	37.85	1.0	0.657072	12.9538	1.24688	769.30	0.95923	3.28	0
163	18:12:34.74	22.5970	13.51763	21.32	37.85	1.0	0.657720	12.9666	1.24688	769.32	0.95923	3.28	0
164	18:12:35.04	22.5870	13.51987	21.32	37.91	1.0	0.657828	12.9683	1.24684	769.30	0.95920	3.28	0
165	18:12:35.34	22.6115	13.51434	21.31	37.91	1.0	0.657558	12.9631	1.24684	769.30	0.95921	3.28	0
166	18:12:35.64	22.7060	13.49257	21.31	37.98	1.0	0.656502	12.9423	1.24688	769.30	0.95922	3.28	0
167	18:12:35.94	22.8600	13.45715	21.32	37.98	1.0	0.654780	12.9077	1.24684	769.28	0.95917	3.28	0
168	18:12:36.24	22.9160	13.44427	21.32	38.04	1.0	0.654156	12.8953	1.24684	769.28	0.95917	3.28	0
169	18:12:36.54	22.7330	13.48627	21.32	38.04	1.0	0.656202	12.9363	1.24688	769.30	0.95922	3.28	0
170	18:12:36.84	22.4200	13.55809	21.32	38.14	1.0	0.659700	13.0056	1.24684	769.34	0.95926	3.28	0
171	18:12:37.14	22.2530	13.59631	21.32	38.14	1.0	0.661560	13.0428	1.24688	769.36	0.95929	3.28	0
172	18:12:37.44	22.3340	13.57776	21.32	38.17	1.0	0.660660	13.0249	1.24688	769.36	0.95928	3.28	0
173	18:12:37.74	22.5010	13.53947	21.32	38.17	1.0	0.658794	12.9872	1.24684	769.30	0.95922	3.28	0
174	18:12:38.04	22.5050	13.53842	21.32	38.21	1.0	0.658746	12.9867	1.24688	769.32	0.95925	3.28	0
175	18:12:38.34	22.6480	13.50573	21.32	38.21	1.0	0.657156	12.9553	1.24688	769.32	0.95925	3.28	0
176	18:12:38.64	22.5440	13.52953	21.32	38.27	1.0	0.658314	12.9782	1.24688	769.32	0.95926	3.28	0
177	18:12:38.94	22.3370	13.57692	21.32	38.27	1.0	0.660618	13.0232	1.24684	769.32	0.95922	3.28	0
178	18:12:39.24	22.1415	13.62186	21.32	38.31	1.0	0.662808	13.0677	1.24688	769.38	0.95931	3.28	0
179	18:12:39.54	21.9720	13.66099	21.32	38.31	1.0	0.664716	13.1055	1.24688	769.40	0.95933	3.28	0
180	18:12:39.84	21.9800	13.65910	21.32	38.34	1.0	0.664620	13.1041	1.24692	769.40	0.95937	3.28	0
181	18:12:40.14	22.0915	13.63327	21.32	38.34	1.0	0.663366	13.0782	1.24684	769.36	0.95928	3.28	0
182	18:12:40.44	22.2855	13.58868	21.32	38.37	1.0	0.661194	13.0347	1.24684	769.34	0.95923	3.28	0
183	18:12:40.74	22.4295	13.55571	21.32	38.37	1.0	0.659592	13.0034	1.24684	769.34	0.95926	3.28	0
184	18:12:41.04	22.3845	13.56600	21.32	38.41	1.0	0.660096	13.0129	1.24684	769.32	0.95923	3.28	0
185	18:12:41.34	22.2740	13.59127	21.32	38.41	1.0	0.661326	13.0381	1.24688	769.36	0.95929	3.28	0
186	18:12:41.64	22.1120	13.62837	21.32	38.51	1.0	0.663132	13.0740	1.24688	769.38	0.95932	3.28	0
187	18:12:41.94	22.0355	13.64608	21.31	38.51	1.0	0.663990	13.0906	1.24684	769.38	0.95929	3.28	0
188	18:12:42.24	22.0605	13.64034	21.31	38.51	1.0	0.663714	13.0852	1.24688	769.38	0.95930	3.28	0
189	18:12:42.54	22.1545	13.61871	21.31	38.51	1.0	0.662658	13.0651	1.24688	769.40	0.95935	3.28	0
190	18:12:42.84	22.2120	13.60548	21.31	38.54	1.0	0.662016	13.0516	1.24688	769.36	0.95929	3.28	0
191	18:12:43.14	22.1330	13.62361	21.31	38.54	1.0	0.662898	13.0690	1.24688	769.36	0.95929	3.28	0
192	18:12:43.44	21.9505	13.66603	21.31	38.57	1.0	0.664968	13.1096	1.24684	769.38	0.95929	3.28	0
193	18:12:43.74	21.8080	13.70026	21.31	38.57	1.0	0.666630	13.1428	1.24684	769.40	0.95931	3.28	0
194	18:12:44.04	21.6570	13.73659	21.31	38.57	1.0	0.668400	13.1785	1.24684	769.44	0.95937	3.28	0
195	18:12:44.34	21.5660	13.75836	21.31	38.57	1.0	0.669456	13.1991	1.24684	769.42	0.95935	3.28	0
196	18:12:44.64	21.6270	13.74366	21.31	38.61	1.0	0.668748	13.1850	1.24684	769.42	0.95935	3.28	0
197	18:12:44.94	21.5655	13.75850	21.31	38.61	1.0	0.669468	13.1996	1.24688	769.44	0.95938	3.28	0
198	18:12:45.24	21.4100	13.79581	21.31	38.64	1.0	0.671280	13.2353	1.24684	769.44	0.95938	3.28	0
199	18:12:45.54	21.3115	13.81947	21.31	38.64	1.0	0.672432	13.2583	1.24684	769.46	0.95940	3.28	0
200	18:12:45.84	21.3605	13.80778	21.31	38.64	1.0	0.671862	13.2470	1.24684	769.46	0.95939	3.28	0
201	18:12:46.14	21.6065	13.74856	21.31	38.64	1.0	0.668982	13.1895	1.24684	769.42	0.95934	3.28	0
202	18:12:46.44	21.8165	13.69816	21.31	38.67	1.0	0.666534	13.1413	1.24688	769.40	0.95935	3.28	0
203	18:12:46.74	21.7740	13.70838	21.31	38.67	1.0	0.667032	13.1512	1.24688	769.40	0.95935	3.28	0
204	18:12:47.04	21.7375	13.71713	21.31	38.71	1.0	0.667458	13.1596	1.24688	769.42	0.95936	3.28	0
205	18:12:47.34	21.6680	13.73379	21.31	38.71	1.0	0.668268	13.1757	1.24688	769.42	0.95937	3.28	0
206	18:12:47.64	21.5745	13.75619	21.31	38.74	1.0	0.669360	13.1979	1.24688	769.46	0.95942	3.28	0
207	18:12:47.94	21.4530	13.78545	21.31	38.74	1.0	0.670782	13.2254	1.24684	769.44	0.95938	3.28	0
208	18:12:48.24	21.3385	13.81296	21.31	38.74	1.0	0.672120	13.2525	1.24688	769.48	0.95942	3.28	0
209	18:12:48.54	21.2270	13.83977	21.31	38.74	1.0	0.673422	13.2780	1.24684	769.46	0.95941	3.28	0
210	18:12:48.84	21.0950	13.87141	21.31	38.77	1.0	0.674964	13.3087	1.24684	769.48	0.95943	3.28	0
211	18:12:49.14	20.9985	13.89451	21.31	38.77	1.0	0.676092	13.3308	1.24684	769.50	0.95943	3.28	0
212	18:12:49.44	20.9275	13.91159	21.31	38.77	1.0	0.676920	13.3479	1.24684	769.52	0.95948	3.28	0
213	18:12:49.75	20.9060	13.91677	21.31	38.77	1.0	0.677172	13.3524	1.24684	769.50	0.95945	3.28	0
214	18:12:50.04	20.8435	13.93175	21.31	38.84	1.0	0.677904	13.3672	1.24684	769.52	0.95948	3.28	0
215	18:12:50.34	20.8175	13.93805	21.31	38.84	1.0	0.678210	13.3731	1.24684	769.52	0.95947	3.28	0
216	18:12:50.64	20.9655	13.90235	21.31	38.87	1.0	0.676476	13.3390	1.24684	769.52	0.95948	3.28	0
217	18:12:50.94	21.1050	13.86889	21.31	38.87	1.0	0.674850	13.3064	1.24684	769.48	0.95944	3.28	0
218	18:12:51.24	21.1925	13.84782	21.31	38.91	1.0	0.673824	13.2868	1.24692	769.50	0.95949	3.28	0
219	18:12:51.54	21.0785	13.87526	21.31	38.91	1.0	0.675156	13.3127	1.24684	769.50	0.95945	3.28	0
220	18:12:51.84	20.9140	13.91467	21.31	38.94	1.0	0.677076	13.3503	1.24684	769.50	0.95944	3.28	0
221	18:12:52.14	20.7550	13.95289	21.31	38.94	1.0	0.678936	13.3883	1.24688	769.54	0.95953	3.28	0
222	18:12:52.44	20.6745	13.97221	21.31	38.94	1.0	0.679878	13.4066	1.24684	769.56	0.95952	3.28	0
223	18:12:52.74	20.5430	14.00378	21.31	38.94	1.0	0.681414	13.4371	1.24684	769.56	0.95954	3.28	0
224	18:12:53.04	20.4480	14.02667	21.31	38.97	1.0	0.682530	13.4590	1.24684	769.56	0.95953	3.28	0
225	18:12:53.34	20.5335	14.00609	21.31	38.97	1.0	0.681528	13.4391	1.24684	769.56	0.95952	3.28	0
226	18:12:53.64	20.7665	13.95016	21.31	39.00	1.0	0.678804	13.3846	1.24684	769.52	0.95946	3.28	0
227	18:12:53.94	21.0075	13.89213	21.31	39.00	1.0	0.675984	13.3280	1.24680	769.48	0.95939	3.28	0
228	18:12:54.24	21.1455	13.85902	21.31	39.04	1.0	0.674370	13.2961	1.24680	769.46	0.95938	3.28	0
229	18:12:54.54	21.1255	13.86385	21.31	39.04	1.0	0.674610	13.3014	1.24684	769.48	0.95943	3.28	0
230	18:12:54.84	21.1175	13.86574	21.31	39.04	1.0	0.674700	13.3034	1.24684	769.50	0.95944	3.28	0
231	18:12:55.14	21.0735	13.87638	21.30	39.04	1.0	0.675216	13.3137	1.24684	769.50	0.95945	3.28	0
232	18:12:55.44	21.0170	13.88989	21.30	39.04	1.0	0.675876	13.3264	1.24684	769.50	0.95943	3.28	0
233	18:12:55.74	20.8460	13.93098	21.31	39.04	1.0	0.677874	13.3663	1.24684	769.52	0.95947	3.28	0
234	18:12:56.04	20.6430	13.97970	21.31	39.07	1.0	0.680244	13.4140	1.24684	769.56	0.95953	3.28	0
235	18:12:56.34	20.6180	13.98572	21.31	39.07	1.0	0.680544	13.4193	1.24684	769.54	0.95950	3.28	0
236	18:12:56.64	20.7020	13.96556	21.31	39.07	1.0	0.679560	13.3988	1.24680	769.50	0.95942	3.28	0
237	18:12:56.96	20.8015	13.94169	21.31	39.07	1.0	0.678396	13.3769	1.24684	769.54	0.95949	3.28	0
238	18:12:57.24	20.8585	13.92797	21.31	39.07	1.0	0.677730	13.3631	1.24684	769.50	0.95944	3.28	0
239	18:12:57.54	20.8200	13.93721	21.31	39.07	1.0	0.678180	13.3722	1.24684	769.52	0.95946	3.28	0
240	18:12:57.84	20.7820	13.94631	21.31	39.07	1.0	0.678624	13.3817	1.24684	769.54	0.95951	3.28	0
241	18:12:58.14	20.8060	13.94057	21.31	39.07	1.0	0.678342	13.3758	1.24684	769.54	0.95949	3.28	0
242	18:12:58.44	20.8215	13.93679	21.31	39.10	1.0	0.678156	13.3721	1.24684	769.52	0.95948	3.28	0
243	18:12:58.74	20.7625	13.95100	21.31	39.10	1.0	0.678852	13.3860	1.24684	769.54	0.95950	3.28	0
244	18:12:59.04	20.6630	13.97487	21.31	39.10	1.0	0.680010	13.4091	1.24684	769.54	0.95951	3.28	0
245	18:12:59.34	20.5840	13.99391	21.31	39.10	1.0	0.680940	13.4274	1.24684	769.56	0.95952	3.28	0
246	18:12:59.64	20.5745	13.99615	21.31	39.10	1.0	0.681048	13.4296	1.24684	769.56	0.95952	3.28	0
247	18:12:59.94	20.5820	13.99433	21.30	39.10	1.0	0.680958	13.4268	1.24680	769.52	0.95945	3.28	0
248	18:13:00.24	20.6735	13.97242	21.30	39.14	1.0	0.679890	13.4060	1.24684	769.52	0.95947	3.28	0
249	18:13:00.54	20.7195	13.96122	21.31	39.14	1.0	0.679350	13.3954	1.24684	769.52	0.95947	3.28	0
250	18:13:00.84	20.8185	13.93749	21.31	39.14	1.0	0.678198	13.3721	1.24684	769.50	0.95943	3.28	0
251	18:13:01.14	20.8325	13.93420	21.30	39.14	1.0	0.678036	13.3696	1.24684	769.52	0.95948	3.28	0
252	18:13:01.44	20.7080	13.96416	21.30	39.14	1.0	0.679488	13.3981	1.24684	769.52	0.95947	3.28	0
253	18:13:01.74	20.5795	13.99503	21.30	39.14	1.0	0.680994	13.4280	1.24684	769.54	0.95948	3.28	0
254	18:13:02.04	20.4675	14.02184	21.30	39.14	1.0	0.682296	13.4539	1.24684	769.54	0.95950	3.28	0
255	18:13:02.34	20.4355	14.02954	21.29	39.14	1.0	0.682668	13.4617	1.24684	769.56	0.95953	3.28	0
256	18:13:02.64	20.3825	14.04228	21.29	39.14	1.0	0.683292	13.4742	1.24684	769.58	0.95954	3.28	0
257	18:13:02.94	20.3305	14.05481	21.30	39.14	1.0	0.683904	13.4854	1.24680	769.56	0.95948	3.28	0
258	18:13:03.24	20.3770	14.04354	21.30	39.20	1.0	0.683352	13.4749	1.24684	769.56	0.95951	3.28	0
259	18:13:03.54	20.3785	14.04319	21.30	39.20	1.0	0.683340	13.4744	1.24684	769.56	0.95950	3.28	0
260	18:13:03.84	20.3645	14.04662	21.30	39.20	1.0	0.683502	13.4786	1.24684	769.58	0.95956	3.28	0
261	18:13:04.14	20.3050	14.06083	21.30	39.20	1.0	0.684198	13.4918	1.24684	769.58	0.95953	3.28	0
262	18:13:04.44	20.3170	14.05789	21.30	39.23	1.0	0.684054	13.4891	1.24684	769.58	0.95954	3.28	0
263	18:13:04.74	20.3110	14.05943	21.30	39.23	1.0	0.684132	13.4901	1.24680	769.58	0.95951	3.28	0
264	18:13:05.04	20.3750	14.04403	21.30	39.23	1.0	0.683382	13.4751	1.24680	769.54	0.95948	3.28	0
265	18:13:05.34	20.3865	14.04137	21.29	39.23	1.0	0.683250	13.4735	1.24684	769.58	0.95956	3.28	0
266	18:13:05.64	20.3950	14.03927	21.29	39.23	1.0	0.683148	13.4710	1.24684	769.56	0.95952	3.28	0
267	18:13:05.94	20.4340	14.02989	21.30	39.23	1.0	0.682692	13.4627	1.24688	769.58	0.95958	3.28	0
268	18:13:06.24	20.3670	14.04592	21.30	39.27	1.0	0.683472	13.4773	1.24684	769.56	0.95952	3.28	0
269	18:13:06.54	20.2745	14.06811	21.30	39.27	1.0	0.684552	13.4989	1.24684	769.58	0.95954	3.28	0
270	18:13:06.84	20.2565	14.07252	21.30	39.27	1.0	0.684768	13.5032	1.24684	769.58	0.95955	3.28	0
271	18:13:07.14	20.1885	14.08883	21.30	39.27	1.0	0.685560	13.5193	1.24688	769.60	0.95958	3.28	0
272	18:13:07.44	20.1410	14.10017	21.30	39.27	1.0	0.686112	13.5301	1.24684	769.60	0.95957	3.28	0
273	18:13:07.74	20.1485	14.09835	21.30	39.27	1.0	0.686022	13.5283	1.24684	769.60	0.95957	3.28	0
274	18:13:08.04	20.1750	14.09198	21.30	39.27	1.0	0.685716	13.5222	1.24684	769.60	0.95957	3.28	0
275	18:13:08.34	20.1785	14.09114	21.30	39.27	1.0	0.685674	13.5216	1.24684	769.62	0.95958	3.28	0
276	18:13:08.64	20.1710	14.09296	21.30	39.30	1.0	0.685764	13.5231	1.24684	769.60	0.95956	3.28	0
277	18:13:08.94	20.1600	14.09562	21.30	39.30	1.0	0.685890	13.5256	1.24684	769.60	0.95956	3.28	0
278	18:13:09.24	20.1500	14.09793	21.30	39.30	1.0	0.686010	13.5282	1.24684	769.60	0.95959	3.28	0
279	18:13:09.54	20.1460	14.09905	21.30	39.30	1.0	0.686058	13.5292	1.24684	769.60	0.95959	3.28	0
280	18:13:09.84	20.1435	14.09954	21.30	39.30	1.0	0.686082	13.5287	1.24680	769.58	0.95951	3.28	0
281	18:13:10.14	20.1510	14.09779	21.30	39.30	1.0	0.685998	13.5279	1.24684	769.60	0.95957	3.28	0
282	18:13:10.44	20.1530	14.09730	21.30	39.30	1.0	0.685974	13.5272	1.24684	769.60	0.95956	3.28	0
283	18:13:10.74	20.1545	14.09695	21.30	39.30	1.0	0.685956	13.5277	1.24688	769.62	0.95962	3.28	0
284	18:13:11.04	20.1500	14.09800	21.30	39.33	1.0	0.686010	13.5276	1.24684	769.58	0.95954	3.28	0
285	18:13:11.34	20.1685	14.09359	21.30	39.33	1.0	0.685794	13.5239	1.24684	769.60	0.95957	3.28	0
286	18:13:11.64	20.1820	14.09023	21.30	39.33	1.0	0.685632	13.5200	1.24680	769.58	0.95953	3.28	0
287	18:13:11.94	20.1870	14.08904	21.30	39.33	1.0	0.685572	13.5190	1.24684	769.58	0.95954	3.28	0
288	18:13:12.24	20.1710	14.09296	21.30	39.33	1.0	0.685764	13.5229	1.24684	769.58	0.95955	3.28	0
289	18:13:12.54	20.1305	14.10276	21.29	39.33	1.0	0.686238	13.5324	1.24684	769.60	0.95956	3.28	0
290	18:13:12.84	20.0985	14.11039	21.29	39.33	1.0	0.686610	13.5401	1.24684	769.60	0.95958	3.28	0
291	18:13:13.14	20.0910	14.11207	21.30	39.33	1.0	0.686694	13.5424	1.24688	769.64	0.95963	3.28	0
292	18:13:13.44	20.1015	14.10969	21.30	39.33	1.0	0.686580	13.5397	1.24688	769.62	0.95960	3.28	0
293	18:13:13.74	20.1150	14.10640	21.30	39.33	1.0	0.686418	13.5359	1.24684	769.60	0.95956	3.28	0
294	18:13:14.04	20.1350	14.10157	21.30	39.36	1.0	0.686184	13.5319	1.24688	769.62	0.95960	3.28	0
295	18:13:14.34	20.1485	14.09835	21.30	39.36	1.0	0.686028	13.5287	1.24684	769.62	0.95959	3.28	0
296	18:13:14.64	20.1500	14.09800	21.30	39.36	1.0	0.686010	13.5280	1.24684	769.60	0.95957	3.28	0
297	18:13:14.94	20.1435	14.09954	21.30	39.36	1.0	0.686088	13.5295	1.24684	769.60	0.95957	3.28	0
298	18:13:15.24	20.1385	14.10073	21.30	39.36	1.0	0.686148	13.5300	1.24680	769.58	0.95953	3.28	0
299	18:13:15.54	20.1390	14.10059	21.30	39.36	1.0	0.686136	13.5304	1.24684	769.60	0.95956	3.28	0
300	18:13:15.84	20.1430	14.09968	21.30	39.36	1.0	0.686094	13.5296	1.24684	769.60	0.95957	3.28	0
301	18:13:16.14	20.1495	14.09814	21.29	39.36	1.0	0.686016	13.5285	1.24684	769.62	0.95959	3.28	0
302	18:13:16.44	20.1495	14.09814	21.29	39.36	1.0	0.686016	13.5281	1.24684	769.60	0.95957	3.28	0
303	18:13:16.74	20.1460	14.09898	21.29	39.36	1.0	0.686058	13.5290	1.24684	769.60	0.95957	3.28	0
304	18:13:17.04	20.1395	14.10052	21.29	39.36	1.0	0.686130	13.5307	1.24684	769.62	0.95959	3.28	0
305	18:13:17.34	20.1300	14.10283	21.29	39.36	1.0	0.686244	13.5326	1.24684	769.60	0.95957	3.28	0
306	18:13:17.64	20.1180	14.10570	21.29	39.36	1.0	0.686388	13.5358	1.24684	769.62	0.95959	3.28	0
307	18:13:17.94	20.1090	14.10787	21.30	39.36	1.0	0.686490	13.5374	1.24684	769.60	0.95957	3.28	0
308	18:13:18.24	20.1040	14.10892	21.30	39.36	1.0	0.686544	13.5386	1.24684	769.62	0.95957	3.28	0
309	18:13:18.54	20.1010	14.10976	21.30	39.36	1.0	0.686586	13.5388	1.24680	769.58	0.95954	3.28	0
310	18:13:18.84	20.1060	14.10850	21.30	39.36	1.0	0.686526	13.5385	1.24684	769.62	0.95960	3.28	0
311	18:13:19.14	20.1080	14.10808	21.29	39.36	1.0	0.686502	13.5378	1.24684	769.60	0.95957	3.28	0
312	18:13:19.44	20.1110	14.10738	21.29	39.36	1.0	0.686466	13.5369	1.24684	769.60	0.95957	3.28	0
313	18:13:19.74	20.1125	14.10703	21.30	39.36	1.0	0.686448	13.5376	1.24688	769.64	0.95963	3.28	0
314	18:13:20.04	20.1125	14.10689	21.30	39.36	1.0	0.686448	13.5367	1.24684	769.62	0.95958	3.28	0
315	18:13:20.34	20.1085	14.10794	21.30	39.36	1.0	0.686496	13.5380	1.24684	769.62	0.95960	3.28	0
316	18:13:20.64	20.1080	14.10801	21.30	39.36	1.0	0.686502	13.5382	1.24688	769.62	0.95961	3.28	0
317	18:13:20.94	20.0955	14.11095	21.30	39.36	1.0	0.686646	13.5407	1.24684	769.62	0.95959	3.28	0
318	18:13:21.24	20.0830	14.11396	21.30	39.36	1.0	0.686790	13.5434	1.24684	769.60	0.95957	3.28	0
319	18:13:21.54	20.0810	14.11459	21.29	39.36	1.0	0.686814	13.5441	1.24684	769.60	0.95958	3.28	0
320	18:13:21.84	20.0870	14.11312	21.29	39.39	1.0	0.686748	13.5430	1.24684	769.62	0.95960	3.28	0
321	18:13:22.14	20.0970	14.11074	21.29	39.39	1.0	0.686634	13.5404	1.24684	769.60	0.95958	3.28	0
322	18:13:22.44	20.0980	14.11046	21.29	39.39	1.0	0.686616	13.5395	1.24680	769.60	0.95953	3.28	0
323	18:13:22.74	20.1035	14.10920	21.29	39.39	1.0	0.686556	13.5389	1.24684	769.60	0.95958	3.28	0
324	18:13:23.04	20.0995	14.11018	21.29	39.39	1.0	0.686604	13.5393	1.24680	769.60	0.95954	3.28	0
325	18:13:23.34	20.1030	14.10927	21.30	39.39	1.0	0.686562	13.5391	1.24684	769.62	0.95959	3.28	0
326	18:13:23.64	20.1000	14.10990	21.30	39.39	1.0	0.686592	13.5390	1.24680	769.60	0.95954	3.28	0
327	18:13:23.94	20.0980	14.11039	21.30	39.39	1.0	0.686616	13.5395	1.24680	769.60	0.95954	3.28	0
328	18:13:24.24	20.1030	14.10927	21.30	39.39	1.0	0.686562	13.5394	1.24688	769.62	0.95961	3.28	0
329	18:13:24.54	20.1010	14.10976	21.29	39.39	1.0	0.686586	13.5395	1.24684	769.62	0.95959	3.28	0
330	18:13:24.84	20.1015	14.10962	21.29	39.39	1.0	0.686574	13.5393	1.24684	769.60	0.95957	3.28	0
331	18:13:25.14	20.1070	14.10822	21.30	39.39	1.0	0.686514	13.5381	1.24684	769.60	0.95959	3.28	0
332	18:13:25.44	20.1005	14.10983	21.30	39.39	1.0	0.686586	13.5395	1.24684	769.60	0.95958	3.28	0
333	18:13:25.74	20.1035	14.10913	21.30	39.39	1.0	0.686556	13.5387	1.24684	769.60	0.95957	3.28	0
334	18:13:26.04	20.1025	14.10927	21.30	39.39	1.0	0.686562	13.5392	1.24684	769.62	0.95960	3.28	0
335	18:13:26.34	20.1010	14.10969	21.30	39.39	1.0	0.686580	13.5388	1.24680	769.60	0.95954	3.28	0
336	18:13:26.64	20.0975	14.11046	21.30	39.39	1.0	0.686622	13.5397	1.24684	769.60	0.95955	3.28	0
337	18:13:26.94	20.0975	14.11060	21.30	39.39	1.0	0.686628	13.5402	1.24684	769.60	0.95958	3.28	0
338	18:13:27.24	20.0965	14.11074	21.30	39.39	1.0	0.686634	13.5404	1.24684	769.60	0.95957	3.28	0
339	18:13:27.54	20.0945	14.11130	21.30	39.39	1.0	0.686658	13.5410	1.24684	769.62	0.95959	3.28	0
340	18:13:27.84	20.0960	14.11088	21.30	39.39	1.0	0.686640	13.5406	1.24688	769.60	0.95959	3.28	0
341	18:13:28.14	20.0960	14.11088	21.29	39.39	1.0	0.686640	13.5402	1.24684	769.60	0.95956	3.28	0
342	18:13:28.44	20.0960	14.11088	21.29	39.43	1.0	0.686640	13.5408	1.24684	769.62	0.95960	3.28	0
343	18:13:28.74	20.0935	14.11144	21.30	39.43	1.0	0.686670	13.5414	1.24684	769.62	0.95960	3.28	0
344	18:13:29.04	20.0930	14.11151	21.30	39.43	1.0	0.686676	13.5413	1.24684	769.60	0.95959	3.28	0
345	18:13:29.34	20.0920	14.11186	21.29	39.43	1.0	0.686688	13.5415	1.24684	769.60	0.95958	3.28	0
346	18:13:29.64	20.0890	14.11256	21.29	39.43	1.0	0.686724	13.5416	1.24680	769.60	0.95954	3.28	0
347	18:13:29.94	20.0865	14.11305	21.30	39.43	1.0	0.686748	13.5421	1.24684	769.58	0.95954	3.28	0
348	18:13:30.24	20.0870	14.11298	21.30	39.43	1.0	0.686742	13.5423	1.24684	769.60	0.95957	3.28	0
349	18:13:30.54	20.0920	14.11193	21.29	39.43	1.0	0.686688	13.5416	1.24684	769.60	0.95959	3.28	0
350	18:13:30.84	20.0895	14.11249	21.29	39.43	1.0	0.686718	13.5419	1.24684	769.60	0.95957	3.28	0
351	18:13:31.14	20.0915	14.11193	21.30	39.43	1.0	0.686694	13.5414	1.24684	769.60	0.95957	3.28	0
352	18:13:31.44	20.0915	14.11193	21.30	39.43	1.0	0.686694	13.5415	1.24684	769.60	0.95958	3.28	0
353	18:13:31.74	20.0915	14.11207	21.29	39.43	1.0	0.686694	13.5416	1.24684	769.60	0.95957	3.28	0
354	18:13:32.04	20.0900	14.11242	21.29	39.43	1.0	0.686712	13.5419	1.24684	769.62	0.95958	3.28	0
355	18:13:32.34	20.0890	14.11256	21.30	39.43	1.0	0.686724	13.5420	1.24684	769.60	0.95957	3.28	0
356	18:13:32.64	20.0900	14.11235	21.30	39.43	1.0	0.686712	13.5419	1.24684	769.60	0.95958	3.28	0
357	18:13:32.94	20.0890	14.11256	21.29	39.43	1.0	0.686718	13.5418	1.24684	769.58	0.95956	3.28	0
358	18:13:33.24	20.0890	14.11263	21.29	39.43	1.0	0.686724	13.5421	1.24684	769.60	0.95957	3.28	0
359	18:13:33.54	20.0870	14.11305	21.29	39.43	1.0	0.686748	13.5423	1.24684	769.60	0.95956	3.28	0
360	18:13:33.84	20.0865	14.11312	21.29	39.43	1.0	0.686748	13.5421	1.24680	769.60	0.95954	3.28	0
361	18:13:34.15	20.0880	14.11291	21.29	39.43	1.0	0.686736	13.5425	1.24684	769.60	0.95959	3.28	0
362	18:13:34.44	20.0880	14.11291	21.29	39.43	1.0	0.686736	13.5425	1.24684	769.60	0.95958	3.28	0
363	18:13:34.74	20.0890	14.11263	21.29	39.43	1.0	0.686724	13.5418	1.24684	769.60	0.95956	3.28	0
364	18:13:35.04	20.0870	14.11305	21.29	39.43	1.0	0.686742	13.5423	1.24684	769.60	0.95956	3.28	0
365	18:13:35.34	20.0875	14.11298	21.29	39.43	1.0	0.686742	13.5426	1.24684	769.62	0.95959	3.28	0
366	18:13:35.64	20.0865	14.11312	21.29	39.43	1.0	0.686748	13.5427	1.24684	769.60	0.95958	3.28	0
367	18:13:35.94	20.0875	14.11298	21.29	39.43	1.0	0.686742	13.5428	1.24688	769.60	0.95959	3.28	0
368	18:13:36.24	20.0875	14.11298	21.29	39.43	1.0	0.686742	13.5425	1.24688	769.60	0.95959	3.28	0
369	18:13:36.54	20.0875	14.11298	21.29	39.43	1.0	0.686742	13.5421	1.24684	769.58	0.95955	3.28	0
370	18:13:36.84	20.0845	14.11368	21.29	39.43	1.0	0.686772	13.5428	1.24684	769.60	0.95955	3.28	0
371	18:13:37.14	20.0830	14.11403	21.29	39.43	1.0	0.686790	13.5432	1.24684	769.60	0.95956	3.28	0
372	18:13:37.44	20.0845	14.11368	21.29	39.43	1.0	0.686772	13.5432	1.24684	769.62	0.95959	3.28	0
373	18:13:37.74	20.0845	14.11368	21.29	39.43	1.0	0.686778	13.5438	1.24688	769.62	0.95962	3.28	0
374	18:13:38.04	20.0810	14.11452	21.29	39.43	1.0	0.686814	13.5440	1.24684	769.60	0.95958	3.28	0
375	18:13:38.34	20.0830	14.11403	21.29	39.43	1.0	0.686790	13.5434	1.24684	769.60	0.95957	3.28	0
376	18:13:38.64	20.0820	14.11424	21.29	39.43	1.0	0.686802	13.5431	1.24680	769.58	0.95953	3.28	0
377	18:13:38.94	20.0830	14.11403	21.29	39.43	1.0	0.686790	13.5436	1.24688	769.60	0.95959	3.28	0
378	18:13:39.24	20.0825	14.11410	21.29	39.43	1.0	0.686796	13.5439	1.24684	769.62	0.95960	3.28	0
379	18:13:39.54	20.0810	14.11459	21.29	39.43	1.0	0.686820	13.5440	1.24684	769.60	0.95958	3.28	0
380	18:13:39.84	20.0815	14.11438	21.29	39.43	1.0	0.686808	13.5441	1.24684	769.62	0.95960	3.28	0
381	18:13:40.14	20.0790	14.11494	21.29	39.43	1.0	0.686838	13.5444	1.24684	769.60	0.95958	3.28	0
382	18:13:40.44	20.0795	14.11487	21.29	39.43	1.0	0.686832	13.5439	1.24684	769.60	0.95955	3.28	0
383	18:13:40.74	20.0790	14.11494	21.29	39.43	1.0	0.686838	13.5441	1.24684	769.60	0.95956	3.28	0
384	18:13:41.04	20.0760	14.11571	21.29	39.43	1.0	0.686874	13.5444	1.24680	769.58	0.95953	3.28	0
385	18:13:41.34	20.0780	14.11529	21.29	39.43	1.0	0.686850	13.5442	1.24680	769.60	0.95954	3.28	0
386	18:13:41.64	20.0800	14.11480	21.29	39.43	1.0	0.686832	13.5444	1.24684	769.62	0.95959	3.28	0
387	18:13:41.94	20.0785	14.11515	21.29	39.43	1.0	0.686850	13.5447	1.24684	769.62	0.95959	3.28	0
388	18:13:42.24	20.0795	14.11487	21.29	39.43	1.0	0.686832	13.5445	1.24684	769.62	0.95959	3.28	0
389	18:13:42.54	20.0780	14.11522	21.29	39.43	1.0	0.686850	13.5442	1.24684	769.58	0.95955	3.28	0
390	18:13:42.84	20.0790	14.11501	21.29	39.43	1.0	0.686844	13.5442	1.24684	769.60	0.95956	3.28	0
391	18:13:43.14	20.0790	14.11494	21.29	39.43	1.0	0.686838	13.5442	1.24684	769.60	0.95956	3.28	0
392	18:13:43.44	20.0775	14.11536	21.29	39.43	1.0	0.686856	13.5443	1.24684	769.58	0.95954	3.28	0
393	18:13:43.74	20.0805	14.11459	21.29	39.43	1.0	0.686820	13.5446	1.24688	769.62	0.95962	3.28	0
394	18:13:44.04	20.0750	14.11592	21.29	39.43	1.0	0.686886	13.5447	1.24680	769.60	0.95954	3.28	0
395	18:13:44.34	20.0750	14.11592	21.29	39.43	1.0	0.686886	13.5453	1.24684	769.60	0.95957	3.28	0
396	18:13:44.64	20.0765	14.11564	21.29	39.43	1.0	0.686868	13.5446	1.24684	769.60	0.95955	3.28	0
397	18:13:44.94	20.0760	14.11571	21.29	39.43	1.0	0.686874	13.5451	1.24684	769.60	0.95957	3.28	0
398	18:13:45.24	20.0755	14.11585	21.29	39.43	1.0	0.686880	13.5448	1.24680	769.60	0.95954	3.28	0
399	18:13:45.54	20.0760	14.11578	21.28	39.43	1.0	0.686874	13.5452	1.24684	769.62	0.95958	3.28	0
400	18:13:45.84	20.0740	14.11620	21.28	39.46	1.0	0.686898	13.5451	1.24684	769.58	0.95954	3.28	0
401	18:13:46.14	20.0755	14.11585	21.29	39.46	1.0	0.686880	13.5451	1.24684	769.60	0.95957	3.28	0
402	18:13:46.44	20.0770	14.11550	21.29	39.46	1.0	0.686862	13.5449	1.24684	769.60	0.95957	3.28	0
403	18:13:46.74	20.0765	14.11564	21.29	39.46	1.0	0.686868	13.5453	1.24684	769.62	0.95960	3.28	0
404	18:13:47.04	20.0715	14.11676	21.29	39.46	1.0	0.686928	13.5458	1.24684	769.60	0.95956	3.28	0
405	18:13:47.34	20.0745	14.11599	21.29	39.46	1.0	0.686892	13.5453	1.24684	769.60	0.95957	3.28	0
406	18:13:47.64	20.0725	14.11648	21.29	39.46	1.0	0.686916	13.5458	1.24684	769.60	0.95957	3.28	0
407	18:13:47.94	20.0740	14.11620	21.28	39.46	1.0	0.686898	13.5457	1.24688	769.60	0.95959	3.28	0
408	18:13:48.24	20.0745	14.11613	21.28	39.46	1.0	0.686892	13.5458	1.24684	769.62	0.95960	3.28	0
409	18:13:48.54	20.0740	14.11613	21.29	39.46	1.0	0.686898	13.5457	1.24684	769.60	0.95959	3.28	0
410	18:13:48.84	20.0725	14.11648	21.29	39.44	1.0	0.686916	13.5458	1.24684	769.60	0.95957	3.28	0
411	18:13:49.14	20.0725	14.11662	21.28	39.44	1.0	0.686916	13.5458	1.24684	769.60	0.95956	3.28	0
412	18:13:49.44	20.0730	14.11641	21.28	39.44	1.0	0.686910	13.5462	1.24688	769.60	0.95960	3.28	0
413	18:13:49.74	20.0715	14.11690	21.28	39.44	1.0	0.686928	13.5467	1.24688	769.62	0.95960	3.28	0
414	18:13:50.04	20.0715	14.11690	21.28	39.46	1.0	0.686928	13.5464	1.24684	769.60	0.95959	3.28	0
415	18:13:50.34	20.0730	14.11634	21.29	39.46	1.0	0.686910	13.5460	1.24688	769.60	0.95960	3.28	0
416	18:13:50.64	20.0720	14.11662	21.29	39.44	1.0	0.686922	13.5461	1.24684	769.60	0.95959	3.28	0
417	18:13:50.94	20.0725	14.11669	21.28	39.44	1.0	0.686916	13.5460	1.24684	769.60	0.95958	3.28	0
418	18:13:51.24	20.0700	14.11718	21.28	39.46	1.0	0.686946	13.5466	1.24684	769.60	0.95958	3.28	0
419	18:13:51.54	20.0690	14.11732	21.29	39.46	1.0	0.686952	13.5469	1.24688	769.60	0.95959	3.28	0
420	18:13:51.84	20.0690	14.11739	21.29	39.44	1.0	0.686958	13.5460	1.24684	769.58	0.95953	3.28	0
421	18:13:52.14	20.0685	14.11760	21.28	39.44	1.0	0.686964	13.5467	1.24684	769.58	0.95956	3.28	0
422	18:13:52.44	20.0695	14.11739	21.28	39.44	1.0	0.686952	13.5472	1.24688	769.62	0.95961	3.28	0
423	18:13:52.74	20.0705	14.11718	21.28	39.44	1.0	0.686940	13.5467	1.24688	769.60	0.95959	3.28	0
424	18:13:53.04	20.0660	14.11816	21.28	39.44	1.0	0.686988	13.5472	1.24684	769.58	0.95956	3.28	0
425	18:13:53.34	20.0650	14.11837	21.28	39.44	1.0	0.687000	13.5470	1.24680	769.58	0.95953	3.28	0
426	18:13:53.64	20.0655	14.11830	21.28	39.44	1.0	0.686994	13.5470	1.24680	769.58	0.95953	3.28	0
427	18:13:53.94	20.0670	14.11788	21.28	39.44	1.0	0.686976	13.5472	1.24684	769.60	0.95957	3.28	0
428	18:13:54.24	20.0680	14.11767	21.28	39.46	1.0	0.686970	13.5470	1.24684	769.60	0.95957	3.28	0
429	18:13:54.54	20.0675	14.11781	21.28	39.46	1.0	0.686976	13.5470	1.24684	769.60	0.95957	3.28	0
430	18:13:54.84	20.0680	14.11767	21.28	39.46	1.0	0.686970	13.5470	1.24684	769.60	0.95958	3.28	0
431	18:13:55.14	20.0675	14.11774	21.29	39.46	1.0	0.686976	13.5472	1.24688	769.60	0.95959	3.28	0
432	18:13:55.44	20.0660	14.11816	21.29	39.44	1.0	0.686994	13.5469	1.24684	769.58	0.95954	3.28	0
433	18:13:55.74	20.0665	14.11802	21.28	39.44	1.0	0.686982	13.5467	1.24680	769.58	0.95953	3.28	0
434	18:13:56.04	20.0640	14.11865	21.28	39.44	1.0	0.687012	13.5472	1.24680	769.58	0.95953	3.28	0
435	18:13:56.34	20.0670	14.11795	21.28	39.44	1.0	0.686976	13.5468	1.24684	769.60	0.95955	3.28	0
436	18:13:56.64	20.0660	14.11816	21.28	39.46	1.0	0.686988	13.5472	1.24684	769.60	0.95956	3.28	0
437	18:13:56.94	20.0650	14.11837	21.28	39.46	1.0	0.687000	13.5465	1.24680	769.58	0.95950	3.28	0
438	18:13:57.24	20.0655	14.11830	21.28	39.46	1.0	0.687000	13.5469	1.24684	769.58	0.95953	3.28	0
439	18:13:57.54	20.0650	14.11837	21.28	39.46	1.0	0.687000	13.5474	1.24684	769.60	0.95956	3.28	0
440	18:13:57.84	20.0620	14.11907	21.28	39.44	1.0	0.687036	13.5474	1.24680	769.58	0.95951	3.28	0
441	18:13:58.14	20.0630	14.11886	21.28	39.44	1.0	0.687024	13.5475	1.24684	769.58	0.95953	3.28	0
442	18:13:58.44	20.0630	14.11893	21.28	39.46	1.0	0.687030	13.5472	1.24680	769.58	0.95951	3.28	0
443	18:13:58.74	20.0625	14.11907	21.27	39.46	1.0	0.687036	13.5480	1.24684	769.58	0.95955	3.28	0
444	18:13:59.04	20.0580	14.12005	21.27	39.46	1.0	0.687084	13.5480	1.24680	769.58	0.95948	3.28	0
445	18:13:59.34	20.0630	14.11886	21.28	39.46	1.0	0.687024	13.5480	1.24684	769.60	0.95957	3.28	0
446	18:13:59.64	20.0620	14.11914	21.28	39.44	1.0	0.687036	13.5477	1.24680	769.58	0.95952	3.28	0
447	18:13:59.94	20.0600	14.11956	21.28	39.44	1.0	0.687060	13.5481	1.24684	769.58	0.95953	3.28	0
448	18:14:00.24	20.0585	14.11991	21.28	39.46	1.0	0.687078	13.5484	1.24680	769.58	0.95953	3.28	0
449	18:14:00.54	20.0620	14.11914	21.28	39.46	1.0	0.687036	13.5479	1.24684	769.58	0.95954	3.28	0
450	18:14:00.84	20.0640	14.11858	21.28	39.46	1.0	0.687012	13.5482	1.24688	769.62	0.95960	3.28	0
451	18:14:01.14	20.0600	14.11956	21.28	39.46	1.0	0.687060	13.5484	1.24684	769.60	0.95955	3.28	0
452	18:14:01.44	20.0600	14.11956	21.28	39.48	1.0	0.687060	13.5481	1.24680	769.58	0.95953	3.28	0
453	18:14:01.74	20.0590	14.11984	21.28	39.48	1.0	0.687072	13.5484	1.24684	769.58	0.95953	3.28	0
454	18:14:02.04	20.0580	14.12012	21.28	39.46	1.0	0.687084	13.5489	1.24684	769.60	0.95955	3.28	0
455	18:14:02.34	20.0600	14.11963	21.28	39.46	1.0	0.687066	13.5484	1.24684	769.58	0.95954	3.28	0
456	18:14:02.64	20.0605	14.11942	21.28	39.49	1.0	0.687054	13.5483	1.24684	769.58	0.95955	3.28	0
457	18:14:02.94	20.0585	14.11991	21.28	39.49	1.0	0.687078	13.5488	1.24684	769.60	0.95956	3.28	0
458	18:14:03.24	20.0585	14.11998	21.28	39.49	1.0	0.687084	13.5491	1.24684	769.60	0.95957	3.28	0
459	18:14:03.54	20.0570	14.12033	21.28	39.49	1.0	0.687096	13.5491	1.24684	769.58	0.95954	3.28	0
460	18:14:03.84	20.0575	14.12026	21.28	39.44	1.0	0.687096	13.5487	1.24680	769.58	0.95952	3.28	0
461	18:14:04.14	20.0550	14.12082	21.28	39.44	1.0	0.687120	13.5498	1.24684	769.60	0.95956	3.28	0
462	18:14:04.44	20.0550	14.12075	21.28	39.49	1.0	0.687120	13.5492	1.24680	769.58	0.95953	3.28	0
463	18:14:04.74	20.0575	14.12012	21.28	39.49	1.0	0.687090	13.5491	1.24684	769.60	0.95956	3.28	0
464	18:14:05.04	20.0550	14.12082	21.28	39.48	1.0	0.687120	13.5495	1.24684	769.58	0.95954	3.28	0
465	18:14:05.34	20.0570	14.12026	21.28	39.48	1.0	0.687096	13.5495	1.24684	769.60	0.95957	3.28	0
466	18:14:05.64	20.0565	14.12047	21.28	39.49	1.0	0.687108	13.5498	1.24684	769.62	0.95959	3.28	0
467	18:14:05.94	20.0565	14.12040	21.28	39.49	1.0	0.687102	13.5496	1.24684	769.60	0.95958	3.28	0
468	18:14:06.24	20.0565	14.12040	21.28	39.48	1.0	0.687102	13.5491	1.24684	769.58	0.95954	3.28	0
469	18:14:06.54	20.0570	14.12033	21.28	39.48	1.0	0.687096	13.5496	1.24684	769.60	0.95959	3.28	0
470	18:14:06.84	20.0550	14.12075	21.28	39.48	1.0	0.687120	13.5500	1.24684	769.60	0.95958	3.28	0
471	18:14:07.14	20.0535	14.12117	21.27	39.48	1.0	0.687138	13.5505	1.24684	769.60	0.95959	3.28	0
472	18:14:07.44	20.0545	14.12103	21.27	39.49	1.0	0.687126	13.5502	1.24684	769.60	0.95957	3.28	0
473	18:14:07.74	20.0525	14.12131	21.28	39.49	1.0	0.687144	13.5509	1.24688	769.62	0.95960	3.28	0
474	18:14:08.04	20.0545	14.12089	21.28	39.49	1.0	0.687126	13.5500	1.24684	769.60	0.95957	3.28	0
475	18:14:08.34	20.0510	14.12173	21.28	39.49	1.0	0.687168	13.5498	1.24680	769.56	0.95950	3.28	0
476	18:14:08.64	20.0525	14.12145	21.28	39.48	1.0	0.687150	13.5499	1.24684	769.58	0.95953	3.28	0
477	18:14:08.94	20.0520	14.12152	21.28	39.48	1.0	0.687156	13.5497	1.24680	769.58	0.95951	3.28	0
478	18:14:09.24	20.0530	14.12131	21.28	39.48	1.0	0.687144	13.5496	1.24680	769.58	0.95951	3.28	0
479	18:14:09.54	20.0520	14.12145	21.28	39.48	1.0	0.687156	13.5497	1.24680	769.58	0.95951	3.28	0
480	18:14:09.84	20.0530	14.12124	21.28	39.48	1.0	0.687138	13.5498	1.24684	769.58	0.95954	3.28	0
481	18:14:10.14	20.0530	14.12131	21.28	39.48	1.0	0.687144	13.5496	1.24680	769.58	0.95952	3.28	0
482	18:14:10.44	20.0535	14.12117	21.28	39.48	1.0	0.687138	13.5495	1.24680	769.58	0.95952	3.28	0
483	18:14:10.74	20.0525	14.12138	21.28	39.48	1.0	0.687150	13.5498	1.24680	769.58	0.95952	3.28	0
484	18:14:11.04	20.0535	14.12117	21.28	39.48	1.0	0.687138	13.5498	1.24684	769.58	0.95953	3.28	0
485	18:14:11.34	20.0500	14.12201	21.27	39.48	1.0	0.687180	13.5502	1.24680	769.56	0.95951	3.28	0
486	18:14:11.64	20.0530	14.12131	21.27	39.48	1.0	0.687144	13.5497	1.24680	769.58	0.95952	3.28	0
487	18:14:11.94	20.0515	14.12166	21.27	39.48	1.0	0.687162	13.5505	1.24684	769.58	0.95955	3.28	0
488	18:14:12.24	20.0475	14.12264	21.27	39.48	1.0	0.687204	13.5507	1.24680	769.58	0.95951	3.28	0
489	18:14:12.55	20.0475	14.12264	21.27	39.48	1.0	0.687204	13.5502	1.24680	769.56	0.95947	3.28	0
490	18:14:12.84	20.0525	14.12145	21.27	39.48	1.0	0.687150	13.5498	1.24680	769.58	0.95952	3.28	0
491	18:14:13.14	20.0490	14.12229	21.27	39.48	1.0	0.687192	13.5500	1.24680	769.56	0.95948	3.28	0
492	18:14:13.44	20.0495	14.12215	21.27	39.48	1.0	0.687186	13.5506	1.24684	769.58	0.95953	3.28	0
493	18:14:13.74	20.0490	14.12229	21.27	39.48	1.0	0.687186	13.5505	1.24680	769.58	0.95951	3.28	0
494	18:14:14.04	20.0500	14.12208	21.27	39.48	1.0	0.687180	13.5507	1.24684	769.58	0.95954	3.28	0
495	18:14:14.34	20.0490	14.12229	21.27	39.48	1.0	0.687192	13.5507	1.24684	769.58	0.95953	3.28	0
496	18:14:14.64	20.0460	14.12306	21.27	39.48	1.0	0.687228	13.5518	1.24684	769.58	0.95956	3.28	0
497	18:14:14.94	20.0465	14.12285	21.27	39.48	1.0	0.687216	13.5516	1.24684	769.58	0.95956	3.28	0
498	18:14:15.24	20.0470	14.12271	21.27	39.49	1.0	0.687210	13.5508	1.24680	769.58	0.95951	3.28	0
499	18:14:15.54	20.0480	14.12250	21.27	39.49	1.0	0.687204	13.5510	1.24684	769.58	0.95953	3.28	0
500	18:14:15.84	20.0485	14.12243	21.27	39.49	1.0	0.687198	13.5509	1.24684	769.58	0.95953	3.28	0
501	18:14:16.14	20.0465	14.12292	21.27	39.49	1.0	0.687222	13.5512	1.24680	769.58	0.95951	3.28	0
502	18:14:16.44	20.0445	14.12341	21.27	39.48	1.0	0.687246	13.5512	1.24680	769.56	0.95948	3.28	0
503	18:14:16.74	20.0450	14.12334	21.27	39.48	1.0	0.687240	13.5516	1.24680	769.58	0.95952	3.28	0
504	18:14:17.04	20.0450	14.12327	21.27	39.49	1.0	0.687240	13.5518	1.24684	769.58	0.95954	3.28	0
505	18:14:17.34	20.0440	14.12348	21.27	39.49	1.0	0.687252	13.5521	1.24684	769.58	0.95954	3.28	0
506	18:14:17.64	20.0420	14.12390	21.27	39.48	1.0	0.687270	13.5516	1.24680	769.56	0.95948	3.28	0
507	18:14:17.94	20.0370	14.12516	21.27	39.48	1.0	0.687330	13.5533	1.24680	769.58	0.95951	3.28	0
508	18:14:18.24	19.7575	14.19495	21.27	39.48	1.0	0.690726	13.6219	1.24680	769.66	0.95963	3.28	0
509	18:14:18.54	12.4740	16.15929	21.27	39.48	1.0	0.786312	15.5282	1.24680	770.74	0.96095	3.28	0
510	18:14:18.84	6.5465	18.05944	21.27	39.48	1.0	0.878772	17.3743	1.24680	771.62	0.96206	3.28	0
511	18:14:19.14	3.5540	19.13345	21.27	39.48	1.0	0.931032	18.4190	1.24680	772.10	0.96266	3.28	0
512	18:14:19.44	2.1735	19.66482	21.27	39.54	1.0	0.956892	18.9359	1.24680	772.34	0.96293	3.28	0
513	18:14:19.74	1.4505	19.95245	21.27	39.54	1.0	0.970890	19.2153	1.24676	772.44	0.96305	3.28	0
514	18:14:20.04	0.8610	20.19892	21.27	39.71	1.0	0.982896	19.4554	1.24676	772.56	0.96319	3.28	0
515	18:14:20.34	0.5255	20.34116	21.27	39.71	1.0	0.989814	19.5937	1.24676	772.62	0.96325	3.28	0
516	18:14:20.64	0.2800	20.44042	21.27	39.91	1.0	0.994656	19.6909	1.24676	772.66	0.96334	3.28	0
517	18:14:20.94	0.1485	20.49215	21.27	39.91	1.0	0.997170	19.7406	1.24676	772.68	0.96333	3.28	0
518	18:14:21.24	0.0925	20.51399	21.27	40.04	1.0	0.998244	19.7620	1.24676	772.68	0.96334	3.28	0
519	18:14:21.54	0.0685	20.52330	21.27	40.04	1.0	0.998694	19.7714	1.24676	772.70	0.96336	3.28	0
520	18:14:21.84	0.0605	20.52631	21.27	40.19	1.0	0.998850	19.7749	1.24676	772.70	0.96339	3.28	0
521	18:14:22.14	0.0510	20.52995	21.27	40.19	1.0	0.999030	19.7772	1.24672	772.68	0.96333	3.28	0
522	18:14:22.44	0.0500	20.53023	21.27	40.30	1.0	0.999048	19.7789	1.24680	772.72	0.96340	3.28	0
523	18:14:22.74	0.0450	20.53226	21.27	40.30	1.0	0.999144	19.7805	1.24676	772.70	0.96338	3.28	0
524	18:14:23.04	0.0445	20.53219	21.27	40.36	1.0	0.999150	19.7802	1.24676	772.70	0.96337	3.28	0
525	18:14:23.34	0.0430	20.53289	21.27	40.36	1.0	0.999180	19.7807	1.24676	772.70	0.96337	3.28	0
526	18:14:23.64	0.0430	20.53275	21.27	40.43	1.0	0.999180	19.7805	1.24676	772.70	0.96336	3.28	0
527	18:14:23.94	0.0430	20.53289	21.27	40.43	1.0	0.999186	19.7804	1.24676	772.70	0.96335	3.28	0
528	18:14:24.24	0.0425	20.53289	21.27	40.46	1.0	0.999186	19.7807	1.24676	772.70	0.96337	3.28	0
529	18:14:24.54	0.0430	20.53282	21.27	40.46	1.0	0.999186	19.7802	1.24676	772.70	0.96335	3.28	0
530	18:14:24.84	0.0450	20.53184	21.27	40.53	1.0	0.999138	19.7805	1.24680	772.72	0.96340	3.28	0
531	18:14:25.14	0.0430	20.53275	21.27	40.53	1.0	0.999186	19.7811	1.24676	772.70	0.96339	3.28	0
532	18:14:25.44	0.0425	20.53282	21.27	40.63	1.0	0.999192	19.7809	1.24676	772.70	0.96338	3.28	0
533	18:14:25.74	0.0435	20.53219	21.28	40.63	1.0	0.999168	19.7805	1.24676	772.70	0.96339	3.28	0
534	18:14:26.04	0.0435	20.53219	21.28	40.71	1.0	0.999174	19.7801	1.24676	772.70	0.96337	3.28	0
535	18:14:26.34	0.0455	20.53135	21.28	40.71	1.0	0.999132	19.7800	1.24676	772.72	0.96340	3.28	0
536	18:14:26.64	0.0430	20.53233	21.28	40.73	1.0	0.999180	19.7802	1.24676	772.70	0.96337	3.28	0
537	18:14:26.94	0.0420	20.53289	21.27	40.73	1.0	0.999204	19.7805	1.24676	772.70	0.96335	3.28	0
538	18:14:27.24	0.0425	20.53261	21.27	40.80	1.0	0.999192	19.7804	1.24676	772.70	0.96337	3.28	0
539	18:14:27.54	0.0420	20.53275	21.27	40.80	1.0	0.999198	19.7806	1.24676	772.70	0.96337	3.28	0
540	18:14:27.84	0.0440	20.53198	21.27	40.81	1.0	0.999162	19.7804	1.24680	772.70	0.96340	3.28	0
541	18:14:28.14	0.0445	20.53184	21.27	40.81	1.0	0.999156	19.7805	1.24680	772.72	0.96341	3.28	0
542	18:14:28.44	0.0420	20.53268	21.27	40.84	1.0	0.999198	19.7807	1.24676	772.70	0.96338	3.28	0
543	18:14:28.74	0.0430	20.53233	21.28	40.84	1.0	0.999186	19.7805	1.24676	772.70	0.96338	3.28	0
544	18:14:29.04	0.0410	20.53289	21.28	40.88	1.0	0.999216	19.7810	1.24676	772.70	0.96338	3.28	0
545	18:14:29.34	0.0410	20.53303	21.27	40.88	1.0	0.999216	19.7812	1.24676	772.70	0.96338	3.28	0
546	18:14:29.64	0.0405	20.53324	21.27	40.88	1.0	0.999228	19.7815	1.24676	772.70	0.96339	3.28	0
547	18:14:29.94	0.0410	20.53310	21.27	40.88	1.0	0.999222	19.7816	1.24676	772.72	0.96340	3.28	0
548	18:14:30.24	0.0395	20.53359	21.27	40.86	1.0	0.999246	19.7822	1.24680	772.72	0.96341	3.28	0
549	18:14:30.54	0.0395	20.53366	21.27	40.86	1.0	0.999246	19.7814	1.24676	772.70	0.96337	3.28	0
550	18:14:30.84	0.0400	20.53345	21.27	40.88	1.0	0.999240	19.7815	1.24676	772.70	0.96338	3.28	0
551	18:14:31.14	0.0390	20.53387	21.27	40.88	1.0	0.999258	19.7812	1.24676	772.68	0.96334	3.28	0
552	18:14:31.44	0.0390	20.53394	21.27	40.83	1.0	0.999258	19.7825	1.24680	772.72	0.96340	3.28	0
