1434	17:31:31.05	0.1350	21.10311	21.59	37.46	1.0	0.997440	22.0994	1.29944	805.88	1.04721	3.26	0
1435	17:31:31.36	0.1245	21.10717	21.59	37.59	1.0	0.997638	22.1046	1.29948	805.90	1.04726	3.26	0
1436	17:31:31.82	0.1165	21.11046	21.59	37.59	1.0	0.997794	22.1076	1.29948	805.90	1.04723	3.26	0
1437	17:31:32.16	0.1070	21.11410	21.59	37.66	1.0	0.997974	22.1119	1.29948	805.90	1.04726	3.26	0
1438	17:31:32.47	0.1010	21.11669	21.59	37.75	1.0	0.998094	22.1138	1.29948	805.88	1.04722	3.26	0
1439	17:31:32.60	0.0955	21.11858	21.59	37.75	1.0	0.998190	22.1169	1.29948	805.92	1.04728	3.26	0
1440	17:31:32.86	0.0920	21.12005	21.59	37.75	1.0	0.998256	22.1182	1.29948	805.90	1.04726	3.26	0
1441	17:31:33.16	0.0895	21.12089	21.59	37.82	1.0	0.998304	22.1193	1.29948	805.90	1.04727	3.26	0
1442	17:31:33.45	0.0865	21.12222	21.59	37.82	1.0	0.998364	22.1207	1.29948	805.92	1.04727	3.26	0
1443	17:31:33.75	0.0830	21.12348	21.59	37.88	1.0	0.998430	22.1220	1.29948	805.90	1.04727	3.26	0
1444	17:31:34.05	0.0800	21.12474	21.59	37.88	1.0	0.998490	22.1229	1.29948	805.90	1.04725	3.26	0
1445	17:31:34.35	0.0785	21.12516	21.59	38.01	1.0	0.998514	22.1230	1.29948	805.90	1.04723	3.26	0
1446	17:31:34.65	0.0780	21.12537	21.59	38.01	1.0	0.998526	22.1238	1.29948	805.90	1.04726	3.26	0
1447	17:31:34.95	0.0775	21.12551	21.59	38.08	1.0	0.998538	22.1242	1.29948	805.90	1.04728	3.26	0
1448	17:31:35.25	0.0765	21.12593	21.59	38.08	1.0	0.998556	22.1241	1.29948	805.90	1.04725	3.26	0
1449	17:31:35.55	0.0765	21.12579	21.59	38.11	1.0	0.998550	22.1248	1.29948	805.92	1.04729	3.26	0
1450	17:31:35.85	0.0725	21.12740	21.59	38.11	1.0	0.998628	22.1249	1.29944	805.90	1.04722	3.26	0
1451	17:31:36.15	0.0730	21.12712	21.59	38.18	1.0	0.998616	22.1246	1.29944	805.90	1.04722	3.26	0
1452	17:31:36.45	0.0765	21.12579	21.59	38.18	1.0	0.998556	22.1250	1.29948	805.92	1.04729	3.26	0
1453	17:31:36.75	0.0720	21.12747	21.59	38.24	1.0	0.998634	22.1254	1.29948	805.90	1.04723	3.26	0
1454	17:31:37.05	0.0740	21.12677	21.58	38.24	1.0	0.998598	22.1258	1.29948	805.92	1.04729	3.26	0
1455	17:31:37.35	0.0730	21.12705	21.58	38.28	1.0	0.998616	22.1256	1.29948	805.90	1.04726	3.26	0
1456	17:31:37.65	0.0725	21.12733	21.59	38.28	1.0	0.998634	22.1264	1.29948	805.92	1.04729	3.26	0
1457	17:31:37.95	0.0715	21.12761	21.59	38.34	1.0	0.998652	22.1261	1.29948	805.90	1.04726	3.26	0
1458	17:31:38.25	0.0720	21.12733	21.59	38.34	1.0	0.998634	22.1252	1.29944	805.90	1.04723	3.26	0
1459	17:31:38.55	0.0710	21.12768	21.59	38.38	1.0	0.998652	22.1255	1.29948	805.88	1.04723	3.26	0
1460	17:31:38.85	0.0705	21.12789	21.59	38.38	1.0	0.998664	22.1252	1.29944	805.90	1.04720	3.26	0
1461	17:31:39.15	0.0705	21.12789	21.59	38.41	1.0	0.998664	22.1255	1.29948	805.88	1.04722	3.26	0
1462	17:31:39.45	0.0710	21.12761	21.59	38.41	1.0	0.998658	22.1256	1.29948	805.90	1.04723	3.26	0
1463	17:31:39.75	0.0705	21.12768	21.59	38.48	1.0	0.998664	22.1258	1.29944	805.90	1.04724	3.26	0
1464	17:31:40.05	0.0710	21.12768	21.59	38.48	1.0	0.998658	22.1259	1.29948	805.90	1.04725	3.26	0
1465	17:31:40.35	0.0695	21.12817	21.59	38.51	1.0	0.998688	22.1255	1.29944	805.88	1.04721	3.26	0
1466	17:31:40.65	0.0715	21.12733	21.59	38.51	1.0	0.998646	22.1245	1.29944	805.88	1.04720	3.26	0
1467	17:31:40.95	0.0710	21.12754	21.59	38.54	1.0	0.998658	22.1256	1.29948	805.90	1.04724	3.26	0
1468	17:31:41.25	0.0705	21.12761	21.59	38.54	1.0	0.998664	22.1256	1.29948	805.90	1.04723	3.26	0
1469	17:31:41.55	0.0695	21.12803	21.59	38.58	1.0	0.998682	22.1255	1.29944	805.88	1.04721	3.26	0
1470	17:31:41.85	0.0705	21.12768	21.59	38.58	1.0	0.998670	22.1260	1.29948	805.90	1.04725	3.26	0
1471	17:31:42.15	0.0695	21.12796	21.59	38.61	1.0	0.998682	22.1260	1.29948	805.90	1.04723	3.26	0
1472	17:31:42.45	0.0720	21.12705	21.59	38.61	1.0	0.998640	22.1255	1.29948	805.92	1.04725	3.26	0
1473	17:31:42.75	0.0695	21.12796	21.59	38.61	1.0	0.998682	22.1257	1.29944	805.90	1.04722	3.26	0
1474	17:31:43.05	0.0715	21.12726	21.59	38.61	1.0	0.998652	22.1264	1.29948	805.92	1.04729	3.26	0
1475	17:31:43.35	0.0690	21.12824	21.59	38.64	1.0	0.998700	22.1258	1.29944	805.90	1.04722	3.26	0
1476	17:31:43.65	0.0715	21.12705	21.59	38.64	1.0	0.998640	22.1252	1.29948	805.90	1.04725	3.26	0
1477	17:31:43.95	0.0715	21.12705	21.59	38.68	1.0	0.998640	22.1245	1.29944	805.88	1.04722	3.26	0
1478	17:31:44.25	0.0705	21.12740	21.59	38.68	1.0	0.998664	22.1255	1.29948	805.90	1.04724	3.26	0
1479	17:31:44.55	0.0695	21.12789	21.59	38.71	1.0	0.998688	22.1252	1.29944	805.88	1.04720	3.26	0
1480	17:31:44.85	0.0725	21.12670	21.59	38.71	1.0	0.998628	22.1248	1.29948	805.90	1.04724	3.26	0
1481	17:31:45.15	0.0685	21.12824	21.59	38.74	1.0	0.998700	22.1253	1.29944	805.88	1.04719	3.26	0
1482	17:31:45.45	0.0720	21.12691	21.59	38.74	1.0	0.998640	22.1241	1.29944	805.88	1.04720	3.26	0
1483	17:31:45.75	0.0700	21.12761	21.59	38.74	1.0	0.998676	22.1248	1.29944	805.88	1.04720	3.26	0
1484	17:31:46.05	0.0710	21.12726	21.59	38.74	1.0	0.998658	22.1254	1.29948	805.90	1.04725	3.26	0
1485	17:31:46.35	0.0710	21.12726	21.59	38.74	1.0	0.998658	22.1247	1.29944	805.88	1.04721	3.26	0
1486	17:31:46.65	0.0720	21.12684	21.59	38.74	1.0	0.998640	22.1248	1.29948	805.90	1.04724	3.26	0
1487	17:31:46.95	0.0705	21.12740	21.59	38.74	1.0	0.998664	22.1253	1.29948	805.90	1.04723	3.26	0
1488	17:31:47.25	0.0695	21.12775	21.59	38.74	1.0	0.998682	22.1257	1.29944	805.90	1.04723	3.26	0
1489	17:31:47.55	0.0710	21.12719	21.59	38.78	1.0	0.998652	22.1253	1.29948	805.90	1.04725	3.26	0
1490	17:31:47.85	0.0715	21.12698	21.59	38.78	1.0	0.998646	22.1259	1.29948	805.92	1.04729	3.26	0
1491	17:31:48.15	0.0690	21.12789	21.59	38.84	1.0	0.998694	22.1257	1.29944	805.90	1.04723	3.26	0
1492	17:31:48.45	0.0715	21.12691	21.59	38.84	1.0	0.998646	22.1252	1.29948	805.90	1.04725	3.26	0
1493	17:31:48.75	0.0700	21.12754	21.59	38.84	1.0	0.998676	22.1252	1.29948	805.88	1.04722	3.26	0
1494	17:31:49.05	0.0705	21.12733	21.59	38.84	1.0	0.998664	22.1249	1.29944	805.88	1.04722	3.26	0
1495	17:31:49.35	0.0700	21.12740	21.59	38.88	1.0	0.998670	22.1250	1.29944	805.88	1.04722	3.26	0
1496	17:31:49.65	0.0690	21.12796	21.59	38.88	1.0	0.998700	22.1255	1.29944	805.90	1.04722	3.26	0
1497	17:31:49.95	0.0690	21.12775	21.59	38.94	1.0	0.998694	22.1258	1.29948	805.90	1.04724	3.26	0
1498	17:31:50.25	0.0700	21.12754	21.58	38.94	1.0	0.998676	22.1259	1.29948	805.90	1.04725	3.26	0
1499	17:31:50.55	0.0695	21.12775	21.58	38.98	1.0	0.998688	22.1251	1.29944	805.90	1.04721	3.26	0
1500	17:31:50.85	0.0695	21.12754	21.58	38.98	1.0	0.998682	22.1257	1.29948	805.90	1.04725	3.26	0
1501	17:31:51.15	0.0710	21.12691	21.58	39.01	1.0	0.998652	22.1254	1.29948	805.90	1.04726	3.26	0
1502	17:31:51.45	0.0695	21.12768	21.58	39.01	1.0	0.998688	22.1252	1.29944	805.90	1.04721	3.26	0
1503	17:31:51.75	0.0675	21.12845	21.58	39.01	1.0	0.998724	22.1255	1.29944	805.88	1.04719	3.26	0
1504	17:31:52.05	0.0705	21.12726	21.58	39.01	1.0	0.998670	22.1249	1.29948	805.88	1.04722	3.26	0
1505	17:31:52.35	0.0685	21.12796	21.58	39.04	1.0	0.998706	22.1255	1.29944	805.90	1.04721	3.26	0
1506	17:31:52.65	0.0670	21.12852	21.58	39.04	1.0	0.998730	22.1249	1.29940	805.86	1.04716	3.26	0
1507	17:31:52.95	0.0665	21.12873	21.58	39.04	1.0	0.998742	22.1252	1.29940	805.88	1.04716	3.26	0
1508	17:31:53.25	0.0675	21.12831	21.58	39.04	1.0	0.998718	22.1261	1.29948	805.88	1.04723	3.26	0
1509	17:31:53.55	0.0690	21.12761	21.58	39.07	1.0	0.998688	22.1252	1.29948	805.88	1.04722	3.26	0
1510	17:31:53.85	0.0685	21.12796	21.58	39.07	1.0	0.998706	22.1255	1.29948	805.88	1.04722	3.26	0
1511	17:31:54.15	0.0690	21.12761	21.58	39.07	1.0	0.998688	22.1255	1.29948	805.90	1.04723	3.26	0
1512	17:31:54.45	0.0680	21.12810	21.58	39.07	1.0	0.998712	22.1266	1.29948	805.90	1.04726	3.26	0
1513	17:31:54.75	0.0685	21.12796	21.58	39.10	1.0	0.998706	22.1256	1.29944	805.90	1.04722	3.26	0
1514	17:31:55.05	0.0660	21.12887	21.58	39.10	1.0	0.998748	22.1256	1.29944	805.88	1.04717	3.26	0
1515	17:31:55.35	0.0685	21.12789	21.58	39.10	1.0	0.998706	22.1262	1.29948	805.90	1.04725	3.26	0
1516	17:31:55.65	0.0690	21.12754	21.58	39.10	1.0	0.998688	22.1250	1.29944	805.88	1.04721	3.26	0
1517	17:31:55.95	0.0655	21.12908	21.58	39.10	1.0	0.998760	22.1259	1.29944	805.88	1.04718	3.26	0
1518	17:31:56.25	0.0675	21.12831	21.58	39.10	1.0	0.998724	22.1263	1.29944	805.90	1.04723	3.26	0
1519	17:31:56.55	0.0670	21.12845	21.58	39.14	1.0	0.998730	22.1266	1.29948	805.90	1.04725	3.26	0
1520	17:31:56.85	0.0675	21.12817	21.58	39.14	1.0	0.998724	22.1255	1.29944	805.88	1.04720	3.26	0
1521	17:31:57.15	0.0680	21.12810	21.58	39.14	1.0	0.998718	22.1257	1.29948	805.88	1.04722	3.26	0
1522	17:31:57.45	0.0670	21.12852	21.58	39.14	1.0	0.998736	22.1265	1.29944	805.90	1.04723	3.26	0
1523	17:31:57.75	0.0700	21.12719	21.58	39.14	1.0	0.998676	22.1255	1.29948	805.90	1.04725	3.26	0
1524	17:31:58.05	0.0660	21.12887	21.58	39.14	1.0	0.998754	22.1262	1.29944	805.90	1.04720	3.26	0
1525	17:31:58.35	0.0705	21.12705	21.58	39.14	1.0	0.998664	22.1255	1.29948	805.90	1.04726	3.26	0
1526	17:31:58.65	0.0670	21.12838	21.58	39.14	1.0	0.998730	22.1261	1.29948	805.88	1.04722	3.26	0
1527	17:31:58.95	0.0700	21.12712	21.58	39.17	1.0	0.998676	22.1247	1.29944	805.88	1.04722	3.26	0
1528	17:31:59.25	0.0675	21.12817	21.58	39.17	1.0	0.998724	22.1256	1.29944	805.88	1.04721	3.26	0
1529	17:31:59.55	0.0655	21.12887	21.58	39.17	1.0	0.998754	22.1259	1.29944	805.88	1.04719	3.26	0
1530	17:31:59.85	0.0690	21.12754	21.58	39.17	1.0	0.998688	22.1254	1.29948	805.88	1.04723	3.26	0
1531	17:32:00.15	0.0675	21.12810	21.58	39.17	1.0	0.998718	22.1257	1.29944	805.88	1.04722	3.26	0
1532	17:32:00.45	0.0675	21.12824	21.58	39.17	1.0	0.998724	22.1256	1.29944	805.88	1.04720	3.26	0
1533	17:32:00.75	0.0670	21.12838	21.58	39.20	1.0	0.998736	22.1258	1.29948	805.88	1.04720	3.26	0
1534	17:32:01.05	0.0695	21.12733	21.58	39.20	1.0	0.998688	22.1253	1.29948	805.90	1.04723	3.26	0
1535	17:32:01.35	0.0655	21.12894	21.58	39.20	1.0	0.998760	22.1264	1.29944	805.88	1.04720	3.26	0
1536	17:32:01.65	0.0680	21.12789	21.58	39.20	1.0	0.998712	22.1255	1.29944	805.90	1.04722	3.26	0
1537	17:32:01.95	0.0670	21.12831	21.58	39.20	1.0	0.998730	22.1262	1.29948	805.90	1.04723	3.26	0
1538	17:32:02.25	0.0665	21.12859	21.58	39.20	1.0	0.998742	22.1262	1.29948	805.88	1.04721	3.26	0
1539	17:32:02.55	0.0690	21.12754	21.58	39.20	1.0	0.998694	22.1250	1.29948	805.88	1.04722	3.26	0
1540	17:32:02.85	0.0675	21.12803	21.58	39.20	1.0	0.998718	22.1254	1.29944	805.88	1.04720	3.26	0
1541	17:32:03.15	0.0690	21.12754	21.58	39.20	1.0	0.998694	22.1256	1.29948	805.90	1.04724	3.26	0
1542	17:32:03.45	0.0680	21.12789	21.58	39.20	1.0	0.998712	22.1254	1.29948	805.88	1.04721	3.26	0
1543	17:32:03.75	0.0685	21.12768	21.58	39.23	1.0	0.998700	22.1255	1.29944	805.90	1.04723	3.26	0
1544	17:32:04.05	0.0675	21.12810	21.58	39.23	1.0	0.998724	22.1264	1.29948	805.90	1.04725	3.26	0
1545	17:32:04.35	0.0670	21.12824	21.58	39.23	1.0	0.998730	22.1263	1.29948	805.90	1.04724	3.26	0
1546	17:32:04.65	0.0685	21.12768	21.58	39.23	1.0	0.998700	22.1259	1.29948	805.90	1.04725	3.26	0
1547	17:32:04.95	0.0675	21.12817	21.58	39.23	1.0	0.998724	22.1262	1.29948	805.90	1.04723	3.26	0
1548	17:32:05.25	0.0670	21.12838	21.58	39.23	1.0	0.998736	22.1255	1.29944	805.88	1.04720	3.26	0
1549	17:32:05.55	0.0670	21.12838	21.58	39.23	1.0	0.998736	22.1258	1.29944	805.88	1.04721	3.26	0
1550	17:32:05.85	0.0680	21.12796	21.58	39.23	1.0	0.998712	22.1261	1.29948	805.90	1.04725	3.26	0
1551	17:32:06.15	0.0665	21.12852	21.58	39.23	1.0	0.998742	22.1255	1.29944	805.88	1.04719	3.26	0
1552	17:32:06.45	0.0660	21.12859	21.58	39.23	1.0	0.998748	22.1258	1.29944	805.88	1.04720	3.26	0
1553	17:32:06.75	0.0675	21.12810	21.58	39.27	1.0	0.998724	22.1259	1.29948	805.90	1.04723	3.26	0
1554	17:32:07.05	0.0680	21.12775	21.58	39.27	1.0	0.998706	22.1259	1.29948	805.90	1.04724	3.26	0
1555	17:32:07.35	0.0650	21.12901	21.58	39.27	1.0	0.998766	22.1255	1.29940	805.88	1.04716	3.26	0
1556	17:32:07.65	0.0685	21.12768	21.58	39.27	1.0	0.998706	22.1250	1.29948	805.88	1.04721	3.26	0
1557	17:32:07.95	0.0645	21.12929	21.58	39.27	1.0	0.998778	22.1253	1.29940	805.86	1.04714	3.26	0
1558	17:32:08.25	0.0690	21.12740	21.58	39.27	1.0	0.998694	22.1248	1.29944	805.88	1.04720	3.26	0
1559	17:32:08.55	0.0655	21.12894	21.58	39.27	1.0	0.998766	22.1251	1.29944	805.86	1.04715	3.26	0
1560	17:32:08.85	0.0660	21.12866	21.58	39.27	1.0	0.998754	22.1261	1.29944	805.88	1.04720	3.26	0
1561	17:32:09.15	0.0655	21.12887	21.58	39.27	1.0	0.998760	22.1246	1.29940	805.86	1.04713	3.26	0
1562	17:32:09.45	0.0675	21.12810	21.58	39.27	1.0	0.998724	22.1250	1.29944	805.88	1.04718	3.26	0
1563	17:32:09.75	0.0645	21.12929	21.58	39.27	1.0	0.998784	22.1259	1.29944	805.88	1.04717	3.26	0
1564	17:32:10.05	0.0675	21.12810	21.58	39.27	1.0	0.998724	22.1256	1.29944	805.90	1.04721	3.26	0
1565	17:32:10.35	0.0655	21.12873	21.58	39.30	1.0	0.998754	22.1252	1.29944	805.86	1.04716	3.26	0
1566	17:32:10.65	0.0675	21.12803	21.58	39.30	1.0	0.998724	22.1248	1.29944	805.88	1.04718	3.26	0
1567	17:32:10.95	0.0675	21.12810	21.58	39.30	1.0	0.998724	22.1246	1.29944	805.86	1.04717	3.26	0
1568	17:32:11.25	0.0670	21.12824	21.58	39.30	1.0	0.998730	22.1252	1.29944	805.88	1.04719	3.26	0
1569	17:32:11.55	0.0680	21.12782	21.58	39.30	1.0	0.998712	22.1257	1.29948	805.90	1.04723	3.26	0
1570	17:32:11.85	0.0670	21.12824	21.58	39.30	1.0	0.998736	22.1265	1.29948	805.90	1.04725	3.26	0
1571	17:32:12.15	0.0665	21.12845	21.58	39.30	1.0	0.998742	22.1250	1.29944	805.86	1.04717	3.26	0
1572	17:32:12.45	0.0680	21.12782	21.58	39.30	1.0	0.998712	22.1264	1.29948	805.90	1.04726	3.26	0
1573	17:32:12.75	0.0685	21.12768	21.58	39.33	1.0	0.998706	22.1261	1.29948	805.90	1.04726	3.26	0
1574	17:32:13.05	0.0670	21.12824	21.58	39.33	1.0	0.998736	22.1268	1.29948	805.92	1.04726	3.26	0
1575	17:32:13.35	0.0665	21.12845	21.58	39.33	1.0	0.998742	22.1251	1.29944	805.86	1.04717	3.26	0
1576	17:32:13.65	0.0670	21.12824	21.57	39.33	1.0	0.998730	22.1257	1.29944	805.90	1.04721	3.26	0
1577	17:32:13.95	0.0665	21.12838	21.57	39.33	1.0	0.998736	22.1255	1.29944	805.88	1.04719	3.26	0
1578	17:32:14.25	0.0670	21.12824	21.58	39.33	1.0	0.998736	22.1259	1.29948	805.88	1.04722	3.26	0
1579	17:32:14.55	0.0660	21.12859	21.58	39.33	1.0	0.998748	22.1257	1.29944	805.88	1.04719	3.26	0
1580	17:32:14.85	0.0650	21.12894	21.58	39.33	1.0	0.998766	22.1259	1.29944	805.88	1.04719	3.26	0
1581	17:32:15.15	0.0675	21.12796	21.58	39.40	1.0	0.998724	22.1260	1.29948	805.90	1.04724	3.26	0
1582	17:32:15.45	0.0665	21.12838	21.58	39.40	1.0	0.998748	22.1263	1.29948	805.88	1.04723	3.26	0
1583	17:32:15.75	0.0670	21.12810	21.58	39.40	1.0	0.998736	22.1259	1.29944	805.90	1.04722	3.26	0
1584	17:32:16.05	0.0660	21.12838	21.58	39.40	1.0	0.998748	22.1259	1.29944	805.88	1.04721	3.26	0
1585	17:32:16.35	0.0670	21.12817	21.58	39.40	1.0	0.998736	22.1257	1.29944	805.88	1.04722	3.26	0
1586	17:32:16.65	0.0650	21.12901	21.58	39.40	1.0	0.998772	22.1258	1.29944	805.88	1.04718	3.26	0
1587	17:32:16.95	0.0685	21.12740	21.58	39.43	1.0	0.998700	22.1257	1.29948	805.90	1.04725	3.26	0
1588	17:32:17.25	0.0665	21.12824	21.58	39.43	1.0	0.998742	22.1264	1.29948	805.90	1.04725	3.26	0
1589	17:32:17.55	0.0670	21.12810	21.58	39.43	1.0	0.998736	22.1259	1.29948	805.88	1.04722	3.26	0
1590	17:32:17.85	0.0675	21.12782	21.58	39.43	1.0	0.998724	22.1260	1.29948	805.90	1.04725	3.26	0
1591	17:32:18.15	0.0660	21.12852	21.58	39.43	1.0	0.998754	22.1263	1.29948	805.88	1.04722	3.26	0
1592	17:32:18.45	0.0660	21.12852	21.57	39.43	1.0	0.998748	22.1263	1.29948	805.88	1.04722	3.26	0
1593	17:32:18.75	0.0665	21.12824	21.57	39.47	1.0	0.998736	22.1259	1.29944	805.90	1.04722	3.26	0
1594	17:32:19.05	0.0665	21.12831	21.58	39.47	1.0	0.998742	22.1261	1.29948	805.90	1.04723	3.26	0
1595	17:32:19.35	0.0680	21.12768	21.58	39.47	1.0	0.998718	22.1262	1.29948	805.90	1.04726	3.26	0
1596	17:32:19.65	0.0670	21.12803	21.57	39.47	1.0	0.998730	22.1257	1.29948	805.90	1.04722	3.26	0
1597	17:32:19.95	0.0670	21.12817	21.57	39.47	1.0	0.998736	22.1262	1.29948	805.90	1.04723	3.26	0
1598	17:32:20.25	0.0680	21.12768	21.57	39.47	1.0	0.998712	22.1251	1.29944	805.88	1.04721	3.26	0
1599	17:32:20.55	0.0665	21.12824	21.57	39.50	1.0	0.998742	22.1253	1.29944	805.88	1.04719	3.26	0
1600	17:32:20.85	0.0690	21.12712	21.58	39.50	1.0	0.998694	22.1253	1.29948	805.90	1.04725	3.26	0
1601	17:32:21.15	0.0675	21.12768	21.58	39.53	1.0	0.998718	22.1256	1.29948	805.88	1.04723	3.26	0
1602	17:32:21.45	0.0670	21.12796	21.57	39.53	1.0	0.998730	22.1257	1.29948	805.88	1.04722	3.26	0
1603	17:32:21.75	0.0665	21.12817	21.57	39.53	1.0	0.998736	22.1257	1.29944	805.88	1.04721	3.26	0
1604	17:32:22.05	0.0680	21.12754	21.57	39.53	1.0	0.998712	22.1253	1.29948	805.88	1.04723	3.26	0
1605	17:32:22.35	0.0665	21.12817	21.57	39.53	1.0	0.998742	22.1259	1.29948	805.88	1.04723	3.26	0
1606	17:32:22.65	0.0655	21.12852	21.57	39.53	1.0	0.998754	22.1253	1.29944	805.88	1.04718	3.26	0
1607	17:32:22.95	0.0660	21.12838	21.57	39.56	1.0	0.998754	22.1262	1.29944	805.90	1.04723	3.26	0
1608	17:32:23.25	0.0650	21.12866	21.58	39.56	1.0	0.998772	22.1257	1.29944	805.88	1.04719	3.26	0
1609	17:32:23.55	0.0660	21.12824	21.58	39.60	1.0	0.998754	22.1252	1.29944	805.86	1.04719	3.26	0
1610	17:32:23.85	0.0660	21.12845	21.57	39.60	1.0	0.998754	22.1259	1.29944	805.90	1.04721	3.26	0
1611	17:32:24.15	0.0645	21.12894	21.57	39.63	1.0	0.998778	22.1262	1.29944	805.88	1.04720	3.26	0
1612	17:32:24.45	0.0670	21.12796	21.57	39.63	1.0	0.998736	22.1254	1.29948	805.88	1.04721	3.26	0
1613	17:32:24.75	0.0675	21.12775	21.57	39.63	1.0	0.998724	22.1254	1.29948	805.88	1.04722	3.26	0
1614	17:32:25.05	0.0675	21.12775	21.57	39.63	1.0	0.998724	22.1252	1.29948	805.88	1.04721	3.26	0
1615	17:32:25.35	0.0640	21.12908	21.57	39.67	1.0	0.998790	22.1261	1.29944	805.86	1.04719	3.26	0
1616	17:32:25.65	0.0670	21.12782	21.57	39.67	1.0	0.998730	22.1261	1.29948	805.90	1.04725	3.26	0
1617	17:32:25.95	0.0655	21.12845	21.57	39.67	1.0	0.998760	22.1258	1.29944	805.88	1.04720	3.26	0
1618	17:32:26.25	0.0675	21.12768	21.57	39.67	1.0	0.998724	22.1257	1.29948	805.88	1.04724	3.26	0
1619	17:32:26.55	0.0675	21.12754	21.57	39.70	1.0	0.998718	22.1262	1.29952	805.90	1.04727	3.26	0
1620	17:32:26.85	0.0660	21.12824	21.57	39.70	1.0	0.998748	22.1257	1.29944	805.90	1.04722	3.26	0
1621	17:32:27.15	0.0685	21.12719	21.57	39.70	1.0	0.998700	22.1255	1.29948	805.90	1.04725	3.26	0
1622	17:32:27.45	0.0665	21.12803	21.57	39.70	1.0	0.998742	22.1254	1.29944	805.88	1.04720	3.26	0
1623	17:32:27.75	0.0680	21.12740	21.57	39.70	1.0	0.998712	22.1250	1.29948	805.88	1.04722	3.26	0
1624	17:32:28.05	0.0670	21.12789	21.57	39.70	1.0	0.998736	22.1255	1.29948	805.88	1.04722	3.26	0
1625	17:32:28.35	0.0650	21.12852	21.57	39.73	1.0	0.998766	22.1256	1.29944	805.88	1.04719	3.26	0
1626	17:32:28.65	0.0685	21.12712	21.58	39.73	1.0	0.998706	22.1256	1.29948	805.90	1.04726	3.26	0
1627	17:32:28.95	0.0660	21.12810	21.58	39.73	1.0	0.998754	22.1261	1.29948	805.90	1.04723	3.26	0
1628	17:32:29.25	0.0670	21.12775	21.57	39.73	1.0	0.998730	22.1262	1.29948	805.90	1.04726	3.26	0
1629	17:32:29.55	0.0660	21.12817	21.57	39.73	1.0	0.998748	22.1259	1.29944	805.90	1.04722	3.26	0
1630	17:32:29.85	0.0665	21.12796	21.57	39.73	1.0	0.998742	22.1264	1.29948	805.90	1.04726	3.26	0
1631	17:32:30.15	0.0665	21.12782	21.57	39.77	1.0	0.998736	22.1256	1.29948	805.90	1.04723	3.26	0
1632	17:32:30.45	0.0655	21.12831	21.57	39.77	1.0	0.998760	22.1256	1.29944	805.88	1.04720	3.26	0
1633	17:32:30.75	0.0675	21.12747	21.57	39.77	1.0	0.998718	22.1252	1.29948	805.88	1.04722	3.26	0
1634	17:32:31.05	0.0655	21.12824	21.57	39.77	1.0	0.998760	22.1259	1.29948	805.88	1.04722	3.26	0
1635	17:32:31.35	0.0670	21.12775	21.57	39.77	1.0	0.998736	22.1255	1.29948	805.88	1.04722	3.26	0
1636	17:32:31.65	0.0670	21.12768	21.57	39.77	1.0	0.998730	22.1255	1.29948	805.90	1.04722	3.26	0
1637	17:32:31.95	0.0645	21.12873	21.57	39.77	1.0	0.998778	22.1258	1.29944	805.88	1.04719	3.26	0
1638	17:32:32.25	0.0675	21.12761	21.57	39.77	1.0	0.998724	22.1256	1.29948	805.90	1.04723	3.26	0
1639	17:32:32.55	0.0650	21.12859	21.57	39.77	1.0	0.998772	22.1255	1.29944	805.88	1.04718	3.26	0
1640	17:32:32.85	0.0650	21.12852	21.57	39.77	1.0	0.998772	22.1254	1.29944	805.86	1.04718	3.26	0
1641	17:32:33.15	0.0655	21.12817	21.57	39.80	1.0	0.998754	22.1257	1.29944	805.88	1.04721	3.26	0
1642	17:32:33.45	0.0655	21.12831	21.57	39.80	1.0	0.998760	22.1253	1.29944	805.86	1.04719	3.26	0
1643	17:32:33.75	0.0645	21.12866	21.57	39.80	1.0	0.998778	22.1255	1.29944	805.88	1.04718	3.26	0
1644	17:32:34.05	0.0665	21.12796	21.57	39.80	1.0	0.998742	22.1257	1.29948	805.88	1.04722	3.26	0
1645	17:32:34.35	0.0650	21.12845	21.57	39.80	1.0	0.998766	22.1252	1.29944	805.88	1.04717	3.26	0
1646	17:32:34.65	0.0650	21.12859	21.57	39.80	1.0	0.998772	22.1256	1.29944	805.88	1.04719	3.26	0
1647	17:32:34.95	0.0665	21.12789	21.57	39.80	1.0	0.998742	22.1257	1.29948	805.88	1.04723	3.26	0
1648	17:32:35.25	0.0665	21.12796	21.57	39.80	1.0	0.998748	22.1257	1.29948	805.90	1.04723	3.26	0
1649	17:32:35.55	0.0650	21.12852	21.57	39.80	1.0	0.998772	22.1254	1.29944	805.88	1.04719	3.26	0
1650	17:32:35.85	0.0660	21.12817	21.57	39.80	1.0	0.998754	22.1252	1.29944	805.88	1.04719	3.26	0
1651	17:32:36.15	0.0635	21.12908	21.57	39.87	1.0	0.998802	22.1263	1.29944	805.88	1.04720	3.26	0
1652	17:32:36.45	0.0640	21.12880	21.57	39.87	1.0	0.998790	22.1264	1.29948	805.88	1.04722	3.26	0
1653	17:32:36.75	0.0660	21.12803	21.57	39.87	1.0	0.998754	22.1262	1.29948	805.90	1.04724	3.26	0
1654	17:32:37.05	0.0650	21.12845	21.57	39.87	1.0	0.998772	22.1257	1.29944	805.88	1.04720	3.26	0
1655	17:32:37.35	0.0655	21.12810	21.57	39.87	1.0	0.998754	22.1252	1.29944	805.88	1.04719	3.26	0
1656	17:32:37.65	0.0675	21.12740	21.57	39.87	1.0	0.998724	22.1250	1.29948	805.88	1.04722	3.26	0
1657	17:32:37.95	0.0655	21.12824	21.57	39.87	1.0	0.998760	22.1258	1.29948	805.88	1.04722	3.26	0
1658	17:32:38.25	0.0645	21.12866	21.57	39.87	1.0	0.998784	22.1257	1.29944	805.88	1.04719	3.26	0
1659	17:32:38.55	0.0655	21.12824	21.57	39.90	1.0	0.998766	22.1261	1.29948	805.90	1.04723	3.26	0
1660	17:32:38.85	0.0650	21.12845	21.57	39.90	1.0	0.998772	22.1255	1.29944	805.88	1.04719	3.26	0
1661	17:32:39.15	0.0675	21.12740	21.57	39.90	1.0	0.998724	22.1252	1.29948	805.88	1.04723	3.26	0
1662	17:32:39.45	0.0665	21.12768	21.57	39.90	1.0	0.998736	22.1253	1.29948	805.88	1.04722	3.26	0
1663	17:32:39.75	0.0660	21.12803	21.57	39.90	1.0	0.998754	22.1256	1.29948	805.88	1.04722	3.26	0
1664	17:32:40.05	0.0660	21.12789	21.57	39.90	1.0	0.998748	22.1255	1.29948	805.88	1.04722	3.26	0
1665	17:32:40.35	0.0670	21.12761	21.57	39.90	1.0	0.998736	22.1249	1.29944	805.88	1.04720	3.26	0
1666	17:32:40.65	0.0655	21.12824	21.57	39.90	1.0	0.998766	22.1257	1.29948	805.88	1.04721	3.26	0
1667	17:32:40.95	0.0655	21.12810	21.57	39.93	1.0	0.998760	22.1255	1.29944	805.88	1.04721	3.26	0
1668	17:32:41.25	0.0660	21.12796	21.57	39.93	1.0	0.998754	22.1254	1.29944	805.88	1.04720	3.26	0
1669	17:32:41.55	0.0675	21.12726	21.57	39.93	1.0	0.998718	22.1257	1.29948	805.90	1.04726	3.26	0
1670	17:32:41.85	0.0675	21.12747	21.55	39.93	1.0	0.998724	22.1253	1.29948	805.90	1.04723	3.26	0
1671	17:32:42.15	0.0655	21.12824	21.55	39.93	1.0	0.998760	22.1259	1.29948	805.88	1.04722	3.26	0
1672	17:32:42.45	0.0650	21.12824	21.57	39.93	1.0	0.998766	22.1254	1.29944	805.88	1.04719	3.26	0
1673	17:32:42.75	0.0665	21.12782	21.57	39.93	1.0	0.998748	22.1251	1.29944	805.88	1.04720	3.26	0
1674	17:32:43.05	0.0655	21.12831	21.55	39.93	1.0	0.998766	22.1255	1.29944	805.88	1.04719	3.26	0
1675	17:32:43.35	0.0665	21.12782	21.55	39.93	1.0	0.998742	22.1253	1.29944	805.88	1.04721	3.26	0
1676	17:32:43.65	0.0655	21.12817	21.57	39.93	1.0	0.998760	22.1257	1.29944	805.88	1.04722	3.26	0
1677	17:32:43.95	0.0650	21.12838	21.57	39.93	1.0	0.998772	22.1264	1.29948	805.88	1.04723	3.26	0
1678	17:32:44.25	0.0660	21.12789	21.57	39.93	1.0	0.998748	22.1258	1.29948	805.88	1.04723	3.26	0
1679	17:32:44.55	0.0665	21.12768	21.57	39.96	1.0	0.998742	22.1260	1.29948	805.90	1.04725	3.26	0
1680	17:32:44.85	0.0660	21.12796	21.57	39.96	1.0	0.998754	22.1260	1.29948	805.90	1.04724	3.26	0
1681	17:32:45.15	0.0650	21.12824	21.57	39.96	1.0	0.998766	22.1259	1.29948	805.88	1.04722	3.26	0
1682	17:32:45.45	0.0665	21.12775	21.57	39.96	1.0	0.998742	22.1252	1.29948	805.88	1.04721	3.26	0
1683	17:32:45.75	0.0640	21.12873	21.57	39.96	1.0	0.998790	22.1262	1.29944	805.88	1.04721	3.26	0
1684	17:32:46.05	0.0650	21.12831	21.55	39.96	1.0	0.998766	22.1257	1.29948	805.88	1.04720	3.26	0
1685	17:32:46.35	0.0650	21.12838	21.55	39.96	1.0	0.998766	22.1263	1.29948	805.90	1.04723	3.26	0
1686	17:32:46.65	0.0665	21.12768	21.57	39.96	1.0	0.998742	22.1259	1.29948	805.90	1.04725	3.26	0
1687	17:32:46.95	0.0635	21.12901	21.57	39.96	1.0	0.998802	22.1264	1.29944	805.88	1.04720	3.26	0
1688	17:32:47.25	0.0640	21.12866	21.57	39.96	1.0	0.998784	22.1261	1.29944	805.88	1.04721	3.26	0
1689	17:32:47.55	0.0635	21.12887	21.57	39.96	1.0	0.998796	22.1259	1.29944	805.88	1.04719	3.26	0
1690	17:32:47.85	0.0675	21.12726	21.57	39.96	1.0	0.998718	22.1257	1.29948	805.90	1.04726	3.26	0
1691	17:32:48.15	0.0640	21.12866	21.57	39.96	1.0	0.998784	22.1262	1.29944	805.88	1.04721	3.26	0
1692	17:32:48.45	0.0650	21.12831	21.57	39.96	1.0	0.998772	22.1263	1.29948	805.90	1.04723	3.26	0
1693	17:32:48.75	0.0650	21.12831	21.57	39.93	1.0	0.998766	22.1253	1.29948	805.86	1.04719	3.26	0
1694	17:32:49.05	0.0640	21.12866	21.57	39.93	1.0	0.998784	22.1254	1.29944	805.88	1.04717	3.26	0
1695	17:32:49.35	0.0645	21.12852	21.57	39.93	1.0	0.998778	22.1259	1.29948	805.88	1.04720	3.26	0
1696	17:32:49.65	0.0655	21.12817	21.57	39.93	1.0	0.998760	22.1253	1.29944	805.88	1.04720	3.26	0
1697	17:32:49.95	0.0650	21.12831	21.57	39.93	1.0	0.998766	22.1263	1.29948	805.88	1.04723	3.26	0
1698	17:32:50.25	0.0650	21.12831	21.57	39.93	1.0	0.998766	22.1259	1.29948	805.88	1.04722	3.26	0
1699	17:32:50.55	0.0665	21.12782	21.57	39.93	1.0	0.998748	22.1258	1.29948	805.88	1.04723	3.26	0
1700	17:32:50.85	0.0640	21.12873	21.57	39.93	1.0	0.998790	22.1256	1.29944	805.86	1.04718	3.26	0
1701	17:32:51.16	0.0660	21.12796	21.57	39.93	1.0	0.998754	22.1259	1.29948	805.88	1.04723	3.26	0
1702	17:32:51.45	0.0640	21.12866	21.57	39.93	1.0	0.998784	22.1271	1.29948	805.90	1.04726	3.26	0
1703	17:32:51.75	0.0655	21.12824	21.57	39.93	1.0	0.998766	22.1257	1.29948	805.88	1.04721	3.26	0
1704	17:32:52.05	0.0650	21.12831	21.57	39.93	1.0	0.998766	22.1260	1.29948	805.88	1.04722	3.26	0
1705	17:32:52.35	0.0635	21.12887	21.57	39.93	1.0	0.998796	22.1259	1.29944	805.88	1.04719	3.26	0
1706	17:32:52.65	0.0650	21.12824	21.57	39.93	1.0	0.998766	22.1257	1.29944	805.88	1.04721	3.26	0
1707	17:32:52.95	0.0675	21.12733	21.57	39.93	1.0	0.998724	22.1253	1.29948	805.88	1.04724	3.26	0
1708	17:32:53.25	0.0650	21.12824	21.57	39.93	1.0	0.998766	22.1255	1.29944	805.88	1.04720	3.26	0
1709	17:32:53.55	0.0645	21.12859	21.57	39.93	1.0	0.998784	22.1271	1.29948	805.90	1.04726	3.26	0
1710	17:32:53.85	0.0645	21.12852	21.57	39.93	1.0	0.998778	22.1267	1.29948	805.90	1.04725	3.26	0
1711	17:32:54.15	0.0675	21.12726	21.57	39.93	1.0	0.998718	22.1264	1.29948	805.92	1.04729	3.26	0
1712	17:32:54.45	0.0665	21.12782	21.57	39.93	1.0	0.998748	22.1259	1.29948	805.90	1.04724	3.26	0
1713	17:32:54.75	0.0655	21.12824	21.57	39.93	1.0	0.998766	22.1261	1.29948	805.88	1.04723	3.26	0
1714	17:32:55.05	0.0660	21.12796	21.57	39.93	1.0	0.998754	22.1253	1.29948	805.88	1.04720	3.26	0
1715	17:32:55.35	0.0665	21.12782	21.57	39.93	1.0	0.998742	22.1262	1.29948	805.90	1.04725	3.26	0
1716	17:32:55.65	0.0640	21.12873	21.57	39.93	1.0	0.998790	22.1259	1.29944	805.88	1.04720	3.26	0
1717	17:32:55.95	0.0650	21.12831	21.57	39.93	1.0	0.998772	22.1262	1.29948	805.88	1.04723	3.26	0
1718	17:32:56.25	0.0640	21.12880	21.57	39.93	1.0	0.998790	22.1263	1.29944	805.88	1.04721	3.26	0
1719	17:32:56.55	0.0670	21.12761	21.57	39.93	1.0	0.998736	22.1261	1.29948	805.90	1.04726	3.26	0
1720	17:32:56.85	0.0630	21.12922	21.57	39.93	1.0	0.998814	22.1267	1.29948	805.88	1.04721	3.26	0
1721	17:32:57.15	0.0665	21.12775	21.57	39.93	1.0	0.998742	22.1267	1.29952	805.90	1.04728	3.26	0
1722	17:32:57.45	0.0650	21.12831	21.57	39.93	1.0	0.998766	22.1265	1.29948	805.90	1.04725	3.26	0
1723	17:32:57.75	0.0650	21.12824	21.57	39.93	1.0	0.998766	22.1268	1.29948	805.90	1.04726	3.26	0
1724	17:32:58.05	0.0645	21.12852	21.57	39.93	1.0	0.998778	22.1264	1.29948	805.90	1.04723	3.26	0
1725	17:32:58.35	0.0645	21.12852	21.57	39.93	1.0	0.998778	22.1255	1.29944	805.86	1.04719	3.26	0
1726	17:32:58.65	0.0650	21.12831	21.57	39.93	1.0	0.998772	22.1261	1.29948	805.88	1.04722	3.26	0
1727	17:32:58.95	0.0650	21.12831	21.57	39.93	1.0	0.998766	22.1266	1.29948	805.90	1.04725	3.26	0
1728	17:32:59.25	0.0645	21.12859	21.57	39.93	1.0	0.998784	22.1266	1.29948	805.90	1.04723	3.26	0
1729	17:32:59.55	0.0655	21.12810	21.57	39.93	1.0	0.998760	22.1264	1.29948	805.90	1.04725	3.26	0
1730	17:32:59.85	0.0660	21.12796	21.57	39.93	1.0	0.998754	22.1260	1.29948	805.90	1.04724	3.26	0
1731	17:33:00.15	0.0655	21.12817	21.57	39.93	1.0	0.998760	22.1259	1.29948	805.88	1.04722	3.26	0
1732	17:33:00.45	0.0655	21.12817	21.57	39.93	1.0	0.998766	22.1258	1.29944	805.88	1.04722	3.26	0
1733	17:33:00.75	0.0655	21.12817	21.57	39.93	1.0	0.998760	22.1265	1.29948	805.90	1.04725	3.26	0
1734	17:33:01.05	0.0645	21.12845	21.57	39.93	1.0	0.998772	22.1266	1.29948	805.88	1.04724	3.26	0
1735	17:33:01.35	0.0650	21.12831	21.57	39.93	1.0	0.998766	22.1256	1.29944	805.88	1.04720	3.26	0
1736	17:33:01.65	0.0660	21.12803	21.57	39.93	1.0	0.998754	22.1256	1.29948	805.88	1.04722	3.26	0
1737	17:33:01.95	0.0650	21.12831	21.57	39.93	1.0	0.998772	22.1262	1.29948	805.90	1.04723	3.26	0
1738	17:33:02.25	0.0670	21.12747	21.57	39.93	1.0	0.998730	22.1260	1.29952	805.90	1.04726	3.26	0
1739	17:33:02.55	0.0650	21.12838	21.57	39.93	1.0	0.998772	22.1262	1.29948	805.88	1.04722	3.26	0
1740	17:33:02.85	0.0660	21.12789	21.57	39.93	1.0	0.998748	22.1270	1.29952	805.92	1.04729	3.26	0
1741	17:33:03.15	0.0650	21.12831	21.57	39.90	1.0	0.998766	22.1276	1.29952	805.92	1.04729	3.26	0
1742	17:33:03.45	0.0655	21.12810	21.57	39.90	1.0	0.998760	22.1269	1.29952	805.90	1.04728	3.26	0
1743	17:33:03.75	0.0645	21.12859	21.57	39.90	1.0	0.998784	22.1271	1.29948	805.90	1.04726	3.26	0
1744	17:33:04.05	0.0650	21.12831	21.57	39.90	1.0	0.998766	22.1263	1.29948	805.90	1.04723	3.26	0
1745	17:33:04.35	0.0650	21.12831	21.57	39.90	1.0	0.998766	22.1265	1.29948	805.90	1.04725	3.26	0
1746	17:33:04.65	0.0660	21.12803	21.57	39.90	1.0	0.998754	22.1266	1.29948	805.90	1.04726	3.26	0
1747	17:33:04.95	0.0645	21.12866	21.57	39.90	1.0	0.998784	22.1269	1.29948	805.90	1.04725	3.26	0
1748	17:33:05.25	0.0660	21.12796	21.57	39.90	1.0	0.998748	22.1275	1.29952	805.92	1.04731	3.26	0
1749	17:33:05.55	0.0645	21.12852	21.57	39.90	1.0	0.998778	22.1272	1.29948	805.90	1.04727	3.26	0
1750	17:33:05.85	0.0655	21.12817	21.57	39.90	1.0	0.998760	22.1264	1.29948	805.90	1.04725	3.26	0
1751	17:33:06.15	0.0635	21.12894	21.57	39.90	1.0	0.998796	22.1277	1.29948	805.90	1.04727	3.26	0
1752	17:33:06.45	0.0645	21.12845	21.57	39.90	1.0	0.998778	22.1266	1.29948	805.90	1.04724	3.26	0
1753	17:33:06.75	0.0665	21.12789	21.57	39.90	1.0	0.998748	22.1271	1.29952	805.92	1.04729	3.26	0
1754	17:33:07.05	0.0645	21.12852	21.57	39.90	1.0	0.998778	22.1269	1.29948	805.90	1.04725	3.26	0
1755	17:33:07.35	0.0635	21.12901	21.57	39.87	1.0	0.998796	22.1272	1.29948	805.90	1.04725	3.26	0
1756	17:33:07.65	0.0655	21.12817	21.57	39.87	1.0	0.998760	22.1272	1.29948	805.92	1.04728	3.26	0
1757	17:33:07.95	0.0650	21.12845	21.57	39.87	1.0	0.998772	22.1277	1.29952	805.92	1.04729	3.26	0
1758	17:33:08.25	0.0655	21.12817	21.57	39.87	1.0	0.998760	22.1276	1.29952	805.92	1.04730	3.26	0
1759	17:33:08.55	0.0655	21.12810	21.57	39.87	1.0	0.998754	22.1271	1.29952	805.90	1.04728	3.26	0
1760	17:33:08.85	0.0650	21.12845	21.57	39.87	1.0	0.998772	22.1272	1.29952	805.90	1.04728	3.26	0
1761	17:33:09.15	0.0670	21.12768	21.57	39.87	1.0	0.998736	22.1271	1.29952	805.92	1.04731	3.26	0
1762	17:33:09.45	0.0645	21.12859	21.57	39.87	1.0	0.998778	22.1276	1.29948	805.92	1.04728	3.26	0
1763	17:33:09.75	0.0640	21.12880	21.57	39.87	1.0	0.998790	22.1271	1.29948	805.90	1.04725	3.26	0
1764	17:33:10.05	0.0655	21.12824	21.57	39.87	1.0	0.998760	22.1277	1.29952	805.92	1.04731	3.26	0
1765	17:33:10.35	0.0640	21.12873	21.57	39.87	1.0	0.998784	22.1275	1.29948	805.90	1.04727	3.26	0
1766	17:33:10.65	0.0640	21.12880	21.57	39.87	1.0	0.998790	22.1266	1.29948	805.88	1.04723	3.26	0
1767	17:33:10.95	0.0655	21.12824	21.57	39.87	1.0	0.998760	22.1267	1.29948	805.90	1.04726	3.26	0
1768	17:33:11.25	0.0635	21.12894	21.57	39.87	1.0	0.998796	22.1280	1.29952	805.92	1.04729	3.26	0
1769	17:33:11.55	0.0655	21.12817	21.57	39.87	1.0	0.998760	22.1264	1.29948	805.90	1.04725	3.26	0
1770	17:33:11.85	0.0655	21.12824	21.57	39.87	1.0	0.998760	22.1269	1.29948	805.90	1.04726	3.26	0
1771	17:33:12.15	0.0650	21.12838	21.57	39.87	1.0	0.998766	22.1263	1.29948	805.88	1.04723	3.26	0
1772	17:33:12.45	0.0665	21.12789	21.57	39.87	1.0	0.998742	22.1264	1.29948	805.90	1.04726	3.26	0
1773	17:33:12.75	0.0655	21.12824	21.57	39.87	1.0	0.998760	22.1260	1.29948	805.88	1.04723	3.26	0
1774	17:33:13.05	0.0650	21.12838	21.57	39.87	1.0	0.998766	22.1259	1.29948	805.88	1.04722	3.26	0
1775	17:33:13.35	0.0650	21.12831	21.57	39.87	1.0	0.998766	22.1258	1.29944	805.88	1.04721	3.26	0
1776	17:33:13.65	0.0630	21.12922	21.57	39.87	1.0	0.998808	22.1264	1.29944	805.88	1.04719	3.26	0
1777	17:33:13.95	0.0630	21.12922	21.57	39.87	1.0	0.998808	22.1262	1.29944	805.86	1.04718	3.26	0
1778	17:33:14.25	0.0655	21.12817	21.57	39.87	1.0	0.998760	22.1262	1.29948	805.90	1.04724	3.26	0
1779	17:33:14.55	0.0660	21.12796	21.57	39.87	1.0	0.998748	22.1264	1.29948	805.90	1.04726	3.26	0
1780	17:33:14.85	0.0650	21.12845	21.57	39.87	1.0	0.998772	22.1266	1.29948	805.90	1.04724	3.26	0
1781	17:33:15.15	0.0655	21.12817	21.57	39.87	1.0	0.998760	22.1260	1.29948	805.88	1.04723	3.26	0
1782	17:33:15.45	0.0655	21.12817	21.57	39.87	1.0	0.998760	22.1255	1.29944	805.88	1.04721	3.26	0
1783	17:33:15.75	0.0670	21.12761	21.57	39.87	1.0	0.998730	22.1262	1.29948	805.90	1.04726	3.26	0
1784	17:33:16.05	0.0640	21.12887	21.57	39.87	1.0	0.998790	22.1257	1.29944	805.86	1.04718	3.26	0
1785	17:33:16.35	0.0660	21.12796	21.57	39.87	1.0	0.998748	22.1261	1.29948	805.88	1.04724	3.26	0
1786	17:33:16.65	0.0660	21.12803	21.57	39.87	1.0	0.998754	22.1261	1.29948	805.90	1.04724	3.26	0
1787	17:33:16.95	0.0640	21.12880	21.57	39.87	1.0	0.998790	22.1255	1.29944	805.88	1.04717	3.26	0
1788	17:33:17.25	0.0645	21.12866	21.57	39.87	1.0	0.998784	22.1266	1.29948	805.90	1.04723	3.26	0
1789	17:33:17.55	0.0660	21.12810	21.57	39.87	1.0	0.998754	22.1264	1.29948	805.90	1.04725	3.26	0
1790	17:33:17.85	0.0650	21.12838	21.57	39.87	1.0	0.998772	22.1258	1.29948	805.88	1.04720	3.26	0
1791	17:33:18.15	0.0645	21.12866	21.57	39.87	1.0	0.998778	22.1269	1.29948	805.90	1.04725	3.26	0
1792	17:33:18.45	0.0655	21.12817	21.57	39.87	1.0	0.998760	22.1264	1.29948	805.90	1.04725	3.26	0
1793	17:33:18.75	0.0650	21.12838	21.57	39.87	1.0	0.998766	22.1264	1.29948	805.88	1.04724	3.26	0
1794	17:33:19.05	0.0655	21.12824	21.55	39.87	1.0	0.998760	22.1263	1.29948	805.90	1.04724	3.26	0
1795	17:33:19.35	0.0640	21.12880	21.55	39.87	1.0	0.998784	22.1259	1.29944	805.86	1.04719	3.26	0
1796	17:33:19.65	0.0630	21.12915	21.57	39.87	1.0	0.998802	22.1258	1.29944	805.86	1.04717	3.26	0
1797	17:33:19.95	0.0655	21.12810	21.57	39.87	1.0	0.998754	22.1253	1.29944	805.88	1.04720	3.26	0
1798	17:33:20.25	0.0650	21.12845	21.57	39.87	1.0	0.998772	22.1253	1.29944	805.86	1.04718	3.26	0
1799	17:33:20.55	0.0660	21.12803	21.57	39.87	1.0	0.998754	22.1259	1.29948	805.88	1.04723	3.26	0
1800	17:33:20.85	0.0645	21.12866	21.57	39.87	1.0	0.998784	22.1264	1.29948	805.88	1.04722	3.26	0
1801	17:33:21.15	0.0645	21.12866	21.57	39.87	1.0	0.998778	22.1262	1.29948	805.88	1.04721	3.26	0
1802	17:33:21.45	0.0645	21.12852	21.57	39.87	1.0	0.998778	22.1270	1.29948	805.90	1.04726	3.26	0
1803	17:33:21.75	0.0625	21.12950	21.57	39.87	1.0	0.998820	22.1266	1.29944	805.88	1.04719	3.26	0
1804	17:33:22.05	0.0640	21.12880	21.57	39.87	1.0	0.998790	22.1269	1.29948	805.90	1.04724	3.26	0
1805	17:33:22.35	0.0640	21.12880	21.57	39.87	1.0	0.998790	22.1265	1.29948	805.88	1.04722	3.26	0
1806	17:33:22.65	0.0640	21.12873	21.57	39.87	1.0	0.998784	22.1269	1.29948	805.90	1.04725	3.26	0
1807	17:33:22.95	0.0645	21.12866	21.57	39.87	1.0	0.998784	22.1269	1.29948	805.90	1.04725	3.26	0
1808	17:33:23.25	0.0635	21.12894	21.57	39.87	1.0	0.998796	22.1263	1.29944	805.88	1.04720	3.26	0
1809	17:33:23.55	0.0625	21.12950	21.57	39.80	1.0	0.998820	22.1266	1.29944	805.88	1.04719	3.26	0
1810	17:33:23.85	0.0650	21.12845	21.57	39.80	1.0	0.998766	22.1257	1.29948	805.88	1.04720	3.26	0
1811	17:33:24.15	0.0650	21.12838	21.57	39.80	1.0	0.998766	22.1263	1.29948	805.90	1.04723	3.26	0
1812	17:33:24.45	0.0655	21.12838	21.57	39.80	1.0	0.998766	22.1266	1.29948	805.90	1.04725	3.26	0
1813	17:33:24.75	0.0640	21.12894	21.57	39.80	1.0	0.998790	22.1263	1.29944	805.88	1.04720	3.26	0
1814	17:33:25.05	0.0665	21.12796	21.57	39.80	1.0	0.998748	22.1263	1.29948	805.90	1.04725	3.26	0
1815	17:33:25.35	0.0655	21.12831	21.57	39.80	1.0	0.998760	22.1264	1.29948	805.88	1.04725	3.26	0
1816	17:33:25.65	0.0630	21.12922	21.57	39.80	1.0	0.998802	22.1265	1.29948	805.88	1.04720	3.26	0
1817	17:33:25.95	0.0645	21.12880	21.57	39.80	1.0	0.998784	22.1266	1.29948	805.88	1.04723	3.26	0
1818	17:33:26.25	0.0635	21.12908	21.57	39.80	1.0	0.998796	22.1264	1.29944	805.88	1.04720	3.26	0
1819	17:33:26.55	0.0660	21.12810	21.57	39.80	1.0	0.998754	22.1266	1.29948	805.90	1.04726	3.26	0
1820	17:33:26.85	0.0635	21.12908	21.57	39.80	1.0	0.998796	22.1255	1.29944	805.86	1.04716	3.26	0
1821	17:33:27.15	0.0630	21.12936	21.57	39.80	1.0	0.998808	22.1260	1.29944	805.86	1.04717	3.26	0
1822	17:33:27.45	0.0640	21.12894	21.57	39.80	1.0	0.998790	22.1262	1.29944	805.88	1.04720	3.26	0
1823	17:33:27.75	0.0645	21.12873	21.57	39.80	1.0	0.998778	22.1255	1.29944	805.86	1.04717	3.26	0
1824	17:33:28.05	0.0665	21.12796	21.57	39.80	1.0	0.998742	22.1257	1.29948	805.88	1.04722	3.26	0
1825	17:33:28.35	0.0645	21.12866	21.57	39.80	1.0	0.998778	22.1264	1.29948	805.88	1.04722	3.26	0
1826	17:33:28.65	0.0635	21.12901	21.57	39.80	1.0	0.998796	22.1264	1.29948	805.88	1.04721	3.26	0
1827	17:33:28.95	0.0650	21.12852	21.57	39.80	1.0	0.998772	22.1247	1.29940	805.86	1.04715	3.26	0
1828	17:33:29.25	0.0650	21.12845	21.57	39.80	1.0	0.998766	22.1259	1.29948	805.88	1.04722	3.26	0
1829	17:33:29.55	0.0655	21.12824	21.57	39.80	1.0	0.998760	22.1258	1.29948	805.88	1.04721	3.26	0
1830	17:33:29.85	0.0655	21.12824	21.57	39.80	1.0	0.998760	22.1260	1.29948	805.88	1.04723	3.26	0
1831	17:33:30.15	0.0670	21.12775	21.57	39.80	1.0	0.998736	22.1254	1.29948	805.88	1.04722	3.26	0
1832	17:33:30.45	0.0655	21.12817	21.57	39.80	1.0	0.998754	22.1255	1.29948	805.88	1.04720	3.26	0
1833	17:33:30.75	0.0645	21.12859	21.57	39.80	1.0	0.998778	22.1250	1.29944	805.86	1.04716	3.26	0
1834	17:33:31.05	0.0640	21.12887	21.57	39.80	1.0	0.998790	22.1259	1.29948	805.86	1.04719	3.26	0
1835	17:33:31.35	0.0645	21.12866	21.57	39.80	1.0	0.998778	22.1260	1.29948	805.88	1.04720	3.26	0
1836	17:33:31.65	0.0645	21.12859	21.57	39.80	1.0	0.998772	22.1259	1.29944	805.88	1.04720	3.26	0
1837	17:33:31.95	0.0665	21.12796	21.57	39.80	1.0	0.998742	22.1256	1.29944	805.88	1.04722	3.26	0
1838	17:33:32.25	0.0650	21.12845	21.57	39.80	1.0	0.998766	22.1266	1.29948	805.90	1.04724	3.26	0
1839	17:33:32.55	0.0650	21.12859	21.57	39.80	1.0	0.998772	22.1257	1.29944	805.88	1.04719	3.26	0
1840	17:33:32.85	0.0635	21.12915	21.57	39.80	1.0	0.998802	22.1264	1.29944	805.88	1.04720	3.26	0
1841	17:33:33.15	0.0625	21.12957	21.57	39.80	1.0	0.998820	22.1259	1.29944	805.86	1.04716	3.26	0
1842	17:33:33.45	0.0655	21.12838	21.57	39.80	1.0	0.998766	22.1260	1.29948	805.88	1.04722	3.26	0
1843	17:33:33.75	0.0655	21.12838	21.57	39.80	1.0	0.998766	22.1256	1.29948	805.88	1.04720	3.26	0
1844	17:33:34.05	0.0645	21.12859	21.57	39.80	1.0	0.998778	22.1259	1.29944	805.88	1.04720	3.26	0
1845	17:33:34.35	0.0640	21.12887	21.57	39.80	1.0	0.998784	22.1259	1.29944	805.88	1.04719	3.26	0
1846	17:33:34.65	0.0650	21.12852	21.57	39.80	1.0	0.998772	22.1264	1.29948	805.88	1.04723	3.26	0
1847	17:33:34.95	0.0660	21.12810	21.57	39.80	1.0	0.998754	22.1255	1.29944	805.88	1.04721	3.26	0
1848	17:33:35.25	0.0660	21.12810	21.57	39.80	1.0	0.998754	22.1260	1.29948	805.90	1.04723	3.26	0
1849	17:33:35.55	0.0665	21.12782	21.57	39.80	1.0	0.998742	22.1266	1.29948	805.90	1.04727	3.26	0
1850	17:33:35.85	0.0645	21.12880	21.57	39.80	1.0	0.998784	22.1263	1.29944	805.88	1.04721	3.26	0
1851	17:33:36.15	0.0635	21.12908	21.57	39.80	1.0	0.998796	22.1266	1.29944	805.88	1.04721	3.26	0
1852	17:33:36.45	0.0665	21.12789	21.57	39.80	1.0	0.998742	22.1260	1.29948	805.90	1.04724	3.26	0
1853	17:33:36.75	0.0620	21.12971	21.57	39.80	1.0	0.998826	22.1267	1.29944	805.86	1.04719	3.26	0
1854	17:33:37.05	0.0665	21.12803	21.55	39.80	1.0	0.998742	22.1267	1.29948	805.90	1.04726	3.26	0
1855	17:33:37.35	0.0635	21.12922	21.55	39.80	1.0	0.998802	22.1265	1.29944	805.88	1.04720	3.26	0
1856	17:33:37.65	0.0660	21.12810	21.57	39.80	1.0	0.998754	22.1266	1.29952	805.90	1.04726	3.26	0
1857	17:33:37.95	0.0655	21.12831	21.57	39.80	1.0	0.998760	22.1264	1.29948	805.88	1.04725	3.26	0
1858	17:33:38.25	0.0665	21.12789	21.57	39.80	1.0	0.998742	22.1262	1.29948	805.88	1.04725	3.26	0
1859	17:33:38.55	0.0675	21.12747	21.57	39.80	1.0	0.998724	22.1268	1.29952	805.92	1.04730	3.26	0
1860	17:33:38.85	0.0635	21.12901	21.57	39.80	1.0	0.998796	22.1264	1.29944	805.88	1.04721	3.26	0
1861	17:33:39.15	0.0650	21.12838	21.57	39.80	1.0	0.998766	22.1260	1.29948	805.88	1.04722	3.26	0
1862	17:33:39.45	0.0680	21.12726	21.57	39.80	1.0	0.998712	22.1261	1.29952	805.90	1.04728	3.26	0
1863	17:33:39.75	0.0645	21.12873	21.57	39.80	1.0	0.998784	22.1266	1.29948	805.90	1.04723	3.26	0
1864	17:33:40.05	0.0645	21.12880	21.55	39.80	1.0	0.998778	22.1270	1.29948	805.90	1.04724	3.26	0
1865	17:33:40.35	0.0650	21.12852	21.55	39.80	1.0	0.998766	22.1264	1.29948	805.90	1.04723	3.26	0
1866	17:33:40.65	0.0645	21.12873	21.55	39.80	1.0	0.998778	22.1262	1.29944	805.88	1.04721	3.26	0
1867	17:33:40.95	0.0630	21.12929	21.55	39.80	1.0	0.998802	22.1263	1.29944	805.88	1.04719	3.26	0
1868	17:33:41.25	0.0645	21.12887	21.55	39.80	1.0	0.998784	22.1268	1.29948	805.88	1.04723	3.26	0
1869	17:33:41.55	0.0665	21.12796	21.55	39.80	1.0	0.998742	22.1266	1.29952	805.90	1.04727	3.26	0
1870	17:33:41.85	0.0645	21.12873	21.55	39.80	1.0	0.998778	22.1269	1.29948	805.90	1.04724	3.26	0
1871	17:33:42.15	0.0665	21.12810	21.55	39.80	1.0	0.998748	22.1265	1.29948	805.90	1.04726	3.26	0
1872	17:33:42.45	0.0650	21.12859	21.55	39.80	1.0	0.998772	22.1263	1.29948	805.88	1.04722	3.26	0
1873	17:33:42.75	0.0625	21.12964	21.55	39.80	1.0	0.998820	22.1266	1.29944	805.88	1.04719	3.26	0
1874	17:33:43.05	0.0650	21.12866	21.55	39.80	1.0	0.998772	22.1261	1.29948	805.88	1.04721	3.26	0
1875	17:33:43.35	0.0635	21.12922	21.55	39.80	1.0	0.998802	22.1261	1.29944	805.88	1.04718	3.26	0
1876	17:33:43.65	0.0645	21.12880	21.55	39.80	1.0	0.998778	22.1263	1.29948	805.88	1.04721	3.26	0
1877	17:33:43.95	0.0655	21.12838	21.55	39.80	1.0	0.998760	22.1256	1.29948	805.86	1.04720	3.26	0
1878	17:33:44.25	0.0655	21.12831	21.57	39.80	1.0	0.998760	22.1265	1.29948	805.90	1.04725	3.26	0
1879	17:33:44.55	0.0640	21.12894	21.57	39.80	1.0	0.998790	22.1268	1.29948	805.88	1.04723	3.26	0
1880	17:33:44.85	0.0650	21.12852	21.55	39.80	1.0	0.998766	22.1257	1.29944	805.88	1.04720	3.26	0
1881	17:33:45.15	0.0650	21.12859	21.55	39.80	1.0	0.998766	22.1266	1.29948	805.88	1.04723	3.26	0
1882	17:33:45.45	0.0635	21.12915	21.57	39.80	1.0	0.998802	22.1271	1.29948	805.90	1.04723	3.26	0
1883	17:33:45.75	0.0640	21.12887	21.57	39.80	1.0	0.998790	22.1262	1.29948	805.88	1.04720	3.26	0
1884	17:33:46.05	0.0650	21.12866	21.55	39.80	1.0	0.998772	22.1271	1.29948	805.90	1.04726	3.26	0
1885	17:33:46.35	0.0635	21.12908	21.55	39.87	1.0	0.998796	22.1265	1.29944	805.88	1.04720	3.26	0
1886	17:33:46.65	0.0665	21.12796	21.55	39.87	1.0	0.998742	22.1259	1.29948	805.90	1.04723	3.26	0
1887	17:33:46.95	0.0640	21.12894	21.55	39.87	1.0	0.998790	22.1263	1.29944	805.88	1.04720	3.26	0
1888	17:33:47.25	0.0655	21.12831	21.55	39.87	1.0	0.998760	22.1257	1.29948	805.88	1.04720	3.26	0
1889	17:33:47.55	0.0645	21.12873	21.55	39.87	1.0	0.998778	22.1255	1.29944	805.88	1.04717	3.26	0
1890	17:33:47.85	0.0655	21.12824	21.55	39.87	1.0	0.998760	22.1264	1.29948	805.90	1.04724	3.26	0
1891	17:33:48.15	0.0650	21.12859	21.55	39.87	1.0	0.998772	22.1260	1.29944	805.88	1.04720	3.26	0
1892	17:33:48.45	0.0670	21.12775	21.55	39.87	1.0	0.998736	22.1256	1.29948	805.90	1.04723	3.26	0
1893	17:33:48.75	0.0660	21.12796	21.55	39.90	1.0	0.998748	22.1266	1.29952	805.90	1.04727	3.26	0
1894	17:33:49.05	0.0650	21.12852	21.55	39.90	1.0	0.998772	22.1269	1.29948	805.90	1.04725	3.26	0
1895	17:33:49.35	0.0645	21.12866	21.55	39.90	1.0	0.998778	22.1259	1.29944	805.88	1.04720	3.26	0
1896	17:33:49.65	0.0655	21.12817	21.55	39.90	1.0	0.998754	22.1263	1.29948	805.88	1.04724	3.26	0
1897	17:33:49.95	0.0655	21.12824	21.55	39.93	1.0	0.998760	22.1261	1.29948	805.88	1.04723	3.26	0
1898	17:33:50.25	0.0645	21.12845	21.57	39.93	1.0	0.998772	22.1269	1.29948	805.90	1.04725	3.26	0
1899	17:33:50.55	0.0665	21.12775	21.57	39.93	1.0	0.998742	22.1260	1.29952	805.88	1.04725	3.26	0
1900	17:33:50.85	0.0650	21.12838	21.55	39.93	1.0	0.998766	22.1273	1.29952	805.90	1.04728	3.26	0
1901	17:33:51.15	0.0635	21.12908	21.55	39.93	1.0	0.998802	22.1273	1.29948	805.88	1.04725	3.26	0
1902	17:33:51.45	0.0670	21.12754	21.55	39.93	1.0	0.998730	22.1269	1.29952	805.90	1.04730	3.26	0
1903	17:33:51.75	0.0665	21.12789	21.55	39.93	1.0	0.998742	22.1260	1.29948	805.90	1.04724	3.26	0
1904	17:33:52.05	0.0640	21.12873	21.55	39.93	1.0	0.998784	22.1265	1.29948	805.88	1.04722	3.26	0
1905	17:33:52.35	0.0665	21.12782	21.55	39.96	1.0	0.998742	22.1266	1.29948	805.90	1.04727	3.26	0
1906	17:33:52.65	0.0635	21.12894	21.55	39.96	1.0	0.998796	22.1270	1.29948	805.90	1.04723	3.26	0
1907	17:33:52.95	0.0675	21.12747	21.55	39.96	1.0	0.998724	22.1267	1.29952	805.90	1.04729	3.26	0
1908	17:33:53.25	0.0645	21.12859	21.55	39.96	1.0	0.998778	22.1264	1.29948	805.88	1.04722	3.26	0
1909	17:33:53.55	0.0655	21.12810	21.55	39.96	1.0	0.998760	22.1257	1.29948	805.88	1.04722	3.26	0
1910	17:33:53.85	0.0645	21.12859	21.55	39.96	1.0	0.998778	22.1268	1.29948	805.90	1.04725	3.26	0
1911	17:33:54.15	0.0660	21.12789	21.55	40.00	1.0	0.998748	22.1269	1.29952	805.90	1.04728	3.26	0
1912	17:33:54.45	0.0655	21.12817	21.55	40.00	1.0	0.998760	22.1266	1.29948	805.90	1.04725	3.26	0
1913	17:33:54.75	0.0655	21.12810	21.55	40.00	1.0	0.998760	22.1263	1.29948	805.88	1.04725	3.26	0
1914	17:33:55.05	0.0650	21.12824	21.55	40.00	1.0	0.998766	22.1264	1.29948	805.90	1.04725	3.26	0
1915	17:33:55.35	0.0645	21.12845	21.55	40.00	1.0	0.998772	22.1265	1.29948	805.88	1.04724	3.26	0
1916	17:33:55.65	0.0640	21.12873	21.55	40.00	1.0	0.998790	22.1270	1.29948	805.90	1.04725	3.26	0
1917	17:33:55.95	0.0665	21.12761	21.55	40.00	1.0	0.998736	22.1260	1.29952	805.90	1.04726	3.26	0
1918	17:33:56.25	0.0655	21.12817	21.55	40.00	1.0	0.998760	22.1260	1.29948	805.88	1.04723	3.26	0
1919	17:33:56.55	0.0645	21.12845	21.55	40.00	1.0	0.998778	22.1264	1.29948	805.88	1.04723	3.26	0
1920	17:33:56.85	0.0645	21.12845	21.55	40.00	1.0	0.998778	22.1262	1.29948	805.88	1.04722	3.26	0
1921	17:33:57.15	0.0645	21.12852	21.55	40.00	1.0	0.998778	22.1264	1.29948	805.88	1.04723	3.26	0
1922	17:33:57.45	0.0650	21.12831	21.55	40.00	1.0	0.998766	22.1259	1.29948	805.88	1.04722	3.26	0
1923	17:33:57.75	0.0655	21.12810	21.55	40.00	1.0	0.998760	22.1261	1.29948	805.90	1.04723	3.26	0
1924	17:33:58.05	0.0665	21.12782	21.55	40.00	1.0	0.998748	22.1254	1.29948	805.88	1.04722	3.26	0
1925	17:33:58.35	0.0635	21.12894	21.55	40.03	1.0	0.998802	22.1267	1.29948	805.88	1.04723	3.26	0
1926	17:33:58.65	0.0660	21.12796	21.55	40.03	1.0	0.998754	22.1262	1.29948	805.90	1.04725	3.26	0
1927	17:33:58.95	0.0655	21.12803	21.55	40.03	1.0	0.998754	22.1261	1.29948	805.88	1.04724	3.26	0
1928	17:33:59.25	0.0655	21.12803	21.55	40.03	1.0	0.998760	22.1264	1.29948	805.90	1.04726	3.26	0
1929	17:33:59.55	0.0660	21.12789	21.55	40.03	1.0	0.998754	22.1256	1.29948	805.88	1.04722	3.26	0
1930	17:33:59.85	0.0660	21.12796	21.55	40.03	1.0	0.998754	22.1264	1.29948	805.90	1.04725	3.26	0
1931	17:34:00.15	0.0640	21.12859	21.55	40.03	1.0	0.998784	22.1257	1.29948	805.86	1.04719	3.26	0
1932	17:34:00.45	0.0645	21.12838	21.55	40.03	1.0	0.998778	22.1264	1.29948	805.88	1.04723	3.26	0
1933	17:34:00.75	0.0635	21.12894	21.55	40.03	1.0	0.998802	22.1255	1.29944	805.86	1.04717	3.26	0
1934	17:34:01.05	0.0645	21.12838	21.55	40.03	1.0	0.998772	22.1269	1.29948	805.90	1.04726	3.26	0
1935	17:34:01.35	0.0645	21.12859	21.55	40.03	1.0	0.998784	22.1264	1.29948	805.88	1.04722	3.26	0
1936	17:34:01.65	0.0650	21.12824	21.55	40.03	1.0	0.998766	22.1262	1.29948	805.88	1.04723	3.26	0
1937	17:34:01.95	0.0670	21.12747	21.55	40.03	1.0	0.998730	22.1267	1.29952	805.92	1.04729	3.26	0
1938	17:34:02.25	0.0650	21.12817	21.55	40.03	1.0	0.998766	22.1262	1.29948	805.88	1.04723	3.26	0
1939	17:34:02.55	0.0655	21.12803	21.55	40.03	1.0	0.998760	22.1251	1.29948	805.86	1.04719	3.26	0
1940	17:34:02.85	0.0650	21.12824	21.55	40.03	1.0	0.998766	22.1254	1.29944	805.88	1.04720	3.26	0
1941	17:34:03.15	0.0645	21.12859	21.55	40.03	1.0	0.998784	22.1266	1.29948	805.88	1.04724	3.26	0
1942	17:34:03.45	0.0635	21.12880	21.55	40.03	1.0	0.998796	22.1266	1.29948	805.88	1.04722	3.26	0
1943	17:34:03.75	0.0640	21.12873	21.55	40.03	1.0	0.998790	22.1266	1.29948	805.88	1.04723	3.26	0
1944	17:34:04.05	0.0645	21.12852	21.55	40.03	1.0	0.998778	22.1269	1.29948	805.90	1.04725	3.26	0
1945	17:34:04.35	0.0660	21.12796	21.55	40.03	1.0	0.998754	22.1260	1.29948	805.90	1.04724	3.26	0
1946	17:34:04.65	0.0645	21.12852	21.55	40.03	1.0	0.998778	22.1255	1.29944	805.86	1.04719	3.26	0
1947	17:34:04.95	0.0640	21.12866	21.55	40.03	1.0	0.998790	22.1259	1.29944	805.88	1.04720	3.26	0
1948	17:34:05.25	0.0655	21.12803	21.55	40.03	1.0	0.998760	22.1264	1.29948	805.90	1.04725	3.26	0
1949	17:34:05.55	0.0635	21.12894	21.55	40.03	1.0	0.998802	22.1266	1.29948	805.88	1.04722	3.26	0
1950	17:34:05.85	0.0645	21.12859	21.55	40.03	1.0	0.998784	22.1269	1.29948	805.90	1.04725	3.26	0
1951	17:34:06.15	0.0635	21.12894	21.55	40.03	1.0	0.998796	22.1265	1.29948	805.88	1.04722	3.26	0
1952	17:34:06.45	0.0645	21.12852	21.55	40.03	1.0	0.998778	22.1262	1.29948	805.88	1.04722	3.26	0
1953	17:34:06.75	0.0630	21.12922	21.55	40.00	1.0	0.998814	22.1264	1.29944	805.88	1.04719	3.26	0
1954	17:34:07.05	0.0650	21.12845	21.55	40.00	1.0	0.998772	22.1264	1.29948	805.88	1.04723	3.26	0
1955	17:34:07.35	0.0655	21.12810	21.55	40.00	1.0	0.998760	22.1262	1.29948	805.90	1.04724	3.26	0
1956	17:34:07.65	0.0635	21.12894	21.55	40.00	1.0	0.998796	22.1268	1.29948	805.90	1.04723	3.26	0
1957	17:34:07.95	0.0640	21.12880	21.55	40.00	1.0	0.998790	22.1266	1.29944	805.90	1.04722	3.26	0
1958	17:34:08.25	0.0640	21.12873	21.55	40.00	1.0	0.998790	22.1258	1.29944	805.88	1.04719	3.26	0
1959	17:34:08.55	0.0640	21.12880	21.55	40.00	1.0	0.998790	22.1258	1.29944	805.86	1.04719	3.26	0
1960	17:34:08.85	0.0635	21.12901	21.55	40.00	1.0	0.998802	22.1262	1.29944	805.88	1.04720	3.26	0
1961	17:34:09.15	0.0640	21.12866	21.55	40.00	1.0	0.998784	22.1264	1.29948	805.88	1.04722	3.26	0
1962	17:34:09.45	0.0655	21.12817	21.55	40.00	1.0	0.998760	22.1264	1.29948	805.90	1.04725	3.26	0
1963	17:34:09.75	0.0635	21.12901	21.55	40.00	1.0	0.998802	22.1257	1.29944	805.86	1.04717	3.26	0
1964	17:34:10.05	0.0650	21.12831	21.55	40.00	1.0	0.998766	22.1258	1.29948	805.88	1.04721	3.26	0
1965	17:34:10.35	0.0640	21.12887	21.55	39.96	1.0	0.998790	22.1258	1.29944	805.88	1.04719	3.26	0
1966	17:34:10.65	0.0650	21.12845	21.55	39.96	1.0	0.998772	22.1257	1.29948	805.88	1.04720	3.26	0
1967	17:34:10.95	0.0655	21.12817	21.55	39.96	1.0	0.998760	22.1261	1.29948	805.90	1.04723	3.26	0
1968	17:34:11.25	0.0650	21.12845	21.55	39.96	1.0	0.998772	22.1259	1.29948	805.88	1.04721	3.26	0
1969	17:34:11.55	0.0635	21.12894	21.55	39.96	1.0	0.998796	22.1262	1.29944	805.88	1.04720	3.26	0
1970	17:34:11.85	0.0635	21.12894	21.55	39.96	1.0	0.998796	22.1259	1.29944	805.86	1.04719	3.26	0
1971	17:34:12.15	0.0640	21.12873	21.55	39.96	1.0	0.998784	22.1264	1.29948	805.88	1.04722	3.26	0
1972	17:34:12.45	0.0630	21.12915	21.55	39.96	1.0	0.998808	22.1266	1.29948	805.88	1.04720	3.26	0
1973	17:34:12.75	0.0635	21.12901	21.55	39.96	1.0	0.998802	22.1269	1.29948	805.88	1.04723	3.26	0
1974	17:34:13.05	0.0645	21.12859	21.55	39.96	1.0	0.998778	22.1263	1.29948	805.88	1.04722	3.26	0
1975	17:34:13.35	0.0655	21.12824	21.55	39.93	1.0	0.998760	22.1264	1.29948	805.90	1.04725	3.26	0
1976	17:34:13.65	0.0630	21.12922	21.55	39.93	1.0	0.998808	22.1269	1.29944	805.90	1.04722	3.26	0
1977	17:34:13.95	0.0635	21.12894	21.55	39.93	1.0	0.998796	22.1258	1.29944	805.86	1.04718	3.26	0
1978	17:34:14.25	0.0635	21.12894	21.55	39.93	1.0	0.998796	22.1266	1.29948	805.88	1.04722	3.26	0
1979	17:34:14.55	0.0630	21.12929	21.55	39.93	1.0	0.998808	22.1263	1.29944	805.88	1.04719	3.26	0
1980	17:34:14.85	0.0655	21.12824	21.55	39.93	1.0	0.998760	22.1253	1.29944	805.88	1.04719	3.26	0
1981	17:34:15.15	0.0635	21.12894	21.55	39.93	1.0	0.998796	22.1261	1.29944	805.88	1.04720	3.26	0
1982	17:34:15.45	0.0655	21.12831	21.55	39.93	1.0	0.998766	22.1252	1.29944	805.88	1.04719	3.26	0
1983	17:34:15.75	0.0630	21.12922	21.55	39.93	1.0	0.998808	22.1262	1.29948	805.86	1.04719	3.26	0
1984	17:34:16.05	0.0650	21.12852	21.55	39.93	1.0	0.998772	22.1260	1.29948	805.88	1.04721	3.26	0
1985	17:34:16.35	0.0645	21.12852	21.55	39.93	1.0	0.998778	22.1258	1.29948	805.86	1.04720	3.26	0
1986	17:34:16.65	0.0630	21.12922	21.55	39.93	1.0	0.998808	22.1255	1.29944	805.86	1.04716	3.26	0
1987	17:34:16.95	0.0615	21.12971	21.55	39.93	1.0	0.998832	22.1263	1.29944	805.86	1.04717	3.26	0
1988	17:34:17.25	0.0665	21.12775	21.55	39.93	1.0	0.998736	22.1259	1.29948	805.90	1.04725	3.26	0
1989	17:34:17.55	0.0645	21.12859	21.55	39.93	1.0	0.998778	22.1259	1.29948	805.86	1.04720	3.26	0
1990	17:34:17.85	0.0645	21.12873	21.55	39.93	1.0	0.998784	22.1257	1.29944	805.86	1.04719	3.26	0
1991	17:34:18.15	0.0635	21.12894	21.55	39.93	1.0	0.998796	22.1262	1.29944	805.88	1.04720	3.26	0
1992	17:34:18.45	0.0650	21.12845	21.55	39.93	1.0	0.998772	22.1263	1.29948	805.88	1.04723	3.26	0
1993	17:34:18.75	0.0660	21.12803	21.55	39.90	1.0	0.998748	22.1265	1.29948	805.90	1.04726	3.26	0
1994	17:34:19.05	0.0645	21.12859	21.55	39.90	1.0	0.998778	22.1271	1.29952	805.90	1.04726	3.26	0
1995	17:34:19.35	0.0660	21.12803	21.55	39.90	1.0	0.998748	22.1261	1.29948	805.88	1.04724	3.26	0
1996	17:34:19.65	0.0625	21.12943	21.54	39.90	1.0	0.998814	22.1266	1.29944	805.86	1.04719	3.26	0
1997	17:34:19.95	0.0645	21.12873	21.54	39.90	1.0	0.998778	22.1262	1.29948	805.88	1.04720	3.26	0
1998	17:34:20.25	0.0645	21.12866	21.55	39.90	1.0	0.998778	22.1261	1.29948	805.88	1.04721	3.26	0
1999	17:34:20.55	0.0670	21.12768	21.55	39.90	1.0	0.998736	22.1254	1.29948	805.88	1.04722	3.26	0
2000	17:34:20.85	0.0655	21.12845	21.54	39.90	1.0	0.998766	22.1256	1.29948	805.86	1.04720	3.26	0
2001	17:34:21.15	0.0625	21.12950	21.54	39.90	1.0	0.998814	22.1259	1.29944	805.86	1.04716	3.26	0
2002	17:34:21.45	0.0645	21.12873	21.55	39.90	1.0	0.998784	22.1257	1.29944	805.86	1.04719	3.26	0
2003	17:34:21.75	0.0650	21.12852	21.55	39.90	1.0	0.998772	22.1259	1.29948	805.88	1.04720	3.26	0
2004	17:34:22.05	0.0655	21.12831	21.55	39.90	1.0	0.998766	22.1250	1.29944	805.86	1.04717	3.26	0
2005	17:34:22.35	0.0640	21.12887	21.55	39.90	1.0	0.998790	22.1256	1.29944	805.86	1.04717	3.26	0
2006	17:34:22.65	0.0650	21.12866	21.54	39.90	1.0	0.998772	22.1256	1.29944	805.86	1.04719	3.26	0
2007	17:34:22.95	0.0660	21.12831	21.54	39.87	1.0	0.998754	22.1259	1.29948	805.88	1.04722	3.26	0
2008	17:34:23.25	0.0650	21.12852	21.55	39.87	1.0	0.998772	22.1259	1.29948	805.88	1.04720	3.26	0
2009	17:34:23.55	0.0640	21.12887	21.55	39.87	1.0	0.998784	22.1256	1.29944	805.86	1.04717	3.26	0
2010	17:34:23.85	0.0650	21.12852	21.55	39.87	1.0	0.998772	22.1256	1.29948	805.86	1.04719	3.26	0
2011	17:34:24.15	0.0650	21.12852	21.55	39.90	1.0	0.998772	22.1254	1.29944	805.86	1.04718	3.26	0
2012	17:34:24.45	0.0640	21.12887	21.55	39.90	1.0	0.998790	22.1255	1.29944	805.86	1.04717	3.26	0
2013	17:34:24.75	0.0645	21.12866	21.55	39.90	1.0	0.998778	22.1255	1.29944	805.86	1.04718	3.26	0
2014	17:34:25.05	0.0645	21.12866	21.55	39.90	1.0	0.998778	22.1257	1.29944	805.86	1.04719	3.26	0
2015	17:34:25.35	0.0650	21.12845	21.55	39.90	1.0	0.998772	22.1259	1.29948	805.88	1.04721	3.26	0
2016	17:34:25.65	0.0635	21.12901	21.55	39.90	1.0	0.998796	22.1260	1.29944	805.86	1.04719	3.26	0
2017	17:34:25.95	0.0670	21.12768	21.55	39.90	1.0	0.998730	22.1261	1.29948	805.90	1.04726	3.26	0
2018	17:34:26.25	0.0635	21.12908	21.55	39.90	1.0	0.998802	22.1253	1.29944	805.86	1.04715	3.26	0
2019	17:34:26.55	0.0645	21.12873	21.55	39.90	1.0	0.998784	22.1269	1.29948	805.90	1.04725	3.26	0
2020	17:34:26.85	0.0660	21.12824	21.54	39.90	1.0	0.998754	22.1259	1.29948	805.88	1.04722	3.26	0
2021	17:34:27.15	0.0645	21.12866	21.54	39.90	1.0	0.998778	22.1257	1.29948	805.86	1.04719	3.26	0
2022	17:34:27.45	0.0650	21.12852	21.54	39.90	1.0	0.998766	22.1264	1.29948	805.88	1.04723	3.26	0
2023	17:34:27.75	0.0645	21.12880	21.54	39.90	1.0	0.998778	22.1262	1.29948	805.88	1.04720	3.26	0
2024	17:34:28.05	0.0645	21.12880	21.54	39.90	1.0	0.998784	22.1258	1.29948	805.86	1.04719	3.26	0
2025	17:34:28.35	0.0650	21.12866	21.54	39.90	1.0	0.998772	22.1250	1.29944	805.84	1.04716	3.26	0
2026	17:34:28.65	0.0660	21.12817	21.54	39.90	1.0	0.998748	22.1260	1.29948	805.88	1.04723	3.26	0
2027	17:34:28.95	0.0670	21.12775	21.54	39.93	1.0	0.998736	22.1257	1.29948	805.88	1.04724	3.26	0
2028	17:34:29.25	0.0655	21.12824	21.54	39.93	1.0	0.998760	22.1259	1.29948	805.88	1.04722	3.26	0
2029	17:34:29.55	0.0665	21.12782	21.54	39.93	1.0	0.998736	22.1259	1.29948	805.90	1.04725	3.26	0
2030	17:34:29.85	0.0640	21.12894	21.54	39.93	1.0	0.998790	22.1264	1.29948	805.88	1.04721	3.26	0
2031	17:34:30.15	0.0645	21.12866	21.54	39.93	1.0	0.998778	22.1263	1.29948	805.88	1.04722	3.26	0
2032	17:34:30.45	0.0645	21.12873	21.54	39.93	1.0	0.998778	22.1259	1.29948	805.88	1.04720	3.26	0
2033	17:34:30.75	0.0620	21.12964	21.54	39.96	1.0	0.998826	22.1262	1.29944	805.86	1.04717	3.26	0
2034	17:34:31.05	0.0640	21.12880	21.54	39.96	1.0	0.998784	22.1261	1.29944	805.88	1.04720	3.26	0
2035	17:34:31.35	0.0645	21.12866	21.54	39.96	1.0	0.998778	22.1260	1.29948	805.86	1.04720	3.26	0
2036	17:34:31.65	0.0650	21.12852	21.54	39.96	1.0	0.998772	22.1262	1.29948	805.88	1.04722	3.26	0
2037	17:34:31.95	0.0640	21.12880	21.54	40.00	1.0	0.998790	22.1259	1.29944	805.86	1.04719	3.26	0
2038	17:34:32.25	0.0645	21.12866	21.54	40.00	1.0	0.998784	22.1252	1.29944	805.86	1.04717	3.26	0
2039	17:34:32.55	0.0640	21.12887	21.54	40.00	1.0	0.998790	22.1253	1.29944	805.86	1.04716	3.26	0
2040	17:34:32.85	0.0635	21.12894	21.54	40.00	1.0	0.998796	22.1264	1.29948	805.88	1.04721	3.26	0
2041	17:34:33.15	0.0650	21.12845	21.54	39.97	1.0	0.998772	22.1254	1.29944	805.86	1.04718	3.26	0
2042	17:34:33.45	0.0645	21.12859	21.54	39.97	1.0	0.998772	22.1257	1.29948	805.86	1.04719	3.26	0
2043	17:34:33.75	0.0665	21.12775	21.54	40.00	1.0	0.998736	22.1249	1.29948	805.88	1.04720	3.26	0
2044	17:34:34.05	0.0660	21.12803	21.54	40.00	1.0	0.998748	22.1255	1.29948	805.88	1.04721	3.26	0
2045	17:34:34.35	0.0650	21.12838	21.54	40.03	1.0	0.998772	22.1254	1.29944	805.86	1.04719	3.26	0
2046	17:34:34.65	0.0655	21.12831	21.54	40.03	1.0	0.998766	22.1259	1.29948	805.88	1.04722	3.26	0
2047	17:34:34.95	0.0650	21.12838	21.54	40.03	1.0	0.998772	22.1255	1.29948	805.86	1.04719	3.26	0
2048	17:34:35.25	0.0630	21.12915	21.54	40.03	1.0	0.998808	22.1262	1.29944	805.86	1.04719	3.26	0
2049	17:34:35.55	0.0665	21.12789	21.54	40.03	1.0	0.998742	22.1251	1.29948	805.86	1.04720	3.26	0
2050	17:34:35.85	0.0650	21.12831	21.54	40.03	1.0	0.998766	22.1256	1.29948	805.86	1.04720	3.26	0
2051	17:34:36.15	0.0645	21.12859	21.54	40.03	1.0	0.998778	22.1255	1.29944	805.86	1.04719	3.26	0
2052	17:34:36.45	0.0635	21.12901	21.54	40.03	1.0	0.998802	22.1259	1.29944	805.86	1.04718	3.26	0
2053	17:34:36.75	0.0640	21.12880	21.54	40.03	1.0	0.998790	22.1259	1.29944	805.88	1.04720	3.26	0
2054	17:34:37.05	0.0640	21.12873	21.54	40.03	1.0	0.998784	22.1260	1.29948	805.86	1.04720	3.26	0
2055	17:34:37.35	0.0635	21.12894	21.54	40.06	1.0	0.998796	22.1259	1.29944	805.86	1.04719	3.26	0
2056	17:34:37.65	0.0670	21.12761	21.54	40.06	1.0	0.998736	22.1252	1.29948	805.88	1.04722	3.26	0
2057	17:34:37.95	0.0660	21.12803	21.54	40.06	1.0	0.998754	22.1250	1.29948	805.86	1.04719	3.26	0
2058	17:34:38.25	0.0655	21.12824	21.54	40.06	1.0	0.998766	22.1248	1.29948	805.84	1.04717	3.26	0
2059	17:34:38.55	0.0655	21.12817	21.54	40.06	1.0	0.998760	22.1252	1.29944	805.86	1.04719	3.26	0
2060	17:34:38.85	0.0660	21.12796	21.54	40.06	1.0	0.998754	22.1249	1.29944	805.86	1.04718	3.26	0
2061	17:34:39.15	0.0650	21.12831	21.54	40.06	1.0	0.998772	22.1247	1.29944	805.84	1.04716	3.26	0
2062	17:34:39.45	0.0660	21.12789	21.54	40.06	1.0	0.998748	22.1250	1.29948	805.86	1.04720	3.26	0
2063	17:34:39.75	0.0655	21.12810	21.54	40.06	1.0	0.998760	22.1247	1.29944	805.86	1.04717	3.26	0
2064	17:34:40.05	0.0650	21.12838	21.53	40.06	1.0	0.998766	22.1250	1.29944	805.84	1.04717	3.26	0
2065	17:34:40.35	0.0665	21.12789	21.53	40.06	1.0	0.998748	22.1251	1.29948	805.86	1.04720	3.26	0
2066	17:34:40.65	0.0670	21.12747	21.54	40.06	1.0	0.998730	22.1255	1.29948	805.88	1.04723	3.26	0
2067	17:34:40.95	0.0650	21.12838	21.54	40.06	1.0	0.998772	22.1248	1.29944	805.86	1.04716	3.26	0
2068	17:34:41.25	0.0640	21.12873	21.54	40.06	1.0	0.998790	22.1250	1.29944	805.86	1.04715	3.26	0
2069	17:34:41.77	0.0655	21.12817	21.54	40.06	1.0	0.998760	22.1252	1.29948	805.86	1.04719	3.26	0
2070	17:34:41.85	0.0655	21.12824	21.54	40.06	1.0	0.998766	22.1250	1.29944	805.86	1.04717	3.26	0
2071	17:34:42.16	0.0660	21.12782	21.54	40.06	1.0	0.998748	22.1252	1.29948	805.88	1.04720	3.26	0
2072	17:34:42.45	0.0660	21.12803	21.54	40.06	1.0	0.998754	22.1259	1.29948	805.90	1.04723	3.26	0
2073	17:34:42.75	0.0645	21.12852	21.54	40.06	1.0	0.998778	22.1256	1.29948	805.86	1.04719	3.26	0
2074	17:34:43.05	0.0660	21.12796	21.54	40.06	1.0	0.998754	22.1250	1.29948	805.86	1.04719	3.26	0
2075	17:34:43.35	0.0665	21.12775	21.54	40.06	1.0	0.998742	22.1251	1.29948	805.88	1.04720	3.26	0
2076	17:34:43.65	0.0655	21.12824	21.53	40.06	1.0	0.998760	22.1257	1.29948	805.88	1.04721	3.26	0
2077	17:34:43.95	0.0650	21.12838	21.53	40.06	1.0	0.998766	22.1252	1.29944	805.88	1.04718	3.26	0
2078	17:34:44.25	0.0645	21.12852	21.54	40.06	1.0	0.998778	22.1257	1.29948	805.86	1.04720	3.26	0
2079	17:34:44.56	0.0640	21.12873	21.54	40.06	1.0	0.998790	22.1251	1.29944	805.84	1.04716	3.26	0
Device address	Device ID	Factory Device ID	Firmware	Measurement mode	Gain	Speed	Y_AH_Cal (-)	TF_Cal (V/W)	Temp_Cal (°C)																																				
FF46	D2	12J692	 C3.8	H2   	1.005	Norm 	 0.999466	21.182169	23.924849																																				
Iteration	Time	Output (%)	Transfer (V/W)	Tsens (°C)	RH (%)	AH (kPa)	Corr transfer (-)	Utp (mV)	Ih (mA)	Uh (mV)	Ph (mW)	Usyst (V)	Alarm																																
0	18:11:46.01	0.0675	21.12943	20.93	42.45	1.0	0.998718	22.1019	1.29916	805.16	1.04602	3.26	0
1	18:11:46.14	0.0670	21.12978	20.93	42.45	1.0	0.998736	22.1020	1.29912	805.16	1.04601	3.26	0
2	18:11:46.44	0.0680	21.12943	20.93	42.45	1.0	0.998718	22.1022	1.29916	805.18	1.04604	3.26	0
3	18:11:46.74	0.0675	21.12950	20.93	42.45	1.0	0.998718	22.1013	1.29912	805.14	1.04599	3.26	0
4	18:11:47.04	0.0670	21.12985	20.93	42.45	1.0	0.998736	22.1019	1.29912	805.16	1.04600	3.26	0
5	18:11:47.34	0.0685	21.12908	20.93	42.45	1.0	0.998700	22.1017	1.29916	805.16	1.04603	3.26	0
6	18:11:47.65	0.0680	21.12943	20.93	42.45	1.0	0.998718	22.1025	1.29916	805.18	1.04606	3.26	0
7	18:11:47.94	0.0685	21.12915	20.93	42.45	1.0	0.998700	22.1017	1.29916	805.16	1.04603	3.26	0
8	18:11:48.28	0.0680	21.12929	20.94	42.45	1.0	0.998712	22.1018	1.29916	805.16	1.04603	3.26	0
9	18:11:48.60	0.0685	21.12908	20.94	42.45	1.0	0.998706	22.1024	1.29916	805.18	1.04606	3.26	0
10	18:11:48.87	0.0670	21.12964	20.93	42.45	1.0	0.998730	22.1024	1.29912	805.18	1.04603	3.26	0
11	18:11:49.42	0.0675	21.12950	20.93	42.45	1.0	0.998718	22.1028	1.29916	805.18	1.04606	3.26	0
12	18:11:49.52	0.0675	21.12957	20.93	42.45	1.0	0.998724	22.1028	1.29916	805.18	1.04606	3.26	0
13	18:11:49.74	0.0690	21.12887	20.93	42.45	1.0	0.998694	22.1014	1.29916	805.16	1.04603	3.26	0
14	18:11:50.04	0.0695	21.12873	20.93	42.45	1.0	0.998688	22.1024	1.29916	805.18	1.04608	3.26	0
15	18:11:50.34	0.0695	21.12866	20.93	42.45	1.0	0.998682	22.1017	1.29916	805.18	1.04605	3.26	0
16	18:11:50.64	0.0665	21.13006	20.93	42.45	1.0	0.998748	22.1018	1.29912	805.16	1.04599	3.26	0
17	18:11:50.94	0.0685	21.12922	20.93	42.45	1.0	0.998706	22.1021	1.29916	805.18	1.04605	3.26	0
18	18:11:51.24	0.0685	21.12922	20.93	42.45	1.0	0.998706	22.1021	1.29916	805.18	1.04605	3.26	0
19	18:11:51.54	0.0690	21.12894	20.93	42.45	1.0	0.998694	22.1017	1.29916	805.18	1.04604	3.26	0
20	18:11:51.84	0.0680	21.12936	20.93	42.45	1.0	0.998712	22.1017	1.29912	805.18	1.04602	3.26	0
21	18:11:52.14	0.0665	21.12992	20.93	42.45	1.0	0.998742	22.1020	1.29912	805.16	1.04600	3.26	0
22	18:11:52.44	0.0670	21.12971	20.93	42.45	1.0	0.998730	22.1014	1.29912	805.16	1.04599	3.26	0
23	18:11:52.74	0.0670	21.12978	20.93	42.45	1.0	0.998736	22.1020	1.29912	805.16	1.04601	3.26	0
24	18:11:53.04	0.0680	21.12929	20.93	42.45	1.0	0.998712	22.1024	1.29916	805.18	1.04606	3.26	0
25	18:11:53.34	0.0685	21.12915	20.93	42.45	1.0	0.998706	22.1018	1.29916	805.18	1.04603	3.26	0
26	18:11:53.64	0.0670	21.12964	20.94	42.45	1.0	0.998730	22.1021	1.29912	805.18	1.04602	3.26	0
27	18:11:53.94	0.0650	21.13048	20.94	42.45	1.0	0.998772	22.1012	1.29908	805.12	1.04594	3.26	0
28	18:11:54.24	0.0700	21.12852	20.93	42.45	1.0	0.998676	22.1017	1.29916	805.18	1.04606	3.26	0
29	18:11:54.54	0.0665	21.12992	20.93	42.45	1.0	0.998742	22.1020	1.29912	805.16	1.04600	3.26	0
30	18:11:54.84	0.0675	21.12943	20.94	42.45	1.0	0.998724	22.1019	1.29912	805.18	1.04603	3.26	0
31	18:11:55.14	0.0680	21.12922	20.94	42.45	1.0	0.998712	22.1013	1.29912	805.16	1.04600	3.26	0
32	18:11:55.44	0.0675	21.12957	20.93	42.45	1.0	0.998724	22.1017	1.29912	805.16	1.04601	3.26	0
33	18:11:55.74	0.0675	21.12943	20.93	42.45	1.0	0.998718	22.1019	1.29912	805.18	1.04602	3.26	0
34	18:11:56.04	0.0660	21.13013	20.93	42.45	1.0	0.998748	22.1017	1.29912	805.16	1.04598	3.26	0
35	18:11:56.34	0.0690	21.12901	20.93	42.45	1.0	0.998700	22.1016	1.29916	805.16	1.04603	3.26	0
36	18:11:56.64	0.0700	21.12866	20.93	42.45	1.0	0.998682	22.1008	1.29912	805.16	1.04601	3.26	0
37	18:11:56.94	0.0690	21.12894	20.93	42.45	1.0	0.998694	22.1014	1.29912	805.18	1.04602	3.26	0
38	18:11:57.24	0.0690	21.12880	20.94	42.45	1.0	0.998694	22.1016	1.29916	805.16	1.04604	3.26	0
39	18:11:57.54	0.0685	21.12901	20.94	42.45	1.0	0.998700	22.1014	1.29912	805.16	1.04602	3.26	0
40	18:11:57.84	0.0685	21.12915	20.93	42.45	1.0	0.998706	22.1012	1.29912	805.16	1.04600	3.26	0
41	18:11:58.14	0.0695	21.12866	20.93	42.45	1.0	0.998682	22.1007	1.29912	805.16	1.04601	3.26	0
42	18:11:58.44	0.0675	21.12943	20.94	42.45	1.0	0.998724	22.1017	1.29912	805.18	1.04602	3.26	0
43	18:11:58.74	0.0685	21.12908	20.94	42.45	1.0	0.998706	22.1013	1.29912	805.18	1.04602	3.26	0
44	18:11:59.04	0.0685	21.12915	20.93	42.45	1.0	0.998706	22.1021	1.29916	805.18	1.04605	3.26	0
45	18:11:59.34	0.0675	21.12957	20.93	42.45	1.0	0.998724	22.1015	1.29912	805.16	1.04600	3.26	0
46	18:11:59.64	0.0685	21.12915	20.93	42.45	1.0	0.998700	22.1016	1.29912	805.16	1.04603	3.26	0
47	18:11:59.94	0.0685	21.12915	20.93	42.45	1.0	0.998706	22.1021	1.29916	805.18	1.04605	3.26	0
48	18:12:00.24	0.0705	21.12824	20.94	42.45	1.0	0.998664	22.1021	1.29916	805.20	1.04609	3.26	0
49	18:12:00.54	0.0660	21.13006	20.94	42.45	1.0	0.998748	22.1022	1.29912	805.16	1.04601	3.26	0
50	18:12:00.85	0.0660	21.13006	20.94	42.45	1.0	0.998748	22.1019	1.29912	805.16	1.04599	3.26	0
51	18:12:01.14	0.0665	21.12985	20.94	42.45	1.0	0.998742	22.1017	1.29912	805.14	1.04600	3.26	0
52	18:12:01.44	0.0675	21.12943	20.93	42.45	1.0	0.998718	22.1021	1.29916	805.16	1.04603	3.26	0
53	18:12:01.74	0.0665	21.12992	20.93	42.45	1.0	0.998742	22.1019	1.29912	805.16	1.04600	3.26	0
54	18:12:02.04	0.0675	21.12957	20.94	42.45	1.0	0.998724	22.1024	1.29916	805.16	1.04604	3.26	0
55	18:12:02.34	0.0680	21.12922	20.94	42.45	1.0	0.998712	22.1021	1.29916	805.18	1.04605	3.26	0
56	18:12:02.64	0.0670	21.12971	20.93	42.45	1.0	0.998730	22.1024	1.29912	805.18	1.04603	3.26	0
57	18:12:02.94	0.0660	21.13013	20.93	42.45	1.0	0.998748	22.1021	1.29912	805.16	1.04600	3.26	0
58	18:12:03.24	0.0690	21.12887	20.94	42.45	1.0	0.998694	22.1018	1.29916	805.18	1.04605	3.26	0
59	18:12:03.54	0.0680	21.12922	20.94	42.45	1.0	0.998712	22.1021	1.29916	805.18	1.04604	3.26	0
60	18:12:03.84	0.0675	21.12943	20.94	42.45	1.0	0.998724	22.1019	1.29912	805.16	1.04602	3.26	0
61	18:12:04.14	0.0670	21.12957	20.94	42.45	1.0	0.998730	22.1022	1.29912	805.18	1.04603	3.26	0
62	18:12:04.44	0.0660	21.13013	20.93	42.45	1.0	0.998748	22.1028	1.29912	805.18	1.04603	3.26	0
63	18:12:04.74	0.0670	21.12964	20.93	42.45	1.0	0.998730	22.1023	1.29916	805.18	1.04603	3.26	0
64	18:12:05.04	0.0675	21.12964	20.93	42.45	1.0	0.998724	22.1023	1.29916	805.18	1.04603	3.26	0
65	18:12:05.34	0.0690	21.12887	20.93	42.45	1.0	0.998688	22.1014	1.29912	805.18	1.04603	3.26	0
66	18:12:05.64	0.0755	21.12628	20.93	42.45	1.0	0.998568	22.0979	1.29912	805.16	1.04599	3.26	0
67	18:12:05.94	0.0920	21.11977	20.93	42.45	1.0	0.998262	22.0915	1.29912	805.16	1.04601	3.26	0
68	18:12:06.24	0.1100	21.11249	20.94	42.45	1.0	0.997920	22.0840	1.29916	805.16	1.04602	3.26	0
69	18:12:06.54	0.1290	21.10486	20.94	42.45	1.0	0.997560	22.0758	1.29912	805.16	1.04601	3.26	0
70	18:12:06.84	0.1500	21.09660	20.93	42.45	1.0	0.997164	22.0660	1.29912	805.14	1.04595	3.26	0
71	18:12:07.14	0.1695	21.08876	20.93	42.45	1.0	0.996798	22.0590	1.29916	805.16	1.04600	3.26	0
72	18:12:07.44	0.1835	21.08295	20.94	42.45	1.0	0.996528	22.0531	1.29916	805.14	1.04602	3.26	0
73	18:12:07.74	0.1930	21.07931	20.94	42.42	1.0	0.996354	22.0489	1.29912	805.14	1.04600	3.26	0
74	18:12:08.04	0.1930	21.07924	20.93	42.42	1.0	0.996342	22.0492	1.29916	805.16	1.04602	3.26	0
75	18:12:08.34	0.1840	21.08281	20.93	42.45	1.0	0.996516	22.0525	1.29916	805.14	1.04600	3.26	0
76	18:12:08.64	0.1760	21.08610	20.93	42.45	1.0	0.996672	22.0574	1.29920	805.18	1.04606	3.26	0
77	18:12:08.94	0.1620	21.09177	20.93	42.42	1.0	0.996936	22.0622	1.29916	805.16	1.04601	3.26	0
78	18:12:09.24	0.1525	21.09548	20.94	42.42	1.0	0.997116	22.0669	1.29916	805.18	1.04605	3.26	0
79	18:12:09.54	0.1425	21.09954	20.94	42.42	1.0	0.997308	22.0697	1.29912	805.14	1.04598	3.26	0
80	18:12:09.84	0.1350	21.10241	20.94	42.42	1.0	0.997440	22.0739	1.29916	805.16	1.04604	3.26	0
81	18:12:10.14	0.1275	21.10542	20.94	42.42	1.0	0.997584	22.0772	1.29916	805.16	1.04605	3.26	0
82	18:12:10.44	0.1200	21.10850	20.93	42.42	1.0	0.997728	22.0795	1.29912	805.14	1.04600	3.26	0
83	18:12:10.74	0.1145	21.11081	20.93	42.42	1.0	0.997836	22.0832	1.29916	805.18	1.04606	3.26	0
84	18:12:11.04	0.1090	21.11291	20.94	42.42	1.0	0.997938	22.0856	1.29916	805.18	1.04608	3.26	0
85	18:12:11.34	0.1030	21.11522	20.94	42.42	1.0	0.998052	22.0873	1.29916	805.16	1.04603	3.26	0
86	18:12:11.64	0.0990	21.11690	20.94	42.42	1.0	0.998130	22.0895	1.29916	805.18	1.04606	3.26	0
87	18:12:11.94	0.0975	21.11753	20.94	42.42	1.0	0.998160	22.0895	1.29912	805.18	1.04603	3.26	0
88	18:12:12.24	0.1630	21.09128	20.94	42.42	1.0	0.996918	22.0619	1.29916	805.16	1.04602	3.26	0
89	18:12:12.54	0.5995	20.91075	20.94	42.42	1.0	0.988386	21.8703	1.29916	805.06	1.04589	3.26	0
90	18:12:12.84	1.5015	20.52302	20.93	42.42	1.0	0.970050	21.4591	1.29916	804.84	1.04561	3.26	0
91	18:12:13.14	3.1290	19.86985	20.93	42.42	1.0	0.939180	20.7670	1.29916	804.48	1.04515	3.26	0
92	18:12:13.44	5.4375	18.99961	20.93	42.42	1.0	0.898044	19.8462	1.29916	804.02	1.04456	3.26	0
93	18:12:13.74	8.3365	17.99378	20.93	42.42	1.0	0.850506	18.7830	1.29920	803.48	1.04386	3.26	0
94	18:12:14.04	11.3885	16.99964	20.93	42.42	1.0	0.803514	17.7341	1.29920	802.94	1.04320	3.26	0
95	18:12:14.34	14.4755	16.06472	20.93	42.35	1.0	0.759318	16.7478	1.29920	802.44	1.04252	3.26	0
96	18:12:14.64	17.5545	15.21366	20.93	42.35	1.0	0.719094	15.8511	1.29920	801.96	1.04191	3.26	0
97	18:12:14.94	20.6275	14.42287	20.93	42.22	1.0	0.681714	15.0184	1.29920	801.50	1.04129	3.26	0
98	18:12:15.24	23.4855	13.73484	20.93	42.22	1.0	0.649194	14.2960	1.29924	801.12	1.04086	3.26	0
99	18:12:15.54	26.0580	13.15132	20.93	41.98	1.0	0.621600	13.6822	1.29920	800.76	1.04037	3.26	0
100	18:12:15.84	28.4495	12.63731	20.93	41.98	1.0	0.597306	13.1421	1.29920	800.44	1.03994	3.26	0
101	18:12:16.14	30.5305	12.21024	20.93	41.69	1.0	0.577110	12.6943	1.29924	800.20	1.03965	3.26	0
102	18:12:16.44	32.3970	11.84099	20.93	41.69	1.0	0.559662	12.3068	1.29924	799.96	1.03934	3.26	0
103	18:12:16.74	33.9700	11.54146	20.93	41.33	1.0	0.545490	11.9930	1.29924	799.80	1.03912	3.26	0
104	18:12:17.04	35.2800	11.29912	20.93	41.33	1.0	0.534036	11.7385	1.29920	799.62	1.03889	3.26	0
105	18:12:17.34	36.3775	11.09899	20.93	40.97	1.0	0.524568	11.5291	1.29924	799.52	1.03876	3.26	0
106	18:12:17.64	37.3065	10.93540	20.93	40.97	1.0	0.516834	11.3576	1.29924	799.40	1.03861	3.26	0
107	18:12:17.94	38.0385	10.80681	20.93	40.60	1.0	0.510744	11.2233	1.29924	799.34	1.03855	3.26	0
108	18:12:18.25	38.6285	10.70531	20.93	40.60	1.0	0.505950	11.1168	1.29924	799.26	1.03843	3.26	0
109	18:12:18.54	39.1050	10.62418	20.93	40.30	1.0	0.502110	11.0320	1.29924	799.22	1.03839	3.26	0
110	18:12:18.85	39.4450	10.56629	20.93	40.30	1.0	0.499374	10.9715	1.29924	799.18	1.03835	3.26	0
111	18:12:19.15	39.6650	10.52891	20.93	40.01	1.0	0.497598	10.9319	1.29924	799.16	1.03828	3.26	0
112	18:12:19.45	39.7795	10.50938	20.93	40.01	1.0	0.496674	10.9119	1.29924	799.16	1.03830	3.26	0
113	18:12:19.74	39.8035	10.50539	20.93	39.78	1.0	0.496482	10.9070	1.29920	799.12	1.03823	3.26	0
114	18:12:20.04	39.7370	10.51680	20.93	39.78	1.0	0.497016	10.9192	1.29924	799.14	1.03826	3.26	0
115	18:12:20.34	39.5785	10.54389	20.93	39.55	1.0	0.498294	10.9479	1.29924	799.18	1.03831	3.26	0
116	18:12:20.64	39.3125	10.58932	20.93	39.55	1.0	0.500436	10.9953	1.29924	799.20	1.03834	3.26	0
117	18:12:20.94	38.9505	10.65113	20.93	39.41	1.0	0.503352	11.0598	1.29924	799.22	1.03837	3.26	0
118	18:12:21.24	38.4720	10.73268	20.93	39.41	1.0	0.507210	11.1455	1.29924	799.28	1.03846	3.26	0
119	18:12:21.54	37.9000	10.83201	20.93	39.25	1.0	0.511896	11.2490	1.29920	799.34	1.03850	3.26	0
120	18:12:21.84	37.2615	10.94443	20.93	39.25	1.0	0.517212	11.3673	1.29924	799.42	1.03864	3.26	0
121	18:12:22.14	36.5670	11.06679	20.93	39.15	1.0	0.522990	11.4951	1.29920	799.48	1.03871	3.26	0
122	18:12:22.44	35.8150	11.20210	20.93	39.15	1.0	0.529386	11.6371	1.29920	799.58	1.03883	3.26	0
123	18:12:22.74	35.0115	11.34994	20.93	39.08	1.0	0.536370	11.7921	1.29920	799.68	1.03896	3.26	0
124	18:12:23.04	34.2275	11.49414	20.93	39.08	1.0	0.543186	11.9435	1.29924	799.78	1.03909	3.26	0
125	18:12:23.34	33.4980	11.63288	20.93	39.02	1.0	0.549738	12.0891	1.29924	799.88	1.03921	3.26	0
126	18:12:23.64	32.8310	11.76007	20.93	39.02	1.0	0.555750	12.2223	1.29920	799.94	1.03930	3.26	0
127	18:12:23.94	32.2135	11.87774	20.93	39.02	1.0	0.561312	12.3461	1.29924	800.02	1.03943	3.26	0
128	18:12:24.24	31.6610	11.98729	20.93	39.02	1.0	0.566490	12.4608	1.29924	800.10	1.03950	3.26	0
129	18:12:24.54	31.1290	12.09306	20.93	38.98	1.0	0.571488	12.5717	1.29924	800.16	1.03958	3.26	0
130	18:12:24.84	30.6430	12.18973	20.93	38.98	1.0	0.576054	12.6729	1.29920	800.20	1.03964	3.26	0
131	18:12:25.14	30.1945	12.27891	20.93	39.02	1.0	0.580266	12.7665	1.29920	800.26	1.03971	3.26	0
132	18:12:25.44	29.7675	12.36697	20.93	39.02	1.0	0.584430	12.8586	1.29920	800.30	1.03975	3.26	0
133	18:12:25.74	29.2830	12.46714	20.93	39.02	1.0	0.589164	12.9642	1.29920	800.38	1.03987	3.26	0
134	18:12:26.04	28.7940	12.56822	20.93	39.02	1.0	0.593940	13.0704	1.29920	800.44	1.03996	3.26	0
135	18:12:26.34	28.3020	12.66986	20.93	39.05	1.0	0.598746	13.1772	1.29920	800.52	1.04004	3.26	0
136	18:12:26.64	27.8350	12.76933	20.93	39.05	1.0	0.603444	13.2812	1.29920	800.56	1.04008	3.26	0
137	18:12:26.94	27.4215	12.85851	20.93	39.08	1.0	0.607662	13.3749	1.29920	800.62	1.04015	3.26	0
138	18:12:27.24	27.0510	12.93845	20.93	39.08	1.0	0.611442	13.4592	1.29920	800.68	1.04024	3.26	0
139	18:12:27.54	26.7580	13.00166	20.93	39.12	1.0	0.614424	13.5255	1.29920	800.72	1.04029	3.26	0
140	18:12:27.84	26.5235	13.05227	20.93	39.12	1.0	0.616818	13.5782	1.29920	800.74	1.04030	3.26	0
141	18:12:28.14	26.3485	13.09000	20.93	39.15	1.0	0.618606	13.6179	1.29920	800.76	1.04033	3.26	0
142	18:12:28.44	26.1965	13.12269	20.94	39.15	1.0	0.620154	13.6527	1.29920	800.78	1.04038	3.26	0
143	18:12:28.74	26.0510	13.15489	20.94	39.18	1.0	0.621672	13.6870	1.29924	800.82	1.04045	3.26	0
144	18:12:29.04	25.8895	13.19115	20.93	39.18	1.0	0.623388	13.7243	1.29920	800.82	1.04042	3.26	0
145	18:12:29.34	25.7270	13.22748	20.93	39.25	1.0	0.625104	13.7628	1.29920	800.84	1.04047	3.26	0
146	18:12:29.64	25.5620	13.26458	20.93	39.25	1.0	0.626856	13.8020	1.29924	800.88	1.04052	3.26	0
147	18:12:29.94	25.3870	13.30378	20.93	39.31	1.0	0.628716	13.8423	1.29920	800.88	1.04048	3.26	0
148	18:12:30.24	25.1990	13.34592	20.94	39.31	1.0	0.630708	13.8867	1.29920	800.90	1.04052	3.26	0
149	18:12:30.54	24.9715	13.39695	20.94	39.35	1.0	0.633120	13.9406	1.29920	800.94	1.04059	3.26	0
150	18:12:30.84	24.7050	13.45673	20.93	39.35	1.0	0.635940	14.0036	1.29920	800.98	1.04064	3.26	0
151	18:12:31.14	24.4330	13.51770	20.93	39.38	1.0	0.638826	14.0680	1.29920	801.02	1.04071	3.26	0
152	18:12:31.44	24.1735	13.57587	20.94	39.38	1.0	0.641574	14.1291	1.29920	801.06	1.04075	3.26	0
153	18:12:31.74	23.9645	13.62445	20.94	39.41	1.0	0.643872	14.1800	1.29920	801.08	1.04077	3.26	0
154	18:12:32.04	23.8185	13.65882	20.94	39.41	1.0	0.645498	14.2164	1.29920	801.12	1.04082	3.26	0
155	18:12:32.34	23.7380	13.67765	20.94	39.45	1.0	0.646392	14.2358	1.29920	801.12	1.04081	3.26	0
156	18:12:32.64	23.6955	13.68773	20.94	39.45	1.0	0.646866	14.2467	1.29920	801.12	1.04084	3.26	0
157	18:12:32.94	23.6565	13.69683	20.94	39.51	1.0	0.647298	14.2561	1.29920	801.12	1.04083	3.26	0
158	18:12:33.24	23.6050	13.70887	20.94	39.51	1.0	0.647868	14.2684	1.29920	801.12	1.04082	3.26	0
159	18:12:33.54	23.5305	13.72630	20.94	39.55	1.0	0.648690	14.2872	1.29924	801.14	1.04086	3.26	0
160	18:12:33.84	23.4460	13.74632	20.94	39.55	1.0	0.649638	14.3086	1.29924	801.16	1.04090	3.26	0
161	18:12:34.14	23.3430	13.77040	20.94	39.58	1.0	0.650778	14.3335	1.29920	801.16	1.04089	3.26	0
162	18:12:34.44	23.2340	13.79602	20.94	39.58	1.0	0.651990	14.3605	1.29920	801.18	1.04091	3.26	0
163	18:12:34.74	23.1100	13.82514	20.94	39.61	1.0	0.653364	14.3913	1.29924	801.20	1.04095	3.26	0
164	18:12:35.04	22.9875	13.85398	20.94	39.61	1.0	0.654726	14.4218	1.29924	801.24	1.04099	3.26	0
165	18:12:35.34	22.8685	13.88184	20.94	39.65	1.0	0.656046	14.4507	1.29920	801.24	1.04098	3.26	0
166	18:12:35.64	22.7775	13.90326	20.94	39.65	1.0	0.657060	14.4724	1.29916	801.22	1.04093	3.26	0
167	18:12:35.94	22.7290	13.91460	20.94	39.71	1.0	0.657594	14.4847	1.29920	801.24	1.04097	3.26	0
168	18:12:36.24	22.7170	13.91747	20.94	39.71	1.0	0.657732	14.4878	1.29920	801.26	1.04098	3.26	0
169	18:12:36.54	22.7145	13.91796	20.94	39.78	1.0	0.657756	14.4880	1.29916	801.24	1.04096	3.26	0
170	18:12:36.84	22.6965	13.92223	20.94	39.78	1.0	0.657960	14.4926	1.29916	801.26	1.04097	3.26	0
171	18:12:37.14	22.6410	13.93525	20.94	39.81	1.0	0.658578	14.5067	1.29920	801.28	1.04101	3.26	0
172	18:12:37.44	22.5595	13.95443	20.94	39.81	1.0	0.659484	14.5266	1.29920	801.28	1.04101	3.26	0
173	18:12:37.74	22.4510	13.97984	20.94	39.85	1.0	0.660684	14.5533	1.29920	801.28	1.04102	3.26	0
174	18:12:38.04	22.3435	14.00511	20.94	39.85	1.0	0.661878	14.5803	1.29920	801.32	1.04107	3.26	0
175	18:12:38.34	22.2445	14.02842	20.94	39.88	1.0	0.662982	14.6045	1.29920	801.32	1.04107	3.26	0
176	18:12:38.64	22.1755	14.04459	20.94	39.88	1.0	0.663744	14.6222	1.29924	801.34	1.04113	3.26	0
177	18:12:38.94	22.1280	14.05572	20.94	39.91	1.0	0.664272	14.6337	1.29920	801.36	1.04112	3.26	0
178	18:12:39.24	22.1000	14.06251	20.93	39.91	1.0	0.664590	14.6400	1.29916	801.34	1.04107	3.26	0
179	18:12:39.54	22.0810	14.06720	20.93	39.94	1.0	0.664812	14.6451	1.29916	801.34	1.04108	3.26	0
180	18:12:39.84	22.0485	14.07518	20.94	39.94	1.0	0.665196	14.6539	1.29920	801.36	1.04111	3.26	0
181	18:12:40.14	22.0125	14.08400	20.94	39.97	1.0	0.665610	14.6633	1.29920	801.36	1.04113	3.26	0
182	18:12:40.44	21.9750	14.09324	20.94	39.97	1.0	0.666048	14.6718	1.29916	801.32	1.04105	3.26	0
183	18:12:40.74	21.9545	14.09828	20.94	40.01	1.0	0.666288	14.6782	1.29920	801.36	1.04113	3.26	0
184	18:12:41.04	21.9415	14.10143	20.94	40.01	1.0	0.666438	14.6810	1.29920	801.34	1.04110	3.26	0
185	18:12:41.34	21.9355	14.10283	20.94	40.04	1.0	0.666504	14.6827	1.29920	801.36	1.04112	3.26	0
186	18:12:41.64	21.9265	14.10507	20.94	40.04	1.0	0.666612	14.6850	1.29920	801.36	1.04111	3.26	0
187	18:12:41.94	21.9050	14.11039	20.94	40.04	1.0	0.666864	14.6906	1.29920	801.36	1.04112	3.26	0
188	18:12:42.24	21.8670	14.11970	20.94	40.04	1.0	0.667302	14.6999	1.29916	801.36	1.04109	3.26	0
189	18:12:42.54	21.8195	14.13139	20.94	40.07	1.0	0.667854	14.7128	1.29920	801.38	1.04114	3.26	0
190	18:12:42.84	21.7685	14.14385	20.94	40.07	1.0	0.668448	14.7259	1.29920	801.38	1.04115	3.26	0
191	18:12:43.14	21.7240	14.15477	20.94	40.10	1.0	0.668964	14.7365	1.29916	801.36	1.04110	3.26	0
192	18:12:43.44	21.6915	14.16289	20.94	40.10	1.0	0.669348	14.7452	1.29916	801.36	1.04111	3.26	0
193	18:12:43.74	21.6710	14.16786	20.94	40.10	1.0	0.669582	14.7507	1.29916	801.38	1.04114	3.26	0
194	18:12:44.04	21.6560	14.17157	20.94	40.10	1.0	0.669756	14.7542	1.29916	801.38	1.04111	3.26	0
195	18:12:44.34	21.6405	14.17535	20.94	40.13	1.0	0.669936	14.7587	1.29916	801.40	1.04115	3.26	0
196	18:12:44.64	21.6185	14.18088	20.93	40.13	1.0	0.670194	14.7650	1.29920	801.40	1.04119	3.26	0
197	18:12:44.94	21.5910	14.18753	20.93	40.17	1.0	0.670512	14.7716	1.29916	801.40	1.04117	3.26	0
198	18:12:45.24	21.5650	14.19390	20.94	40.17	1.0	0.670812	14.7785	1.29920	801.42	1.04119	3.26	0
199	18:12:45.54	21.5430	14.19936	20.94	40.17	1.0	0.671070	14.7841	1.29920	801.40	1.04119	3.26	0
200	18:12:45.84	21.5215	14.20461	20.94	40.17	1.0	0.671322	14.7899	1.29920	801.42	1.04121	3.26	0
201	18:12:46.14	21.4985	14.21021	20.94	40.20	1.0	0.671586	14.7958	1.29920	801.42	1.04120	3.26	0
202	18:12:46.44	21.4715	14.21686	20.94	40.20	1.0	0.671898	14.8023	1.29916	801.42	1.04117	3.26	0
203	18:12:46.74	21.4425	14.22400	20.94	40.27	1.0	0.672240	14.8100	1.29916	801.42	1.04119	3.26	0
204	18:12:47.04	21.4110	14.23184	20.93	40.27	1.0	0.672606	14.8182	1.29920	801.42	1.04120	3.26	0
205	18:12:47.34	21.3800	14.23933	20.93	40.27	1.0	0.672960	14.8262	1.29916	801.44	1.04122	3.26	0
206	18:12:47.64	21.3525	14.24612	20.93	40.27	1.0	0.673284	14.8338	1.29920	801.44	1.04125	3.26	0
207	18:12:47.94	21.3150	14.25529	20.93	40.30	1.0	0.673716	14.8427	1.29916	801.44	1.04120	3.26	0
208	18:12:48.24	21.2720	14.26593	20.93	40.30	1.0	0.674220	14.8547	1.29920	801.46	1.04127	3.26	0
209	18:12:48.54	21.2185	14.27909	20.93	40.30	1.0	0.674844	14.8682	1.29920	801.46	1.04126	3.26	0
210	18:12:48.84	21.1770	14.28931	20.93	40.30	1.0	0.675324	14.8792	1.29920	801.48	1.04128	3.26	0
211	18:12:49.14	21.1450	14.29722	20.93	40.33	1.0	0.675702	14.8874	1.29920	801.48	1.04128	3.26	0
212	18:12:49.44	21.1295	14.30093	20.93	40.33	1.0	0.675876	14.8914	1.29920	801.48	1.04129	3.26	0
213	18:12:49.75	21.1280	14.30142	20.93	40.33	1.0	0.675900	14.8913	1.29920	801.46	1.04125	3.26	0
214	18:12:50.04	21.1240	14.30233	20.93	40.33	1.0	0.675942	14.8921	1.29916	801.46	1.04124	3.26	0
215	18:12:50.34	21.1265	14.30170	20.93	40.37	1.0	0.675912	14.8914	1.29916	801.46	1.04124	3.26	0
216	18:12:50.64	21.1195	14.30345	20.93	40.37	1.0	0.675996	14.8933	1.29920	801.46	1.04125	3.26	0
217	18:12:50.94	21.1085	14.30618	20.93	40.37	1.0	0.676122	14.8961	1.29920	801.46	1.04124	3.26	0
218	18:12:51.24	21.0865	14.31157	20.93	40.37	1.0	0.676380	14.9022	1.29916	801.48	1.04127	3.26	0
219	18:12:51.54	21.0535	14.31962	20.93	40.40	1.0	0.676758	14.9105	1.29920	801.48	1.04126	3.26	0
220	18:12:51.84	21.0130	14.32949	20.93	40.40	1.0	0.677232	14.9211	1.29920	801.48	1.04129	3.26	0
221	18:12:52.14	20.9660	14.34118	20.93	40.40	1.0	0.677778	14.9340	1.29920	801.52	1.04134	3.26	0
222	18:12:52.44	20.9170	14.35322	20.93	40.40	1.0	0.678348	14.9465	1.29920	801.52	1.04134	3.26	0
223	18:12:52.74	20.8670	14.36540	20.93	40.43	1.0	0.678924	14.9584	1.29916	801.50	1.04128	3.26	0
224	18:12:53.04	20.8235	14.37611	20.93	40.43	1.0	0.679434	14.9698	1.29916	801.52	1.04130	3.26	0
225	18:12:53.34	20.7840	14.38584	20.93	40.43	1.0	0.679890	14.9800	1.29916	801.52	1.04131	3.26	0
226	18:12:53.64	20.7535	14.39340	20.93	40.43	1.0	0.680250	14.9883	1.29920	801.52	1.04133	3.26	0
227	18:12:53.94	20.7330	14.39837	20.93	40.47	1.0	0.680490	14.9934	1.29916	801.52	1.04132	3.26	0
228	18:12:54.24	20.7225	14.40089	20.93	40.47	1.0	0.680604	14.9957	1.29916	801.52	1.04131	3.26	0
229	18:12:54.54	20.7145	14.40292	20.93	40.47	1.0	0.680700	14.9989	1.29920	801.54	1.04138	3.26	0
230	18:12:54.84	20.6905	14.40887	20.93	40.47	1.0	0.680982	15.0048	1.29920	801.54	1.04136	3.26	0
231	18:12:55.14	20.6655	14.41489	20.93	40.50	1.0	0.681270	15.0111	1.29920	801.54	1.04136	3.26	0
232	18:12:55.44	20.6270	14.42441	20.93	40.50	1.0	0.681720	15.0208	1.29916	801.54	1.04135	3.26	0
233	18:12:55.74	20.5850	14.43477	20.93	40.50	1.0	0.682206	15.0320	1.29920	801.56	1.04138	3.26	0
234	18:12:56.04	20.5410	14.44562	20.93	40.50	1.0	0.682722	15.0422	1.29912	801.54	1.04130	3.26	0
235	18:12:56.34	20.5125	14.45255	20.93	40.50	1.0	0.683046	15.0507	1.29920	801.56	1.04138	3.26	0
236	18:12:56.64	20.5015	14.45528	20.93	40.50	1.0	0.683178	15.0534	1.29920	801.56	1.04138	3.26	0
237	18:12:56.96	20.5135	14.45234	20.93	40.53	1.0	0.683040	15.0498	1.29920	801.54	1.04134	3.26	0
238	18:12:57.24	20.5470	14.44408	20.93	40.53	1.0	0.682650	15.0419	1.29920	801.56	1.04139	3.26	0
239	18:12:57.54	20.5750	14.43722	20.93	40.53	1.0	0.682326	15.0344	1.29920	801.56	1.04136	3.26	0
240	18:12:57.84	20.6055	14.42966	20.93	40.53	1.0	0.681966	15.0268	1.29920	801.56	1.04138	3.26	0
241	18:12:58.14	20.6195	14.42623	20.93	40.57	1.0	0.681804	15.0227	1.29920	801.54	1.04135	3.26	0
242	18:12:58.44	20.6295	14.42371	20.93	40.57	1.0	0.681690	15.0197	1.29916	801.52	1.04132	3.26	0
243	18:12:58.74	20.6215	14.42574	20.93	40.57	1.0	0.681780	15.0223	1.29920	801.54	1.04136	3.26	0
244	18:12:59.04	20.6000	14.43106	20.93	40.57	1.0	0.682032	15.0286	1.29920	801.56	1.04141	3.26	0
245	18:12:59.34	20.5630	14.44009	20.93	40.60	1.0	0.682464	15.0370	1.29916	801.54	1.04134	3.26	0
246	18:12:59.64	20.5340	14.44723	20.93	40.60	1.0	0.682800	15.0451	1.29920	801.56	1.04138	3.26	0
247	18:12:59.94	20.5100	14.45318	20.93	40.60	1.0	0.683082	15.0510	1.29920	801.54	1.04137	3.26	0
248	18:13:00.24	20.4925	14.45745	20.93	40.60	1.0	0.683286	15.0551	1.29916	801.54	1.04134	3.26	0
249	18:13:00.54	20.4835	14.45969	20.93	40.60	1.0	0.683388	15.0586	1.29920	801.58	1.04142	3.26	0
250	18:13:00.84	20.4730	14.46221	20.93	40.60	1.0	0.683508	15.0604	1.29916	801.56	1.04137	3.26	0
251	18:13:01.14	20.4650	14.46424	20.93	40.60	1.0	0.683604	15.0627	1.29920	801.56	1.04138	3.26	0
252	18:13:01.44	20.4585	14.46578	20.93	40.60	1.0	0.683676	15.0648	1.29920	801.58	1.04141	3.26	0
253	18:13:01.74	20.4430	14.46956	20.93	40.63	1.0	0.683856	15.0686	1.29920	801.56	1.04140	3.26	0
254	18:13:02.04	20.4200	14.47523	20.93	40.63	1.0	0.684126	15.0744	1.29920	801.58	1.04139	3.26	0
255	18:13:02.34	20.3915	14.48230	20.93	40.63	1.0	0.684462	15.0821	1.29920	801.58	1.04141	3.26	0
256	18:13:02.64	20.3650	14.48874	20.93	40.63	1.0	0.684762	15.0887	1.29920	801.58	1.04141	3.26	0
257	18:13:02.94	20.3460	14.49343	20.93	40.63	1.0	0.684984	15.0939	1.29920	801.60	1.04143	3.26	0
258	18:13:03.24	20.3350	14.49616	20.92	40.63	1.0	0.685110	15.0963	1.29920	801.58	1.04140	3.26	0
259	18:13:03.54	20.3410	14.49476	20.92	40.70	1.0	0.685044	15.0948	1.29920	801.58	1.04140	3.26	0
260	18:13:03.84	20.3545	14.49126	20.93	40.70	1.0	0.684888	15.0906	1.29916	801.56	1.04135	3.26	0
261	18:13:04.14	20.3735	14.48664	20.93	40.70	1.0	0.684666	15.0865	1.29920	801.58	1.04141	3.26	0
262	18:13:04.44	20.3785	14.48545	20.93	40.70	1.0	0.684612	15.0846	1.29916	801.56	1.04137	3.26	0
263	18:13:04.74	20.3745	14.48643	20.93	40.70	1.0	0.684654	15.0861	1.29920	801.58	1.04140	3.26	0
264	18:13:05.04	20.3535	14.49161	20.92	40.70	1.0	0.684900	15.0905	1.29916	801.54	1.04133	3.26	0
265	18:13:05.34	20.3310	14.49714	20.92	40.70	1.0	0.685158	15.0973	1.29916	801.58	1.04140	3.26	0
266	18:13:05.64	20.3010	14.50456	20.92	40.70	1.0	0.685512	15.1048	1.29916	801.58	1.04138	3.26	0
267	18:13:05.94	20.2670	14.51289	20.92	40.73	1.0	0.685908	15.1138	1.29916	801.60	1.04140	3.26	0
268	18:13:06.24	20.2330	14.52129	20.92	40.73	1.0	0.686304	15.1224	1.29916	801.58	1.04140	3.26	0
269	18:13:06.54	20.2035	14.52843	20.92	40.73	1.0	0.686640	15.1298	1.29916	801.58	1.04139	3.26	0
270	18:13:06.84	20.1795	14.53438	20.92	40.73	1.0	0.686922	15.1362	1.29916	801.60	1.04141	3.26	0
271	18:13:07.14	20.1555	14.54026	20.92	40.73	1.0	0.687198	15.1430	1.29920	801.62	1.04146	3.26	0
272	18:13:07.44	20.1335	14.54565	20.92	40.73	1.0	0.687456	15.1484	1.29916	801.62	1.04144	3.26	0
273	18:13:07.74	20.1215	14.54873	20.92	40.73	1.0	0.687600	15.1522	1.29920	801.62	1.04149	3.26	0
274	18:13:08.04	20.1115	14.55111	20.92	40.73	1.0	0.687714	15.1539	1.29916	801.60	1.04143	3.26	0
275	18:13:08.34	20.1115	14.55111	20.92	40.77	1.0	0.687714	15.1546	1.29920	801.62	1.04147	3.26	0
276	18:13:08.64	20.1115	14.55104	20.92	40.77	1.0	0.687714	15.1537	1.29916	801.60	1.04141	3.26	0
277	18:13:08.94	20.1125	14.55076	20.92	40.77	1.0	0.687696	15.1536	1.29920	801.60	1.04143	3.26	0
278	18:13:09.24	20.1085	14.55181	20.92	40.77	1.0	0.687744	15.1546	1.29916	801.60	1.04143	3.26	0
279	18:13:09.54	20.0995	14.55412	20.92	40.77	1.0	0.687858	15.1569	1.29916	801.60	1.04142	3.26	0
280	18:13:09.84	20.0845	14.55790	20.93	40.77	1.0	0.688038	15.1612	1.29920	801.62	1.04144	3.26	0
281	18:13:10.14	20.0655	14.56273	20.93	40.80	1.0	0.688266	15.1666	1.29920	801.62	1.04147	3.26	0
282	18:13:10.44	20.0440	14.56833	20.92	40.80	1.0	0.688530	15.1727	1.29920	801.62	1.04149	3.26	0
283	18:13:10.74	20.0220	14.57400	20.92	40.80	1.0	0.688794	15.1785	1.29920	801.64	1.04148	3.26	0
284	18:13:11.04	20.0020	14.57918	20.92	40.80	1.0	0.689040	15.1840	1.29920	801.64	1.04149	3.26	0
285	18:13:11.34	19.9865	14.58317	20.92	40.80	1.0	0.689232	15.1881	1.29920	801.64	1.04148	3.26	0
286	18:13:11.64	19.9715	14.58702	20.92	40.80	1.0	0.689412	15.1924	1.29920	801.64	1.04150	3.26	0
287	18:13:11.94	19.9600	14.58989	20.92	40.80	1.0	0.689550	15.1952	1.29920	801.64	1.04149	3.26	0
288	18:13:12.24	19.9515	14.59213	20.92	40.80	1.0	0.689652	15.1976	1.29920	801.64	1.04149	3.26	0
289	18:13:12.54	19.9465	14.59346	20.92	40.80	1.0	0.689718	15.1998	1.29924	801.66	1.04155	3.26	0
290	18:13:12.84	19.9350	14.59640	20.92	40.80	1.0	0.689856	15.2014	1.29916	801.64	1.04145	3.26	0
291	18:13:13.14	19.9265	14.59857	20.92	40.80	1.0	0.689958	15.2036	1.29916	801.62	1.04145	3.26	0
292	18:13:13.44	19.9250	14.59892	20.92	40.80	1.0	0.689976	15.2043	1.29920	801.62	1.04146	3.26	0
293	18:13:13.74	19.9240	14.59913	20.92	40.83	1.0	0.689988	15.2047	1.29920	801.64	1.04147	3.26	0
294	18:13:14.04	19.9205	14.60018	20.92	40.83	1.0	0.690036	15.2059	1.29920	801.64	1.04149	3.26	0
295	18:13:14.34	19.9220	14.59969	20.92	40.83	1.0	0.690012	15.2060	1.29920	801.66	1.04153	3.26	0
296	18:13:14.64	19.9210	14.59997	20.92	40.83	1.0	0.690024	15.2055	1.29920	801.64	1.04147	3.26	0
297	18:13:14.94	19.9235	14.59934	20.92	40.83	1.0	0.689994	15.2049	1.29920	801.64	1.04148	3.26	0
298	18:13:15.24	19.9230	14.59941	20.92	40.83	1.0	0.690000	15.2050	1.29920	801.64	1.04148	3.26	0
299	18:13:15.54	19.9195	14.60032	20.92	40.83	1.0	0.690042	15.2060	1.29920	801.64	1.04148	3.26	0
300	18:13:15.84	19.9160	14.60130	20.92	40.83	1.0	0.690090	15.2072	1.29920	801.64	1.04150	3.26	0
301	18:13:16.14	19.9060	14.60382	20.92	40.83	1.0	0.690204	15.2092	1.29916	801.64	1.04146	3.26	0
302	18:13:16.44	19.9045	14.60424	20.92	40.83	1.0	0.690228	15.2100	1.29916	801.64	1.04148	3.26	0
303	18:13:16.74	19.9000	14.60529	20.92	40.87	1.0	0.690276	15.2118	1.29920	801.66	1.04152	3.26	0
304	18:13:17.04	19.8985	14.60571	20.92	40.87	1.0	0.690300	15.2116	1.29920	801.64	1.04149	3.26	0
305	18:13:17.34	19.8975	14.60599	20.92	40.87	1.0	0.690312	15.2116	1.29920	801.64	1.04147	3.26	0
306	18:13:17.64	19.9015	14.60494	20.92	40.87	1.0	0.690264	15.2109	1.29920	801.64	1.04149	3.26	0
307	18:13:17.94	19.9010	14.60508	20.92	40.87	1.0	0.690264	15.2108	1.29920	801.64	1.04147	3.26	0
308	18:13:18.24	19.9015	14.60494	20.92	40.87	1.0	0.690264	15.2109	1.29920	801.66	1.04149	3.26	0
309	18:13:18.54	19.9040	14.60431	20.92	40.87	1.0	0.690234	15.2100	1.29920	801.64	1.04147	3.26	0
310	18:13:18.84	19.9050	14.60410	20.92	40.87	1.0	0.690222	15.2097	1.29920	801.64	1.04147	3.26	0
311	18:13:19.14	19.9045	14.60417	20.92	40.87	1.0	0.690228	15.2104	1.29920	801.66	1.04151	3.26	0
312	18:13:19.44	19.9085	14.60305	20.93	40.87	1.0	0.690174	15.2090	1.29920	801.64	1.04150	3.26	0
313	18:13:19.74	19.9080	14.60319	20.93	40.90	1.0	0.690186	15.2087	1.29916	801.64	1.04146	3.26	0
314	18:13:20.04	19.9100	14.60270	20.92	40.90	1.0	0.690156	15.2088	1.29920	801.64	1.04150	3.26	0
315	18:13:20.34	19.9085	14.60305	20.92	40.90	1.0	0.690174	15.2093	1.29920	801.66	1.04152	3.26	0
316	18:13:20.64	19.9080	14.60319	20.93	40.90	1.0	0.690180	15.2094	1.29920	801.66	1.04151	3.26	0
317	18:13:20.94	19.9030	14.60445	20.93	40.90	1.0	0.690240	15.2105	1.29920	801.66	1.04150	3.26	0
318	18:13:21.24	19.9010	14.60501	20.92	40.90	1.0	0.690264	15.2109	1.29920	801.64	1.04148	3.26	0
319	18:13:21.54	19.8965	14.60620	20.92	40.90	1.0	0.690324	15.2122	1.29920	801.64	1.04149	3.26	0
320	18:13:21.84	19.8920	14.60732	20.93	40.90	1.0	0.690378	15.2132	1.29920	801.62	1.04148	3.26	0
321	18:13:22.14	19.8925	14.60725	20.93	40.90	1.0	0.690372	15.2136	1.29920	801.66	1.04151	3.26	0
322	18:13:22.44	19.8865	14.60879	20.92	40.90	1.0	0.690444	15.2148	1.29920	801.64	1.04149	3.26	0
323	18:13:22.74	19.8820	14.60991	20.92	40.90	1.0	0.690498	15.2155	1.29916	801.64	1.04146	3.26	0
324	18:13:23.04	19.8820	14.60998	20.92	40.90	1.0	0.690498	15.2162	1.29920	801.64	1.04149	3.26	0
325	18:13:23.34	19.8805	14.61040	20.92	40.90	1.0	0.690522	15.2173	1.29924	801.66	1.04154	3.26	0
326	18:13:23.64	19.8775	14.61096	20.93	40.90	1.0	0.690552	15.2172	1.29920	801.64	1.04149	3.26	0
327	18:13:23.94	19.8755	14.61159	20.93	40.90	1.0	0.690582	15.2179	1.29920	801.64	1.04149	3.26	0
328	18:13:24.24	19.8725	14.61243	20.92	40.90	1.0	0.690618	15.2187	1.29920	801.64	1.04149	3.26	0
329	18:13:24.54	19.8705	14.61292	20.92	40.90	1.0	0.690642	15.2191	1.29920	801.64	1.04149	3.26	0
330	18:13:24.84	19.8690	14.61320	20.93	40.90	1.0	0.690654	15.2197	1.29920	801.64	1.04150	3.26	0
331	18:13:25.14	19.8675	14.61362	20.93	40.93	1.0	0.690678	15.2200	1.29920	801.64	1.04150	3.26	0
332	18:13:25.44	19.8645	14.61439	20.93	40.93	1.0	0.690714	15.2202	1.29916	801.62	1.04145	3.26	0
333	18:13:25.74	19.8650	14.61425	20.93	40.93	1.0	0.690708	15.2208	1.29920	801.64	1.04151	3.26	0
334	18:13:26.04	19.8665	14.61397	20.92	40.93	1.0	0.690690	15.2208	1.29920	801.66	1.04152	3.26	0
335	18:13:26.34	19.8665	14.61390	20.92	40.93	1.0	0.690690	15.2205	1.29920	801.64	1.04151	3.26	0
336	18:13:26.64	19.8655	14.61418	20.92	40.93	1.0	0.690702	15.2204	1.29920	801.64	1.04148	3.26	0
337	18:13:26.94	19.8660	14.61404	20.92	40.93	1.0	0.690696	15.2205	1.29920	801.64	1.04150	3.26	0
338	18:13:27.24	19.8670	14.61376	20.92	40.93	1.0	0.690678	15.2200	1.29916	801.64	1.04149	3.26	0
339	18:13:27.54	19.8680	14.61355	20.92	40.93	1.0	0.690672	15.2197	1.29920	801.64	1.04148	3.26	0
340	18:13:27.84	19.8705	14.61285	20.92	40.93	1.0	0.690636	15.2200	1.29924	801.66	1.04155	3.26	0
341	18:13:28.14	19.8690	14.61327	20.92	40.93	1.0	0.690660	15.2202	1.29920	801.66	1.04153	3.26	0
342	18:13:28.44	19.8665	14.61383	20.92	40.93	1.0	0.690684	15.2196	1.29916	801.62	1.04145	3.26	0
343	18:13:28.74	19.8685	14.61334	20.92	40.93	1.0	0.690660	15.2203	1.29920	801.66	1.04153	3.26	0
344	18:13:29.04	19.8690	14.61334	20.92	40.93	1.0	0.690660	15.2201	1.29920	801.66	1.04152	3.26	0
345	18:13:29.34	19.8710	14.61271	20.92	40.93	1.0	0.690630	15.2197	1.29924	801.66	1.04154	3.26	0
346	18:13:29.64	19.8685	14.61334	20.93	40.93	1.0	0.690666	15.2197	1.29920	801.64	1.04150	3.26	0
347	18:13:29.94	19.8680	14.61348	20.93	40.93	1.0	0.690666	15.2200	1.29920	801.66	1.04151	3.26	0
348	18:13:30.24	19.8665	14.61383	20.93	40.93	1.0	0.690684	15.2207	1.29920	801.66	1.04152	3.26	0
349	18:13:30.54	19.8645	14.61432	20.93	40.93	1.0	0.690714	15.2204	1.29916	801.64	1.04147	3.26	0
350	18:13:30.84	19.8705	14.61278	20.93	40.93	1.0	0.690636	15.2196	1.29920	801.66	1.04152	3.26	0
351	18:13:31.14	19.8700	14.61299	20.93	40.93	1.0	0.690648	15.2193	1.29920	801.64	1.04149	3.26	0
352	18:13:31.44	19.8700	14.61299	20.92	40.93	1.0	0.690642	15.2196	1.29920	801.66	1.04152	3.26	0
353	18:13:31.74	19.8675	14.61362	20.92	40.93	1.0	0.690678	15.2199	1.29920	801.64	1.04149	3.26	0
354	18:13:32.04	19.8665	14.61397	20.92	40.93	1.0	0.690690	15.2202	1.29916	801.64	1.04148	3.26	0
355	18:13:32.34	19.8670	14.61383	20.92	40.93	1.0	0.690684	15.2198	1.29916	801.64	1.04147	3.26	0
356	18:13:32.64	19.8645	14.61439	20.92	40.93	1.0	0.690708	15.2203	1.29916	801.64	1.04146	3.26	0
357	18:13:32.94	19.8685	14.61341	20.92	40.93	1.0	0.690666	15.2199	1.29920	801.66	1.04150	3.26	0
358	18:13:33.24	19.8675	14.61362	20.92	40.93	1.0	0.690672	15.2200	1.29920	801.64	1.04149	3.26	0
359	18:13:33.54	19.8635	14.61474	20.92	40.93	1.0	0.690726	15.2207	1.29916	801.64	1.04146	3.26	0
360	18:13:33.84	19.8665	14.61383	20.92	40.93	1.0	0.690684	15.2207	1.29920	801.66	1.04153	3.26	0
361	18:13:34.15	19.8655	14.61411	20.92	40.97	1.0	0.690696	15.2210	1.29924	801.66	1.04153	3.26	0
362	18:13:34.44	19.8590	14.61586	20.92	40.97	1.0	0.690780	15.2216	1.29916	801.64	1.04145	3.26	0
363	18:13:34.74	19.8570	14.61628	20.92	40.97	1.0	0.690798	15.2220	1.29916	801.64	1.04144	3.26	0
364	18:13:35.04	19.8560	14.61656	20.92	40.97	1.0	0.690816	15.2225	1.29916	801.64	1.04146	3.26	0
365	18:13:35.34	19.8550	14.61684	20.92	40.97	1.0	0.690828	15.2232	1.29920	801.64	1.04149	3.26	0
366	18:13:35.64	19.8560	14.61663	20.92	40.97	1.0	0.690816	15.2228	1.29920	801.64	1.04148	3.26	0
367	18:13:35.94	19.8555	14.61677	20.92	40.97	1.0	0.690822	15.2233	1.29920	801.64	1.04150	3.26	0
368	18:13:36.24	19.8530	14.61733	20.92	40.97	1.0	0.690852	15.2242	1.29920	801.64	1.04151	3.26	0
369	18:13:36.54	19.8485	14.61845	20.92	40.97	1.0	0.690906	15.2255	1.29920	801.66	1.04153	3.26	0
370	18:13:36.84	19.8495	14.61831	20.92	40.97	1.0	0.690900	15.2253	1.29920	801.66	1.04152	3.26	0
371	18:13:37.14	19.8510	14.61796	20.92	40.97	1.0	0.690882	15.2246	1.29920	801.66	1.04150	3.26	0
372	18:13:37.44	19.8525	14.61754	20.92	40.97	1.0	0.690858	15.2243	1.29920	801.64	1.04151	3.26	0
373	18:13:37.74	19.8505	14.61796	20.92	40.97	1.0	0.690882	15.2240	1.29916	801.64	1.04146	3.26	0
374	18:13:38.04	19.8535	14.61719	20.92	40.97	1.0	0.690846	15.2239	1.29920	801.66	1.04150	3.26	0
375	18:13:38.34	19.8530	14.61740	20.92	40.97	1.0	0.690852	15.2242	1.29920	801.64	1.04152	3.26	0
376	18:13:38.64	19.8535	14.61726	20.92	40.97	1.0	0.690846	15.2236	1.29916	801.64	1.04148	3.26	0
377	18:13:38.94	19.8540	14.61712	20.92	40.97	1.0	0.690840	15.2235	1.29920	801.64	1.04148	3.26	0
378	18:13:39.24	19.8530	14.61733	20.92	40.97	1.0	0.690852	15.2239	1.29920	801.66	1.04150	3.26	0
379	18:13:39.54	19.8540	14.61712	20.92	40.97	1.0	0.690840	15.2233	1.29920	801.64	1.04147	3.26	0
380	18:13:39.84	19.8525	14.61740	20.92	40.97	1.0	0.690858	15.2236	1.29916	801.64	1.04147	3.26	0
381	18:13:40.14	19.8535	14.61719	20.92	40.97	1.0	0.690846	15.2238	1.29920	801.66	1.04150	3.26	0
382	18:13:40.44	19.8520	14.61754	20.92	40.97	1.0	0.690864	15.2244	1.29920	801.66	1.04151	3.26	0
383	18:13:40.74	19.8530	14.61733	20.92	40.97	1.0	0.690852	15.2241	1.29920	801.64	1.04151	3.26	0
384	18:13:41.04	19.8520	14.61768	20.92	40.97	1.0	0.690864	15.2237	1.29916	801.64	1.04146	3.26	0
385	18:13:41.34	19.8530	14.61733	20.92	40.97	1.0	0.690852	15.2240	1.29920	801.66	1.04150	3.26	0
386	18:13:41.64	19.8545	14.61705	20.91	40.97	1.0	0.690834	15.2241	1.29920	801.66	1.04153	3.26	0
387	18:13:41.94	19.8500	14.61817	20.91	40.97	1.0	0.690888	15.2247	1.29920	801.66	1.04149	3.26	0
388	18:13:42.24	19.8520	14.61754	20.92	40.97	1.0	0.690864	15.2239	1.29920	801.64	1.04149	3.26	0
389	18:13:42.54	19.8530	14.61733	20.92	40.97	1.0	0.690852	15.2240	1.29920	801.66	1.04150	3.26	0
390	18:13:42.84	19.8540	14.61712	20.92	40.97	1.0	0.690840	15.2237	1.29920	801.64	1.04149	3.26	0
391	18:13:43.14	19.8530	14.61733	20.92	40.97	1.0	0.690852	15.2239	1.29920	801.66	1.04150	3.26	0
392	18:13:43.44	19.8505	14.61796	20.92	40.97	1.0	0.690882	15.2246	1.29920	801.64	1.04150	3.26	0
393	18:13:43.74	19.8525	14.61747	20.92	40.97	1.0	0.690858	15.2242	1.29920	801.64	1.04150	3.26	0
394	18:13:44.04	19.8510	14.61782	20.92	40.97	1.0	0.690876	15.2242	1.29920	801.64	1.04148	3.26	0
395	18:13:44.34	19.8485	14.61852	20.92	40.97	1.0	0.690906	15.2253	1.29920	801.64	1.04151	3.26	0
396	18:13:44.64	19.8490	14.61831	20.92	40.97	1.0	0.690900	15.2249	1.29920	801.64	1.04150	3.26	0
397	18:13:44.94	19.8470	14.61887	20.92	40.97	1.0	0.690924	15.2250	1.29916	801.64	1.04147	3.26	0
398	18:13:45.24	19.8470	14.61894	20.92	40.97	1.0	0.690930	15.2256	1.29920	801.64	1.04150	3.26	0
399	18:13:45.54	19.8465	14.61901	20.92	40.97	1.0	0.690930	15.2254	1.29920	801.64	1.04148	3.26	0
400	18:13:45.84	19.8465	14.61908	20.92	40.97	1.0	0.690930	15.2252	1.29920	801.64	1.04146	3.26	0
401	18:13:46.14	19.8460	14.61908	20.92	40.97	1.0	0.690936	15.2251	1.29916	801.64	1.04145	3.26	0
402	18:13:46.44	19.8500	14.61810	20.92	40.97	1.0	0.690888	15.2244	1.29920	801.64	1.04148	3.26	0
403	18:13:46.74	19.8515	14.61775	20.92	40.97	1.0	0.690870	15.2240	1.29916	801.64	1.04148	3.26	0
404	18:13:47.04	19.8495	14.61817	20.92	40.97	1.0	0.690894	15.2244	1.29920	801.64	1.04147	3.26	0
405	18:13:47.34	19.8510	14.61782	20.92	40.97	1.0	0.690876	15.2239	1.29916	801.64	1.04146	3.26	0
406	18:13:47.64	19.8510	14.61782	20.92	40.97	1.0	0.690876	15.2240	1.29916	801.64	1.04147	3.26	0
407	18:13:47.94	19.8480	14.61859	20.92	40.97	1.0	0.690912	15.2251	1.29920	801.64	1.04149	3.26	0
408	18:13:48.24	19.8475	14.61880	20.92	40.97	1.0	0.690918	15.2251	1.29920	801.64	1.04147	3.26	0
409	18:13:48.54	19.8465	14.61908	20.92	40.97	1.0	0.690930	15.2251	1.29916	801.64	1.04145	3.26	0
410	18:13:48.84	19.8455	14.61929	20.92	40.97	1.0	0.690942	15.2258	1.29920	801.64	1.04149	3.26	0
411	18:13:49.14	19.8435	14.61985	20.92	40.97	1.0	0.690972	15.2257	1.29916	801.62	1.04144	3.26	0
412	18:13:49.44	19.8435	14.61992	20.91	40.97	1.0	0.690972	15.2259	1.29916	801.62	1.04145	3.26	0
413	18:13:49.74	19.8440	14.61978	20.91	40.97	1.0	0.690966	15.2266	1.29920	801.64	1.04150	3.26	0
414	18:13:50.04	19.8435	14.61992	20.91	40.97	1.0	0.690972	15.2266	1.29920	801.64	1.04150	3.26	0
415	18:13:50.34	19.8395	14.62083	20.91	40.97	1.0	0.691014	15.2272	1.29916	801.64	1.04147	3.26	0
416	18:13:50.64	19.8365	14.62167	20.91	40.97	1.0	0.691056	15.2281	1.29916	801.64	1.04148	3.26	0
417	18:13:50.94	19.8375	14.62139	20.91	40.97	1.0	0.691038	15.2280	1.29920	801.64	1.04149	3.26	0
418	18:13:51.24	19.8345	14.62209	20.91	40.97	1.0	0.691074	15.2288	1.29920	801.64	1.04150	3.26	0
419	18:13:51.54	19.8330	14.62251	20.91	40.97	1.0	0.691092	15.2292	1.29920	801.64	1.04149	3.26	0
420	18:13:51.84	19.8340	14.62230	20.91	40.97	1.0	0.691086	15.2284	1.29916	801.62	1.04144	3.26	0
421	18:13:52.14	19.8390	14.62104	20.91	40.97	1.0	0.691026	15.2276	1.29920	801.64	1.04149	3.26	0
422	18:13:52.44	19.8370	14.62153	20.91	40.97	1.0	0.691044	15.2280	1.29920	801.64	1.04148	3.26	0
423	18:13:52.74	19.8375	14.62139	20.91	40.97	1.0	0.691038	15.2279	1.29920	801.64	1.04148	3.26	0
424	18:13:53.04	19.8350	14.62209	20.91	40.97	1.0	0.691074	15.2286	1.29920	801.64	1.04148	3.26	0
425	18:13:53.34	19.8330	14.62258	20.91	40.97	1.0	0.691098	15.2286	1.29916	801.62	1.04144	3.26	0
426	18:13:53.64	19.8310	14.62307	20.91	40.97	1.0	0.691122	15.2295	1.29916	801.64	1.04147	3.26	0
427	18:13:53.94	19.8355	14.62195	20.91	40.97	1.0	0.691068	15.2288	1.29920	801.66	1.04151	3.26	0
428	18:13:54.24	19.8350	14.62209	20.91	40.97	1.0	0.691074	15.2288	1.29920	801.64	1.04149	3.26	0
429	18:13:54.54	19.8335	14.62237	20.91	40.97	1.0	0.691086	15.2289	1.29920	801.64	1.04148	3.26	0
430	18:13:54.84	19.8350	14.62209	20.91	40.97	1.0	0.691074	15.2288	1.29920	801.64	1.04149	3.26	0
431	18:13:55.14	19.8345	14.62216	20.91	40.97	1.0	0.691074	15.2290	1.29920	801.64	1.04150	3.26	0
432	18:13:55.44	19.8325	14.62272	20.91	40.97	1.0	0.691104	15.2291	1.29916	801.64	1.04147	3.26	0
433	18:13:55.74	19.8295	14.62342	20.91	40.97	1.0	0.691140	15.2297	1.29920	801.62	1.04146	3.26	0
434	18:13:56.04	19.8310	14.62314	20.91	40.97	1.0	0.691122	15.2297	1.29916	801.66	1.04148	3.26	0
435	18:13:56.34	19.8305	14.62321	20.91	40.97	1.0	0.691128	15.2298	1.29920	801.64	1.04149	3.26	0
436	18:13:56.64	19.8295	14.62349	20.91	40.97	1.0	0.691140	15.2305	1.29920	801.66	1.04150	3.26	0
437	18:13:56.94	19.8285	14.62370	20.91	41.00	1.0	0.691152	15.2304	1.29920	801.64	1.04148	3.26	0
438	18:13:57.24	19.8295	14.62342	20.91	41.00	1.0	0.691134	15.2299	1.29920	801.64	1.04147	3.26	0
439	18:13:57.54	19.8325	14.62272	20.91	41.00	1.0	0.691104	15.2295	1.29920	801.64	1.04150	3.26	0
440	18:13:57.84	19.8330	14.62258	20.91	41.00	1.0	0.691098	15.2297	1.29920	801.66	1.04152	3.26	0
441	18:13:58.14	19.8300	14.62328	20.91	41.00	1.0	0.691128	15.2300	1.29920	801.64	1.04149	3.26	0
442	18:13:58.44	19.8315	14.62286	20.91	41.00	1.0	0.691110	15.2295	1.29920	801.64	1.04149	3.26	0
443	18:13:58.74	19.8305	14.62314	20.91	41.00	1.0	0.691122	15.2293	1.29916	801.64	1.04145	3.26	0
444	18:13:59.04	19.8310	14.62307	20.91	41.00	1.0	0.691122	15.2302	1.29920	801.66	1.04152	3.26	0
445	18:13:59.34	19.8285	14.62370	20.91	41.00	1.0	0.691152	15.2300	1.29916	801.64	1.04146	3.26	0
446	18:13:59.64	19.8295	14.62349	20.91	41.00	1.0	0.691140	15.2303	1.29920	801.64	1.04150	3.26	0
447	18:13:59.94	19.8285	14.62363	20.91	41.00	1.0	0.691146	15.2307	1.29920	801.66	1.04151	3.26	0
448	18:14:00.24	19.8285	14.62370	20.91	41.00	1.0	0.691152	15.2300	1.29920	801.62	1.04146	3.26	0
449	18:14:00.54	19.8260	14.62433	20.91	41.00	1.0	0.691182	15.2309	1.29920	801.64	1.04148	3.26	0
450	18:14:00.84	19.8280	14.62377	20.91	41.00	1.0	0.691152	15.2308	1.29920	801.64	1.04151	3.26	0
451	18:14:01.14	19.8270	14.62405	20.91	41.00	1.0	0.691170	15.2307	1.29920	801.64	1.04149	3.26	0
452	18:14:01.44	19.8300	14.62328	20.91	41.00	1.0	0.691134	15.2302	1.29920	801.66	1.04151	3.26	0
453	18:14:01.74	19.8300	14.62335	20.91	41.00	1.0	0.691134	15.2300	1.29920	801.64	1.04149	3.26	0
454	18:14:02.04	19.8310	14.62300	20.91	41.00	1.0	0.691116	15.2300	1.29924	801.64	1.04151	3.26	0
455	18:14:02.34	19.8275	14.62391	20.91	41.00	1.0	0.691164	15.2307	1.29920	801.64	1.04149	3.26	0
456	18:14:02.64	19.8235	14.62496	20.91	41.00	1.0	0.691212	15.2312	1.29916	801.62	1.04145	3.26	0
457	18:14:02.94	19.8270	14.62405	20.91	41.00	1.0	0.691170	15.2311	1.29920	801.64	1.04151	3.26	0
458	18:14:03.24	19.8275	14.62398	20.91	41.00	1.0	0.691164	15.2305	1.29920	801.64	1.04147	3.26	0
459	18:14:03.54	19.8270	14.62405	20.91	41.00	1.0	0.691170	15.2305	1.29916	801.64	1.04147	3.26	0
460	18:14:03.84	19.8260	14.62426	20.91	41.00	1.0	0.691176	15.2305	1.29920	801.62	1.04145	3.26	0
461	18:14:04.14	19.8320	14.62286	20.91	41.00	1.0	0.691110	15.2295	1.29920	801.64	1.04149	3.26	0
462	18:14:04.44	19.8300	14.62328	20.91	41.00	1.0	0.691134	15.2295	1.29920	801.62	1.04146	3.26	0
463	18:14:04.74	19.8340	14.62223	20.91	41.00	1.0	0.691080	15.2288	1.29920	801.64	1.04148	3.26	0
464	18:14:05.04	19.8330	14.62258	20.91	41.00	1.0	0.691098	15.2284	1.29916	801.62	1.04143	3.26	0
465	18:14:05.34	19.8300	14.62328	20.91	41.00	1.0	0.691128	15.2291	1.29916	801.62	1.04143	3.26	0
466	18:14:05.64	19.8355	14.62195	20.91	41.00	1.0	0.691068	15.2283	1.29920	801.62	1.04147	3.26	0
467	18:14:05.94	19.8325	14.62272	20.91	41.00	1.0	0.691104	15.2286	1.29916	801.62	1.04144	3.26	0
468	18:14:06.24	19.8315	14.62293	20.91	41.00	1.0	0.691116	15.2289	1.29916	801.62	1.04144	3.26	0
469	18:14:06.54	19.8330	14.62258	20.91	41.00	1.0	0.691098	15.2293	1.29920	801.64	1.04149	3.26	0
470	18:14:06.84	19.8280	14.62391	20.90	41.00	1.0	0.691158	15.2298	1.29916	801.62	1.04144	3.26	0
471	18:14:07.14	19.8280	14.62384	20.90	41.00	1.0	0.691158	15.2304	1.29920	801.64	1.04147	3.26	0
472	18:14:07.44	19.8250	14.62461	20.91	41.00	1.0	0.691194	15.2308	1.29916	801.64	1.04146	3.26	0
473	18:14:07.74	19.8260	14.62440	20.91	41.00	1.0	0.691182	15.2309	1.29920	801.64	1.04147	3.26	0
474	18:14:08.04	19.8250	14.62468	20.91	41.00	1.0	0.691194	15.2304	1.29916	801.62	1.04142	3.26	0
475	18:14:08.34	19.8280	14.62384	20.91	41.00	1.0	0.691158	15.2303	1.29916	801.64	1.04147	3.26	0
476	18:14:08.64	19.8260	14.62433	20.91	41.00	1.0	0.691182	15.2304	1.29916	801.62	1.04144	3.26	0
477	18:14:08.94	19.8235	14.62496	20.91	41.00	1.0	0.691212	15.2310	1.29916	801.62	1.04144	3.26	0
478	18:14:09.24	19.8230	14.62524	20.90	41.00	1.0	0.691218	15.2311	1.29916	801.62	1.04143	3.26	0
479	18:14:09.54	19.8235	14.62510	20.90	41.00	1.0	0.691212	15.2309	1.29916	801.62	1.04143	3.26	0
480	18:14:09.84	19.8240	14.62496	20.90	41.00	1.0	0.691206	15.2317	1.29920	801.64	1.04149	3.26	0
481	18:14:10.14	19.8245	14.62482	20.90	41.00	1.0	0.691200	15.2311	1.29916	801.64	1.04146	3.26	0
482	18:14:10.44	19.8235	14.62510	20.90	41.00	1.0	0.691212	15.2316	1.29920	801.64	1.04147	3.26	0
483	18:14:10.74	19.8215	14.62559	20.90	41.00	1.0	0.691236	15.2316	1.29916	801.62	1.04143	3.26	0
484	18:14:11.04	19.8195	14.62601	20.91	41.00	1.0	0.691260	15.2314	1.29912	801.60	1.04139	3.26	0
485	18:14:11.34	19.8210	14.62566	20.91	41.00	1.0	0.691242	15.2320	1.29916	801.62	1.04146	3.26	0
486	18:14:11.64	19.8210	14.62559	20.91	41.00	1.0	0.691236	15.2312	1.29916	801.62	1.04141	3.26	0
487	18:14:11.94	19.8225	14.62524	20.91	41.00	1.0	0.691224	15.2316	1.29916	801.62	1.04146	3.26	0
488	18:14:12.24	19.8205	14.62587	20.90	41.00	1.0	0.691248	15.2316	1.29916	801.62	1.04142	3.26	0
489	18:14:12.55	19.8190	14.62615	20.90	41.00	1.0	0.691266	15.2323	1.29916	801.64	1.04144	3.26	0
490	18:14:12.84	19.8215	14.62552	20.91	41.00	1.0	0.691236	15.2322	1.29920	801.64	1.04149	3.26	0
491	18:14:13.14	19.8200	14.62587	20.91	41.00	1.0	0.691254	15.2325	1.29920	801.64	1.04147	3.26	0
492	18:14:13.44	19.8170	14.62664	20.91	41.00	1.0	0.691290	15.2332	1.29920	801.64	1.04147	3.26	0
493	18:14:13.74	19.8140	14.62734	20.91	41.03	1.0	0.691326	15.2335	1.29916	801.64	1.04144	3.26	0
494	18:14:14.04	19.8145	14.62741	20.90	41.03	1.0	0.691320	15.2337	1.29920	801.62	1.04146	3.26	0
495	18:14:14.34	19.8145	14.62727	20.90	41.00	1.0	0.691320	15.2342	1.29920	801.64	1.04149	3.26	0
496	18:14:14.64	19.8125	14.62790	20.90	41.00	1.0	0.691344	15.2338	1.29916	801.62	1.04143	3.26	0
497	18:14:14.94	19.8160	14.62699	20.90	41.03	1.0	0.691302	15.2337	1.29920	801.64	1.04148	3.26	0
498	18:14:15.24	19.8165	14.62678	20.90	41.03	1.0	0.691296	15.2339	1.29920	801.64	1.04150	3.26	0
499	18:14:15.54	19.8135	14.62755	20.90	41.03	1.0	0.691332	15.2342	1.29920	801.64	1.04148	3.26	0
500	18:14:15.84	19.8140	14.62748	20.90	41.03	1.0	0.691326	15.2334	1.29916	801.62	1.04143	3.26	0
501	18:14:16.14	19.8125	14.62783	20.90	41.00	1.0	0.691344	15.2340	1.29916	801.62	1.04144	3.26	0
502	18:14:16.44	19.8150	14.62720	20.90	41.00	1.0	0.691314	15.2344	1.29920	801.66	1.04152	3.26	0
503	18:14:16.74	19.8140	14.62741	20.90	41.03	1.0	0.691326	15.2337	1.29916	801.64	1.04145	3.26	0
504	18:14:17.04	19.8125	14.62783	20.90	41.03	1.0	0.691344	15.2347	1.29920	801.64	1.04149	3.26	0
505	18:14:17.34	19.8125	14.62783	20.90	41.03	1.0	0.691344	15.2343	1.29916	801.62	1.04146	3.26	0
506	18:14:17.64	19.8115	14.62811	20.90	41.03	1.0	0.691356	15.2349	1.29920	801.64	1.04149	3.26	0
507	18:14:17.94	19.8035	14.63014	20.90	41.03	1.0	0.691452	15.2361	1.29916	801.62	1.04141	3.26	0
508	18:14:18.24	19.7925	14.63294	20.90	41.03	1.0	0.691584	15.2401	1.29920	801.64	1.04149	3.26	0
509	18:14:18.54	19.7865	14.63455	20.90	41.03	1.0	0.691662	15.2419	1.29920	801.64	1.04150	3.26	0
510	18:14:18.84	19.7855	14.63476	20.90	41.03	1.0	0.691674	15.2419	1.29920	801.64	1.04148	3.26	0
511	18:14:19.14	19.7865	14.63455	20.90	41.03	1.0	0.691662	15.2412	1.29916	801.62	1.04146	3.26	0
512	18:14:19.44	19.7890	14.63392	20.90	41.03	1.0	0.691632	15.2410	1.29920	801.64	1.04149	3.26	0
513	18:14:19.74	19.7795	14.63630	20.90	41.03	1.0	0.691740	15.2433	1.29920	801.64	1.04147	3.26	0
514	18:14:20.04	19.7710	14.63854	20.90	41.03	1.0	0.691848	15.2458	1.29920	801.64	1.04149	3.26	0
515	18:14:20.34	19.7700	14.63875	20.90	41.03	1.0	0.691860	15.2462	1.29920	801.64	1.04149	3.26	0
516	18:14:20.64	19.7710	14.63854	20.90	41.03	1.0	0.691848	15.2461	1.29920	801.64	1.04150	3.26	0
517	18:14:20.94	19.7700	14.63875	20.90	41.03	1.0	0.691860	15.2461	1.29920	801.66	1.04149	3.26	0
518	18:14:21.24	19.7125	14.65359	20.90	41.03	1.0	0.692562	15.2618	1.29920	801.66	1.04151	3.26	0
519	18:14:21.54	19.4105	14.73122	20.90	41.03	1.0	0.696234	15.3431	1.29916	801.70	1.04153	3.26	0
520	18:14:21.84	18.6570	14.92498	20.90	41.03	1.0	0.705390	15.5476	1.29920	801.82	1.04171	3.26	0
521	18:14:22.14	17.5165	15.22521	20.90	41.03	1.0	0.719574	15.8636	1.29916	802.00	1.04194	3.26	0
522	18:14:22.44	15.9635	15.64479	20.90	41.03	1.0	0.739404	16.3059	1.29916	802.26	1.04226	3.26	0
523	18:14:22.74	14.0225	16.19513	20.90	41.03	1.0	0.765420	16.8858	1.29916	802.56	1.04265	3.26	0
524	18:14:23.04	12.0870	16.77256	20.90	41.03	1.0	0.792708	17.4946	1.29916	802.88	1.04305	3.26	0
525	18:14:23.34	10.3155	17.35335	20.90	41.10	1.0	0.820158	18.1070	1.29912	803.18	1.04343	3.26	0
526	18:14:23.64	8.6825	17.88108	20.90	41.10	1.0	0.845100	18.6643	1.29916	803.46	1.04380	3.26	0
527	18:14:23.94	7.2435	18.36401	20.90	41.20	1.0	0.867930	19.1748	1.29916	803.72	1.04416	3.26	0
528	18:14:24.24	6.0235	18.79024	20.90	41.20	1.0	0.888078	19.6251	1.29916	803.94	1.04443	3.26	0
529	18:14:24.54	4.9860	19.16614	20.90	41.29	1.0	0.905850	20.0215	1.29908	804.12	1.04462	3.26	0
530	18:14:24.84	4.1140	19.49213	20.90	41.29	1.0	0.921252	20.3668	1.29912	804.30	1.04488	3.26	0
531	18:14:25.14	3.3650	19.77934	20.90	41.39	1.0	0.934836	20.6702	1.29912	804.42	1.04504	3.26	0
532	18:14:25.44	2.7550	20.01797	20.90	41.39	1.0	0.946116	20.9226	1.29912	804.54	1.04519	3.26	0
533	18:14:25.74	2.2585	20.21614	20.90	41.52	1.0	0.955488	21.1331	1.29912	804.68	1.04536	3.26	0
534	18:14:26.04	1.8555	20.37917	20.90	41.52	1.0	0.963192	21.3058	1.29912	804.76	1.04547	3.26	0
535	18:14:26.34	1.5140	20.51882	20.90	41.65	1.0	0.969798	21.4532	1.29912	804.82	1.04554	3.26	0
536	18:14:26.64	1.2375	20.63341	20.90	41.65	1.0	0.975216	21.5743	1.29908	804.88	1.04560	3.26	0
537	18:14:26.94	1.0240	20.72497	20.90	41.72	1.0	0.979548	21.6720	1.29912	804.92	1.04570	3.26	0
538	18:14:27.24	0.8520	20.80197	20.91	41.72	1.0	0.983190	21.7533	1.29912	804.96	1.04573	3.26	0
539	18:14:27.54	0.7145	20.86280	20.91	41.82	1.0	0.986070	21.8173	1.29912	804.98	1.04575	3.26	0
540	18:14:27.84	0.5955	20.91348	20.90	41.82	1.0	0.988458	21.8715	1.29912	805.02	1.04581	3.26	0
541	18:14:28.14	0.5005	20.95380	20.90	41.85	1.0	0.990366	21.9144	1.29912	805.04	1.04585	3.26	0
542	18:14:28.44	0.4235	20.98572	20.90	41.85	1.0	0.991878	21.9484	1.29912	805.06	1.04587	3.26	0
543	18:14:28.74	0.3595	21.01211	20.90	41.89	1.0	0.993126	21.9754	1.29912	805.06	1.04585	3.26	0
544	18:14:29.04	0.3100	21.03255	20.90	41.89	1.0	0.994092	21.9978	1.29912	805.08	1.04589	3.26	0
545	18:14:29.34	0.2680	21.04984	20.90	41.92	1.0	0.994914	22.0156	1.29912	805.08	1.04588	3.26	0
546	18:14:29.64	0.2320	21.06461	20.90	41.92	1.0	0.995610	22.0309	1.29908	805.08	1.04587	3.26	0
547	18:14:29.94	0.2005	21.07714	20.90	41.95	1.0	0.996204	22.0440	1.29908	805.08	1.04587	3.26	0
548	18:14:30.24	0.1780	21.08617	20.90	41.95	1.0	0.996630	22.0542	1.29912	805.10	1.04591	3.26	0
549	18:14:30.54	0.1575	21.09422	20.90	41.98	1.0	0.997014	22.0622	1.29908	805.10	1.04589	3.26	0
550	18:14:30.84	0.1425	21.10038	20.90	41.98	1.0	0.997308	22.0688	1.29908	805.10	1.04590	3.26	0
551	18:14:31.14	0.1320	21.10465	20.90	41.98	1.0	0.997506	22.0743	1.29912	805.12	1.04594	3.26	0
552	18:14:31.44	0.1195	21.10955	20.90	41.98	1.0	0.997740	22.0794	1.29912	805.12	1.04594	3.26	0
