546	18:49:32.59	0.0900	21.12502	20.68	40.42	1.0	0.998292	22.0879	1.29900	804.92	1.04558	3.26	0
547	18:49:32.89	0.0860	21.12663	20.68	40.51	1.0	0.998376	22.0898	1.29900	804.94	1.04559	3.26	0
548	18:49:33.20	0.0860	21.12663	20.68	40.51	1.0	0.998376	22.0901	1.29900	804.92	1.04561	3.26	0
549	18:49:33.76	0.0825	21.12789	20.68	40.58	1.0	0.998436	22.0907	1.29900	804.90	1.04557	3.26	0
550	18:49:33.93	0.0820	21.12810	20.68	40.58	1.0	0.998448	22.0909	1.29900	804.92	1.04557	3.26	0
551	18:49:34.09	0.0815	21.12817	20.68	40.71	1.0	0.998460	22.0919	1.29900	804.92	1.04561	3.26	0
552	18:49:34.39	0.0805	21.12852	20.68	40.71	1.0	0.998478	22.0921	1.29900	804.94	1.04561	3.26	0
553	18:49:34.69	0.0810	21.12824	20.68	40.78	1.0	0.998466	22.0921	1.29904	804.92	1.04562	3.26	0
554	18:49:34.99	0.0805	21.12838	20.68	40.78	1.0	0.998472	22.0926	1.29904	804.94	1.04563	3.26	0
555	18:49:35.28	0.0790	21.12887	20.68	40.88	1.0	0.998502	22.0928	1.29900	804.94	1.04562	3.26	0
556	18:49:35.59	0.0780	21.12929	20.68	40.88	1.0	0.998520	22.0928	1.29900	804.92	1.04560	3.26	0
557	18:49:35.89	0.0780	21.12929	20.68	40.94	1.0	0.998520	22.0933	1.29904	804.94	1.04563	3.26	0
558	18:49:36.18	0.0780	21.12936	20.68	40.94	1.0	0.998526	22.0930	1.29900	804.92	1.04561	3.26	0
559	18:49:36.49	0.0750	21.13034	20.68	40.97	1.0	0.998574	22.0933	1.29900	804.92	1.04557	3.26	0
560	18:49:36.79	0.0750	21.13034	20.68	40.97	1.0	0.998574	22.0937	1.29900	804.92	1.04560	3.26	0
561	18:49:37.09	0.0760	21.12992	20.68	41.04	1.0	0.998562	22.0936	1.29900	804.92	1.04561	3.26	0
562	18:49:37.39	0.0770	21.12950	20.68	41.04	1.0	0.998538	22.0937	1.29900	804.94	1.04563	3.26	0
563	18:49:37.69	0.0765	21.12978	20.68	41.07	1.0	0.998556	22.0937	1.29900	804.94	1.04562	3.26	0
564	18:49:37.99	0.0755	21.13013	20.68	41.07	1.0	0.998568	22.0940	1.29900	804.94	1.04562	3.26	0
565	18:49:38.28	0.0755	21.12999	20.68	41.17	1.0	0.998568	22.0942	1.29904	804.94	1.04563	3.26	0
566	18:49:38.58	0.0755	21.13006	20.68	41.17	1.0	0.998574	22.0947	1.29904	804.94	1.04566	3.26	0
567	18:49:38.88	0.0730	21.13097	20.68	41.20	1.0	0.998616	22.0946	1.29900	804.92	1.04560	3.26	0
568	18:49:39.18	0.0745	21.13027	20.68	41.20	1.0	0.998586	22.0940	1.29900	804.94	1.04561	3.26	0
569	18:49:39.48	0.0750	21.13006	20.68	41.27	1.0	0.998580	22.0949	1.29904	804.96	1.04566	3.26	0
570	18:49:39.78	0.0735	21.13076	20.68	41.27	1.0	0.998610	22.0949	1.29900	804.94	1.04563	3.26	0
571	18:49:40.08	0.0745	21.13034	20.68	41.30	1.0	0.998592	22.0942	1.29900	804.92	1.04562	3.26	0
572	18:49:40.38	0.0725	21.13104	20.68	41.30	1.0	0.998628	22.0948	1.29900	804.92	1.04561	3.26	0
573	18:49:40.68	0.0750	21.12992	20.68	41.33	1.0	0.998574	22.0940	1.29900	804.94	1.04563	3.26	0
574	18:49:40.98	0.0735	21.13062	20.68	41.33	1.0	0.998610	22.0948	1.29904	804.92	1.04563	3.26	0
575	18:49:41.28	0.0740	21.13041	20.68	41.37	1.0	0.998604	22.0942	1.29900	804.92	1.04561	3.26	0
576	18:49:41.58	0.0735	21.13062	20.68	41.37	1.0	0.998610	22.0946	1.29900	804.94	1.04562	3.26	0
577	18:49:41.88	0.0745	21.13013	20.68	41.40	1.0	0.998592	22.0942	1.29900	804.94	1.04563	3.26	0
578	18:49:42.18	0.0745	21.13006	20.68	41.40	1.0	0.998586	22.0937	1.29900	804.92	1.04561	3.26	0
579	18:49:42.48	0.0730	21.13069	20.68	41.40	1.0	0.998616	22.0935	1.29900	804.90	1.04557	3.26	0
580	18:49:42.78	0.0740	21.13034	20.68	41.40	1.0	0.998598	22.0945	1.29904	804.94	1.04563	3.26	0
581	18:49:43.09	0.0730	21.13069	20.68	41.43	1.0	0.998616	22.0940	1.29900	804.92	1.04558	3.26	0
582	18:49:43.38	0.0730	21.13083	20.68	41.43	1.0	0.998622	22.0946	1.29900	804.92	1.04561	3.26	0
583	18:49:43.68	0.0740	21.13034	20.68	41.47	1.0	0.998604	22.0937	1.29900	804.92	1.04559	3.26	0
584	18:49:43.99	0.0720	21.13111	20.68	41.47	1.0	0.998640	22.0937	1.29896	804.90	1.04555	3.26	0
585	18:49:44.28	0.0745	21.12992	20.68	41.50	1.0	0.998586	22.0938	1.29900	804.94	1.04562	3.26	0
586	18:49:44.58	0.0745	21.13013	20.68	41.50	1.0	0.998592	22.0941	1.29904	804.94	1.04563	3.26	0
587	18:49:44.88	0.0720	21.13111	20.68	41.53	1.0	0.998640	22.0947	1.29900	804.92	1.04560	3.26	0
588	18:49:45.18	0.0735	21.13034	20.68	41.53	1.0	0.998610	22.0949	1.29904	804.94	1.04564	3.26	0
589	18:49:45.48	0.0735	21.13048	20.68	41.53	1.0	0.998616	22.0942	1.29900	804.92	1.04561	3.26	0
590	18:49:45.79	0.0695	21.13202	20.68	41.53	1.0	0.998682	22.0951	1.29900	804.92	1.04558	3.26	0
591	18:49:46.08	0.0725	21.13076	20.68	41.56	1.0	0.998628	22.0947	1.29900	804.92	1.04561	3.26	0
592	18:49:46.38	0.0735	21.13041	20.68	41.56	1.0	0.998610	22.0951	1.29904	804.94	1.04565	3.26	0
593	18:49:46.69	0.0720	21.13097	20.68	41.63	1.0	0.998640	22.0946	1.29900	804.94	1.04560	3.26	0
594	18:49:46.98	0.0750	21.12964	20.68	41.63	1.0	0.998580	22.0944	1.29904	804.94	1.04566	3.26	0
595	18:49:47.28	0.0700	21.13167	20.68	41.63	1.0	0.998676	22.0955	1.29900	804.94	1.04561	3.26	0
596	18:49:47.58	0.0695	21.13195	20.68	41.63	1.0	0.998688	22.0957	1.29900	804.94	1.04561	3.26	0
597	18:49:47.88	0.0700	21.13160	20.68	41.67	1.0	0.998670	22.0952	1.29900	804.94	1.04560	3.26	0
598	18:49:48.18	0.0725	21.13069	20.68	41.67	1.0	0.998628	22.0949	1.29904	804.94	1.04563	3.26	0
599	18:49:48.48	0.0730	21.13048	20.68	41.67	1.0	0.998622	22.0954	1.29904	804.96	1.04567	3.26	0
600	18:49:48.78	0.0720	21.13083	20.68	41.67	1.0	0.998640	22.0948	1.29904	804.92	1.04561	3.26	0
601	18:49:49.08	0.0710	21.13125	20.68	41.70	1.0	0.998658	22.0951	1.29904	804.92	1.04561	3.26	0
602	18:49:49.38	0.0720	21.13069	20.68	41.70	1.0	0.998634	22.0943	1.29900	804.92	1.04560	3.26	0
603	18:49:49.68	0.0715	21.13097	20.68	41.70	1.0	0.998646	22.0942	1.29900	804.92	1.04558	3.26	0
604	18:49:49.98	0.0720	21.13076	20.68	41.70	1.0	0.998634	22.0949	1.29904	804.94	1.04563	3.26	0
605	18:49:50.28	0.0710	21.13125	20.68	41.70	1.0	0.998658	22.0950	1.29900	804.94	1.04561	3.26	0
606	18:49:50.58	0.0710	21.13111	20.68	41.70	1.0	0.998652	22.0949	1.29900	804.94	1.04561	3.26	0
607	18:49:50.88	0.0710	21.13125	20.68	41.70	1.0	0.998658	22.0948	1.29900	804.92	1.04560	3.26	0
608	18:49:51.18	0.0715	21.13090	20.68	41.70	1.0	0.998640	22.0949	1.29900	804.94	1.04563	3.26	0
609	18:49:51.48	0.0730	21.13041	20.68	41.73	1.0	0.998622	22.0954	1.29904	804.94	1.04567	3.26	0
610	18:49:51.78	0.0700	21.13160	20.68	41.73	1.0	0.998676	22.0951	1.29900	804.92	1.04560	3.26	0
611	18:49:52.08	0.0730	21.13041	20.68	41.73	1.0	0.998622	22.0948	1.29904	804.94	1.04564	3.26	0
612	18:49:52.38	0.0730	21.13027	20.68	41.73	1.0	0.998616	22.0944	1.29904	804.94	1.04563	3.26	0
613	18:49:52.68	0.0710	21.13111	20.68	41.77	1.0	0.998658	22.0945	1.29900	804.92	1.04559	3.26	0
614	18:49:52.98	0.0720	21.13076	20.68	41.77	1.0	0.998640	22.0953	1.29904	804.94	1.04564	3.26	0
615	18:49:53.28	0.0720	21.13062	20.68	41.77	1.0	0.998634	22.0944	1.29900	804.94	1.04561	3.26	0
616	18:49:53.58	0.0690	21.13181	20.68	41.77	1.0	0.998688	22.0949	1.29900	804.92	1.04558	3.26	0
617	18:49:53.88	0.0710	21.13118	20.68	41.77	1.0	0.998658	22.0951	1.29900	804.94	1.04562	3.26	0
618	18:49:54.18	0.0695	21.13167	20.68	41.77	1.0	0.998682	22.0949	1.29900	804.92	1.04558	3.26	0
619	18:49:54.48	0.0705	21.13132	20.68	41.77	1.0	0.998670	22.0951	1.29900	804.92	1.04561	3.26	0
620	18:49:54.78	0.0720	21.13076	20.68	41.77	1.0	0.998640	22.0944	1.29900	804.92	1.04561	3.26	0
621	18:49:55.08	0.0725	21.13048	20.68	41.80	1.0	0.998628	22.0947	1.29904	804.94	1.04563	3.26	0
622	18:49:55.38	0.0735	21.13013	20.68	41.80	1.0	0.998610	22.0946	1.29904	804.94	1.04564	3.26	0
623	18:49:55.68	0.0710	21.13097	20.68	41.80	1.0	0.998652	22.0951	1.29904	804.94	1.04563	3.26	0
624	18:49:55.98	0.0700	21.13139	20.68	41.80	1.0	0.998670	22.0955	1.29904	804.94	1.04563	3.26	0
625	18:49:56.28	0.0720	21.13055	20.68	41.80	1.0	0.998634	22.0954	1.29904	804.94	1.04566	3.26	0
626	18:49:56.58	0.0695	21.13174	20.68	41.80	1.0	0.998688	22.0954	1.29900	804.94	1.04560	3.26	0
627	18:49:56.88	0.0700	21.13153	20.68	41.80	1.0	0.998676	22.0960	1.29904	804.94	1.04564	3.26	0
628	18:49:57.18	0.0715	21.13090	20.68	41.80	1.0	0.998646	22.0958	1.29904	804.96	1.04567	3.26	0
629	18:49:57.48	0.0720	21.13069	20.68	41.83	1.0	0.998640	22.0953	1.29904	804.94	1.04565	3.26	0
630	18:49:57.78	0.0705	21.13125	20.68	41.83	1.0	0.998664	22.0964	1.29904	804.96	1.04567	3.26	0
631	18:49:58.08	0.0700	21.13139	20.68	41.83	1.0	0.998670	22.0956	1.29900	804.94	1.04563	3.26	0
632	18:49:58.38	0.0690	21.13181	20.68	41.83	1.0	0.998694	22.0963	1.29904	804.94	1.04564	3.26	0
633	18:49:58.68	0.0695	21.13160	20.68	41.83	1.0	0.998682	22.0956	1.29900	804.94	1.04561	3.26	0
634	18:49:58.98	0.0700	21.13139	20.68	41.83	1.0	0.998676	22.0958	1.29904	804.94	1.04564	3.26	0
635	18:49:59.28	0.0705	21.13125	20.68	41.83	1.0	0.998664	22.0959	1.29904	804.94	1.04565	3.26	0
636	18:49:59.58	0.0690	21.13195	20.68	41.83	1.0	0.998700	22.0959	1.29900	804.94	1.04562	3.26	0
637	18:49:59.88	0.0735	21.12999	20.68	41.83	1.0	0.998610	22.0954	1.29904	804.96	1.04569	3.26	0
638	18:50:00.18	0.0695	21.13160	20.68	41.83	1.0	0.998682	22.0961	1.29904	804.94	1.04564	3.26	0
639	18:50:00.48	0.0735	21.13006	20.68	41.83	1.0	0.998610	22.0955	1.29904	804.96	1.04569	3.26	0
640	18:50:00.78	0.0690	21.13174	20.68	41.83	1.0	0.998688	22.0961	1.29900	804.94	1.04563	3.26	0
641	18:50:01.08	0.0700	21.13139	20.68	41.87	1.0	0.998676	22.0958	1.29900	804.94	1.04564	3.26	0
642	18:50:01.38	0.0705	21.13111	20.68	41.87	1.0	0.998664	22.0954	1.29904	804.94	1.04563	3.26	0
643	18:50:01.68	0.0730	21.13013	20.68	41.87	1.0	0.998616	22.0955	1.29904	804.96	1.04569	3.26	0
644	18:50:01.98	0.0695	21.13160	20.68	41.87	1.0	0.998688	22.0962	1.29904	804.94	1.04564	3.26	0
645	18:50:02.28	0.0725	21.13041	20.68	41.87	1.0	0.998628	22.0956	1.29904	804.96	1.04568	3.26	0
646	18:50:02.58	0.0705	21.13118	20.68	41.87	1.0	0.998664	22.0961	1.29904	804.96	1.04566	3.26	0
647	18:50:02.88	0.0725	21.13034	20.68	41.87	1.0	0.998628	22.0956	1.29904	804.96	1.04568	3.26	0
648	18:50:03.18	0.0730	21.13027	20.68	41.87	1.0	0.998622	22.0955	1.29904	804.96	1.04568	3.26	0
649	18:50:03.48	0.0700	21.13132	20.68	41.87	1.0	0.998676	22.0960	1.29904	804.94	1.04565	3.26	0
650	18:50:03.78	0.0725	21.13048	20.68	41.87	1.0	0.998634	22.0959	1.29904	804.96	1.04569	3.26	0
651	18:50:04.08	0.0740	21.12964	20.68	41.90	1.0	0.998598	22.0963	1.29908	804.98	1.04575	3.26	0
652	18:50:04.38	0.0680	21.13223	20.68	41.90	1.0	0.998718	22.0963	1.29900	804.94	1.04563	3.26	0
653	18:50:04.68	0.0695	21.13160	20.68	41.90	1.0	0.998688	22.0963	1.29904	804.94	1.04565	3.26	0
654	18:50:04.98	0.0705	21.13118	20.68	41.90	1.0	0.998664	22.0953	1.29904	804.94	1.04563	3.26	0
655	18:50:05.28	0.0705	21.13118	20.68	41.90	1.0	0.998664	22.0956	1.29904	804.94	1.04564	3.26	0
656	18:50:05.58	0.0705	21.13104	20.68	41.90	1.0	0.998664	22.0958	1.29904	804.94	1.04566	3.26	0
657	18:50:05.88	0.0705	21.13104	20.68	41.90	1.0	0.998664	22.0952	1.29904	804.94	1.04563	3.26	0
658	18:50:06.18	0.0700	21.13132	20.68	41.90	1.0	0.998670	22.0951	1.29900	804.94	1.04561	3.26	0
659	18:50:06.48	0.0700	21.13146	20.68	41.90	1.0	0.998682	22.0958	1.29904	804.94	1.04564	3.26	0
660	18:50:06.78	0.0700	21.13125	20.68	41.90	1.0	0.998670	22.0958	1.29900	804.94	1.04564	3.26	0
661	18:50:07.08	0.0695	21.13153	20.68	41.90	1.0	0.998688	22.0952	1.29900	804.92	1.04560	3.26	0
662	18:50:07.38	0.0720	21.13055	20.68	41.90	1.0	0.998640	22.0958	1.29904	804.96	1.04567	3.26	0
663	18:50:07.68	0.0700	21.13146	20.68	41.90	1.0	0.998676	22.0963	1.29904	804.94	1.04566	3.26	0
664	18:50:07.98	0.0710	21.13090	20.68	41.90	1.0	0.998652	22.0955	1.29904	804.94	1.04565	3.26	0
665	18:50:08.28	0.0690	21.13174	20.68	41.93	1.0	0.998694	22.0963	1.29904	804.94	1.04564	3.26	0
666	18:50:08.58	0.0700	21.13125	20.68	41.93	1.0	0.998670	22.0959	1.29904	804.94	1.04566	3.26	0
667	18:50:08.88	0.0700	21.13125	20.68	41.93	1.0	0.998670	22.0952	1.29900	804.92	1.04562	3.26	0
668	18:50:09.18	0.0695	21.13153	20.68	41.93	1.0	0.998688	22.0954	1.29900	804.94	1.04561	3.26	0
669	18:50:09.48	0.0680	21.13216	20.68	41.93	1.0	0.998712	22.0965	1.29900	804.94	1.04563	3.26	0
670	18:50:09.78	0.0710	21.13090	20.68	41.93	1.0	0.998652	22.0956	1.29904	804.96	1.04565	3.26	0
671	18:50:10.08	0.0710	21.13097	20.68	41.93	1.0	0.998658	22.0955	1.29904	804.94	1.04564	3.26	0
672	18:50:10.38	0.0705	21.13118	20.68	41.93	1.0	0.998670	22.0959	1.29904	804.96	1.04566	3.26	0
673	18:50:10.68	0.0705	21.13104	20.68	41.96	1.0	0.998664	22.0956	1.29904	804.94	1.04565	3.26	0
674	18:50:10.98	0.0675	21.13216	20.68	41.96	1.0	0.998718	22.0963	1.29900	804.94	1.04562	3.26	0
675	18:50:11.28	0.0690	21.13167	20.68	41.96	1.0	0.998694	22.0956	1.29900	804.94	1.04561	3.26	0
676	18:50:11.58	0.0715	21.13069	20.68	41.96	1.0	0.998646	22.0954	1.29904	804.96	1.04566	3.26	0
677	18:50:11.88	0.0695	21.13153	20.68	41.96	1.0	0.998688	22.0962	1.29904	804.94	1.04565	3.26	0
678	18:50:12.18	0.0690	21.13160	20.68	41.96	1.0	0.998688	22.0951	1.29900	804.92	1.04560	3.26	0
679	18:50:12.48	0.0685	21.13195	20.68	41.96	1.0	0.998706	22.0965	1.29900	804.94	1.04564	3.26	0
680	18:50:12.78	0.0705	21.13104	20.68	41.96	1.0	0.998664	22.0958	1.29904	804.94	1.04566	3.26	0
681	18:50:13.08	0.0705	21.13111	20.68	41.96	1.0	0.998664	22.0964	1.29904	804.96	1.04569	3.26	0
682	18:50:13.38	0.0695	21.13153	20.68	41.96	1.0	0.998688	22.0958	1.29900	804.94	1.04563	3.26	0
683	18:50:13.68	0.0710	21.13083	20.68	41.96	1.0	0.998652	22.0954	1.29904	804.94	1.04565	3.26	0
684	18:50:13.98	0.0720	21.13055	20.68	41.96	1.0	0.998640	22.0949	1.29904	804.94	1.04564	3.26	0
685	18:50:14.28	0.0675	21.13230	20.68	42.00	1.0	0.998724	22.0961	1.29900	804.94	1.04561	3.26	0
686	18:50:14.58	0.0690	21.13153	20.68	42.00	1.0	0.998688	22.0958	1.29904	804.94	1.04563	3.26	0
687	18:50:14.88	0.0705	21.13111	20.68	42.00	1.0	0.998670	22.0956	1.29904	804.94	1.04564	3.26	0
688	18:50:15.18	0.0695	21.13153	20.68	42.00	1.0	0.998688	22.0958	1.29904	804.94	1.04564	3.26	0
689	18:50:15.48	0.0690	21.13174	20.68	41.96	1.0	0.998694	22.0951	1.29900	804.92	1.04559	3.26	0
690	18:50:15.78	0.0695	21.13146	20.68	41.96	1.0	0.998682	22.0948	1.29900	804.92	1.04559	3.26	0
691	18:50:16.08	0.0670	21.13237	20.68	42.00	1.0	0.998730	22.0959	1.29900	804.92	1.04560	3.26	0
692	18:50:16.38	0.0725	21.13027	20.68	42.00	1.0	0.998628	22.0947	1.29904	804.94	1.04564	3.26	0
693	18:50:16.68	0.0705	21.13111	20.68	41.96	1.0	0.998670	22.0950	1.29900	804.94	1.04561	3.26	0
694	18:50:16.98	0.0680	21.13209	20.68	41.96	1.0	0.998712	22.0951	1.29900	804.92	1.04557	3.26	0
695	18:50:17.28	0.0700	21.13125	20.68	41.96	1.0	0.998676	22.0953	1.29900	804.94	1.04562	3.26	0
696	18:50:17.58	0.0690	21.13174	20.68	41.96	1.0	0.998694	22.0961	1.29904	804.94	1.04564	3.26	0
697	18:50:17.88	0.0680	21.13202	20.68	41.96	1.0	0.998712	22.0958	1.29900	804.92	1.04561	3.26	0
698	18:50:18.18	0.0705	21.13118	20.68	41.96	1.0	0.998670	22.0961	1.29904	804.94	1.04566	3.26	0
699	18:50:18.48	0.0695	21.13153	20.68	41.96	1.0	0.998688	22.0965	1.29904	804.94	1.04566	3.26	0
700	18:50:18.78	0.0695	21.13139	20.68	41.96	1.0	0.998682	22.0954	1.29900	804.94	1.04562	3.26	0
701	18:50:19.08	0.0710	21.13097	20.68	41.96	1.0	0.998658	22.0953	1.29904	804.94	1.04564	3.26	0
702	18:50:19.38	0.0715	21.13069	20.68	41.96	1.0	0.998646	22.0964	1.29908	804.96	1.04570	3.26	0
703	18:50:19.68	0.0690	21.13160	20.68	41.96	1.0	0.998688	22.0965	1.29904	804.96	1.04566	3.26	0
704	18:50:19.98	0.0695	21.13139	20.68	41.96	1.0	0.998682	22.0959	1.29904	804.94	1.04564	3.26	0
705	18:50:20.28	0.0685	21.13181	20.68	41.96	1.0	0.998700	22.0960	1.29900	804.94	1.04563	3.26	0
706	18:50:20.58	0.0715	21.13076	20.68	41.96	1.0	0.998652	22.0953	1.29904	804.94	1.04564	3.26	0
707	18:50:20.88	0.0715	21.13062	20.68	41.96	1.0	0.998646	22.0956	1.29904	804.96	1.04566	3.26	0
708	18:50:21.18	0.0685	21.13188	20.68	41.96	1.0	0.998706	22.0962	1.29900	804.94	1.04563	3.26	0
709	18:50:21.48	0.0690	21.13160	20.68	41.96	1.0	0.998688	22.0961	1.29904	804.94	1.04564	3.26	0
710	18:50:21.78	0.0685	21.13188	20.68	41.96	1.0	0.998706	22.0959	1.29900	804.94	1.04562	3.26	0
711	18:50:22.08	0.0685	21.13188	20.68	41.96	1.0	0.998706	22.0957	1.29900	804.94	1.04561	3.26	0
712	18:50:22.38	0.0675	21.13237	20.68	41.96	1.0	0.998730	22.0961	1.29900	804.94	1.04561	3.26	0
713	18:50:22.68	0.0710	21.13083	20.68	41.96	1.0	0.998652	22.0950	1.29900	804.94	1.04563	3.26	0
714	18:50:22.98	0.0695	21.13146	20.68	41.96	1.0	0.998682	22.0956	1.29900	804.94	1.04563	3.26	0
715	18:50:23.28	0.0720	21.13055	20.68	41.96	1.0	0.998640	22.0958	1.29904	804.96	1.04568	3.26	0
716	18:50:23.58	0.0680	21.13202	20.68	41.96	1.0	0.998712	22.0956	1.29900	804.92	1.04560	3.26	0
717	18:50:23.88	0.0675	21.13230	20.68	41.96	1.0	0.998724	22.0958	1.29900	804.92	1.04559	3.26	0
718	18:50:24.18	0.0700	21.13139	20.68	41.96	1.0	0.998682	22.0954	1.29904	804.92	1.04562	3.26	0
719	18:50:24.48	0.0675	21.13237	20.68	41.96	1.0	0.998724	22.0958	1.29900	804.92	1.04559	3.26	0
720	18:50:24.78	0.0685	21.13181	20.68	41.96	1.0	0.998700	22.0956	1.29900	804.94	1.04561	3.26	0
721	18:50:25.08	0.0705	21.13111	20.68	41.96	1.0	0.998664	22.0955	1.29904	804.94	1.04564	3.26	0
722	18:50:25.38	0.0680	21.13216	20.68	41.96	1.0	0.998718	22.0951	1.29900	804.90	1.04557	3.26	0
723	18:50:25.68	0.0680	21.13209	20.68	41.96	1.0	0.998712	22.0956	1.29900	804.92	1.04560	3.26	0
724	18:50:25.98	0.0700	21.13125	20.68	41.96	1.0	0.998670	22.0959	1.29904	804.94	1.04566	3.26	0
725	18:50:26.28	0.0690	21.13160	20.68	41.96	1.0	0.998694	22.0954	1.29900	804.92	1.04561	3.26	0
726	18:50:26.58	0.0690	21.13160	20.68	41.96	1.0	0.998688	22.0965	1.29904	804.96	1.04566	3.26	0
727	18:50:26.88	0.0690	21.13160	20.68	41.96	1.0	0.998688	22.0952	1.29900	804.92	1.04560	3.26	0
728	18:50:27.18	0.0705	21.13111	20.68	41.96	1.0	0.998670	22.0951	1.29904	804.92	1.04562	3.26	0
729	18:50:27.48	0.0710	21.13090	20.68	41.96	1.0	0.998658	22.0951	1.29904	804.94	1.04563	3.26	0
730	18:50:27.78	0.0685	21.13188	20.68	41.96	1.0	0.998706	22.0954	1.29900	804.92	1.04560	3.26	0
731	18:50:28.08	0.0695	21.13146	20.68	42.00	1.0	0.998688	22.0952	1.29900	804.92	1.04561	3.26	0
732	18:50:28.38	0.0690	21.13167	20.68	42.00	1.0	0.998694	22.0959	1.29904	804.94	1.04563	3.26	0
733	18:50:28.68	0.0700	21.13125	20.68	42.00	1.0	0.998676	22.0956	1.29904	804.94	1.04563	3.26	0
734	18:50:28.98	0.0695	21.13153	20.68	42.00	1.0	0.998688	22.0961	1.29904	804.94	1.04564	3.26	0
735	18:50:29.28	0.0685	21.13188	20.68	42.00	1.0	0.998706	22.0961	1.29904	804.94	1.04563	3.26	0
736	18:50:29.58	0.0700	21.13118	20.68	42.00	1.0	0.998670	22.0960	1.29904	804.94	1.04566	3.26	0
737	18:50:29.88	0.0675	21.13223	20.68	42.00	1.0	0.998724	22.0958	1.29900	804.92	1.04560	3.26	0
738	18:50:30.18	0.0680	21.13209	20.68	42.00	1.0	0.998712	22.0961	1.29904	804.92	1.04562	3.26	0
739	18:50:30.48	0.0695	21.13146	20.68	42.00	1.0	0.998682	22.0959	1.29904	804.94	1.04564	3.26	0
740	18:50:30.78	0.0700	21.13111	20.68	42.00	1.0	0.998670	22.0964	1.29904	804.96	1.04568	3.26	0
741	18:50:31.08	0.0700	21.13132	20.68	42.00	1.0	0.998676	22.0961	1.29904	804.94	1.04566	3.26	0
742	18:50:31.38	0.0680	21.13202	20.68	42.00	1.0	0.998712	22.0960	1.29900	804.94	1.04562	3.26	0
743	18:50:31.68	0.0690	21.13167	20.68	42.00	1.0	0.998694	22.0960	1.29904	804.94	1.04563	3.26	0
744	18:50:31.98	0.0675	21.13230	20.68	42.00	1.0	0.998724	22.0961	1.29900	804.94	1.04561	3.26	0
745	18:50:32.28	0.0685	21.13181	20.68	42.00	1.0	0.998700	22.0957	1.29900	804.92	1.04561	3.26	0
746	18:50:32.58	0.0680	21.13209	20.68	42.00	1.0	0.998718	22.0968	1.29904	804.94	1.04565	3.26	0
747	18:50:32.88	0.0675	21.13230	20.68	42.00	1.0	0.998724	22.0961	1.29900	804.92	1.04561	3.26	0
748	18:50:33.18	0.0715	21.13062	20.68	42.00	1.0	0.998646	22.0949	1.29904	804.94	1.04563	3.26	0
749	18:50:33.48	0.0695	21.13153	20.68	42.00	1.0	0.998688	22.0959	1.29904	804.94	1.04564	3.26	0
750	18:50:33.78	0.0685	21.13174	20.68	42.00	1.0	0.998700	22.0961	1.29900	804.94	1.04563	3.26	0
751	18:50:34.08	0.0700	21.13132	20.68	42.00	1.0	0.998676	22.0952	1.29904	804.92	1.04561	3.26	0
752	18:50:34.38	0.0680	21.13195	20.68	42.00	1.0	0.998706	22.0960	1.29900	804.92	1.04562	3.26	0
753	18:50:34.68	0.0695	21.13139	20.68	42.03	1.0	0.998682	22.0955	1.29904	804.92	1.04563	3.26	0
754	18:50:34.98	0.0700	21.13118	20.68	42.03	1.0	0.998676	22.0953	1.29900	804.94	1.04563	3.26	0
755	18:50:35.28	0.0685	21.13174	20.68	42.03	1.0	0.998700	22.0952	1.29900	804.92	1.04560	3.26	0
756	18:50:35.58	0.0695	21.13139	20.68	42.03	1.0	0.998688	22.0960	1.29904	804.94	1.04564	3.26	0
757	18:50:35.88	0.0700	21.13118	20.68	42.03	1.0	0.998676	22.0958	1.29904	804.94	1.04565	3.26	0
758	18:50:36.18	0.0670	21.13237	20.68	42.03	1.0	0.998730	22.0958	1.29900	804.92	1.04559	3.26	0
759	18:50:36.48	0.0680	21.13209	20.68	42.03	1.0	0.998718	22.0953	1.29900	804.92	1.04558	3.26	0
760	18:50:36.78	0.0685	21.13181	20.68	42.03	1.0	0.998706	22.0957	1.29904	804.92	1.04561	3.26	0
761	18:50:37.08	0.0685	21.13181	20.68	42.03	1.0	0.998700	22.0954	1.29900	804.92	1.04560	3.26	0
762	18:50:37.38	0.0680	21.13202	20.68	42.03	1.0	0.998712	22.0951	1.29896	804.92	1.04558	3.26	0
763	18:50:37.68	0.0690	21.13153	20.68	42.03	1.0	0.998694	22.0960	1.29904	804.94	1.04564	3.26	0
764	18:50:37.98	0.0690	21.13167	20.68	42.03	1.0	0.998694	22.0953	1.29900	804.92	1.04560	3.26	0
765	18:50:38.28	0.0695	21.13146	20.68	42.03	1.0	0.998688	22.0955	1.29900	804.94	1.04562	3.26	0
766	18:50:38.58	0.0685	21.13174	20.68	42.03	1.0	0.998700	22.0958	1.29900	804.94	1.04562	3.26	0
767	18:50:38.88	0.0690	21.13160	20.68	42.03	1.0	0.998694	22.0958	1.29900	804.94	1.04563	3.26	0
768	18:50:39.18	0.0680	21.13202	20.68	42.03	1.0	0.998712	22.0958	1.29900	804.92	1.04561	3.26	0
769	18:50:39.48	0.0685	21.13181	20.68	42.03	1.0	0.998706	22.0961	1.29904	804.94	1.04563	3.26	0
770	18:50:39.78	0.0695	21.13139	20.68	42.03	1.0	0.998682	22.0958	1.29904	804.94	1.04564	3.26	0
771	18:50:40.08	0.0695	21.13146	20.68	42.03	1.0	0.998688	22.0957	1.29904	804.94	1.04563	3.26	0
772	18:50:40.38	0.0690	21.13160	20.68	42.03	1.0	0.998694	22.0962	1.29904	804.94	1.04565	3.26	0
773	18:50:40.68	0.0695	21.13146	20.68	42.03	1.0	0.998688	22.0959	1.29900	804.94	1.04564	3.26	0
774	18:50:40.98	0.0695	21.13146	20.68	42.03	1.0	0.998688	22.0959	1.29904	804.94	1.04564	3.26	0
775	18:50:41.28	0.0685	21.13188	20.68	42.03	1.0	0.998706	22.0953	1.29900	804.92	1.04559	3.26	0
776	18:50:41.58	0.0675	21.13230	20.68	42.03	1.0	0.998724	22.0956	1.29900	804.92	1.04559	3.26	0
777	18:50:41.88	0.0715	21.13069	20.68	42.03	1.0	0.998652	22.0949	1.29900	804.94	1.04563	3.26	0
778	18:50:42.18	0.0685	21.13181	20.68	42.03	1.0	0.998700	22.0965	1.29904	804.96	1.04565	3.26	0
779	18:50:42.48	0.0710	21.13090	20.68	42.03	1.0	0.998658	22.0959	1.29904	804.96	1.04567	3.26	0
780	18:50:42.78	0.0685	21.13181	20.68	42.03	1.0	0.998700	22.0954	1.29900	804.92	1.04560	3.26	0
781	18:50:43.08	0.0700	21.13118	20.68	42.03	1.0	0.998676	22.0962	1.29904	804.94	1.04567	3.26	0
782	18:50:43.38	0.0680	21.13195	20.68	42.03	1.0	0.998712	22.0963	1.29904	804.94	1.04563	3.26	0
783	18:50:43.68	0.0685	21.13181	20.68	42.10	1.0	0.998706	22.0960	1.29904	804.94	1.04563	3.26	0
784	18:50:43.98	0.0690	21.13153	20.68	42.10	1.0	0.998694	22.0954	1.29900	804.92	1.04561	3.26	0
785	18:50:44.28	0.0690	21.13167	20.68	42.03	1.0	0.998700	22.0949	1.29900	804.92	1.04558	3.26	0
786	18:50:44.58	0.0680	21.13188	20.68	42.03	1.0	0.998706	22.0961	1.29904	804.94	1.04563	3.26	0
787	18:50:44.88	0.0675	21.13223	20.68	42.03	1.0	0.998724	22.0954	1.29900	804.92	1.04558	3.26	0
788	18:50:45.18	0.0710	21.13076	20.68	42.03	1.0	0.998652	22.0954	1.29904	804.94	1.04565	3.26	0
789	18:50:45.48	0.0690	21.13146	20.68	42.10	1.0	0.998694	22.0951	1.29900	804.92	1.04560	3.26	0
790	18:50:45.78	0.0680	21.13202	20.68	42.10	1.0	0.998718	22.0956	1.29900	804.92	1.04560	3.26	0
791	18:50:46.08	0.0680	21.13195	20.68	42.10	1.0	0.998718	22.0955	1.29900	804.92	1.04560	3.26	0
792	18:50:46.38	0.0695	21.13125	20.68	42.10	1.0	0.998682	22.0945	1.29900	804.92	1.04558	3.26	0
793	18:50:46.68	0.0710	21.13090	20.68	42.03	1.0	0.998658	22.0948	1.29900	804.94	1.04562	3.26	0
794	18:50:46.98	0.0695	21.13146	20.68	42.03	1.0	0.998688	22.0958	1.29904	804.94	1.04564	3.26	0
795	18:50:47.28	0.0675	21.13223	20.68	42.03	1.0	0.998724	22.0954	1.29900	804.92	1.04558	3.26	0
796	18:50:47.58	0.0685	21.13181	20.68	42.03	1.0	0.998706	22.0946	1.29896	804.92	1.04556	3.26	0
797	18:50:47.88	0.0675	21.13223	20.68	42.03	1.0	0.998724	22.0953	1.29900	804.90	1.04557	3.26	0
798	18:50:48.18	0.0705	21.13097	20.68	42.03	1.0	0.998664	22.0954	1.29904	804.94	1.04564	3.26	0
799	18:50:48.48	0.0690	21.13160	20.68	42.03	1.0	0.998694	22.0944	1.29900	804.90	1.04557	3.26	0
800	18:50:48.78	0.0680	21.13202	20.68	42.03	1.0	0.998712	22.0950	1.29896	804.92	1.04557	3.26	0
801	18:50:49.08	0.0680	21.13188	20.68	42.03	1.0	0.998706	22.0951	1.29900	804.92	1.04558	3.26	0
802	18:50:49.38	0.0680	21.13202	20.68	42.03	1.0	0.998712	22.0949	1.29896	804.92	1.04556	3.26	0
803	18:50:49.68	0.0690	21.13167	20.68	42.03	1.0	0.998694	22.0952	1.29900	804.92	1.04560	3.26	0
804	18:50:49.98	0.0695	21.13139	20.68	42.03	1.0	0.998688	22.0954	1.29904	804.92	1.04562	3.26	0
805	18:50:50.28	0.0690	21.13160	20.68	42.03	1.0	0.998694	22.0954	1.29900	804.92	1.04561	3.26	0
806	18:50:50.58	0.0685	21.13174	20.68	42.03	1.0	0.998700	22.0953	1.29900	804.92	1.04560	3.26	0
807	18:50:50.88	0.0685	21.13181	20.68	42.03	1.0	0.998706	22.0961	1.29900	804.94	1.04563	3.26	0
808	18:50:51.18	0.0670	21.13244	20.68	42.03	1.0	0.998730	22.0956	1.29900	804.92	1.04558	3.26	0
809	18:50:51.48	0.0695	21.13139	20.68	42.03	1.0	0.998682	22.0947	1.29900	804.92	1.04559	3.26	0
810	18:50:51.78	0.0685	21.13181	20.68	42.03	1.0	0.998706	22.0949	1.29900	804.92	1.04558	3.26	0
811	18:50:52.08	0.0685	21.13174	20.68	42.03	1.0	0.998700	22.0957	1.29900	804.94	1.04561	3.26	0
812	18:50:52.38	0.0675	21.13216	20.68	42.03	1.0	0.998718	22.0950	1.29900	804.90	1.04557	3.26	0
813	18:50:52.68	0.0695	21.13132	20.68	42.03	1.0	0.998682	22.0958	1.29904	804.94	1.04564	3.26	0
814	18:50:52.98	0.0700	21.13125	20.68	42.03	1.0	0.998676	22.0954	1.29904	804.94	1.04563	3.26	0
815	18:50:53.28	0.0695	21.13146	20.68	42.03	1.0	0.998688	22.0955	1.29900	804.94	1.04562	3.26	0
816	18:50:53.58	0.0690	21.13167	20.68	42.03	1.0	0.998700	22.0963	1.29904	804.94	1.04565	3.26	0
817	18:50:53.88	0.0680	21.13209	20.68	42.03	1.0	0.998718	22.0954	1.29900	804.92	1.04559	3.26	0
818	18:50:54.18	0.0700	21.13111	20.68	42.03	1.0	0.998670	22.0958	1.29904	804.94	1.04565	3.26	0
819	18:50:54.48	0.0700	21.13118	20.68	42.03	1.0	0.998676	22.0954	1.29904	804.94	1.04563	3.26	0
820	18:50:54.78	0.0700	21.13125	20.68	42.03	1.0	0.998676	22.0958	1.29904	804.94	1.04564	3.26	0
821	18:50:55.08	0.0695	21.13132	20.68	42.03	1.0	0.998682	22.0958	1.29904	804.94	1.04564	3.26	0
822	18:50:55.38	0.0680	21.13195	20.68	42.03	1.0	0.998712	22.0965	1.29904	804.94	1.04564	3.26	0
823	18:50:55.68	0.0680	21.13195	20.68	42.03	1.0	0.998712	22.0968	1.29904	804.94	1.04566	3.26	0
824	18:50:55.98	0.0690	21.13160	20.68	42.03	1.0	0.998694	22.0961	1.29900	804.94	1.04564	3.26	0
825	18:50:56.28	0.0695	21.13146	20.68	42.03	1.0	0.998688	22.0959	1.29904	804.94	1.04564	3.26	0
826	18:50:56.58	0.0670	21.13237	20.68	42.03	1.0	0.998730	22.0961	1.29900	804.94	1.04561	3.26	0
827	18:50:56.88	0.0705	21.13097	20.68	42.03	1.0	0.998664	22.0960	1.29904	804.96	1.04567	3.26	0
828	18:50:57.18	0.0670	21.13230	20.68	42.03	1.0	0.998730	22.0965	1.29900	804.94	1.04563	3.26	0
829	18:50:57.48	0.0685	21.13181	20.68	42.03	1.0	0.998706	22.0970	1.29904	804.94	1.04567	3.26	0
830	18:50:57.78	0.0700	21.13118	20.68	42.03	1.0	0.998676	22.0972	1.29908	804.96	1.04572	3.26	0
831	18:50:58.08	0.0695	21.13132	20.68	42.10	1.0	0.998682	22.0965	1.29904	804.96	1.04567	3.26	0
832	18:50:58.38	0.0705	21.13090	20.68	42.10	1.0	0.998664	22.0963	1.29908	804.96	1.04569	3.26	0
833	18:50:58.68	0.0710	21.13076	20.68	42.10	1.0	0.998658	22.0963	1.29908	804.96	1.04569	3.26	0
834	18:50:58.98	0.0700	21.13118	20.68	42.10	1.0	0.998676	22.0963	1.29904	804.96	1.04567	3.26	0
835	18:50:59.28	0.0730	21.12992	20.68	42.10	1.0	0.998616	22.0961	1.29908	804.96	1.04572	3.26	0
836	18:50:59.58	0.0680	21.13202	20.68	42.10	1.0	0.998718	22.0965	1.29904	804.94	1.04564	3.26	0
837	18:50:59.88	0.0690	21.13153	20.68	42.10	1.0	0.998694	22.0968	1.29904	804.96	1.04568	3.26	0
838	18:51:00.18	0.0680	21.13188	20.68	42.10	1.0	0.998712	22.0968	1.29904	804.94	1.04566	3.26	0
839	18:51:00.48	0.0675	21.13209	20.68	42.10	1.0	0.998724	22.0970	1.29904	804.96	1.04566	3.26	0
840	18:51:00.78	0.0705	21.13097	20.68	42.10	1.0	0.998670	22.0965	1.29904	804.96	1.04569	3.26	0
841	18:51:01.08	0.0685	21.13174	20.68	42.10	1.0	0.998706	22.0968	1.29904	804.96	1.04567	3.26	0
842	18:51:01.38	0.0685	21.13160	20.68	42.10	1.0	0.998700	22.0956	1.29900	804.94	1.04562	3.26	0
843	18:51:01.68	0.0675	21.13202	20.68	42.10	1.0	0.998718	22.0966	1.29904	804.94	1.04564	3.26	0
844	18:51:01.98	0.0690	21.13146	20.68	42.10	1.0	0.998688	22.0963	1.29904	804.94	1.04566	3.26	0
845	18:51:02.28	0.0685	21.13181	20.68	42.10	1.0	0.998706	22.0968	1.29904	804.94	1.04567	3.26	0
846	18:51:02.58	0.0690	21.13153	20.68	42.10	1.0	0.998694	22.0966	1.29904	804.96	1.04567	3.26	0
847	18:51:02.88	0.0690	21.13160	20.68	42.10	1.0	0.998694	22.0960	1.29904	804.94	1.04564	3.26	0
848	18:51:03.18	0.0675	21.13209	20.68	42.10	1.0	0.998718	22.0966	1.29904	804.94	1.04564	3.26	0
849	18:51:03.48	0.0700	21.13104	20.68	42.10	1.0	0.998670	22.0963	1.29904	804.96	1.04568	3.26	0
850	18:51:03.78	0.0695	21.13132	20.68	42.10	1.0	0.998688	22.0958	1.29904	804.94	1.04564	3.26	0
851	18:51:04.08	0.0705	21.13104	20.68	42.10	1.0	0.998670	22.0964	1.29904	804.96	1.04569	3.26	0
852	18:51:04.38	0.0700	21.13118	20.68	42.10	1.0	0.998676	22.0959	1.29904	804.94	1.04566	3.26	0
853	18:51:04.68	0.0695	21.13139	20.68	42.10	1.0	0.998688	22.0959	1.29904	804.94	1.04564	3.26	0
854	18:51:04.98	0.0690	21.13153	20.68	42.10	1.0	0.998694	22.0964	1.29904	804.94	1.04566	3.26	0
855	18:51:05.28	0.0680	21.13188	20.68	42.10	1.0	0.998712	22.0963	1.29904	804.94	1.04564	3.26	0
856	18:51:05.58	0.0685	21.13167	20.68	42.10	1.0	0.998700	22.0963	1.29904	804.94	1.04565	3.26	0
857	18:51:05.88	0.0680	21.13202	20.68	42.10	1.0	0.998718	22.0962	1.29904	804.94	1.04563	3.26	0
858	18:51:06.18	0.0670	21.13237	20.68	42.10	1.0	0.998736	22.0961	1.29900	804.92	1.04560	3.26	0
859	18:51:06.48	0.0670	21.13237	20.68	42.10	1.0	0.998736	22.0968	1.29904	804.94	1.04564	3.26	0
860	18:51:06.78	0.0685	21.13174	20.68	42.10	1.0	0.998706	22.0968	1.29904	804.96	1.04567	3.26	0
861	18:51:07.08	0.0695	21.13132	20.68	42.10	1.0	0.998682	22.0961	1.29904	804.94	1.04566	3.26	0
862	18:51:07.38	0.0680	21.13188	20.68	42.10	1.0	0.998712	22.0957	1.29904	804.92	1.04561	3.26	0
863	18:51:07.68	0.0675	21.13216	20.68	42.10	1.0	0.998724	22.0966	1.29904	804.94	1.04564	3.26	0
864	18:51:07.98	0.0695	21.13139	20.68	42.10	1.0	0.998688	22.0963	1.29904	804.94	1.04566	3.26	0
865	18:51:08.28	0.0675	21.13202	20.68	42.10	1.0	0.998718	22.0965	1.29904	804.94	1.04564	3.26	0
866	18:51:08.58	0.0685	21.13174	20.68	42.10	1.0	0.998700	22.0963	1.29904	804.94	1.04564	3.26	0
867	18:51:08.88	0.0695	21.13132	20.68	42.10	1.0	0.998688	22.0963	1.29904	804.94	1.04566	3.26	0
868	18:51:09.18	0.0685	21.13181	20.68	42.10	1.0	0.998706	22.0954	1.29900	804.92	1.04560	3.26	0
869	18:51:09.48	0.0675	21.13202	20.68	42.10	1.0	0.998718	22.0959	1.29904	804.92	1.04561	3.26	0
870	18:51:09.78	0.0670	21.13230	20.68	42.10	1.0	0.998730	22.0963	1.29900	804.94	1.04561	3.26	0
871	18:51:10.08	0.0670	21.13230	20.68	42.10	1.0	0.998730	22.0961	1.29900	804.92	1.04561	3.26	0
872	18:51:10.38	0.0665	21.13258	20.68	42.10	1.0	0.998742	22.0957	1.29900	804.92	1.04558	3.26	0
873	18:51:10.68	0.0670	21.13223	20.68	42.10	1.0	0.998730	22.0961	1.29904	804.92	1.04561	3.26	0
874	18:51:10.98	0.0670	21.13230	20.68	42.10	1.0	0.998730	22.0966	1.29900	804.94	1.04563	3.26	0
875	18:51:11.28	0.0685	21.13181	20.68	42.10	1.0	0.998706	22.0960	1.29904	804.94	1.04563	3.26	0
876	18:51:11.58	0.0695	21.13139	20.68	42.10	1.0	0.998688	22.0957	1.29904	804.94	1.04563	3.26	0
877	18:51:11.88	0.0670	21.13230	20.68	42.10	1.0	0.998730	22.0954	1.29900	804.90	1.04558	3.26	0
878	18:51:12.18	0.0685	21.13174	20.68	42.10	1.0	0.998706	22.0958	1.29904	804.92	1.04562	3.26	0
879	18:51:12.48	0.0700	21.13104	20.68	42.10	1.0	0.998670	22.0955	1.29904	804.94	1.04564	3.26	0
880	18:51:12.78	0.0695	21.13139	20.68	42.10	1.0	0.998688	22.0955	1.29904	804.94	1.04563	3.26	0
881	18:51:13.08	0.0680	21.13195	20.68	42.10	1.0	0.998712	22.0959	1.29904	804.92	1.04562	3.26	0
882	18:51:13.38	0.0690	21.13160	20.68	42.10	1.0	0.998700	22.0959	1.29904	804.94	1.04563	3.26	0
883	18:51:13.68	0.0695	21.13139	20.68	42.10	1.0	0.998688	22.0956	1.29904	804.94	1.04563	3.26	0
884	18:51:13.98	0.0675	21.13216	20.68	42.10	1.0	0.998724	22.0964	1.29904	804.92	1.04563	3.26	0
885	18:51:14.28	0.0695	21.13125	20.68	42.10	1.0	0.998682	22.0962	1.29904	804.94	1.04567	3.26	0
886	18:51:14.58	0.0675	21.13209	20.68	42.10	1.0	0.998724	22.0962	1.29900	804.94	1.04563	3.26	0
887	18:51:14.88	0.0680	21.13181	20.68	42.10	1.0	0.998712	22.0958	1.29904	804.92	1.04562	3.26	0
888	18:51:15.18	0.0700	21.13104	20.68	42.10	1.0	0.998670	22.0957	1.29904	804.94	1.04565	3.26	0
889	18:51:15.48	0.0685	21.13174	20.68	42.10	1.0	0.998706	22.0961	1.29904	804.94	1.04563	3.26	0
890	18:51:15.78	0.0685	21.13181	20.68	42.10	1.0	0.998706	22.0958	1.29900	804.94	1.04562	3.26	0
891	18:51:16.08	0.0700	21.13111	20.68	42.10	1.0	0.998676	22.0953	1.29904	804.94	1.04563	3.26	0
892	18:51:16.38	0.0675	21.13216	20.68	42.10	1.0	0.998724	22.0966	1.29904	804.94	1.04564	3.26	0
893	18:51:16.68	0.0685	21.13167	20.68	42.10	1.0	0.998700	22.0965	1.29904	804.94	1.04566	3.26	0
894	18:51:16.98	0.0675	21.13209	20.68	42.10	1.0	0.998718	22.0961	1.29900	804.94	1.04562	3.26	0
895	18:51:17.28	0.0700	21.13111	20.68	42.10	1.0	0.998676	22.0958	1.29904	804.94	1.04565	3.26	0
896	18:51:17.58	0.0700	21.13104	20.68	42.10	1.0	0.998670	22.0956	1.29904	804.94	1.04565	3.26	0
897	18:51:17.88	0.0685	21.13167	20.68	42.10	1.0	0.998700	22.0957	1.29900	804.94	1.04562	3.26	0
898	18:51:18.18	0.0665	21.13258	20.68	42.10	1.0	0.998742	22.0959	1.29900	804.92	1.04559	3.26	0
899	18:51:18.48	0.0680	21.13188	20.68	42.10	1.0	0.998712	22.0966	1.29904	804.94	1.04565	3.26	0
900	18:51:18.78	0.0670	21.13230	20.68	42.10	1.0	0.998730	22.0961	1.29900	804.92	1.04561	3.26	0
901	18:51:19.08	0.0695	21.13132	20.68	42.10	1.0	0.998688	22.0956	1.29904	804.94	1.04563	3.26	0
902	18:51:19.38	0.0690	21.13160	20.68	42.10	1.0	0.998700	22.0961	1.29904	804.94	1.04564	3.26	0
903	18:51:19.68	0.0680	21.13188	20.68	42.10	1.0	0.998712	22.0967	1.29904	804.94	1.04566	3.26	0
904	18:51:19.98	0.0695	21.13132	20.68	42.10	1.0	0.998682	22.0963	1.29904	804.94	1.04567	3.26	0
905	18:51:20.28	0.0670	21.13237	20.68	42.10	1.0	0.998736	22.0961	1.29900	804.94	1.04560	3.26	0
906	18:51:20.58	0.0690	21.13146	20.68	42.10	1.0	0.998694	22.0953	1.29900	804.92	1.04561	3.26	0
907	18:51:20.88	0.0695	21.13139	20.68	42.10	1.0	0.998688	22.0963	1.29904	804.96	1.04566	3.26	0
908	18:51:21.18	0.0660	21.13279	20.68	42.10	1.0	0.998754	22.0961	1.29900	804.92	1.04558	3.26	0
909	18:51:21.48	0.0680	21.13188	20.68	42.10	1.0	0.998712	22.0954	1.29900	804.92	1.04559	3.26	0
910	18:51:21.78	0.0695	21.13125	20.68	42.10	1.0	0.998682	22.0949	1.29900	804.92	1.04560	3.26	0
911	18:51:22.08	0.0670	21.13230	20.68	42.10	1.0	0.998730	22.0956	1.29900	804.92	1.04558	3.26	0
912	18:51:22.38	0.0675	21.13223	20.68	42.10	1.0	0.998724	22.0954	1.29900	804.90	1.04558	3.26	0
913	18:51:22.68	0.0695	21.13132	20.68	42.10	1.0	0.998688	22.0950	1.29900	804.92	1.04560	3.26	0
914	18:51:22.98	0.0680	21.13188	20.68	42.10	1.0	0.998712	22.0953	1.29900	804.92	1.04559	3.26	0
915	18:51:23.28	0.0695	21.13132	20.68	42.10	1.0	0.998682	22.0961	1.29904	804.94	1.04566	3.26	0
916	18:51:23.58	0.0670	21.13230	20.68	42.10	1.0	0.998730	22.0963	1.29904	804.92	1.04562	3.26	0
917	18:51:23.88	0.0665	21.13251	20.68	42.10	1.0	0.998742	22.0967	1.29904	804.92	1.04563	3.26	0
918	18:51:24.18	0.0695	21.13132	20.68	42.10	1.0	0.998688	22.0961	1.29904	804.94	1.04566	3.26	0
919	18:51:24.48	0.0680	21.13202	20.68	42.10	1.0	0.998718	22.0961	1.29904	804.92	1.04562	3.26	0
920	18:51:24.78	0.0680	21.13202	20.68	42.10	1.0	0.998718	22.0952	1.29900	804.92	1.04558	3.26	0
921	18:51:25.08	0.0680	21.13195	20.68	42.10	1.0	0.998718	22.0960	1.29904	804.92	1.04562	3.26	0
922	18:51:25.38	0.0700	21.13111	20.68	42.10	1.0	0.998676	22.0963	1.29904	804.94	1.04567	3.26	0
923	18:51:25.68	0.0695	21.13139	20.68	42.10	1.0	0.998688	22.0963	1.29904	804.96	1.04566	3.26	0
924	18:51:25.98	0.0685	21.13167	20.68	42.10	1.0	0.998700	22.0961	1.29904	804.94	1.04564	3.26	0
925	18:51:26.28	0.0680	21.13188	20.68	42.10	1.0	0.998712	22.0964	1.29904	804.94	1.04564	3.26	0
926	18:51:26.58	0.0670	21.13237	20.68	42.10	1.0	0.998736	22.0963	1.29900	804.94	1.04561	3.26	0
927	18:51:26.88	0.0665	21.13251	20.68	42.13	1.0	0.998742	22.0972	1.29904	804.94	1.04565	3.26	0
928	18:51:27.18	0.0690	21.13139	20.68	42.13	1.0	0.998694	22.0957	1.29904	804.94	1.04563	3.26	0
929	18:51:27.48	0.0705	21.13090	20.68	42.13	1.0	0.998664	22.0956	1.29904	804.94	1.04565	3.26	0
930	18:51:27.78	0.0680	21.13195	20.68	42.13	1.0	0.998718	22.0958	1.29900	804.92	1.04561	3.26	0
931	18:51:28.08	0.0675	21.13202	20.68	42.13	1.0	0.998718	22.0965	1.29904	804.94	1.04564	3.26	0
932	18:51:28.38	0.0665	21.13251	20.68	42.13	1.0	0.998742	22.0959	1.29900	804.92	1.04559	3.26	0
933	18:51:28.68	0.0675	21.13202	20.68	42.13	1.0	0.998718	22.0965	1.29904	804.94	1.04564	3.26	0
934	18:51:28.98	0.0675	21.13209	20.68	42.13	1.0	0.998724	22.0964	1.29904	804.94	1.04563	3.26	0
935	18:51:29.28	0.0690	21.13146	20.68	42.13	1.0	0.998694	22.0957	1.29904	804.94	1.04563	3.26	0
936	18:51:29.58	0.0680	21.13188	20.68	42.13	1.0	0.998712	22.0963	1.29900	804.94	1.04564	3.26	0
937	18:51:29.88	0.0680	21.13188	20.68	42.13	1.0	0.998712	22.0964	1.29904	804.94	1.04564	3.26	0
938	18:51:30.18	0.0690	21.13146	20.68	42.13	1.0	0.998694	22.0958	1.29900	804.94	1.04564	3.26	0
939	18:51:30.48	0.0675	21.13202	20.68	42.13	1.0	0.998718	22.0957	1.29900	804.94	1.04561	3.26	0
940	18:51:30.78	0.0680	21.13181	20.68	42.13	1.0	0.998706	22.0962	1.29904	804.94	1.04564	3.26	0
941	18:51:31.08	0.0675	21.13202	20.68	42.13	1.0	0.998718	22.0965	1.29904	804.94	1.04564	3.26	0
942	18:51:31.38	0.0695	21.13125	20.68	42.13	1.0	0.998682	22.0963	1.29904	804.94	1.04567	3.26	0
943	18:51:31.68	0.0685	21.13174	20.68	42.13	1.0	0.998706	22.0961	1.29904	804.94	1.04564	3.26	0
944	18:51:31.98	0.0675	21.13202	20.68	42.13	1.0	0.998718	22.0966	1.29904	804.94	1.04564	3.26	0
945	18:51:32.28	0.0685	21.13174	20.68	42.13	1.0	0.998706	22.0969	1.29904	804.96	1.04567	3.26	0
946	18:51:32.58	0.0685	21.13160	20.68	42.13	1.0	0.998700	22.0960	1.29904	804.94	1.04564	3.26	0
947	18:51:32.88	0.0670	21.13216	20.68	42.16	1.0	0.998730	22.0970	1.29904	804.94	1.04566	3.26	0
948	18:51:33.18	0.0670	21.13230	20.68	42.16	1.0	0.998736	22.0965	1.29904	804.94	1.04563	3.26	0
949	18:51:33.48	0.0690	21.13146	20.68	42.16	1.0	0.998694	22.0958	1.29904	804.94	1.04564	3.26	0
950	18:51:33.78	0.0685	21.13167	20.68	42.16	1.0	0.998706	22.0970	1.29904	804.96	1.04568	3.26	0
951	18:51:34.08	0.0680	21.13188	20.68	42.16	1.0	0.998712	22.0966	1.29904	804.96	1.04566	3.26	0
952	18:51:34.38	0.0665	21.13244	20.68	42.16	1.0	0.998742	22.0968	1.29904	804.92	1.04563	3.26	0
953	18:51:34.68	0.0675	21.13195	20.68	42.16	1.0	0.998718	22.0961	1.29900	804.94	1.04563	3.26	0
954	18:51:34.98	0.0670	21.13223	20.68	42.16	1.0	0.998730	22.0968	1.29904	804.94	1.04564	3.26	0
955	18:51:35.28	0.0680	21.13181	20.68	42.16	1.0	0.998712	22.0964	1.29904	804.94	1.04564	3.26	0
956	18:51:35.58	0.0675	21.13209	20.68	42.16	1.0	0.998724	22.0965	1.29904	804.94	1.04563	3.26	0
957	18:51:35.88	0.0685	21.13174	20.68	42.16	1.0	0.998706	22.0968	1.29904	804.94	1.04567	3.26	0
958	18:51:36.18	0.0685	21.13160	20.68	42.16	1.0	0.998700	22.0964	1.29904	804.94	1.04566	3.26	0
959	18:51:36.48	0.0690	21.13132	20.68	42.16	1.0	0.998688	22.0964	1.29904	804.96	1.04567	3.26	0
960	18:51:36.78	0.0670	21.13223	20.68	42.16	1.0	0.998730	22.0965	1.29904	804.94	1.04563	3.26	0
961	18:51:37.08	0.0680	21.13181	20.68	42.16	1.0	0.998712	22.0969	1.29904	804.96	1.04567	3.26	0
962	18:51:37.38	0.0670	21.13223	20.68	42.16	1.0	0.998730	22.0965	1.29904	804.94	1.04563	3.26	0
963	18:51:37.68	0.0685	21.13160	20.68	42.16	1.0	0.998700	22.0962	1.29904	804.94	1.04565	3.26	0
964	18:51:37.98	0.0685	21.13153	20.68	42.16	1.0	0.998700	22.0958	1.29900	804.94	1.04563	3.26	0
965	18:51:38.28	0.0700	21.13104	20.68	42.19	1.0	0.998676	22.0958	1.29904	804.94	1.04566	3.26	0
966	18:51:38.58	0.0655	21.13272	20.68	42.19	1.0	0.998760	22.0972	1.29900	804.94	1.04564	3.26	0
967	18:51:38.88	0.0655	21.13272	20.68	42.19	1.0	0.998760	22.0971	1.29904	804.94	1.04563	3.26	0
968	18:51:39.18	0.0665	21.13230	20.68	42.19	1.0	0.998736	22.0956	1.29900	804.92	1.04558	3.26	0
969	18:51:39.48	0.0700	21.13090	20.68	42.19	1.0	0.998670	22.0956	1.29904	804.94	1.04566	3.26	0
970	18:51:39.78	0.0675	21.13202	20.68	42.19	1.0	0.998724	22.0962	1.29900	804.94	1.04563	3.26	0
971	18:51:40.08	0.0690	21.13146	20.68	42.19	1.0	0.998700	22.0961	1.29904	804.94	1.04564	3.26	0
972	18:51:40.38	0.0685	21.13167	20.68	42.19	1.0	0.998706	22.0961	1.29900	804.94	1.04564	3.26	0
973	18:51:40.68	0.0695	21.13125	20.68	42.19	1.0	0.998688	22.0961	1.29904	804.94	1.04566	3.26	0
974	18:51:40.98	0.0695	21.13125	20.68	42.19	1.0	0.998688	22.0959	1.29904	804.94	1.04565	3.26	0
975	18:51:41.28	0.0665	21.13237	20.68	42.19	1.0	0.998742	22.0961	1.29900	804.94	1.04560	3.26	0
976	18:51:41.58	0.0685	21.13160	20.68	42.19	1.0	0.998700	22.0971	1.29908	804.96	1.04569	3.26	0
977	18:51:41.88	0.0680	21.13181	20.68	42.19	1.0	0.998712	22.0965	1.29904	804.94	1.04565	3.26	0
978	18:51:42.18	0.0675	21.13209	20.68	42.19	1.0	0.998724	22.0961	1.29900	804.94	1.04562	3.26	0
979	18:51:42.48	0.0690	21.13146	20.68	42.19	1.0	0.998694	22.0961	1.29904	804.94	1.04565	3.26	0
980	18:51:42.78	0.0660	21.13251	20.68	42.19	1.0	0.998748	22.0965	1.29904	804.92	1.04562	3.26	0
981	18:51:43.08	0.0690	21.13139	20.68	42.19	1.0	0.998694	22.0964	1.29904	804.96	1.04567	3.26	0
982	18:51:43.38	0.0685	21.13167	20.68	42.19	1.0	0.998706	22.0961	1.29904	804.94	1.04564	3.26	0
983	18:51:43.68	0.0690	21.13146	20.68	42.19	1.0	0.998700	22.0963	1.29904	804.96	1.04566	3.26	0
984	18:51:43.98	0.0685	21.13167	20.68	42.19	1.0	0.998706	22.0965	1.29904	804.94	1.04566	3.26	0
985	18:51:44.28	0.0685	21.13160	20.68	42.19	1.0	0.998700	22.0960	1.29904	804.94	1.04564	3.26	0
986	18:51:44.58	0.0690	21.13146	20.68	42.19	1.0	0.998700	22.0954	1.29904	804.92	1.04561	3.26	0
987	18:51:44.88	0.0680	21.13174	20.68	42.19	1.0	0.998712	22.0959	1.29904	804.94	1.04563	3.26	0
988	18:51:45.18	0.0680	21.13181	20.68	42.19	1.0	0.998712	22.0956	1.29900	804.92	1.04561	3.26	0
989	18:51:45.48	0.0655	21.13272	20.68	42.23	1.0	0.998760	22.0966	1.29900	804.94	1.04561	3.26	0
990	18:51:45.78	0.0690	21.13132	20.68	42.23	1.0	0.998694	22.0968	1.29904	804.96	1.04569	3.26	0
991	18:51:46.08	0.0675	21.13202	20.68	42.23	1.0	0.998724	22.0957	1.29900	804.92	1.04560	3.26	0
992	18:51:46.38	0.0680	21.13174	20.68	42.23	1.0	0.998712	22.0964	1.29904	804.94	1.04565	3.26	0
993	18:51:46.68	0.0685	21.13160	20.68	42.23	1.0	0.998706	22.0962	1.29904	804.94	1.04565	3.26	0
994	18:51:46.98	0.0670	21.13209	20.68	42.23	1.0	0.998730	22.0958	1.29900	804.92	1.04561	3.26	0
995	18:51:47.28	0.0700	21.13104	20.68	42.19	1.0	0.998676	22.0963	1.29904	804.96	1.04568	3.26	0
996	18:51:47.58	0.0685	21.13153	20.68	42.19	1.0	0.998700	22.0963	1.29904	804.94	1.04565	3.26	0
997	18:51:47.88	0.0700	21.13104	20.68	42.23	1.0	0.998676	22.0958	1.29904	804.94	1.04566	3.26	0
998	18:51:48.18	0.0685	21.13153	20.68	42.23	1.0	0.998706	22.0958	1.29900	804.94	1.04563	3.26	0
999	18:51:48.48	0.0690	21.13132	20.68	42.23	1.0	0.998688	22.0955	1.29904	804.94	1.04563	3.26	0
1000	18:51:48.78	0.0665	21.13237	20.68	42.23	1.0	0.998742	22.0963	1.29900	804.92	1.04561	3.26	0
1001	18:51:49.08	0.0675	21.13195	20.68	42.23	1.0	0.998724	22.0963	1.29904	804.94	1.04564	3.26	0
1002	18:51:49.38	0.0685	21.13160	20.68	42.23	1.0	0.998706	22.0962	1.29904	804.94	1.04564	3.26	0
1003	18:51:49.68	0.0670	21.13216	20.68	42.23	1.0	0.998730	22.0964	1.29904	804.94	1.04563	3.26	0
1004	18:51:49.98	0.0680	21.13174	20.68	42.23	1.0	0.998712	22.0961	1.29904	804.94	1.04564	3.26	0
1005	18:51:50.28	0.0690	21.13139	20.68	42.23	1.0	0.998694	22.0962	1.29904	804.94	1.04566	3.26	0
1006	18:51:50.58	0.0685	21.13160	20.68	42.23	1.0	0.998706	22.0956	1.29900	804.92	1.04561	3.26	0
1007	18:51:50.88	0.0700	21.13104	20.68	42.23	1.0	0.998682	22.0954	1.29904	804.94	1.04564	3.26	0
1008	18:51:51.18	0.0665	21.13237	20.68	42.23	1.0	0.998742	22.0963	1.29900	804.92	1.04561	3.26	0
1009	18:51:51.48	0.0685	21.13153	20.68	42.23	1.0	0.998706	22.0955	1.29900	804.94	1.04562	3.26	0
1010	18:51:51.78	0.0690	21.13139	20.68	42.23	1.0	0.998694	22.0957	1.29904	804.94	1.04563	3.26	0
1011	18:51:52.08	0.0670	21.13216	20.68	42.23	1.0	0.998730	22.0961	1.29900	804.92	1.04561	3.26	0
1012	18:51:52.38	0.0695	21.13111	20.68	42.23	1.0	0.998682	22.0954	1.29904	804.94	1.04564	3.26	0
1013	18:51:52.68	0.0690	21.13146	20.68	42.23	1.0	0.998700	22.0956	1.29900	804.94	1.04563	3.26	0
1014	18:51:52.98	0.0695	21.13111	20.68	42.23	1.0	0.998682	22.0954	1.29900	804.94	1.04563	3.26	0
1015	18:51:53.28	0.0675	21.13195	20.68	42.23	1.0	0.998724	22.0958	1.29900	804.94	1.04561	3.26	0
1016	18:51:53.58	0.0690	21.13139	20.68	42.23	1.0	0.998694	22.0966	1.29904	804.96	1.04568	3.26	0
1017	18:51:53.88	0.0680	21.13167	20.68	42.23	1.0	0.998712	22.0957	1.29900	804.92	1.04562	3.26	0
1018	18:51:54.18	0.0685	21.13153	20.68	42.23	1.0	0.998700	22.0965	1.29904	804.96	1.04566	3.26	0
1019	18:51:54.48	0.0685	21.13160	20.68	42.23	1.0	0.998706	22.0963	1.29904	804.96	1.04566	3.26	0
1020	18:51:54.78	0.0690	21.13139	20.68	42.23	1.0	0.998694	22.0963	1.29904	804.94	1.04566	3.26	0
1021	18:51:55.08	0.0680	21.13174	20.68	42.23	1.0	0.998712	22.0961	1.29904	804.94	1.04564	3.26	0
1022	18:51:55.38	0.0680	21.13181	20.68	42.23	1.0	0.998718	22.0967	1.29904	804.96	1.04566	3.26	0
1023	18:51:55.68	0.0720	21.13020	20.68	42.23	1.0	0.998640	22.0965	1.29912	804.96	1.04573	3.26	0
1024	18:51:55.98	0.0680	21.13188	20.68	42.23	1.0	0.998718	22.0958	1.29900	804.94	1.04562	3.26	0
1025	18:51:56.28	0.0690	21.13139	20.68	42.23	1.0	0.998694	22.0964	1.29904	804.96	1.04567	3.26	0
1026	18:51:56.58	0.0685	21.13153	20.68	42.23	1.0	0.998706	22.0968	1.29904	804.96	1.04568	3.26	0
1027	18:51:56.88	0.0670	21.13209	20.68	42.23	1.0	0.998730	22.0970	1.29904	804.96	1.04566	3.26	0
1028	18:51:57.18	0.0705	21.13076	20.68	42.23	1.0	0.998664	22.0966	1.29908	804.96	1.04571	3.26	0
1029	18:51:57.48	0.0670	21.13223	20.68	42.23	1.0	0.998736	22.0979	1.29904	804.96	1.04570	3.26	0
1030	18:51:57.78	0.0690	21.13132	20.68	42.23	1.0	0.998694	22.0975	1.29908	804.96	1.04572	3.26	0
1031	18:51:58.08	0.0685	21.13153	20.68	42.23	1.0	0.998700	22.0967	1.29904	804.96	1.04567	3.26	0
1032	18:51:58.38	0.0690	21.13139	20.68	42.23	1.0	0.998694	22.0961	1.29904	804.94	1.04565	3.26	0
1033	18:51:58.68	0.0695	21.13111	20.68	42.23	1.0	0.998682	22.0970	1.29908	804.96	1.04570	3.26	0
1034	18:51:58.98	0.0660	21.13251	20.68	42.23	1.0	0.998748	22.0968	1.29904	804.94	1.04563	3.26	0
1035	18:51:59.28	0.0685	21.13153	20.68	42.23	1.0	0.998700	22.0964	1.29904	804.94	1.04566	3.26	0
1036	18:51:59.58	0.0670	21.13216	20.68	42.23	1.0	0.998730	22.0971	1.29904	804.96	1.04566	3.26	0
1037	18:51:59.88	0.0680	21.13174	20.68	42.23	1.0	0.998712	22.0969	1.29904	804.96	1.04567	3.26	0
1038	18:52:00.18	0.0665	21.13230	20.68	42.23	1.0	0.998742	22.0970	1.29904	804.94	1.04565	3.26	0
1039	18:52:00.48	0.0680	21.13167	20.68	42.23	1.0	0.998712	22.0968	1.29904	804.94	1.04567	3.26	0
1040	18:52:00.78	0.0690	21.13132	20.68	42.23	1.0	0.998694	22.0961	1.29904	804.94	1.04566	3.26	0
1041	18:52:01.08	0.0685	21.13160	20.68	42.23	1.0	0.998706	22.0958	1.29900	804.94	1.04563	3.26	0
1042	18:52:01.38	0.0690	21.13146	20.68	42.23	1.0	0.998700	22.0966	1.29908	804.94	1.04567	3.26	0
1043	18:52:01.68	0.0690	21.13132	20.68	42.23	1.0	0.998694	22.0961	1.29904	804.94	1.04566	3.26	0
1044	18:52:01.98	0.0670	21.13216	20.68	42.23	1.0	0.998730	22.0965	1.29904	804.92	1.04563	3.26	0
1045	18:52:02.28	0.0690	21.13139	20.68	42.23	1.0	0.998694	22.0963	1.29904	804.94	1.04566	3.26	0
1046	18:52:02.58	0.0665	21.13244	20.68	42.23	1.0	0.998742	22.0968	1.29900	804.94	1.04563	3.26	0
1047	18:52:02.88	0.0675	21.13188	20.68	42.23	1.0	0.998718	22.0963	1.29904	804.94	1.04564	3.26	0
1048	18:52:03.18	0.0685	21.13153	20.68	42.23	1.0	0.998700	22.0970	1.29908	804.96	1.04569	3.26	0
1049	18:52:03.48	0.0685	21.13167	20.68	42.23	1.0	0.998706	22.0964	1.29904	804.94	1.04566	3.26	0
1050	18:52:03.78	0.0690	21.13146	20.68	42.23	1.0	0.998700	22.0959	1.29904	804.94	1.04564	3.26	0
1051	18:52:04.08	0.0685	21.13167	20.68	42.23	1.0	0.998706	22.0961	1.29900	804.94	1.04564	3.26	0
1052	18:52:04.38	0.0690	21.13132	20.68	42.23	1.0	0.998694	22.0962	1.29904	804.94	1.04566	3.26	0
1053	18:52:04.68	0.0685	21.13160	20.68	42.23	1.0	0.998706	22.0963	1.29904	804.94	1.04565	3.26	0
1054	18:52:04.98	0.0685	21.13153	20.68	42.23	1.0	0.998706	22.0963	1.29904	804.94	1.04566	3.26	0
1055	18:52:05.28	0.0675	21.13202	20.68	42.23	1.0	0.998724	22.0970	1.29904	804.96	1.04567	3.26	0
1056	18:52:05.58	0.0670	21.13209	20.68	42.23	1.0	0.998730	22.0970	1.29904	804.94	1.04566	3.26	0
1057	18:52:05.88	0.0705	21.13083	20.68	42.23	1.0	0.998670	22.0964	1.29908	804.96	1.04569	3.26	0
1058	18:52:06.18	0.0695	21.13118	20.68	42.23	1.0	0.998682	22.0967	1.29908	804.96	1.04569	3.26	0
1059	18:52:06.48	0.0675	21.13202	20.68	42.23	1.0	0.998724	22.0963	1.29900	804.94	1.04563	3.26	0
1060	18:52:06.78	0.0705	21.13083	20.68	42.23	1.0	0.998670	22.0960	1.29908	804.94	1.04567	3.26	0
1061	18:52:07.08	0.0670	21.13216	20.68	42.26	1.0	0.998730	22.0968	1.29904	804.94	1.04565	3.26	0
1062	18:52:07.38	0.0680	21.13160	20.68	42.26	1.0	0.998706	22.0966	1.29904	804.96	1.04567	3.26	0
1063	18:52:07.68	0.0680	21.13174	20.68	42.26	1.0	0.998712	22.0965	1.29904	804.94	1.04566	3.26	0
1064	18:52:07.98	0.0680	21.13167	20.68	42.26	1.0	0.998712	22.0963	1.29904	804.94	1.04564	3.26	0
1065	18:52:08.28	0.0665	21.13230	20.68	42.26	1.0	0.998742	22.0974	1.29904	804.96	1.04567	3.26	0
1066	18:52:08.58	0.0690	21.13146	20.68	42.26	1.0	0.998700	22.0971	1.29908	804.96	1.04570	3.26	0
1067	18:52:08.88	0.0690	21.13139	20.68	42.26	1.0	0.998694	22.0968	1.29904	804.96	1.04569	3.26	0
1068	18:52:09.18	0.0670	21.13202	20.68	42.26	1.0	0.998730	22.0965	1.29904	804.94	1.04564	3.26	0
1069	18:52:09.48	0.0665	21.13230	20.68	42.26	1.0	0.998736	22.0971	1.29904	804.94	1.04566	3.26	0
1070	18:52:09.78	0.0645	21.13314	20.68	42.26	1.0	0.998778	22.0969	1.29900	804.92	1.04560	3.26	0
1071	18:52:10.08	0.0690	21.13125	20.68	42.26	1.0	0.998694	22.0963	1.29904	804.96	1.04567	3.26	0
1072	18:52:10.38	0.0680	21.13174	20.68	42.26	1.0	0.998712	22.0969	1.29904	804.96	1.04567	3.26	0
1073	18:52:10.68	0.0670	21.13216	20.68	42.29	1.0	0.998736	22.0968	1.29904	804.94	1.04565	3.26	0
1074	18:52:10.98	0.0700	21.13090	20.68	42.29	1.0	0.998676	22.0960	1.29904	804.96	1.04567	3.26	0
1075	18:52:11.28	0.0690	21.13125	20.68	42.29	1.0	0.998694	22.0964	1.29904	804.96	1.04567	3.26	0
1076	18:52:11.58	0.0695	21.13104	20.68	42.29	1.0	0.998682	22.0961	1.29904	804.96	1.04567	3.26	0
1077	18:52:11.88	0.0680	21.13167	20.68	42.29	1.0	0.998712	22.0964	1.29904	804.94	1.04566	3.26	0
1078	18:52:12.18	0.0700	21.13097	20.68	42.29	1.0	0.998676	22.0961	1.29904	804.96	1.04567	3.26	0
1079	18:52:12.48	0.0670	21.13209	20.68	42.29	1.0	0.998730	22.0969	1.29904	804.94	1.04566	3.26	0
1080	18:52:12.78	0.0675	21.13188	20.68	42.29	1.0	0.998718	22.0962	1.29904	804.94	1.04563	3.26	0
1081	18:52:13.08	0.0695	21.13118	20.68	42.29	1.0	0.998688	22.0959	1.29904	804.94	1.04566	3.26	0
1082	18:52:13.38	0.0670	21.13202	20.68	42.29	1.0	0.998730	22.0966	1.29900	804.96	1.04565	3.26	0
1083	18:52:13.68	0.0685	21.13139	20.68	42.29	1.0	0.998700	22.0966	1.29904	804.96	1.04568	3.26	0
1084	18:52:13.98	0.0690	21.13125	20.68	42.29	1.0	0.998694	22.0960	1.29904	804.94	1.04566	3.26	0
1085	18:52:14.28	0.0670	21.13209	20.68	42.29	1.0	0.998730	22.0970	1.29904	804.96	1.04566	3.26	0
1086	18:52:14.58	0.0695	21.13111	20.68	42.29	1.0	0.998688	22.0970	1.29904	804.98	1.04571	3.26	0
1087	18:52:14.88	0.0690	21.13132	20.68	42.29	1.0	0.998694	22.0968	1.29908	804.96	1.04569	3.26	0
1088	18:52:15.18	0.0670	21.13202	20.68	42.29	1.0	0.998730	22.0970	1.29904	804.94	1.04566	3.26	0
1089	18:52:15.48	0.0680	21.13167	20.68	42.29	1.0	0.998712	22.0967	1.29904	804.96	1.04567	3.26	0
1090	18:52:15.78	0.0695	21.13111	20.68	42.29	1.0	0.998682	22.0965	1.29908	804.96	1.04569	3.26	0
1091	18:52:16.08	0.0675	21.13181	20.68	42.29	1.0	0.998718	22.0965	1.29904	804.94	1.04565	3.26	0
1092	18:52:16.38	0.0680	21.13160	20.68	42.29	1.0	0.998712	22.0968	1.29904	804.96	1.04567	3.26	0
1093	18:52:16.68	0.0695	21.13104	20.68	42.29	1.0	0.998682	22.0958	1.29904	804.94	1.04566	3.26	0
1094	18:52:16.98	0.0690	21.13125	20.68	42.29	1.0	0.998694	22.0958	1.29904	804.94	1.04564	3.26	0
1095	18:52:17.28	0.0680	21.13167	20.68	42.29	1.0	0.998712	22.0964	1.29904	804.94	1.04566	3.26	0
1096	18:52:17.58	0.0675	21.13181	20.68	42.29	1.0	0.998718	22.0962	1.29904	804.94	1.04564	3.26	0
1097	18:52:17.88	0.0680	21.13174	20.68	42.29	1.0	0.998712	22.0965	1.29904	804.94	1.04566	3.26	0
1098	18:52:18.18	0.0685	21.13153	20.68	42.29	1.0	0.998706	22.0963	1.29904	804.96	1.04566	3.26	0
1099	18:52:18.48	0.0690	21.13125	20.68	42.29	1.0	0.998694	22.0963	1.29904	804.96	1.04567	3.26	0
1100	18:52:18.78	0.0680	21.13160	20.68	42.29	1.0	0.998706	22.0963	1.29904	804.94	1.04565	3.26	0
1101	18:52:19.08	0.0725	21.12999	20.68	42.29	1.0	0.998634	22.0961	1.29908	804.98	1.04573	3.26	0
1102	18:52:19.38	0.0700	21.13090	20.68	42.29	1.0	0.998676	22.0965	1.29908	804.96	1.04569	3.26	0
1103	18:52:19.68	0.0680	21.13167	20.68	42.29	1.0	0.998712	22.0959	1.29900	804.94	1.04563	3.26	0
1104	18:52:19.98	0.0700	21.13090	20.68	42.29	1.0	0.998676	22.0961	1.29904	804.96	1.04568	3.26	0
1105	18:52:20.28	0.0705	21.13076	20.68	42.29	1.0	0.998670	22.0951	1.29904	804.94	1.04564	3.26	0
1106	18:52:20.58	0.0710	21.13041	20.68	42.29	1.0	0.998652	22.0956	1.29904	804.96	1.04568	3.26	0
1107	18:52:20.88	0.0695	21.13111	20.68	42.29	1.0	0.998688	22.0958	1.29904	804.94	1.04565	3.26	0
1108	18:52:21.18	0.0705	21.13062	20.68	42.29	1.0	0.998664	22.0962	1.29908	804.96	1.04569	3.26	0
1109	18:52:21.48	0.0695	21.13118	20.68	42.29	1.0	0.998688	22.0963	1.29904	804.96	1.04567	3.26	0
1110	18:52:21.78	0.0705	21.13076	20.68	42.29	1.0	0.998670	22.0959	1.29908	804.94	1.04567	3.26	0
1111	18:52:22.08	0.0695	21.13118	20.68	42.29	1.0	0.998688	22.0963	1.29904	804.96	1.04567	3.26	0
1112	18:52:22.38	0.0710	21.13055	20.68	42.29	1.0	0.998658	22.0958	1.29904	804.96	1.04568	3.26	0
1113	18:52:22.68	0.0700	21.13083	20.68	42.29	1.0	0.998676	22.0961	1.29904	804.96	1.04568	3.26	0
1114	18:52:22.98	0.0690	21.13118	20.68	42.29	1.0	0.998688	22.0964	1.29904	804.96	1.04567	3.26	0
1115	18:52:23.28	0.0710	21.13048	20.68	42.29	1.0	0.998658	22.0963	1.29908	804.96	1.04570	3.26	0
1116	18:52:23.58	0.0705	21.13076	20.68	42.29	1.0	0.998670	22.0954	1.29904	804.94	1.04565	3.26	0
1117	18:52:23.88	0.0695	21.13118	20.68	42.29	1.0	0.998688	22.0961	1.29904	804.94	1.04567	3.26	0
1118	18:52:24.18	0.0695	21.13111	20.68	42.29	1.0	0.998688	22.0960	1.29904	804.94	1.04566	3.26	0
1119	18:52:24.48	0.0695	21.13104	20.68	42.29	1.0	0.998682	22.0958	1.29904	804.96	1.04566	3.26	0
1120	18:52:24.78	0.0685	21.13146	20.68	42.29	1.0	0.998700	22.0960	1.29904	804.94	1.04564	3.26	0
1121	18:52:25.08	0.0695	21.13118	20.68	42.29	1.0	0.998688	22.0964	1.29904	804.96	1.04568	3.26	0
1122	18:52:25.38	0.0705	21.13069	20.68	42.29	1.0	0.998664	22.0965	1.29908	804.96	1.04570	3.26	0
1123	18:52:25.68	0.0690	21.13139	20.68	42.29	1.0	0.998700	22.0962	1.29904	804.94	1.04566	3.26	0
1124	18:52:25.98	0.0705	21.13069	20.68	42.29	1.0	0.998664	22.0963	1.29908	804.96	1.04570	3.26	0
1125	18:52:26.28	0.0700	21.13076	20.68	42.29	1.0	0.998670	22.0960	1.29904	804.96	1.04568	3.26	0
1126	18:52:26.58	0.0680	21.13174	20.68	42.29	1.0	0.998712	22.0958	1.29900	804.94	1.04563	3.26	0
1127	18:52:26.88	0.0705	21.13069	20.68	42.29	1.0	0.998664	22.0964	1.29908	804.96	1.04570	3.26	0
1128	18:52:27.18	0.0705	21.13076	20.68	42.29	1.0	0.998670	22.0961	1.29904	804.96	1.04569	3.26	0
1129	18:52:27.48	0.0705	21.13076	20.68	42.29	1.0	0.998670	22.0964	1.29908	804.96	1.04570	3.26	0
1130	18:52:27.78	0.0685	21.13139	20.68	42.29	1.0	0.998700	22.0956	1.29900	804.94	1.04563	3.26	0
1131	18:52:28.08	0.0715	21.13027	20.68	42.29	1.0	0.998646	22.0958	1.29908	804.96	1.04569	3.26	0
1132	18:52:28.38	0.0690	21.13118	20.68	42.29	1.0	0.998688	22.0960	1.29904	804.94	1.04566	3.26	0
1133	18:52:28.68	0.0700	21.13097	20.68	42.29	1.0	0.998676	22.0959	1.29904	804.96	1.04567	3.26	0
1134	18:52:28.98	0.0685	21.13146	20.68	42.29	1.0	0.998700	22.0963	1.29904	804.94	1.04566	3.26	0
1135	18:52:29.28	0.0690	21.13125	20.68	42.29	1.0	0.998694	22.0956	1.29900	804.94	1.04563	3.26	0
1136	18:52:29.58	0.0685	21.13146	20.68	42.29	1.0	0.998700	22.0971	1.29904	804.96	1.04570	3.26	0
1137	18:52:29.88	0.0700	21.13083	20.68	42.29	1.0	0.998676	22.0961	1.29904	804.96	1.04568	3.26	0
1138	18:52:30.18	0.0710	21.13055	20.68	42.29	1.0	0.998658	22.0958	1.29904	804.96	1.04568	3.26	0
1139	18:52:30.48	0.0705	21.13076	20.68	42.29	1.0	0.998670	22.0961	1.29904	804.96	1.04569	3.26	0
1140	18:52:30.78	0.0695	21.13104	20.68	42.29	1.0	0.998682	22.0958	1.29904	804.94	1.04566	3.26	0
1141	18:52:31.08	0.0710	21.13055	20.68	42.29	1.0	0.998658	22.0960	1.29908	804.96	1.04569	3.26	0
1142	18:52:31.38	0.0695	21.13118	20.68	42.29	1.0	0.998688	22.0963	1.29904	804.96	1.04567	3.26	0
1143	18:52:31.68	0.0690	21.13139	20.68	42.29	1.0	0.998700	22.0960	1.29900	804.96	1.04565	3.26	0
1144	18:52:31.98	0.0715	21.13034	20.68	42.29	1.0	0.998646	22.0960	1.29908	804.96	1.04570	3.26	0
1145	18:52:32.28	0.0715	21.13034	20.68	42.29	1.0	0.998646	22.0956	1.29908	804.96	1.04569	3.26	0
1146	18:52:32.58	0.0715	21.13027	20.68	42.29	1.0	0.998646	22.0954	1.29904	804.96	1.04567	3.26	0
1147	18:52:32.88	0.0680	21.13167	20.68	42.29	1.0	0.998712	22.0960	1.29900	804.94	1.04564	3.26	0
1148	18:52:33.18	0.0675	21.13195	20.68	42.29	1.0	0.998724	22.0964	1.29904	804.94	1.04564	3.26	0
1149	18:52:33.48	0.0690	21.13139	20.68	42.29	1.0	0.998700	22.0961	1.29904	804.96	1.04566	3.26	0
1150	18:52:33.78	0.0695	21.13118	20.68	42.29	1.0	0.998688	22.0965	1.29904	804.96	1.04568	3.26	0
1151	18:52:34.08	0.0705	21.13062	20.68	42.29	1.0	0.998664	22.0963	1.29904	804.96	1.04570	3.26	0
1152	18:52:34.38	0.0695	21.13111	20.68	42.29	1.0	0.998688	22.0953	1.29904	804.94	1.04563	3.26	0
1153	18:52:34.68	0.0695	21.13111	20.68	42.29	1.0	0.998688	22.0955	1.29904	804.94	1.04564	3.26	0
1154	18:52:34.98	0.0685	21.13139	20.68	42.29	1.0	0.998700	22.0958	1.29904	804.94	1.04564	3.26	0
1155	18:52:35.28	0.0695	21.13097	20.68	42.29	1.0	0.998682	22.0954	1.29904	804.94	1.04564	3.26	0
1156	18:52:35.58	0.0685	21.13153	20.68	42.29	1.0	0.998706	22.0962	1.29904	804.96	1.04565	3.26	0
1157	18:52:35.88	0.0695	21.13118	20.68	42.29	1.0	0.998688	22.0957	1.29904	804.94	1.04564	3.26	0
1158	18:52:36.18	0.0690	21.13132	20.68	42.29	1.0	0.998694	22.0962	1.29904	804.96	1.04566	3.26	0
1159	18:52:36.48	0.0670	21.13202	20.68	42.29	1.0	0.998730	22.0954	1.29900	804.92	1.04559	3.26	0
1160	18:52:36.78	0.0700	21.13083	20.68	42.29	1.0	0.998676	22.0951	1.29900	804.94	1.04563	3.26	0
1161	18:52:37.08	0.0685	21.13146	20.68	42.29	1.0	0.998700	22.0944	1.29896	804.92	1.04557	3.26	0
1162	18:52:37.38	0.0680	21.13160	20.68	42.29	1.0	0.998712	22.0957	1.29900	804.94	1.04562	3.26	0
1163	18:52:37.68	0.0685	21.13153	20.68	42.29	1.0	0.998706	22.0951	1.29900	804.92	1.04560	3.26	0
1164	18:52:37.98	0.0685	21.13146	20.68	42.29	1.0	0.998700	22.0956	1.29904	804.94	1.04563	3.26	0
1165	18:52:38.28	0.0695	21.13118	20.68	42.29	1.0	0.998688	22.0954	1.29900	804.94	1.04563	3.26	0
1166	18:52:38.58	0.0700	21.13083	20.68	42.29	1.0	0.998670	22.0957	1.29904	804.94	1.04566	3.26	0
1167	18:52:38.88	0.0700	21.13083	20.68	42.29	1.0	0.998676	22.0961	1.29904	804.96	1.04568	3.26	0
1168	18:52:39.18	0.0685	21.13160	20.68	42.29	1.0	0.998706	22.0956	1.29900	804.94	1.04562	3.26	0
1169	18:52:39.48	0.0700	21.13083	20.68	42.29	1.0	0.998676	22.0961	1.29904	804.96	1.04567	3.26	0
1170	18:52:39.78	0.0690	21.13118	20.68	42.29	1.0	0.998688	22.0955	1.29904	804.94	1.04564	3.26	0
1171	18:52:40.08	0.0690	21.13132	20.68	42.29	1.0	0.998694	22.0955	1.29904	804.94	1.04563	3.26	0
1172	18:52:40.38	0.0710	21.13055	20.68	42.29	1.0	0.998658	22.0955	1.29904	804.96	1.04567	3.26	0
1173	18:52:40.68	0.0680	21.13174	20.68	42.29	1.0	0.998712	22.0958	1.29900	804.94	1.04563	3.26	0
1174	18:52:40.98	0.0680	21.13174	20.68	42.29	1.0	0.998718	22.0962	1.29900	804.94	1.04564	3.26	0
1175	18:52:41.28	0.0695	21.13118	20.68	42.29	1.0	0.998688	22.0958	1.29904	804.96	1.04565	3.26	0
1176	18:52:41.58	0.0700	21.13090	20.68	42.29	1.0	0.998676	22.0955	1.29904	804.94	1.04565	3.26	0
1177	18:52:41.88	0.0720	21.13006	20.68	42.29	1.0	0.998634	22.0962	1.29908	804.98	1.04572	3.26	0
1178	18:52:42.18	0.0680	21.13167	20.68	42.29	1.0	0.998712	22.0958	1.29900	804.94	1.04563	3.26	0
1179	18:52:42.48	0.0700	21.13097	20.68	42.29	1.0	0.998682	22.0958	1.29904	804.96	1.04566	3.26	0
1180	18:52:42.78	0.0680	21.13160	20.68	42.29	1.0	0.998712	22.0956	1.29900	804.94	1.04562	3.26	0
1181	18:52:43.08	0.0690	21.13118	20.68	42.29	1.0	0.998688	22.0949	1.29900	804.92	1.04560	3.26	0
1182	18:52:43.38	0.0675	21.13195	20.68	42.29	1.0	0.998724	22.0957	1.29900	804.92	1.04561	3.26	0
1183	18:52:43.68	0.0705	21.13069	20.68	42.29	1.0	0.998664	22.0949	1.29904	804.94	1.04563	3.26	0
1184	18:52:43.98	0.0690	21.13118	20.68	42.29	1.0	0.998688	22.0956	1.29904	804.94	1.04564	3.26	0
1185	18:52:44.28	0.0700	21.13090	20.68	42.29	1.0	0.998676	22.0949	1.29904	804.94	1.04562	3.26	0
1186	18:52:44.58	0.0690	21.13118	20.68	42.29	1.0	0.998688	22.0953	1.29900	804.94	1.04562	3.26	0
1187	18:52:44.88	0.0685	21.13146	20.68	42.29	1.0	0.998700	22.0954	1.29900	804.94	1.04561	3.26	0
1188	18:52:45.18	0.0695	21.13104	20.68	42.29	1.0	0.998682	22.0956	1.29904	804.94	1.04564	3.26	0
1189	18:52:45.48	0.0685	21.13146	20.68	42.29	1.0	0.998700	22.0957	1.29904	804.94	1.04563	3.26	0
1190	18:52:45.78	0.0710	21.13048	20.68	42.29	1.0	0.998658	22.0959	1.29908	804.96	1.04569	3.26	0
1191	18:52:46.08	0.0685	21.13139	20.68	42.29	1.0	0.998700	22.0956	1.29904	804.94	1.04563	3.26	0
1192	18:52:46.38	0.0685	21.13153	20.68	42.29	1.0	0.998706	22.0961	1.29900	804.96	1.04564	3.26	0
1193	18:52:46.68	0.0710	21.13041	20.68	42.29	1.0	0.998652	22.0953	1.29904	804.96	1.04567	3.26	0
1194	18:52:46.98	0.0695	21.13097	20.68	42.29	1.0	0.998682	22.0953	1.29904	804.94	1.04564	3.26	0
1195	18:52:47.28	0.0675	21.13188	20.68	42.29	1.0	0.998724	22.0954	1.29900	804.94	1.04560	3.26	0
1196	18:52:47.58	0.0700	21.13083	20.68	42.29	1.0	0.998676	22.0952	1.29904	804.94	1.04564	3.26	0
1197	18:52:47.88	0.0710	21.13041	20.68	42.29	1.0	0.998652	22.0964	1.29908	804.98	1.04572	3.26	0
1198	18:52:48.18	0.0690	21.13132	20.68	42.29	1.0	0.998694	22.0961	1.29904	804.94	1.04566	3.26	0
1199	18:52:48.48	0.0695	21.13118	20.68	42.29	1.0	0.998688	22.0967	1.29904	804.96	1.04569	3.26	0
1200	18:52:48.78	0.0695	21.13104	20.68	42.29	1.0	0.998682	22.0962	1.29904	804.96	1.04568	3.26	0
1201	18:52:49.08	0.0700	21.13083	20.68	42.29	1.0	0.998670	22.0958	1.29904	804.96	1.04567	3.26	0
1202	18:52:49.38	0.0700	21.13090	20.68	42.29	1.0	0.998676	22.0964	1.29908	804.96	1.04569	3.26	0
1203	18:52:49.68	0.0725	21.12992	20.68	42.29	1.0	0.998628	22.0958	1.29908	804.96	1.04571	3.26	0
1204	18:52:49.98	0.0690	21.13125	20.68	42.29	1.0	0.998694	22.0961	1.29904	804.94	1.04566	3.26	0
1205	18:52:50.28	0.0700	21.13083	20.68	42.29	1.0	0.998670	22.0962	1.29904	804.96	1.04569	3.26	0
1206	18:52:50.58	0.0695	21.13104	20.68	42.29	1.0	0.998682	22.0959	1.29904	804.94	1.04566	3.26	0
1207	18:52:50.88	0.0695	21.13104	20.68	42.29	1.0	0.998682	22.0972	1.29908	804.98	1.04572	3.26	0
1208	18:52:51.18	0.0685	21.13146	20.68	42.29	1.0	0.998700	22.0964	1.29904	804.94	1.04566	3.26	0
1209	18:52:51.48	0.0685	21.13139	20.68	42.29	1.0	0.998700	22.0954	1.29900	804.94	1.04562	3.26	0
1210	18:52:51.78	0.0685	21.13153	20.68	42.29	1.0	0.998706	22.0970	1.29904	804.96	1.04569	3.26	0
1211	18:52:52.08	0.0680	21.13167	20.68	42.29	1.0	0.998712	22.0965	1.29904	804.96	1.04566	3.26	0
1212	18:52:52.38	0.0700	21.13097	20.68	42.29	1.0	0.998682	22.0958	1.29904	804.94	1.04566	3.26	0
1213	18:52:52.68	0.0685	21.13153	20.68	42.29	1.0	0.998706	22.0966	1.29904	804.96	1.04567	3.26	0
1214	18:52:52.98	0.0705	21.13076	20.68	42.29	1.0	0.998670	22.0968	1.29908	804.98	1.04572	3.26	0
1215	18:52:53.28	0.0705	21.13062	20.68	42.29	1.0	0.998664	22.0956	1.29904	804.94	1.04567	3.26	0
1216	18:52:53.58	0.0690	21.13118	20.68	42.29	1.0	0.998688	22.0963	1.29904	804.96	1.04567	3.26	0
1217	18:52:53.88	0.0685	21.13153	20.68	42.29	1.0	0.998706	22.0961	1.29904	804.94	1.04565	3.26	0
1218	18:52:54.18	0.0680	21.13181	20.68	42.29	1.0	0.998718	22.0963	1.29904	804.94	1.04564	3.26	0
1219	18:52:54.48	0.0670	21.13202	20.68	42.29	1.0	0.998730	22.0956	1.29900	804.92	1.04560	3.26	0
1220	18:52:54.78	0.0700	21.13097	20.68	42.29	1.0	0.998676	22.0956	1.29904	804.94	1.04566	3.26	0
1221	18:52:55.08	0.0690	21.13118	20.68	42.29	1.0	0.998688	22.0955	1.29900	804.94	1.04563	3.26	0
1222	18:52:55.38	0.0700	21.13090	20.68	42.29	1.0	0.998676	22.0953	1.29904	804.94	1.04564	3.26	0
1223	18:52:55.68	0.0675	21.13181	20.68	42.29	1.0	0.998718	22.0958	1.29900	804.94	1.04562	3.26	0
1224	18:52:55.98	0.0690	21.13139	20.68	42.29	1.0	0.998700	22.0963	1.29904	804.94	1.04567	3.26	0
1225	18:52:56.28	0.0710	21.13055	20.68	42.29	1.0	0.998658	22.0953	1.29904	804.94	1.04566	3.26	0
1226	18:52:56.58	0.0685	21.13146	20.68	42.29	1.0	0.998700	22.0959	1.29904	804.94	1.04564	3.26	0
1227	18:52:56.88	0.0705	21.13062	20.68	42.29	1.0	0.998664	22.0960	1.29904	804.96	1.04569	3.26	0
1228	18:52:57.18	0.0695	21.13111	20.68	42.29	1.0	0.998688	22.0963	1.29904	804.96	1.04568	3.26	0
1229	18:52:57.48	0.0865	21.12425	20.68	42.29	1.0	0.998364	22.0885	1.29904	804.94	1.04564	3.26	0
1230	18:52:57.78	0.0660	21.13251	20.68	42.29	1.0	0.998754	22.0973	1.29904	804.96	1.04566	3.26	0
1231	18:52:58.08	0.0675	21.13195	20.68	42.29	1.0	0.998724	22.0957	1.29900	804.92	1.04561	3.26	0
1232	18:52:58.38	0.0690	21.13125	20.68	42.29	1.0	0.998694	22.0954	1.29900	804.94	1.04563	3.26	0
1233	18:52:58.68	0.0690	21.13125	20.68	42.29	1.0	0.998694	22.0964	1.29904	804.96	1.04567	3.26	0
1234	18:52:58.98	0.0695	21.13111	20.68	42.29	1.0	0.998688	22.0954	1.29904	804.94	1.04563	3.26	0
1235	18:52:59.28	0.0680	21.13167	20.68	42.29	1.0	0.998712	22.0956	1.29900	804.94	1.04561	3.26	0
1236	18:52:59.58	0.0710	21.13048	20.68	42.29	1.0	0.998658	22.0961	1.29908	804.96	1.04570	3.26	0
1237	18:52:59.88	0.0695	21.13111	20.68	42.29	1.0	0.998688	22.0958	1.29904	804.94	1.04565	3.26	0
1238	18:53:00.18	0.0710	21.13055	20.68	42.29	1.0	0.998658	22.0947	1.29904	804.94	1.04563	3.26	0
1239	18:53:00.48	0.0690	21.13125	20.68	42.29	1.0	0.998694	22.0956	1.29900	804.94	1.04564	3.26	0
1240	18:53:00.78	0.0675	21.13195	20.68	42.29	1.0	0.998724	22.0957	1.29900	804.92	1.04560	3.26	0
1241	18:53:01.08	0.0690	21.13139	20.68	42.29	1.0	0.998700	22.0961	1.29904	804.94	1.04565	3.26	0
1242	18:53:01.38	0.0690	21.13132	20.68	42.29	1.0	0.998694	22.0956	1.29904	804.94	1.04564	3.26	0
1243	18:53:01.68	0.0700	21.13090	20.68	42.29	1.0	0.998676	22.0963	1.29904	804.96	1.04569	3.26	0
1244	18:53:01.98	0.0700	21.13083	20.68	42.29	1.0	0.998676	22.0962	1.29904	804.96	1.04569	3.26	0
1245	18:53:02.28	0.0700	21.13083	20.68	42.29	1.0	0.998670	22.0964	1.29908	804.96	1.04570	3.26	0
1246	18:53:02.58	0.0685	21.13153	20.68	42.29	1.0	0.998706	22.0958	1.29904	804.94	1.04563	3.26	0
1247	18:53:02.88	0.0690	21.13118	20.68	42.29	1.0	0.998688	22.0964	1.29904	804.96	1.04568	3.26	0
1248	18:53:03.18	0.0700	21.13083	20.68	42.29	1.0	0.998670	22.0970	1.29908	804.96	1.04572	3.26	0
1249	18:53:03.48	0.0705	21.13069	20.68	42.29	1.0	0.998664	22.0963	1.29908	804.96	1.04570	3.26	0
1250	18:53:03.78	0.0700	21.13090	20.68	42.29	1.0	0.998676	22.0963	1.29908	804.96	1.04569	3.26	0
1251	18:53:04.08	0.0705	21.13069	20.68	42.29	1.0	0.998664	22.0963	1.29908	804.96	1.04570	3.26	0
1252	18:53:04.38	0.0695	21.13111	20.68	42.29	1.0	0.998688	22.0962	1.29904	804.96	1.04567	3.26	0
1253	18:53:04.68	0.0690	21.13132	20.68	42.29	1.0	0.998694	22.0967	1.29908	804.96	1.04569	3.26	0
1254	18:53:04.98	0.0685	21.13139	20.68	42.29	1.0	0.998700	22.0960	1.29904	804.94	1.04565	3.26	0
1255	18:53:05.28	0.0685	21.13153	20.68	42.29	1.0	0.998706	22.0961	1.29904	804.96	1.04565	3.26	0
1256	18:53:05.58	0.0680	21.13174	20.68	42.29	1.0	0.998718	22.0968	1.29904	804.96	1.04567	3.26	0
1257	18:53:05.88	0.0700	21.13090	20.68	42.29	1.0	0.998676	22.0959	1.29904	804.96	1.04567	3.26	0
1258	18:53:06.18	0.0700	21.13083	20.68	42.29	1.0	0.998670	22.0956	1.29904	804.94	1.04566	3.26	0
1259	18:53:06.48	0.0690	21.13132	20.68	42.29	1.0	0.998694	22.0955	1.29900	804.94	1.04563	3.26	0
1260	18:53:06.78	0.0705	21.13069	20.68	42.29	1.0	0.998664	22.0962	1.29908	804.96	1.04569	3.26	0
1261	18:53:07.08	0.0700	21.13090	20.68	42.29	1.0	0.998676	22.0958	1.29904	804.94	1.04566	3.26	0
1262	18:53:07.38	0.0700	21.13083	20.68	42.29	1.0	0.998676	22.0966	1.29908	804.96	1.04570	3.26	0
1263	18:53:07.68	0.0700	21.13090	20.68	42.29	1.0	0.998676	22.0961	1.29904	804.96	1.04567	3.26	0
1264	18:53:07.98	0.0705	21.13069	20.68	42.29	1.0	0.998664	22.0961	1.29908	804.96	1.04569	3.26	0
1265	18:53:08.27	0.0695	21.13111	20.68	42.29	1.0	0.998688	22.0957	1.29904	804.94	1.04565	3.26	0
1266	18:53:08.58	0.0690	21.13139	20.68	42.29	1.0	0.998700	22.0958	1.29904	804.94	1.04564	3.26	0
1267	18:53:08.87	0.0690	21.13118	20.68	42.29	1.0	0.998688	22.0955	1.29900	804.94	1.04563	3.26	0
1268	18:53:09.17	0.0700	21.13083	20.68	42.29	1.0	0.998676	22.0961	1.29904	804.96	1.04567	3.26	0
1269	18:53:09.48	0.0715	21.13020	20.68	42.29	1.0	0.998646	22.0959	1.29904	804.98	1.04570	3.26	0
1270	18:53:09.77	0.0690	21.13125	20.68	42.29	1.0	0.998694	22.0958	1.29904	804.94	1.04564	3.26	0
1271	18:53:10.07	0.0705	21.13069	20.68	42.29	1.0	0.998664	22.0963	1.29908	804.96	1.04570	3.26	0
1272	18:53:10.37	0.0680	21.13160	20.68	42.29	1.0	0.998706	22.0967	1.29904	804.96	1.04567	3.26	0
1273	18:53:10.68	0.0705	21.13062	20.68	42.29	1.0	0.998664	22.0955	1.29904	804.96	1.04566	3.26	0
1274	18:53:10.97	0.0725	21.12992	20.68	42.29	1.0	0.998628	22.0950	1.29908	804.94	1.04567	3.26	0
1275	18:53:11.27	0.0715	21.13027	20.68	42.29	1.0	0.998646	22.0960	1.29908	804.98	1.04570	3.26	0
1276	18:53:11.58	0.0705	21.13069	20.68	42.29	1.0	0.998664	22.0959	1.29904	804.96	1.04568	3.26	0
1277	18:53:11.87	0.0700	21.13083	20.68	42.29	1.0	0.998676	22.0959	1.29904	804.96	1.04567	3.26	0
1278	18:53:12.18	0.0695	21.13097	20.68	42.29	1.0	0.998682	22.0961	1.29904	804.94	1.04567	3.26	0
1279	18:53:12.47	0.0700	21.13090	20.68	42.29	1.0	0.998676	22.0956	1.29904	804.94	1.04566	3.26	0
1280	18:53:12.77	0.0680	21.13167	20.68	42.29	1.0	0.998712	22.0958	1.29900	804.94	1.04563	3.26	0
1281	18:53:13.07	0.0690	21.13139	20.68	42.29	1.0	0.998700	22.0958	1.29900	804.96	1.04564	3.26	0
1282	18:53:13.37	0.0685	21.13146	20.68	42.29	1.0	0.998706	22.0954	1.29900	804.94	1.04561	3.26	0
1283	18:53:13.67	0.0720	21.13013	20.68	42.29	1.0	0.998640	22.0954	1.29904	804.96	1.04568	3.26	0
1284	18:53:13.97	0.0675	21.13181	20.68	42.29	1.0	0.998718	22.0949	1.29896	804.92	1.04558	3.26	0
1285	18:53:14.27	0.0685	21.13146	20.68	42.29	1.0	0.998700	22.0953	1.29900	804.94	1.04561	3.26	0
1286	18:53:14.58	0.0690	21.13118	20.68	42.29	1.0	0.998688	22.0955	1.29900	804.94	1.04563	3.26	0
1287	18:53:14.88	0.0680	21.13174	20.68	42.29	1.0	0.998718	22.0959	1.29900	804.94	1.04563	3.26	0
1288	18:53:15.17	0.0705	21.13076	20.68	42.29	1.0	0.998670	22.0951	1.29900	804.94	1.04564	3.26	0
1289	18:53:15.47	0.0710	21.13048	20.68	42.29	1.0	0.998658	22.0955	1.29904	804.96	1.04567	3.26	0
1290	18:53:15.77	0.0675	21.13188	20.68	42.29	1.0	0.998724	22.0958	1.29900	804.92	1.04561	3.26	0
1291	18:53:16.07	0.0690	21.13139	20.68	42.29	1.0	0.998700	22.0963	1.29904	804.96	1.04567	3.26	0
1292	18:53:16.37	0.0700	21.13090	20.68	42.29	1.0	0.998676	22.0957	1.29904	804.94	1.04566	3.26	0
1293	18:53:16.67	0.0690	21.13125	20.68	42.29	1.0	0.998694	22.0964	1.29904	804.96	1.04567	3.26	0
1294	18:53:16.97	0.0680	21.13167	20.68	42.29	1.0	0.998712	22.0963	1.29904	804.94	1.04565	3.26	0
1295	18:53:17.27	0.0685	21.13146	20.68	42.29	1.0	0.998700	22.0960	1.29904	804.94	1.04564	3.26	0
1296	18:53:17.57	0.0700	21.13097	20.68	42.29	1.0	0.998676	22.0961	1.29904	804.96	1.04567	3.26	0
1297	18:53:17.87	0.0690	21.13132	20.68	42.29	1.0	0.998694	22.0964	1.29904	804.96	1.04567	3.26	0
1298	18:53:18.18	0.0700	21.13090	20.68	42.29	1.0	0.998676	22.0961	1.29904	804.96	1.04567	3.26	0
1299	18:53:18.47	0.0670	21.13202	20.68	42.29	1.0	0.998730	22.0957	1.29900	804.92	1.04560	3.26	0
1300	18:53:18.77	0.0695	21.13097	20.68	42.29	1.0	0.998682	22.0962	1.29904	804.96	1.04567	3.26	0
1301	18:53:19.07	0.0715	21.13020	20.68	42.29	1.0	0.998646	22.0959	1.29908	804.96	1.04570	3.26	0
1302	18:53:19.37	0.0695	21.13111	20.68	42.29	1.0	0.998688	22.0960	1.29904	804.96	1.04566	3.26	0
1303	18:53:19.67	0.0695	21.13118	20.68	42.29	1.0	0.998688	22.0961	1.29904	804.96	1.04566	3.26	0
1304	18:53:19.97	0.0720	21.12999	20.68	42.29	1.0	0.998634	22.0956	1.29908	804.96	1.04570	3.26	0
1305	18:53:20.27	0.0685	21.13146	20.68	42.29	1.0	0.998700	22.0961	1.29904	804.94	1.04565	3.26	0
1306	18:53:20.57	0.0700	21.13097	20.68	42.29	1.0	0.998676	22.0956	1.29904	804.96	1.04566	3.26	0
1307	18:53:20.87	0.0670	21.13216	20.68	42.29	1.0	0.998736	22.0959	1.29900	804.94	1.04561	3.26	0
1308	18:53:21.17	0.0685	21.13146	20.68	42.29	1.0	0.998700	22.0954	1.29900	804.94	1.04562	3.26	0
1309	18:53:21.47	0.0690	21.13118	20.68	42.29	1.0	0.998688	22.0964	1.29904	804.96	1.04567	3.26	0
1310	18:53:21.78	0.0700	21.13090	20.68	42.29	1.0	0.998676	22.0958	1.29904	804.96	1.04566	3.26	0
1311	18:53:22.07	0.0685	21.13146	20.68	42.29	1.0	0.998700	22.0963	1.29904	804.94	1.04566	3.26	0
1312	18:53:22.37	0.0695	21.13111	20.68	42.29	1.0	0.998682	22.0959	1.29904	804.96	1.04566	3.26	0
1313	18:53:22.67	0.0705	21.13069	20.68	42.29	1.0	0.998664	22.0958	1.29904	804.96	1.04567	3.26	0
1314	18:53:22.97	0.0690	21.13125	20.68	42.29	1.0	0.998694	22.0963	1.29904	804.94	1.04567	3.26	0
1315	18:53:23.27	0.0680	21.13174	20.68	42.29	1.0	0.998712	22.0956	1.29900	804.92	1.04561	3.26	0
1316	18:53:23.57	0.0705	21.13062	20.68	42.29	1.0	0.998664	22.0956	1.29904	804.96	1.04567	3.26	0
1317	18:53:23.88	0.0685	21.13139	20.68	42.29	1.0	0.998700	22.0961	1.29904	804.94	1.04565	3.26	0
1318	18:53:24.17	0.0705	21.13069	20.68	42.29	1.0	0.998664	22.0956	1.29904	804.96	1.04567	3.26	0
1319	18:53:24.48	0.0695	21.13104	20.68	42.29	1.0	0.998682	22.0962	1.29904	804.96	1.04567	3.26	0
1320	18:53:24.77	0.0695	21.13118	20.68	42.29	1.0	0.998688	22.0955	1.29904	804.94	1.04564	3.26	0
1321	18:53:25.07	0.0685	21.13139	20.68	42.29	1.0	0.998700	22.0960	1.29904	804.94	1.04565	3.26	0
1322	18:53:25.37	0.0690	21.13132	20.68	42.29	1.0	0.998700	22.0956	1.29900	804.96	1.04563	3.26	0
1323	18:53:25.67	0.0690	21.13132	20.68	42.29	1.0	0.998694	22.0954	1.29900	804.94	1.04562	3.26	0
1324	18:53:25.97	0.0685	21.13146	20.68	42.29	1.0	0.998700	22.0954	1.29900	804.94	1.04562	3.26	0
1325	18:53:26.27	0.0720	21.13013	20.68	42.29	1.0	0.998640	22.0956	1.29904	804.96	1.04570	3.26	0
1326	18:53:26.57	0.0720	21.13006	20.68	42.29	1.0	0.998634	22.0958	1.29904	804.98	1.04571	3.26	0
1327	18:53:26.88	0.0685	21.13139	20.68	42.29	1.0	0.998700	22.0949	1.29900	804.92	1.04560	3.26	0
1328	18:53:27.17	0.0695	21.13111	20.68	42.29	1.0	0.998682	22.0960	1.29904	804.94	1.04566	3.26	0
1329	18:53:27.47	0.0695	21.13111	20.68	42.29	1.0	0.998688	22.0957	1.29904	804.94	1.04564	3.26	0
1330	18:53:27.77	0.0680	21.13160	20.68	42.29	1.0	0.998712	22.0961	1.29904	804.94	1.04564	3.26	0
1331	18:53:28.07	0.0700	21.13090	20.68	42.29	1.0	0.998676	22.0955	1.29904	804.94	1.04565	3.26	0
1332	18:53:28.37	0.0685	21.13160	20.68	42.29	1.0	0.998706	22.0956	1.29900	804.94	1.04562	3.26	0
1333	18:53:28.67	0.0695	21.13111	20.68	42.29	1.0	0.998688	22.0958	1.29904	804.94	1.04565	3.26	0
1334	18:53:28.98	0.0690	21.13125	20.68	42.29	1.0	0.998694	22.0963	1.29904	804.96	1.04567	3.26	0
1335	18:53:29.27	0.0695	21.13104	20.68	42.29	1.0	0.998682	22.0954	1.29904	804.94	1.04564	3.26	0
1336	18:53:29.57	0.0695	21.13097	20.68	42.29	1.0	0.998682	22.0954	1.29904	804.94	1.04564	3.26	0
1337	18:53:29.87	0.0690	21.13125	20.68	42.29	1.0	0.998694	22.0954	1.29904	804.94	1.04563	3.26	0
1338	18:53:30.17	0.0695	21.13104	20.68	42.29	1.0	0.998682	22.0956	1.29904	804.96	1.04565	3.26	0
1339	18:53:30.47	0.0715	21.13034	20.68	42.29	1.0	0.998652	22.0960	1.29904	804.98	1.04570	3.26	0
1340	18:53:30.77	0.0700	21.13083	20.68	42.29	1.0	0.998670	22.0949	1.29900	804.94	1.04563	3.26	0
1341	18:53:31.08	0.0690	21.13125	20.68	42.29	1.0	0.998694	22.0957	1.29904	804.94	1.04564	3.26	0
1342	18:53:31.38	0.0705	21.13062	20.68	42.29	1.0	0.998664	22.0955	1.29904	804.96	1.04566	3.26	0
1343	18:53:31.67	0.0705	21.13069	20.68	42.29	1.0	0.998664	22.0955	1.29904	804.94	1.04566	3.26	0
1344	18:53:31.97	0.0690	21.13139	20.68	42.29	1.0	0.998700	22.0958	1.29904	804.94	1.04564	3.26	0
1345	18:53:32.27	0.0705	21.13076	20.68	42.29	1.0	0.998670	22.0962	1.29904	804.96	1.04569	3.26	0
1346	18:53:32.57	0.0690	21.13125	20.68	42.29	1.0	0.998694	22.0956	1.29904	804.94	1.04564	3.26	0
1347	18:53:32.87	0.0700	21.13097	20.68	42.29	1.0	0.998676	22.0958	1.29904	804.96	1.04566	3.26	0
1348	18:53:33.17	0.0685	21.13153	20.68	42.29	1.0	0.998706	22.0963	1.29904	804.94	1.04566	3.26	0
1349	18:53:33.47	0.0705	21.13069	20.68	42.29	1.0	0.998664	22.0957	1.29904	804.96	1.04567	3.26	0
1350	18:53:33.77	0.0680	21.13167	20.68	42.29	1.0	0.998712	22.0961	1.29900	804.94	1.04564	3.26	0
1351	18:53:34.07	0.0700	21.13090	20.68	42.29	1.0	0.998676	22.0956	1.29904	804.94	1.04566	3.26	0
1352	18:53:34.37	0.0695	21.13111	20.68	42.29	1.0	0.998688	22.0961	1.29904	804.96	1.04567	3.26	0
1353	18:53:34.67	0.0675	21.13181	20.68	42.29	1.0	0.998718	22.0962	1.29900	804.94	1.04564	3.26	0
1354	18:53:34.97	0.0680	21.13167	20.68	42.29	1.0	0.998712	22.0954	1.29900	804.94	1.04561	3.26	0
1355	18:53:35.27	0.0705	21.13069	20.68	42.29	1.0	0.998664	22.0951	1.29904	804.94	1.04564	3.26	0
1356	18:53:35.58	0.0700	21.13083	20.68	42.29	1.0	0.998676	22.0957	1.29904	804.96	1.04566	3.26	0
1357	18:53:35.88	0.0685	21.13146	20.68	42.29	1.0	0.998700	22.0963	1.29904	804.96	1.04566	3.26	0
1358	18:53:36.17	0.0700	21.13090	20.68	42.29	1.0	0.998676	22.0952	1.29904	804.94	1.04564	3.26	0
1359	18:53:36.47	0.0700	21.13083	20.68	42.29	1.0	0.998676	22.0957	1.29904	804.96	1.04566	3.26	0
1360	18:53:36.77	0.0685	21.13153	20.68	42.29	1.0	0.998706	22.0963	1.29904	804.94	1.04565	3.26	0
1361	18:53:37.07	0.0665	21.13216	20.68	42.29	1.0	0.998736	22.0959	1.29900	804.94	1.04560	3.26	0
1362	18:53:37.37	0.0685	21.13153	20.68	42.29	1.0	0.998706	22.0963	1.29904	804.96	1.04565	3.26	0
1363	18:53:37.67	0.0675	21.13181	20.68	42.29	1.0	0.998718	22.0963	1.29904	804.94	1.04564	3.26	0
1364	18:53:37.97	0.0690	21.13132	20.68	42.29	1.0	0.998694	22.0961	1.29904	804.96	1.04566	3.26	0
1365	18:53:38.27	0.0715	21.13027	20.68	42.29	1.0	0.998646	22.0962	1.29908	804.96	1.04571	3.26	0
1366	18:53:38.57	0.0700	21.13097	20.68	42.29	1.0	0.998676	22.0965	1.29904	804.96	1.04569	3.26	0
1367	18:53:38.87	0.0700	21.13090	20.68	42.29	1.0	0.998676	22.0969	1.29908	804.98	1.04572	3.26	0
1368	18:53:39.17	0.0700	21.13090	20.68	42.29	1.0	0.998676	22.0970	1.29908	804.98	1.04572	3.26	0
1369	18:53:39.47	0.0675	21.13195	20.68	42.29	1.0	0.998724	22.0970	1.29904	804.96	1.04567	3.26	0
1370	18:53:39.77	0.0700	21.13083	20.68	42.29	1.0	0.998670	22.0964	1.29904	804.96	1.04570	3.26	0
1371	18:53:40.07	0.0700	21.13083	20.68	42.29	1.0	0.998676	22.0962	1.29904	804.96	1.04569	3.26	0
1372	18:53:40.37	0.0690	21.13125	20.68	42.29	1.0	0.998694	22.0966	1.29904	804.96	1.04569	3.26	0
1373	18:53:40.67	0.0690	21.13125	20.68	42.29	1.0	0.998694	22.0962	1.29904	804.96	1.04567	3.26	0
1374	18:53:40.97	0.0690	21.13118	20.68	42.29	1.0	0.998688	22.0960	1.29904	804.94	1.04566	3.26	0
1375	18:53:41.27	0.0695	21.13111	20.68	42.29	1.0	0.998688	22.0965	1.29904	804.96	1.04569	3.26	0
1376	18:53:41.57	0.0685	21.13153	20.68	42.29	1.0	0.998706	22.0960	1.29904	804.94	1.04564	3.26	0
1377	18:53:41.87	0.0695	21.13118	20.68	42.29	1.0	0.998688	22.0968	1.29908	804.96	1.04570	3.26	0
1378	18:53:42.17	0.0690	21.13139	20.68	42.29	1.0	0.998700	22.0969	1.29904	804.96	1.04569	3.26	0
1379	18:53:42.47	0.0680	21.13167	20.68	42.29	1.0	0.998712	22.0969	1.29904	804.96	1.04568	3.26	0
1380	18:53:42.77	0.0685	21.13160	20.68	42.29	1.0	0.998706	22.0966	1.29904	804.96	1.04567	3.26	0
1381	18:53:43.07	0.0685	21.13146	20.68	42.29	1.0	0.998706	22.0966	1.29904	804.96	1.04567	3.26	0
1382	18:53:43.37	0.0705	21.13069	20.68	42.29	1.0	0.998670	22.0967	1.29908	804.98	1.04571	3.26	0
1383	18:53:43.67	0.0665	21.13230	20.68	42.29	1.0	0.998742	22.0967	1.29900	804.94	1.04564	3.26	0
1384	18:53:43.97	0.0700	21.13097	20.68	42.29	1.0	0.998682	22.0965	1.29904	804.96	1.04569	3.26	0
1385	18:53:44.27	0.0725	21.12992	20.68	42.29	1.0	0.998628	22.0963	1.29908	804.98	1.04573	3.26	0
1386	18:53:44.57	0.0695	21.13111	20.68	42.29	1.0	0.998688	22.0967	1.29904	804.96	1.04569	3.26	0
1387	18:53:44.87	0.0710	21.13041	20.68	42.29	1.0	0.998652	22.0965	1.29908	804.96	1.04572	3.26	0
1388	18:53:45.17	0.0685	21.13139	20.68	42.29	1.0	0.998700	22.0961	1.29904	804.96	1.04566	3.26	0
1389	18:53:45.47	0.0680	21.13174	20.68	42.29	1.0	0.998712	22.0965	1.29904	804.96	1.04566	3.26	0
1390	18:53:45.77	0.0710	21.13055	20.68	42.29	1.0	0.998658	22.0961	1.29904	804.96	1.04569	3.26	0
1391	18:53:46.07	0.0695	21.13097	20.68	42.29	1.0	0.998682	22.0964	1.29904	804.96	1.04569	3.26	0
1392	18:53:46.37	0.0680	21.13167	20.68	42.29	1.0	0.998712	22.0965	1.29904	804.96	1.04566	3.26	0
1393	18:53:46.67	0.0700	21.13090	20.68	42.29	1.0	0.998676	22.0965	1.29904	804.98	1.04569	3.26	0
1394	18:53:46.97	0.0690	21.13118	20.68	42.29	1.0	0.998688	22.0968	1.29904	804.96	1.04570	3.26	0
1395	18:53:47.27	0.0690	21.13118	20.68	42.29	1.0	0.998688	22.0969	1.29908	804.96	1.04570	3.26	0
1396	18:53:47.57	0.0690	21.13132	20.68	42.29	1.0	0.998700	22.0963	1.29904	804.96	1.04566	3.26	0
1397	18:53:47.87	0.0695	21.13104	20.68	42.29	1.0	0.998682	22.0960	1.29904	804.96	1.04566	3.26	0
1398	18:53:48.17	0.0675	21.13188	20.68	42.29	1.0	0.998724	22.0970	1.29904	804.96	1.04567	3.26	0
1399	18:53:48.47	0.0685	21.13139	20.68	42.29	1.0	0.998700	22.0965	1.29904	804.96	1.04567	3.26	0
1400	18:53:48.77	0.0690	21.13139	20.68	42.29	1.0	0.998700	22.0963	1.29904	804.96	1.04566	3.26	0
1401	18:53:49.07	0.0690	21.13139	20.68	42.29	1.0	0.998700	22.0958	1.29904	804.94	1.04564	3.26	0
1402	18:53:49.37	0.0695	21.13111	20.68	42.29	1.0	0.998688	22.0967	1.29908	804.96	1.04569	3.26	0
1403	18:53:49.67	0.0690	21.13132	20.68	42.29	1.0	0.998694	22.0961	1.29904	804.94	1.04566	3.26	0
1404	18:53:49.97	0.0680	21.13160	20.68	42.29	1.0	0.998712	22.0957	1.29904	804.94	1.04563	3.26	0
1405	18:53:50.27	0.0685	21.13139	20.68	42.29	1.0	0.998700	22.0959	1.29904	804.94	1.04564	3.26	0
1406	18:53:50.57	0.0705	21.13069	20.68	42.29	1.0	0.998664	22.0965	1.29908	804.96	1.04570	3.26	0
1407	18:53:50.87	0.0680	21.13167	20.68	42.29	1.0	0.998712	22.0961	1.29904	804.94	1.04564	3.26	0
1408	18:53:51.17	0.0680	21.13174	20.68	42.29	1.0	0.998718	22.0963	1.29904	804.94	1.04565	3.26	0
1409	18:53:51.47	0.0715	21.13027	20.68	42.29	1.0	0.998646	22.0962	1.29908	804.96	1.04572	3.26	0
1410	18:53:51.77	0.0685	21.13146	20.68	42.29	1.0	0.998700	22.0961	1.29904	804.94	1.04565	3.26	0
1411	18:53:52.07	0.0705	21.13069	20.68	42.29	1.0	0.998670	22.0963	1.29908	804.96	1.04570	3.26	0
1412	18:53:52.37	0.0685	21.13146	20.68	42.29	1.0	0.998700	22.0965	1.29904	804.96	1.04567	3.26	0
1413	18:53:52.67	0.0685	21.13153	20.68	42.29	1.0	0.998706	22.0964	1.29904	804.96	1.04566	3.26	0
1414	18:53:52.97	0.0705	21.13062	20.68	42.29	1.0	0.998664	22.0959	1.29904	804.96	1.04568	3.26	0
1415	18:53:53.27	0.0685	21.13153	20.68	42.29	1.0	0.998706	22.0961	1.29904	804.94	1.04564	3.26	0
1416	18:53:53.57	0.0685	21.13153	20.68	42.29	1.0	0.998706	22.0972	1.29908	804.96	1.04570	3.26	0
1417	18:53:53.87	0.0685	21.13139	20.68	42.29	1.0	0.998700	22.0962	1.29904	804.96	1.04566	3.26	0
1418	18:53:54.17	0.0710	21.13048	20.68	42.29	1.0	0.998658	22.0960	1.29904	804.96	1.04569	3.26	0
1419	18:53:54.47	0.0710	21.13055	20.68	42.29	1.0	0.998658	22.0965	1.29908	804.98	1.04571	3.26	0
1420	18:53:54.77	0.0695	21.13104	20.68	42.29	1.0	0.998682	22.0963	1.29904	804.96	1.04568	3.26	0
1421	18:53:55.07	0.0690	21.13139	20.68	42.29	1.0	0.998700	22.0961	1.29904	804.94	1.04565	3.26	0
1422	18:53:55.37	0.0690	21.13125	20.68	42.29	1.0	0.998688	22.0961	1.29904	804.94	1.04566	3.26	0
1423	18:53:55.67	0.0685	21.13153	20.68	42.29	1.0	0.998706	22.0970	1.29904	804.96	1.04569	3.26	0
1424	18:53:55.97	0.0705	21.13069	20.68	42.29	1.0	0.998664	22.0963	1.29904	804.98	1.04570	3.26	0
1425	18:53:56.27	0.0695	21.13111	20.68	42.29	1.0	0.998688	22.0958	1.29904	804.96	1.04566	3.26	0
1426	18:53:56.57	0.0685	21.13146	20.68	42.29	1.0	0.998700	22.0967	1.29904	804.96	1.04568	3.26	0
1427	18:53:56.87	0.0700	21.13090	20.68	42.29	1.0	0.998676	22.0956	1.29904	804.94	1.04566	3.26	0
1428	18:53:57.17	0.0690	21.13132	20.68	42.29	1.0	0.998694	22.0961	1.29904	804.94	1.04566	3.26	0
1429	18:53:57.47	0.0695	21.13097	20.68	42.29	1.0	0.998682	22.0956	1.29904	804.94	1.04565	3.26	0
1430	18:53:57.77	0.0715	21.13034	20.68	42.29	1.0	0.998652	22.0965	1.29908	804.98	1.04572	3.26	0
1431	18:53:58.07	0.0680	21.13174	20.68	42.29	1.0	0.998712	22.0965	1.29904	804.94	1.04566	3.26	0
1432	18:53:58.37	0.0710	21.13055	20.68	42.29	1.0	0.998658	22.0958	1.29904	804.96	1.04568	3.26	0
1433	18:53:58.67	0.0700	21.13083	20.68	42.29	1.0	0.998676	22.0957	1.29904	804.96	1.04566	3.26	0
1434	18:53:58.97	0.0685	21.13153	20.68	42.29	1.0	0.998706	22.0957	1.29904	804.94	1.04563	3.26	0
1435	18:53:59.27	0.0700	21.13090	20.68	42.29	1.0	0.998676	22.0956	1.29904	804.96	1.04565	3.26	0
1436	18:53:59.57	0.0680	21.13160	20.68	42.29	1.0	0.998706	22.0952	1.29900	804.92	1.04560	3.26	0
1437	18:53:59.87	0.0685	21.13160	20.68	42.29	1.0	0.998706	22.0954	1.29900	804.92	1.04561	3.26	0
1438	18:54:00.17	0.0685	21.13146	20.68	42.29	1.0	0.998706	22.0961	1.29900	804.94	1.04564	3.26	0
1439	18:54:00.47	0.0695	21.13104	20.68	42.29	1.0	0.998682	22.0962	1.29904	804.96	1.04567	3.26	0
1440	18:54:00.77	0.0695	21.13111	20.68	42.29	1.0	0.998682	22.0966	1.29904	804.96	1.04569	3.26	0
1441	18:54:01.07	0.0675	21.13195	20.68	42.29	1.0	0.998724	22.0963	1.29904	804.94	1.04563	3.26	0
1442	18:54:01.37	0.0695	21.13111	20.68	42.29	1.0	0.998688	22.0958	1.29904	804.94	1.04565	3.26	0
1443	18:54:01.67	0.0700	21.13090	20.68	42.29	1.0	0.998676	22.0956	1.29904	804.94	1.04566	3.26	0
1444	18:54:01.97	0.0715	21.13034	20.68	42.29	1.0	0.998652	22.0961	1.29908	804.96	1.04570	3.26	0
1445	18:54:02.27	0.0685	21.13146	20.68	42.29	1.0	0.998700	22.0956	1.29900	804.94	1.04563	3.26	0
1446	18:54:02.57	0.0700	21.13083	20.68	42.29	1.0	0.998670	22.0954	1.29904	804.94	1.04565	3.26	0
1447	18:54:02.87	0.0670	21.13209	20.68	42.29	1.0	0.998736	22.0962	1.29900	804.94	1.04562	3.26	0
1448	18:54:03.17	0.0695	21.13118	20.68	42.29	1.0	0.998688	22.0961	1.29904	804.94	1.04567	3.26	0
1449	18:54:03.47	0.0695	21.13111	20.68	42.29	1.0	0.998688	22.0957	1.29904	804.94	1.04564	3.26	0
1450	18:54:03.77	0.0695	21.13111	20.68	42.29	1.0	0.998688	22.0954	1.29904	804.94	1.04563	3.26	0
1451	18:54:04.07	0.0700	21.13097	20.68	42.29	1.0	0.998676	22.0965	1.29908	804.96	1.04569	3.26	0
1452	18:54:04.37	0.0695	21.13104	20.68	42.29	1.0	0.998682	22.0965	1.29908	804.96	1.04569	3.26	0
1453	18:54:04.67	0.0690	21.13118	20.68	42.29	1.0	0.998688	22.0956	1.29904	804.94	1.04564	3.26	0
1454	18:54:04.97	0.0690	21.13125	20.68	42.29	1.0	0.998694	22.0965	1.29904	804.94	1.04567	3.26	0
1455	18:54:05.27	0.0710	21.13041	20.68	42.29	1.0	0.998652	22.0961	1.29908	804.96	1.04570	3.26	0
1456	18:54:05.57	0.0690	21.13132	20.68	42.29	1.0	0.998700	22.0960	1.29904	804.94	1.04565	3.26	0
1457	18:54:05.87	0.0695	21.13111	20.68	42.29	1.0	0.998688	22.0962	1.29904	804.94	1.04567	3.26	0
1458	18:54:06.17	0.0710	21.13055	20.68	42.29	1.0	0.998658	22.0958	1.29904	804.96	1.04568	3.26	0
1459	18:54:06.47	0.0680	21.13174	20.68	42.29	1.0	0.998718	22.0965	1.29904	804.94	1.04566	3.26	0
1460	18:54:06.77	0.0715	21.13034	20.68	42.29	1.0	0.998652	22.0959	1.29908	804.96	1.04570	3.26	0
1461	18:54:07.07	0.0695	21.13118	20.68	42.29	1.0	0.998688	22.0961	1.29904	804.94	1.04566	3.26	0
1462	18:54:07.37	0.0690	21.13132	20.68	42.29	1.0	0.998694	22.0965	1.29904	804.96	1.04567	3.26	0
1463	18:54:07.67	0.0705	21.13076	20.68	42.29	1.0	0.998670	22.0956	1.29904	804.96	1.04566	3.26	0
1464	18:54:07.97	0.0680	21.13167	20.68	42.29	1.0	0.998712	22.0958	1.29904	804.94	1.04563	3.26	0
1465	18:54:08.27	0.0710	21.13048	20.68	42.29	1.0	0.998658	22.0954	1.29904	804.96	1.04566	3.26	0
1466	18:54:08.57	0.0690	21.13132	20.68	42.29	1.0	0.998694	22.0962	1.29904	804.96	1.04566	3.26	0
1467	18:54:08.87	0.0690	21.13132	20.68	42.29	1.0	0.998694	22.0954	1.29900	804.94	1.04563	3.26	0
1468	18:54:09.17	0.0690	21.13139	20.68	42.29	1.0	0.998700	22.0962	1.29904	804.96	1.04566	3.26	0
1469	18:54:09.47	0.0695	21.13118	20.68	42.29	1.0	0.998688	22.0958	1.29904	804.94	1.04565	3.26	0
1470	18:54:09.77	0.0695	21.13104	20.68	42.29	1.0	0.998682	22.0960	1.29904	804.96	1.04566	3.26	0
1471	18:54:10.07	0.0695	21.13104	20.68	42.29	1.0	0.998682	22.0960	1.29904	804.94	1.04566	3.26	0
1472	18:54:10.37	0.0685	21.13146	20.68	42.29	1.0	0.998700	22.0961	1.29904	804.96	1.04565	3.26	0
1473	18:54:10.67	0.0700	21.13097	20.68	42.29	1.0	0.998682	22.0962	1.29904	804.96	1.04568	3.26	0
1474	18:54:10.97	0.0690	21.13125	20.68	42.29	1.0	0.998694	22.0956	1.29904	804.94	1.04564	3.26	0
1475	18:54:11.27	0.0700	21.13083	20.68	42.29	1.0	0.998670	22.0958	1.29904	804.94	1.04567	3.26	0
1476	18:54:11.57	0.0685	21.13153	20.68	42.29	1.0	0.998706	22.0958	1.29904	804.94	1.04564	3.26	0
1477	18:54:11.87	0.0690	21.13132	20.68	42.29	1.0	0.998694	22.0951	1.29900	804.92	1.04561	3.26	0
1478	18:54:12.17	0.0685	21.13146	20.68	42.29	1.0	0.998706	22.0953	1.29900	804.92	1.04561	3.26	0
1479	18:54:12.47	0.0695	21.13097	20.68	42.29	1.0	0.998682	22.0949	1.29900	804.94	1.04561	3.26	0
1480	18:54:12.77	0.0665	21.13230	20.68	42.29	1.0	0.998742	22.0949	1.29896	804.90	1.04555	3.26	0
1481	18:54:13.07	0.0700	21.13090	20.68	42.29	1.0	0.998676	22.0954	1.29904	804.94	1.04564	3.26	0
1482	18:54:13.37	0.0700	21.13090	20.68	42.29	1.0	0.998676	22.0955	1.29904	804.94	1.04565	3.26	0
1483	18:54:13.67	0.0695	21.13118	20.68	42.29	1.0	0.998688	22.0951	1.29900	804.94	1.04561	3.26	0
1484	18:54:13.97	0.0710	21.13048	20.68	42.29	1.0	0.998658	22.0946	1.29904	804.94	1.04563	3.26	0
1485	18:54:14.27	0.0690	21.13132	20.68	42.29	1.0	0.998694	22.0960	1.29904	804.94	1.04566	3.26	0
1486	18:54:14.57	0.0690	21.13132	20.68	42.29	1.0	0.998694	22.0951	1.29900	804.94	1.04561	3.26	0
1487	18:54:14.87	0.0680	21.13167	20.68	42.29	1.0	0.998712	22.0947	1.29900	804.92	1.04557	3.26	0
1488	18:54:15.17	0.0700	21.13090	20.68	42.29	1.0	0.998676	22.0953	1.29904	804.94	1.04564	3.26	0
1489	18:54:15.47	0.0695	21.13111	20.68	42.29	1.0	0.998688	22.0958	1.29904	804.96	1.04566	3.26	0
1490	18:54:15.77	0.0695	21.13118	20.68	42.29	1.0	0.998688	22.0961	1.29904	804.94	1.04567	3.26	0
1491	18:54:16.07	0.0695	21.13111	20.68	42.29	1.0	0.998688	22.0958	1.29904	804.96	1.04566	3.26	0
1492	18:54:16.37	0.0705	21.13076	20.68	42.29	1.0	0.998670	22.0963	1.29908	804.96	1.04569	3.26	0
1493	18:54:16.67	0.0690	21.13132	20.68	42.29	1.0	0.998694	22.0956	1.29904	804.94	1.04564	3.26	0
1494	18:54:16.97	0.0690	21.13139	20.68	42.29	1.0	0.998700	22.0958	1.29904	804.94	1.04564	3.26	0
1495	18:54:17.27	0.0675	21.13195	20.68	42.29	1.0	0.998724	22.0957	1.29900	804.92	1.04561	3.26	0
1496	18:54:17.57	0.0680	21.13167	20.68	42.29	1.0	0.998712	22.0956	1.29900	804.94	1.04561	3.26	0
1497	18:54:17.87	0.0695	21.13104	20.68	42.29	1.0	0.998682	22.0962	1.29904	804.96	1.04567	3.26	0
1498	18:54:18.17	0.0695	21.13118	20.68	42.29	1.0	0.998688	22.0955	1.29900	804.94	1.04563	3.26	0
1499	18:54:18.47	0.0705	21.13069	20.68	42.29	1.0	0.998664	22.0958	1.29904	804.94	1.04567	3.26	0
1500	18:54:18.77	0.0700	21.13090	20.68	42.29	1.0	0.998676	22.0963	1.29904	804.96	1.04569	3.26	0
1501	18:54:19.07	0.0685	21.13139	20.68	42.29	1.0	0.998700	22.0960	1.29904	804.94	1.04564	3.26	0
1502	18:54:19.37	0.0680	21.13167	20.68	42.29	1.0	0.998712	22.0961	1.29900	804.94	1.04564	3.26	0
1503	18:54:19.67	0.0690	21.13139	20.68	42.29	1.0	0.998700	22.0963	1.29904	804.94	1.04566	3.26	0
1504	18:54:19.97	0.0670	21.13202	20.68	42.29	1.0	0.998730	22.0957	1.29900	804.92	1.04560	3.26	0
1505	18:54:20.27	0.0690	21.13139	20.68	42.29	1.0	0.998700	22.0961	1.29904	804.94	1.04565	3.26	0
1506	18:54:20.57	0.0670	21.13202	20.68	42.29	1.0	0.998730	22.0961	1.29900	804.94	1.04562	3.26	0
1507	18:54:20.87	0.0680	21.13174	20.68	42.29	1.0	0.998718	22.0954	1.29904	804.92	1.04560	3.26	0
1508	18:54:21.17	0.0675	21.13181	20.68	42.29	1.0	0.998718	22.0961	1.29904	804.94	1.04563	3.26	0
1509	18:54:21.47	0.0705	21.13076	20.68	42.29	1.0	0.998670	22.0964	1.29904	804.96	1.04570	3.26	0
1510	18:54:21.77	0.0675	21.13188	20.68	42.29	1.0	0.998724	22.0961	1.29904	804.94	1.04563	3.26	0
1511	18:54:22.07	0.0675	21.13188	20.68	42.29	1.0	0.998724	22.0965	1.29904	804.94	1.04565	3.26	0
1512	18:54:22.37	0.0680	21.13167	20.68	42.29	1.0	0.998712	22.0958	1.29904	804.94	1.04563	3.26	0
1513	18:54:22.67	0.0670	21.13202	20.68	42.29	1.0	0.998730	22.0965	1.29904	804.94	1.04564	3.26	0
1514	18:54:22.97	0.0685	21.13139	20.68	42.29	1.0	0.998700	22.0963	1.29904	804.96	1.04566	3.26	0
1515	18:54:23.27	0.0690	21.13139	20.68	42.29	1.0	0.998700	22.0960	1.29904	804.94	1.04565	3.26	0
1516	18:54:23.57	0.0690	21.13132	20.68	42.29	1.0	0.998694	22.0964	1.29904	804.94	1.04567	3.26	0
1517	18:54:23.87	0.0695	21.13104	20.68	42.29	1.0	0.998682	22.0958	1.29904	804.94	1.04566	3.26	0
1518	18:54:24.17	0.0690	21.13125	20.68	42.29	1.0	0.998694	22.0954	1.29904	804.94	1.04563	3.26	0
1519	18:54:24.47	0.0690	21.13118	20.68	42.29	1.0	0.998688	22.0960	1.29904	804.96	1.04566	3.26	0
1520	18:54:24.77	0.0690	21.13139	20.68	42.29	1.0	0.998700	22.0963	1.29904	804.94	1.04567	3.26	0
1521	18:54:25.07	0.0690	21.13139	20.68	42.29	1.0	0.998700	22.0958	1.29904	804.94	1.04564	3.26	0
1522	18:54:25.37	0.0680	21.13160	20.68	42.29	1.0	0.998706	22.0961	1.29904	804.94	1.04564	3.26	0
1523	18:54:25.67	0.0695	21.13104	20.68	42.29	1.0	0.998682	22.0963	1.29908	804.96	1.04568	3.26	0
1524	18:54:25.97	0.0700	21.13090	20.68	42.29	1.0	0.998676	22.0951	1.29904	804.92	1.04563	3.26	0
1525	18:54:26.27	0.0665	21.13230	20.68	42.29	1.0	0.998742	22.0949	1.29896	804.90	1.04555	3.26	0
1526	18:54:26.57	0.0680	21.13167	20.68	42.29	1.0	0.998712	22.0945	1.29900	804.92	1.04557	3.26	0
1527	18:54:26.87	0.0705	21.13062	20.68	42.29	1.0	0.998664	22.0951	1.29904	804.94	1.04564	3.26	0
1528	18:54:27.17	0.0705	21.13069	20.68	42.29	1.0	0.998664	22.0955	1.29904	804.94	1.04566	3.26	0
1529	18:54:27.47	0.0680	21.13160	20.68	42.29	1.0	0.998712	22.0954	1.29904	804.92	1.04561	3.26	0
1530	18:54:27.77	0.0695	21.13111	20.68	42.29	1.0	0.998688	22.0958	1.29904	804.94	1.04565	3.26	0
1531	18:54:28.07	0.0695	21.13104	20.68	42.29	1.0	0.998682	22.0952	1.29904	804.94	1.04563	3.26	0
1532	18:54:28.37	0.0680	21.13167	20.68	42.29	1.0	0.998712	22.0958	1.29904	804.94	1.04563	3.26	0
1533	18:54:28.67	0.0680	21.13160	20.68	42.29	1.0	0.998712	22.0966	1.29904	804.94	1.04567	3.26	0
1534	18:54:28.97	0.0695	21.13104	20.68	42.29	1.0	0.998682	22.0954	1.29904	804.94	1.04564	3.26	0
1535	18:54:29.27	0.0680	21.13167	20.68	42.29	1.0	0.998712	22.0959	1.29904	804.94	1.04563	3.26	0
1536	18:54:29.57	0.0685	21.13139	20.68	42.29	1.0	0.998700	22.0951	1.29900	804.92	1.04561	3.26	0
1537	18:54:29.87	0.0685	21.13153	20.68	42.29	1.0	0.998706	22.0947	1.29900	804.92	1.04558	3.26	0
1538	18:54:30.17	0.0675	21.13188	20.68	42.29	1.0	0.998724	22.0958	1.29900	804.94	1.04561	3.26	0
1539	18:54:30.47	0.0680	21.13167	20.68	42.29	1.0	0.998712	22.0953	1.29900	804.94	1.04560	3.26	0
1540	18:54:30.77	0.0670	21.13216	20.68	42.29	1.0	0.998736	22.0947	1.29896	804.90	1.04555	3.26	0
1541	18:54:31.07	0.0695	21.13118	20.68	42.29	1.0	0.998688	22.0956	1.29904	804.94	1.04564	3.26	0
1542	18:54:31.37	0.0690	21.13132	20.68	42.29	1.0	0.998700	22.0958	1.29904	804.94	1.04564	3.26	0
1543	18:54:31.67	0.0680	21.13167	20.68	42.29	1.0	0.998712	22.0958	1.29904	804.92	1.04563	3.26	0
1544	18:54:31.97	0.0685	21.13139	20.68	42.29	1.0	0.998700	22.0959	1.29904	804.94	1.04564	3.26	0
1545	18:54:32.27	0.0680	21.13167	20.68	42.29	1.0	0.998712	22.0957	1.29904	804.92	1.04562	3.26	0
1546	18:54:32.57	0.0695	21.13104	20.68	42.29	1.0	0.998682	22.0956	1.29904	804.94	1.04565	3.26	0
1547	18:54:32.87	0.0700	21.13097	20.68	42.29	1.0	0.998682	22.0958	1.29904	804.94	1.04566	3.26	0
1548	18:54:33.17	0.0700	21.13083	20.68	42.29	1.0	0.998670	22.0946	1.29900	804.92	1.04561	3.26	0
1549	18:54:33.47	0.0705	21.13062	20.68	42.29	1.0	0.998664	22.0957	1.29904	804.94	1.04567	3.26	0
1550	18:54:33.77	0.0690	21.13132	20.68	42.29	1.0	0.998694	22.0956	1.29904	804.94	1.04564	3.26	0
1551	18:54:34.07	0.0690	21.13132	20.68	42.29	1.0	0.998694	22.0956	1.29904	804.94	1.04563	3.26	0
1552	18:54:34.37	0.0685	21.13153	20.68	42.29	1.0	0.998706	22.0960	1.29904	804.94	1.04564	3.26	0
1553	18:54:34.67	0.0680	21.13167	20.68	42.29	1.0	0.998712	22.0956	1.29904	804.92	1.04562	3.26	0
1554	18:54:34.97	0.0690	21.13132	20.68	42.29	1.0	0.998694	22.0958	1.29904	804.92	1.04564	3.26	0
1555	18:54:35.27	0.0680	21.13160	20.68	42.29	1.0	0.998712	22.0954	1.29900	804.92	1.04561	3.26	0
1556	18:54:35.57	0.0685	21.13153	20.68	42.29	1.0	0.998706	22.0951	1.29900	804.92	1.04560	3.26	0
1557	18:54:35.87	0.0660	21.13244	20.68	42.29	1.0	0.998748	22.0949	1.29896	804.90	1.04555	3.26	0
1558	18:54:36.17	0.0690	21.13125	20.68	42.29	1.0	0.998694	22.0946	1.29900	804.92	1.04559	3.26	0
1559	18:54:36.47	0.0680	21.13174	20.68	42.29	1.0	0.998712	22.0949	1.29900	804.92	1.04558	3.26	0
1560	18:54:36.77	0.0685	21.13153	20.68	42.29	1.0	0.998706	22.0949	1.29900	804.92	1.04560	3.26	0
1561	18:54:37.07	0.0675	21.13181	20.68	42.29	1.0	0.998718	22.0947	1.29900	804.90	1.04557	3.26	0
1562	18:54:37.37	0.0680	21.13174	20.68	42.29	1.0	0.998718	22.0950	1.29900	804.92	1.04558	3.26	0
1563	18:54:37.67	0.0690	21.13132	20.68	42.29	1.0	0.998694	22.0953	1.29904	804.92	1.04562	3.26	0
1564	18:54:37.97	0.0680	21.13167	20.68	42.29	1.0	0.998712	22.0956	1.29900	804.92	1.04561	3.26	0
1565	18:54:38.27	0.0675	21.13181	20.68	42.29	1.0	0.998718	22.0958	1.29900	804.94	1.04562	3.26	0
1566	18:54:38.57	0.0690	21.13132	20.68	42.29	1.0	0.998694	22.0954	1.29904	804.92	1.04562	3.26	0
1567	18:54:38.87	0.0695	21.13118	20.68	42.29	1.0	0.998688	22.0952	1.29904	804.92	1.04563	3.26	0
1568	18:54:39.17	0.0670	21.13216	20.68	42.29	1.0	0.998736	22.0954	1.29900	804.92	1.04558	3.26	0
1569	18:54:39.47	0.0675	21.13188	20.68	42.29	1.0	0.998724	22.0960	1.29904	804.92	1.04562	3.26	0
1570	18:54:39.77	0.0695	21.13118	20.68	42.29	1.0	0.998688	22.0950	1.29904	804.92	1.04561	3.26	0
1571	18:54:40.07	0.0675	21.13188	20.68	42.29	1.0	0.998724	22.0953	1.29900	804.92	1.04559	3.26	0
1572	18:54:40.37	0.0685	21.13153	20.68	42.29	1.0	0.998706	22.0949	1.29900	804.92	1.04559	3.26	0
1573	18:54:40.67	0.0690	21.13125	20.68	42.29	1.0	0.998694	22.0956	1.29904	804.94	1.04564	3.26	0
1574	18:54:40.97	0.0685	21.13146	20.68	42.29	1.0	0.998700	22.0946	1.29900	804.92	1.04558	3.26	0
1575	18:54:41.27	0.0675	21.13181	20.68	42.32	1.0	0.998718	22.0956	1.29900	804.92	1.04561	3.26	0
1576	18:54:41.57	0.0675	21.13181	20.68	42.32	1.0	0.998724	22.0956	1.29904	804.92	1.04561	3.26	0
1577	18:54:41.87	0.0705	21.13062	20.68	42.29	1.0	0.998664	22.0949	1.29904	804.92	1.04563	3.26	0
1578	18:54:42.17	0.0685	21.13153	20.68	42.29	1.0	0.998706	22.0958	1.29904	804.92	1.04564	3.26	0
1579	18:54:42.47	0.0700	21.13083	20.68	42.32	1.0	0.998676	22.0950	1.29904	804.92	1.04563	3.26	0
1580	18:54:42.77	0.0690	21.13125	20.68	42.32	1.0	0.998694	22.0954	1.29904	804.92	1.04563	3.26	0
1581	18:54:43.07	0.0695	21.13097	20.68	42.32	1.0	0.998682	22.0951	1.29904	804.94	1.04563	3.26	0
1582	18:54:43.37	0.0695	21.13097	20.68	42.32	1.0	0.998682	22.0955	1.29904	804.94	1.04564	3.26	0
1583	18:54:43.67	0.0675	21.13195	20.68	42.32	1.0	0.998724	22.0952	1.29900	804.92	1.04558	3.26	0
1584	18:54:43.97	0.0685	21.13139	20.68	42.32	1.0	0.998700	22.0948	1.29900	804.92	1.04559	3.26	0
1585	18:54:44.27	0.0670	21.13209	20.68	42.32	1.0	0.998736	22.0956	1.29900	804.92	1.04560	3.26	0
1586	18:54:44.57	0.0690	21.13118	20.68	42.32	1.0	0.998694	22.0951	1.29904	804.92	1.04561	3.26	0
1587	18:54:44.87	0.0665	21.13223	20.68	42.32	1.0	0.998742	22.0952	1.29900	804.90	1.04557	3.26	0
1588	18:54:45.17	0.0685	21.13139	20.68	42.32	1.0	0.998700	22.0944	1.29900	804.90	1.04557	3.26	0
1589	18:54:45.47	0.0670	21.13195	20.68	42.32	1.0	0.998730	22.0954	1.29900	804.92	1.04559	3.26	0
1590	18:54:45.77	0.0695	21.13111	20.68	42.32	1.0	0.998688	22.0953	1.29904	804.94	1.04563	3.26	0
1591	18:54:46.07	0.0690	21.13132	20.68	42.32	1.0	0.998694	22.0947	1.29900	804.92	1.04559	3.26	0
1592	18:54:46.37	0.0675	21.13195	20.68	42.32	1.0	0.998724	22.0954	1.29900	804.92	1.04559	3.26	0
1593	18:54:46.67	0.0685	21.13153	20.68	42.32	1.0	0.998706	22.0949	1.29900	804.92	1.04559	3.26	0
1594	18:54:46.97	0.0650	21.13286	20.68	42.32	1.0	0.998772	22.0949	1.29896	804.88	1.04552	3.26	0
1595	18:54:47.27	0.0685	21.13153	20.68	42.32	1.0	0.998706	22.0948	1.29900	804.92	1.04558	3.26	0
1596	18:54:47.57	0.0695	21.13097	20.68	42.32	1.0	0.998682	22.0949	1.29904	804.92	1.04562	3.26	0
1597	18:54:47.87	0.0675	21.13195	20.68	42.32	1.0	0.998724	22.0951	1.29900	804.92	1.04558	3.26	0
1598	18:54:48.17	0.0690	21.13132	20.68	42.32	1.0	0.998700	22.0951	1.29900	804.92	1.04561	3.26	0
1599	18:54:48.47	0.0685	21.13139	20.68	42.32	1.0	0.998700	22.0955	1.29904	804.92	1.04563	3.26	0
1600	18:54:48.77	0.0680	21.13174	20.68	42.32	1.0	0.998718	22.0948	1.29900	804.90	1.04557	3.26	0
1601	18:54:49.07	0.0685	21.13153	20.68	42.32	1.0	0.998706	22.0951	1.29904	804.92	1.04560	3.26	0
1602	18:54:49.37	0.0680	21.13174	20.68	42.32	1.0	0.998718	22.0957	1.29900	804.94	1.04562	3.26	0
1603	18:54:49.67	0.0705	21.13069	20.68	42.32	1.0	0.998670	22.0947	1.29904	804.92	1.04562	3.26	0
1604	18:54:49.97	0.0675	21.13188	20.68	42.32	1.0	0.998724	22.0951	1.29900	804.90	1.04558	3.26	0
1605	18:54:50.27	0.0695	21.13104	20.68	42.32	1.0	0.998682	22.0954	1.29904	804.94	1.04564	3.26	0
1606	18:54:50.57	0.0685	21.13132	20.68	42.32	1.0	0.998700	22.0958	1.29904	804.94	1.04564	3.26	0
1607	18:54:50.87	0.0670	21.13202	20.68	42.32	1.0	0.998730	22.0958	1.29904	804.92	1.04561	3.26	0
1608	18:54:51.17	0.0680	21.13167	20.68	42.32	1.0	0.998712	22.0955	1.29904	804.92	1.04561	3.26	0
1609	18:54:51.47	0.0680	21.13174	20.68	42.32	1.0	0.998718	22.0958	1.29904	804.92	1.04562	3.26	0
1610	18:54:51.77	0.0700	21.13090	20.68	42.32	1.0	0.998676	22.0955	1.29904	804.94	1.04565	3.26	0
1611	18:54:52.07	0.0675	21.13195	20.68	42.32	1.0	0.998724	22.0962	1.29904	804.92	1.04563	3.26	0
1612	18:54:52.37	0.0675	21.13181	20.68	42.32	1.0	0.998718	22.0963	1.29904	804.94	1.04564	3.26	0
1613	18:54:52.67	0.0675	21.13188	20.68	42.32	1.0	0.998724	22.0953	1.29900	804.92	1.04560	3.26	0
1614	18:54:52.97	0.0685	21.13146	20.68	42.32	1.0	0.998706	22.0964	1.29904	804.94	1.04566	3.26	0
1615	18:54:53.27	0.0680	21.13160	20.68	42.32	1.0	0.998712	22.0949	1.29904	804.90	1.04558	3.26	0
1616	18:54:53.57	0.0690	21.13118	20.68	42.32	1.0	0.998688	22.0958	1.29904	804.94	1.04565	3.26	0
1617	18:54:53.87	0.0680	21.13174	20.68	42.32	1.0	0.998718	22.0961	1.29904	804.94	1.04563	3.26	0
1618	18:54:54.17	0.0695	21.13111	20.68	42.32	1.0	0.998688	22.0951	1.29904	804.92	1.04562	3.26	0
1619	18:54:54.47	0.0685	21.13139	20.68	42.32	1.0	0.998700	22.0946	1.29904	804.90	1.04558	3.26	0
1620	18:54:54.77	0.0675	21.13181	20.68	42.32	1.0	0.998724	22.0956	1.29904	804.92	1.04561	3.26	0
1621	18:54:55.07	0.0710	21.13041	20.68	42.32	1.0	0.998658	22.0951	1.29904	804.94	1.04566	3.26	0
1622	18:54:55.37	0.0660	21.13258	20.68	42.32	1.0	0.998754	22.0949	1.29900	804.90	1.04554	3.26	0
1623	18:54:55.67	0.0680	21.13160	20.68	42.32	1.0	0.998712	22.0947	1.29900	804.90	1.04558	3.26	0
1624	18:54:55.97	0.0670	21.13209	20.68	42.32	1.0	0.998730	22.0945	1.29900	804.90	1.04554	3.26	0
1625	18:54:56.27	0.0680	21.13160	20.68	42.32	1.0	0.998712	22.0944	1.29900	804.90	1.04557	3.26	0
1626	18:54:56.57	0.0670	21.13209	20.68	42.32	1.0	0.998736	22.0946	1.29900	804.90	1.04554	3.26	0
1627	18:54:56.87	0.0670	21.13209	20.68	42.32	1.0	0.998736	22.0951	1.29900	804.92	1.04557	3.26	0
1628	18:54:57.17	0.0690	21.13132	20.68	42.32	1.0	0.998694	22.0948	1.29900	804.92	1.04560	3.26	0
1629	18:54:57.47	0.0680	21.13167	20.68	42.32	1.0	0.998712	22.0944	1.29900	804.90	1.04556	3.26	0
1630	18:54:57.77	0.0680	21.13167	20.68	42.32	1.0	0.998712	22.0951	1.29900	804.92	1.04560	3.26	0
1631	18:54:58.07	0.0675	21.13195	20.68	42.32	1.0	0.998730	22.0956	1.29900	804.92	1.04560	3.26	0
1632	18:54:58.37	0.0685	21.13146	20.68	42.32	1.0	0.998706	22.0950	1.29900	804.92	1.04560	3.26	0
1633	18:54:58.67	0.0665	21.13223	20.68	42.32	1.0	0.998742	22.0954	1.29900	804.92	1.04557	3.26	0
1634	18:54:58.97	0.0665	21.13223	20.68	42.32	1.0	0.998742	22.0956	1.29900	804.92	1.04558	3.26	0
1635	18:54:59.27	0.0685	21.13153	20.68	42.32	1.0	0.998706	22.0964	1.29904	804.94	1.04566	3.26	0
1636	18:54:59.57	0.0680	21.13160	20.68	42.32	1.0	0.998712	22.0959	1.29904	804.94	1.04563	3.26	0
1637	18:54:59.87	0.0655	21.13272	20.68	42.32	1.0	0.998766	22.0963	1.29904	804.92	1.04560	3.26	0
1638	18:55:00.17	0.0665	21.13223	20.68	42.32	1.0	0.998742	22.0960	1.29900	804.92	1.04561	3.26	0
1639	18:55:00.47	0.0635	21.13342	20.68	42.32	1.0	0.998796	22.0961	1.29896	804.90	1.04555	3.26	0
1640	18:55:00.77	0.0785	21.12740	20.68	42.32	1.0	0.998514	22.0908	1.29900	804.92	1.04560	3.26	0
1641	18:55:01.07	0.0685	21.13139	20.68	42.32	1.0	0.998700	22.0963	1.29904	804.94	1.04566	3.26	0
1642	18:55:01.37	0.0675	21.13188	20.68	42.32	1.0	0.998724	22.0959	1.29904	804.92	1.04562	3.26	0
1643	18:55:01.67	0.0685	21.13153	20.68	42.32	1.0	0.998706	22.0966	1.29904	804.94	1.04567	3.26	0
1644	18:55:01.97	0.0685	21.13153	20.68	42.32	1.0	0.998706	22.0952	1.29900	804.92	1.04560	3.26	0
1645	18:55:02.27	0.0680	21.13160	20.68	42.32	1.0	0.998712	22.0953	1.29900	804.92	1.04561	3.26	0
1646	18:55:02.57	0.0665	21.13230	20.68	42.32	1.0	0.998742	22.0965	1.29904	804.94	1.04563	3.26	0
1647	18:55:02.87	0.0670	21.13202	20.68	42.32	1.0	0.998730	22.0952	1.29900	804.92	1.04558	3.26	0
1648	18:55:03.17	0.0670	21.13209	20.68	42.32	1.0	0.998736	22.0954	1.29900	804.92	1.04558	3.26	0
1649	18:55:03.47	0.0670	21.13202	20.68	42.32	1.0	0.998730	22.0958	1.29900	804.92	1.04561	3.26	0
1650	18:55:03.77	0.0670	21.13202	20.68	42.32	1.0	0.998730	22.0959	1.29904	804.92	1.04561	3.26	0
1651	18:55:04.07	0.0660	21.13244	20.68	42.32	1.0	0.998748	22.0961	1.29900	804.92	1.04560	3.26	0
1652	18:55:04.37	0.0660	21.13237	20.68	42.32	1.0	0.998748	22.0954	1.29900	804.90	1.04557	3.26	0
1653	18:55:04.67	0.0660	21.13244	20.68	42.32	1.0	0.998754	22.0951	1.29900	804.90	1.04555	3.26	0
1654	18:55:04.97	0.0655	21.13272	20.68	42.32	1.0	0.998766	22.0972	1.29904	804.94	1.04564	3.26	0
1655	18:55:05.27	0.0680	21.13167	20.68	42.36	1.0	0.998712	22.0947	1.29900	804.90	1.04558	3.26	0
1656	18:55:05.57	0.0700	21.13076	20.68	42.36	1.0	0.998670	22.0951	1.29904	804.94	1.04564	3.26	0
1657	18:55:05.87	0.0695	21.13097	20.68	42.36	1.0	0.998682	22.0950	1.29904	804.92	1.04563	3.26	0
1658	18:55:06.17	0.0640	21.13321	20.68	42.36	1.0	0.998790	22.0971	1.29904	804.92	1.04561	3.26	0
1659	18:55:06.47	0.0675	21.13188	20.68	42.36	1.0	0.998724	22.0962	1.29904	804.92	1.04563	3.26	0
1660	18:55:06.77	0.0675	21.13188	20.68	42.36	1.0	0.998724	22.0958	1.29904	804.92	1.04561	3.26	0
1661	18:55:07.07	0.0680	21.13167	20.68	42.36	1.0	0.998718	22.0956	1.29904	804.92	1.04561	3.26	0
1662	18:55:07.37	0.0690	21.13125	20.68	42.36	1.0	0.998694	22.0953	1.29904	804.92	1.04562	3.26	0
1663	18:55:07.67	0.0670	21.13195	20.68	42.36	1.0	0.998730	22.0958	1.29904	804.92	1.04561	3.26	0
1664	18:55:07.97	0.0680	21.13160	20.68	42.36	1.0	0.998712	22.0950	1.29900	804.92	1.04559	3.26	0
1665	18:55:08.27	0.0770	21.12803	20.68	42.36	1.0	0.998544	22.0905	1.29900	804.90	1.04556	3.26	0
1666	18:55:08.57	0.0930	21.12159	20.68	42.36	1.0	0.998238	22.0839	1.29900	804.90	1.04556	3.26	0
1667	18:55:08.87	0.1130	21.11347	20.68	42.39	1.0	0.997860	22.0765	1.29904	804.92	1.04561	3.26	0
1668	18:55:09.17	0.1275	21.10773	20.68	42.39	1.0	0.997590	22.0699	1.29900	804.90	1.04558	3.26	0
1669	18:55:09.48	0.1350	21.10472	20.68	42.39	1.0	0.997446	22.0674	1.29904	804.92	1.04561	3.26	0
1670	18:55:09.77	0.1365	21.10409	20.68	42.39	1.0	0.997416	22.0670	1.29904	804.92	1.04563	3.26	0
1671	18:55:10.07	0.1295	21.10696	20.68	42.42	1.0	0.997554	22.0688	1.29900	804.90	1.04557	3.26	0
1672	18:55:10.37	0.1270	21.10794	20.68	42.42	1.0	0.997596	22.0699	1.29900	804.90	1.04557	3.26	0
1673	18:55:10.67	0.1210	21.11004	20.68	42.58	1.0	0.997710	22.0713	1.29900	804.88	1.04554	3.26	0
1674	18:55:10.97	0.1175	21.11151	20.68	42.58	1.0	0.997776	22.0739	1.29900	804.92	1.04559	3.26	0
1675	18:55:11.27	0.1145	21.11249	20.68	42.85	1.0	0.997836	22.0748	1.29904	804.90	1.04558	3.26	0
1676	18:55:11.57	0.1110	21.11382	20.68	42.85	1.0	0.997896	22.0765	1.29900	804.92	1.04560	3.26	0
1677	18:55:11.87	0.1065	21.11508	20.68	43.35	1.1	0.997986	22.0774	1.29900	804.90	1.04557	3.26	0
1678	18:55:12.17	0.1055	21.11543	20.68	43.35	1.1	0.998004	22.0783	1.29904	804.90	1.04560	3.26	0
1679	18:55:12.47	0.1025	21.11592	20.68	44.03	1.1	0.998064	22.0782	1.29900	804.90	1.04557	3.26	0
1680	18:55:12.77	0.1020	21.11599	20.68	44.03	1.1	0.998070	22.0786	1.29900	804.92	1.04559	3.26	0
1681	18:55:13.07	0.1005	21.11564	20.68	44.90	1.1	0.998100	22.0779	1.29900	804.90	1.04557	3.26	0
1682	18:55:13.37	0.1010	21.11529	20.68	44.90	1.1	0.998082	22.0786	1.29904	804.92	1.04562	3.26	0
1683	18:55:13.67	0.0970	21.11592	20.68	45.85	1.1	0.998166	22.0790	1.29904	804.92	1.04561	3.26	0
1684	18:55:13.97	0.0955	21.11648	20.68	45.85	1.1	0.998190	22.0782	1.29900	804.88	1.04554	3.26	0
1685	18:55:14.27	0.0930	21.11620	20.68	46.87	1.1	0.998238	22.0779	1.29900	804.90	1.04554	3.26	0
1686	18:55:14.57	0.0950	21.11550	20.68	46.87	1.1	0.998202	22.0787	1.29904	804.92	1.04561	3.26	0
1687	18:55:14.87	0.0905	21.11606	20.68	47.89	1.2	0.998286	22.0776	1.29900	804.90	1.04554	3.26	0
1688	18:55:15.17	0.0925	21.11536	20.68	47.89	1.2	0.998256	22.0774	1.29900	804.90	1.04556	3.26	0
1689	18:55:15.47	0.0905	21.11473	20.68	48.98	1.2	0.998286	22.0769	1.29900	804.90	1.04557	3.26	0
1690	18:55:15.77	0.0915	21.11445	20.68	48.98	1.2	0.998268	22.0771	1.29904	804.90	1.04559	3.26	0
1691	18:55:16.07	0.0860	21.11543	20.68	50.03	1.2	0.998376	22.0767	1.29896	804.88	1.04552	3.26	0
1692	18:55:16.37	0.0900	21.11375	20.68	50.03	1.2	0.998292	22.0769	1.29904	804.92	1.04561	3.26	0
1693	18:55:16.67	0.0885	21.11333	20.68	50.97	1.2	0.998328	22.0763	1.29904	804.92	1.04561	3.26	0
1694	18:55:16.97	0.0885	21.11326	20.68	50.97	1.2	0.998328	22.0761	1.29904	804.90	1.04560	3.26	0
1695	18:55:17.27	0.0895	21.11193	20.68	51.81	1.3	0.998310	22.0756	1.29908	804.92	1.04564	3.26	0
1696	18:55:17.57	0.0850	21.11382	20.68	51.81	1.3	0.998394	22.0761	1.29900	804.90	1.04558	3.26	0
1697	18:55:17.87	0.0855	21.11263	20.68	52.62	1.3	0.998388	22.0751	1.29900	804.90	1.04558	3.26	0
1698	18:55:18.17	0.0845	21.11284	20.68	52.62	1.3	0.998394	22.0754	1.29900	804.90	1.04559	3.26	0
1699	18:55:18.47	0.0825	21.11291	20.68	53.40	1.3	0.998442	22.0754	1.29900	804.90	1.04559	3.26	0
1700	18:55:18.77	0.0845	21.11207	20.68	53.40	1.3	0.998406	22.0757	1.29904	804.92	1.04564	3.26	0
1701	18:55:19.07	0.0810	21.11263	20.68	54.13	1.3	0.998466	22.0750	1.29904	804.90	1.04558	3.26	0
1702	18:55:19.37	0.0805	21.11270	20.68	54.13	1.3	0.998472	22.0755	1.29904	804.92	1.04561	3.26	0
1703	18:55:19.67	0.0795	21.11242	20.68	54.79	1.3	0.998496	22.0745	1.29900	804.90	1.04557	3.26	0
1704	18:55:19.97	0.0795	21.11242	20.68	54.79	1.3	0.998496	22.0748	1.29900	804.90	1.04558	3.26	0
1705	18:55:20.27	0.0810	21.11102	20.68	55.45	1.3	0.998466	22.0741	1.29904	804.92	1.04562	3.26	0
1706	18:55:20.57	0.0795	21.11165	20.68	55.45	1.3	0.998496	22.0732	1.29900	804.88	1.04554	3.26	0
1707	18:55:20.87	0.0785	21.11137	20.68	56.00	1.4	0.998514	22.0740	1.29904	804.90	1.04560	3.26	0
1708	18:55:21.17	0.0780	21.11158	20.68	56.00	1.4	0.998520	22.0739	1.29904	804.90	1.04558	3.26	0
1709	18:55:21.47	0.0770	21.11130	20.68	56.58	1.4	0.998538	22.0733	1.29900	804.90	1.04557	3.26	0
1710	18:55:21.77	0.0755	21.11193	20.68	56.58	1.4	0.998568	22.0737	1.29900	804.90	1.04555	3.26	0
1711	18:55:22.07	0.0730	21.11228	20.68	57.10	1.4	0.998616	22.0740	1.29900	804.90	1.04555	3.26	0
1712	18:55:22.37	0.0780	21.11032	20.68	57.10	1.4	0.998520	22.0737	1.29904	804.92	1.04563	3.26	0
1713	18:55:22.67	0.0745	21.11123	20.68	57.57	1.4	0.998592	22.0738	1.29900	804.92	1.04560	3.26	0
1714	18:55:22.97	0.0765	21.11046	20.68	57.57	1.4	0.998556	22.0730	1.29904	804.90	1.04560	3.26	0
1715	18:55:23.27	0.0755	21.11025	20.68	58.00	1.4	0.998568	22.0736	1.29904	804.92	1.04564	3.26	0
1716	18:55:23.57	0.0730	21.11123	20.68	58.00	1.4	0.998616	22.0739	1.29900	804.92	1.04560	3.26	0
1717	18:55:23.87	0.0740	21.11046	20.68	58.38	1.4	0.998598	22.0729	1.29904	804.90	1.04559	3.26	0
1718	18:55:24.17	0.0740	21.11039	20.68	58.38	1.4	0.998598	22.0727	1.29904	804.90	1.04559	3.26	0
1719	18:55:24.47	0.0730	21.11046	20.68	58.73	1.4	0.998622	22.0725	1.29904	804.90	1.04557	3.26	0
1720	18:55:24.77	0.0720	21.11081	20.68	58.73	1.4	0.998634	22.0735	1.29904	804.92	1.04560	3.26	0
1721	18:55:25.07	0.0730	21.11011	20.68	59.04	1.4	0.998616	22.0727	1.29904	804.90	1.04560	3.26	0
1722	18:55:25.37	0.0720	21.11053	20.68	59.04	1.4	0.998640	22.0725	1.29900	804.90	1.04557	3.26	0
1723	18:55:25.67	0.0735	21.10962	20.68	59.31	1.4	0.998610	22.0720	1.29904	804.90	1.04559	3.26	0
1724	18:55:25.97	0.0730	21.10983	20.68	59.31	1.4	0.998622	22.0716	1.29900	804.90	1.04556	3.26	0
1725	18:55:26.27	0.0705	21.11060	20.68	59.57	1.4	0.998670	22.0716	1.29900	804.88	1.04552	3.26	0
1726	18:55:26.57	0.0715	21.11018	20.68	59.57	1.4	0.998652	22.0728	1.29904	804.92	1.04560	3.26	0
1727	18:55:26.87	0.0710	21.11004	20.68	59.83	1.5	0.998658	22.0723	1.29900	804.90	1.04558	3.26	0
1728	18:55:27.17	0.0700	21.11039	20.68	59.83	1.5	0.998676	22.0725	1.29900	804.90	1.04557	3.26	0
1729	18:55:27.47	0.0715	21.10962	20.68	59.99	1.5	0.998646	22.0717	1.29904	804.90	1.04557	3.26	0
1730	18:55:27.77	0.0700	21.11025	20.68	59.99	1.5	0.998676	22.0719	1.29900	804.90	1.04555	3.26	0
1731	18:55:28.07	0.0700	21.10983	20.68	60.26	1.5	0.998670	22.0719	1.29900	804.90	1.04557	3.26	0
1732	18:55:28.37	0.0705	21.10962	20.68	60.26	1.5	0.998664	22.0718	1.29900	804.90	1.04558	3.26	0
1733	18:55:28.67	0.0710	21.10927	20.68	60.41	1.5	0.998652	22.0721	1.29904	804.92	1.04561	3.26	0
1734	18:55:28.97	0.0685	21.11025	20.68	60.41	1.5	0.998700	22.0720	1.29900	804.88	1.04555	3.26	0
1735	18:55:29.27	0.0685	21.11018	20.68	60.54	1.5	0.998700	22.0723	1.29900	804.90	1.04558	3.26	0
1736	18:55:29.57	0.0680	21.11039	20.68	60.54	1.5	0.998712	22.0728	1.29904	804.90	1.04559	3.26	0
1737	18:55:29.87	0.0685	21.11004	20.68	60.70	1.5	0.998706	22.0733	1.29904	804.92	1.04563	3.26	0
1738	18:55:30.17	0.0670	21.11060	20.68	60.70	1.5	0.998730	22.0735	1.29900	804.92	1.04561	3.26	0
1739	18:55:30.47	0.0680	21.10997	20.68	60.81	1.5	0.998706	22.0723	1.29904	804.90	1.04558	3.26	0
1740	18:55:30.77	0.0695	21.10941	20.68	60.81	1.5	0.998682	22.0734	1.29908	804.92	1.04566	3.26	0
1741	18:55:31.07	0.0695	21.10941	20.68	60.86	1.5	0.998688	22.0721	1.29904	804.92	1.04560	3.26	0
1742	18:55:31.37	0.0670	21.11046	20.68	60.86	1.5	0.998736	22.0729	1.29904	804.90	1.04559	3.26	0
1743	18:55:31.67	0.0685	21.10976	20.68	60.93	1.5	0.998706	22.0730	1.29904	804.92	1.04563	3.26	0
1744	18:55:31.97	0.0675	21.11011	20.68	60.93	1.5	0.998718	22.0731	1.29904	804.92	1.04561	3.26	0
1745	18:55:32.27	0.0660	21.11074	20.68	60.98	1.5	0.998754	22.0728	1.29900	804.90	1.04557	3.26	0
1746	18:55:32.57	0.0675	21.11011	20.68	60.98	1.5	0.998724	22.0732	1.29904	804.92	1.04562	3.26	0
1747	18:55:32.87	0.0680	21.10990	20.68	61.04	1.5	0.998718	22.0723	1.29904	804.90	1.04559	3.26	0
1748	18:55:33.17	0.0690	21.10941	20.68	61.04	1.5	0.998694	22.0725	1.29904	804.92	1.04563	3.26	0
1749	18:55:33.47	0.0690	21.10934	20.68	61.07	1.5	0.998694	22.0718	1.29904	804.90	1.04560	3.26	0
1750	18:55:33.77	0.0665	21.11032	20.68	61.07	1.5	0.998736	22.0732	1.29904	804.90	1.04561	3.26	0
1751	18:55:34.07	0.0670	21.11018	20.68	61.07	1.5	0.998730	22.0732	1.29904	804.92	1.04562	3.26	0
1752	18:55:34.37	0.0670	21.11018	20.68	61.07	1.5	0.998730	22.0716	1.29900	804.88	1.04555	3.26	0
1753	18:55:34.67	0.0650	21.11102	20.68	61.07	1.5	0.998772	22.0727	1.29900	804.88	1.04555	3.26	0
1754	18:55:34.97	0.0665	21.11039	20.68	61.07	1.5	0.998742	22.0725	1.29900	804.90	1.04557	3.26	0
1755	18:55:35.27	0.0650	21.11095	20.68	61.04	1.5	0.998766	22.0728	1.29900	804.90	1.04557	3.26	0
1756	18:55:35.57	0.0670	21.11018	20.68	61.04	1.5	0.998730	22.0730	1.29904	804.90	1.04561	3.26	0
1757	18:55:35.87	0.0670	21.11032	20.68	60.98	1.5	0.998736	22.0730	1.29904	804.90	1.04560	3.26	0
1758	18:55:36.17	0.0630	21.11186	20.68	60.98	1.5	0.998808	22.0730	1.29900	804.88	1.04552	3.26	0
1759	18:55:36.47	0.0655	21.11088	20.68	60.96	1.5	0.998760	22.0733	1.29904	804.90	1.04559	3.26	0
1760	18:55:36.77	0.0665	21.11053	20.68	60.96	1.5	0.998742	22.0726	1.29900	804.90	1.04557	3.26	0
1761	18:55:37.07	0.0660	21.11074	20.68	60.89	1.5	0.998748	22.0733	1.29904	804.90	1.04560	3.26	0
1762	18:55:37.37	0.0665	21.11060	20.68	60.89	1.5	0.998742	22.0730	1.29904	804.90	1.04559	3.26	0
1763	18:55:37.67	0.0665	21.11060	20.68	60.84	1.5	0.998742	22.0739	1.29904	804.92	1.04563	3.26	0
1764	18:55:37.97	0.0650	21.11130	20.68	60.84	1.5	0.998772	22.0736	1.29904	804.90	1.04558	3.26	0
1765	18:55:38.27	0.0665	21.11067	20.68	60.81	1.5	0.998742	22.0739	1.29904	804.92	1.04563	3.26	0
1766	18:55:38.57	0.0670	21.11046	20.68	60.81	1.5	0.998730	22.0732	1.29904	804.92	1.04560	3.26	0
1767	18:55:38.87	0.0650	21.11130	20.68	60.75	1.5	0.998766	22.0734	1.29900	804.90	1.04558	3.26	0
1768	18:55:39.17	0.0670	21.11060	20.68	60.75	1.5	0.998736	22.0731	1.29904	804.90	1.04559	3.26	0
1769	18:55:39.47	0.0650	21.11144	20.68	60.72	1.5	0.998772	22.0727	1.29900	804.88	1.04554	3.26	0
1770	18:55:39.77	0.0665	21.11074	20.68	60.72	1.5	0.998742	22.0728	1.29904	804.90	1.04557	3.26	0
1771	18:55:40.07	0.0690	21.10976	20.68	60.72	1.5	0.998694	22.0726	1.29904	804.90	1.04561	3.26	0
1772	18:55:40.37	0.0680	21.11025	20.68	60.72	1.5	0.998718	22.0724	1.29900	804.90	1.04558	3.26	0
1773	18:55:40.67	0.0670	21.11067	20.68	60.70	1.5	0.998736	22.0723	1.29900	804.90	1.04555	3.26	0
1774	18:55:40.97	0.0680	21.11011	20.68	60.70	1.5	0.998706	22.0729	1.29904	804.90	1.04561	3.26	0
1775	18:55:41.27	0.0645	21.11158	20.68	60.70	1.5	0.998778	22.0723	1.29896	804.88	1.04551	3.26	0
1776	18:55:41.57	0.0680	21.11025	20.68	60.70	1.5	0.998718	22.0727	1.29900	804.92	1.04559	3.26	0
1777	18:55:41.87	0.0680	21.11011	20.68	60.70	1.5	0.998712	22.0727	1.29900	804.92	1.04560	3.26	0
1778	18:55:42.17	0.0660	21.11109	20.68	60.70	1.5	0.998754	22.0724	1.29900	804.88	1.04554	3.26	0
1779	18:55:42.47	0.0685	21.11011	20.68	60.72	1.5	0.998706	22.0722	1.29900	804.90	1.04558	3.26	0
1780	18:55:42.77	0.0685	21.10990	20.68	60.72	1.5	0.998700	22.0726	1.29904	804.92	1.04560	3.26	0
1781	18:55:43.07	0.0675	21.11039	20.68	60.72	1.5	0.998724	22.0726	1.29900	804.90	1.04558	3.26	0
1782	18:55:43.37	0.0665	21.11074	20.68	60.72	1.5	0.998742	22.0727	1.29900	804.90	1.04557	3.26	0
1783	18:55:43.67	0.0660	21.11095	20.68	60.75	1.5	0.998754	22.0718	1.29896	804.88	1.04551	3.26	0
1784	18:55:43.97	0.0680	21.11011	20.68	60.75	1.5	0.998712	22.0720	1.29900	804.90	1.04557	3.26	0
1785	18:55:44.27	0.0670	21.11060	20.68	60.78	1.5	0.998736	22.0727	1.29900	804.90	1.04558	3.26	0
1786	18:55:44.57	0.0695	21.10948	20.68	60.78	1.5	0.998682	22.0718	1.29904	804.90	1.04559	3.26	0
1787	18:55:44.87	0.0675	21.11025	20.68	60.81	1.5	0.998724	22.0723	1.29900	804.90	1.04557	3.26	0
1788	18:55:45.17	0.0690	21.10969	20.68	60.81	1.5	0.998694	22.0718	1.29900	804.90	1.04558	3.26	0
1789	18:55:45.47	0.0670	21.11039	20.68	60.86	1.5	0.998730	22.0722	1.29900	804.88	1.04556	3.26	0
1790	18:55:45.77	0.0675	21.11025	20.68	60.86	1.5	0.998724	22.0727	1.29904	804.90	1.04560	3.26	0
1791	18:55:46.07	0.0670	21.11046	20.68	60.89	1.5	0.998736	22.0722	1.29900	804.88	1.04556	3.26	0
1792	18:55:46.37	0.0670	21.11039	20.68	60.89	1.5	0.998730	22.0720	1.29900	804.88	1.04555	3.26	0
1793	18:55:46.67	0.0675	21.11018	20.68	60.96	1.5	0.998724	22.0724	1.29904	804.90	1.04558	3.26	0
1794	18:55:46.97	0.0675	21.11018	20.68	60.96	1.5	0.998724	22.0720	1.29900	804.90	1.04556	3.26	0
1795	18:55:47.27	0.0695	21.10941	20.68	60.98	1.5	0.998688	22.0721	1.29904	804.90	1.04561	3.26	0
1796	18:55:47.57	0.0675	21.11004	20.68	60.98	1.5	0.998718	22.0720	1.29900	804.90	1.04557	3.26	0
1797	18:55:47.87	0.0670	21.11018	20.68	61.04	1.5	0.998730	22.0720	1.29900	804.88	1.04557	3.26	0
1798	18:55:48.17	0.0680	21.10983	20.68	61.04	1.5	0.998712	22.0725	1.29904	804.92	1.04560	3.26	0
1799	18:55:48.47	0.0685	21.10962	20.68	61.07	1.5	0.998706	22.0711	1.29900	804.88	1.04554	3.26	0
1800	18:55:48.77	0.0660	21.11053	20.68	61.07	1.5	0.998748	22.0718	1.29900	804.88	1.04554	3.26	0
1801	18:55:49.07	0.0690	21.10948	20.68	61.07	1.5	0.998700	22.0721	1.29904	804.90	1.04560	3.26	0
1802	18:55:49.37	0.0680	21.10969	20.68	61.07	1.5	0.998712	22.0720	1.29900	804.90	1.04558	3.26	0
1803	18:55:49.67	0.0660	21.11053	20.68	61.07	1.5	0.998748	22.0727	1.29904	804.90	1.04558	3.26	0
1804	18:55:49.97	0.0660	21.11060	20.68	61.07	1.5	0.998748	22.0729	1.29900	804.90	1.04558	3.26	0
1805	18:55:50.27	0.0640	21.11137	20.68	61.07	1.5	0.998790	22.0726	1.29900	804.88	1.04553	3.26	0
1806	18:55:50.57	0.0655	21.11081	20.68	61.07	1.5	0.998760	22.0723	1.29900	804.88	1.04555	3.26	0
1807	18:55:50.87	0.0675	21.10997	20.68	61.07	1.5	0.998718	22.0725	1.29904	804.90	1.04560	3.26	0
1808	18:55:51.17	0.0660	21.11053	20.68	61.07	1.5	0.998748	22.0731	1.29904	804.90	1.04560	3.26	0
1809	18:55:51.47	0.0635	21.11151	20.68	61.04	1.5	0.998796	22.0734	1.29900	804.88	1.04557	3.26	0
1810	18:55:51.77	0.0655	21.11074	20.68	61.04	1.5	0.998760	22.0732	1.29904	804.90	1.04559	3.26	0
1811	18:55:52.07	0.0675	21.11018	20.68	60.96	1.5	0.998724	22.0720	1.29900	804.88	1.04556	3.26	0
1812	18:55:52.37	0.0655	21.11095	20.68	60.96	1.5	0.998766	22.0735	1.29904	804.90	1.04560	3.26	0
1813	18:55:52.67	0.0640	21.11151	20.68	60.86	1.5	0.998784	22.0730	1.29900	804.88	1.04554	3.26	0
1814	18:55:52.97	0.0630	21.11193	20.68	60.86	1.5	0.998802	22.0744	1.29904	804.90	1.04559	3.26	0
1815	18:55:53.27	0.0620	21.11249	20.68	60.75	1.5	0.998826	22.0744	1.29900	804.90	1.04556	3.26	0
1816	18:55:53.57	0.0620	21.11256	20.68	60.75	1.5	0.998826	22.0744	1.29900	804.90	1.04555	3.26	0
1817	18:55:53.87	0.0620	21.11270	20.68	60.57	1.5	0.998826	22.0736	1.29896	804.88	1.04551	3.26	0
1818	18:55:54.17	0.0625	21.11249	20.68	60.57	1.5	0.998814	22.0739	1.29900	804.88	1.04554	3.26	0
1819	18:55:54.47	0.0620	21.11291	20.68	60.43	1.5	0.998826	22.0741	1.29900	804.88	1.04553	3.26	0
1820	18:55:54.77	0.0635	21.11242	20.68	60.43	1.5	0.998802	22.0742	1.29904	804.88	1.04556	3.26	0
1821	18:55:55.07	0.0635	21.11256	20.68	60.26	1.5	0.998802	22.0742	1.29900	804.88	1.04555	3.26	0
1822	18:55:55.37	0.0625	21.11291	20.68	60.26	1.5	0.998814	22.0741	1.29900	804.88	1.04553	3.26	0
1823	18:55:55.67	0.0625	21.11319	20.68	60.06	1.5	0.998820	22.0747	1.29900	804.88	1.04554	3.26	0
1824	18:55:55.97	0.0635	21.11270	20.68	60.06	1.5	0.998796	22.0744	1.29900	804.88	1.04555	3.26	0
1825	18:55:56.27	0.0670	21.11158	20.68	59.91	1.5	0.998736	22.0749	1.29908	804.92	1.04563	3.26	0
1826	18:55:56.57	0.0645	21.11256	20.68	59.91	1.5	0.998784	22.0748	1.29900	804.90	1.04558	3.26	0
1827	18:55:56.87	0.0655	21.11228	20.68	59.73	1.5	0.998760	22.0744	1.29904	804.88	1.04557	3.26	0
1828	18:55:57.17	0.0645	21.11270	20.68	59.73	1.5	0.998778	22.0750	1.29904	804.90	1.04558	3.26	0
1829	18:55:57.47	0.0645	21.11291	20.68	59.59	1.5	0.998778	22.0744	1.29900	804.88	1.04554	3.26	0
1830	18:55:57.77	0.0640	21.11298	20.68	59.59	1.5	0.998784	22.0736	1.29896	804.88	1.04550	3.26	0
1831	18:55:58.07	0.0660	21.11242	20.68	59.48	1.4	0.998754	22.0739	1.29900	804.88	1.04554	3.26	0
1832	18:55:58.37	0.0640	21.11326	20.68	59.48	1.4	0.998790	22.0741	1.29900	804.86	1.04551	3.26	0
1833	18:55:58.67	0.0650	21.11298	20.68	59.36	1.4	0.998772	22.0756	1.29904	804.90	1.04560	3.26	0
1834	18:55:58.97	0.0665	21.11235	20.68	59.36	1.4	0.998742	22.0750	1.29904	804.90	1.04560	3.26	0
1835	18:55:59.27	0.0635	21.11361	20.68	59.28	1.4	0.998796	22.0750	1.29900	804.88	1.04553	3.26	0
1836	18:55:59.57	0.0650	21.11312	20.68	59.28	1.4	0.998772	22.0744	1.29900	804.86	1.04552	3.26	0
1837	18:55:59.87	0.0655	21.11291	20.68	59.16	1.4	0.998754	22.0753	1.29904	804.90	1.04559	3.26	0
1838	18:56:00.17	0.0655	21.11305	20.68	59.16	1.4	0.998766	22.0751	1.29900	804.90	1.04557	3.26	0
1839	18:56:00.47	0.0650	21.11326	20.68	59.07	1.4	0.998766	22.0755	1.29904	804.90	1.04558	3.26	0
1840	18:56:00.77	0.0650	21.11340	20.68	59.07	1.4	0.998772	22.0748	1.29900	804.88	1.04554	3.26	0
1841	18:56:01.07	0.0660	21.11298	20.68	58.93	1.4	0.998748	22.0747	1.29900	804.88	1.04555	3.26	0
1842	18:56:01.37	0.0660	21.11305	20.68	58.93	1.4	0.998748	22.0752	1.29900	804.90	1.04557	3.26	0
1843	18:56:01.67	0.0645	21.11368	20.68	58.84	1.4	0.998778	22.0757	1.29900	804.90	1.04556	3.26	0
1844	18:56:01.97	0.0655	21.11340	20.68	58.84	1.4	0.998766	22.0750	1.29900	804.88	1.04554	3.26	0
1845	18:56:02.27	0.0670	21.11277	20.68	58.73	1.4	0.998730	22.0753	1.29904	804.90	1.04559	3.26	0
1846	18:56:02.57	0.0655	21.11340	20.68	58.73	1.4	0.998754	22.0751	1.29900	804.90	1.04555	3.26	0
1847	18:56:02.87	0.0650	21.11382	20.68	58.64	1.4	0.998772	22.0755	1.29900	804.88	1.04555	3.26	0
1848	18:56:03.17	0.0670	21.11291	20.68	58.64	1.4	0.998730	22.0751	1.29904	804.88	1.04557	3.26	0
1849	18:56:03.47	0.0660	21.11340	20.68	58.55	1.4	0.998748	22.0751	1.29900	804.88	1.04555	3.26	0
1850	18:56:03.77	0.0685	21.11256	20.68	58.55	1.4	0.998706	22.0745	1.29900	804.90	1.04557	3.26	0
1851	18:56:04.07	0.0675	21.11284	20.68	58.49	1.4	0.998718	22.0754	1.29904	804.90	1.04559	3.26	0
1852	18:56:04.37	0.0665	21.11347	20.68	58.49	1.4	0.998748	22.0753	1.29900	804.88	1.04555	3.26	0
1853	18:56:04.67	0.0675	21.11298	20.68	58.46	1.4	0.998724	22.0748	1.29900	804.88	1.04555	3.26	0
1854	18:56:04.97	0.0670	21.11326	20.68	58.46	1.4	0.998736	22.0752	1.29900	804.90	1.04557	3.26	0
1855	18:56:05.27	0.0675	21.11291	20.68	58.46	1.4	0.998718	22.0751	1.29904	804.88	1.04557	3.26	0
1856	18:56:05.57	0.0685	21.11263	20.68	58.46	1.4	0.998706	22.0755	1.29904	804.90	1.04560	3.26	0
1857	18:56:05.87	0.0665	21.11333	20.68	58.46	1.4	0.998742	22.0763	1.29904	804.90	1.04561	3.26	0
1858	18:56:06.17	0.0675	21.11298	20.68	58.46	1.4	0.998724	22.0761	1.29904	804.92	1.04561	3.26	0
1859	18:56:06.47	0.0675	21.11291	20.68	58.46	1.4	0.998718	22.0753	1.29904	804.88	1.04558	3.26	0
1860	18:56:06.77	0.0655	21.11375	20.68	58.46	1.4	0.998760	22.0762	1.29904	804.90	1.04558	3.26	0
1861	18:56:07.07	0.0670	21.11326	20.68	58.44	1.4	0.998736	22.0760	1.29904	804.90	1.04560	3.26	0
1862	18:56:07.37	0.0680	21.11291	20.68	58.44	1.4	0.998718	22.0762	1.29904	804.92	1.04563	3.26	0
1863	18:56:07.67	0.0665	21.11354	20.68	58.41	1.4	0.998742	22.0758	1.29904	804.90	1.04557	3.26	0
1864	18:56:07.97	0.0670	21.11319	20.68	58.41	1.4	0.998730	22.0760	1.29904	804.90	1.04561	3.26	0
1865	18:56:08.27	0.0660	21.11382	20.68	58.35	1.4	0.998754	22.0762	1.29904	804.90	1.04558	3.26	0
1866	18:56:08.57	0.0665	21.11347	20.68	58.35	1.4	0.998736	22.0767	1.29904	804.92	1.04563	3.26	0
1867	18:56:08.87	0.0670	21.11340	20.68	58.29	1.4	0.998730	22.0755	1.29904	804.88	1.04557	3.26	0
1868	18:56:09.17	0.0680	21.11305	20.68	58.29	1.4	0.998718	22.0754	1.29904	804.90	1.04558	3.26	0
1869	18:56:09.47	0.0685	21.11277	20.68	58.23	1.4	0.998700	22.0751	1.29904	804.90	1.04558	3.26	0
1870	18:56:09.77	0.0680	21.11312	20.68	58.23	1.4	0.998718	22.0751	1.29900	804.90	1.04557	3.26	0
1871	18:56:10.07	0.0675	21.11333	20.68	58.15	1.4	0.998724	22.0753	1.29904	804.88	1.04556	3.26	0
1872	18:56:10.37	0.0690	21.11284	20.68	58.15	1.4	0.998700	22.0752	1.29904	804.90	1.04558	3.26	0
1873	18:56:10.67	0.0660	21.11396	20.68	58.12	1.4	0.998748	22.0757	1.29900	804.88	1.04555	3.26	0
1874	18:56:10.97	0.0660	21.11403	20.68	58.12	1.4	0.998754	22.0749	1.29896	804.88	1.04551	3.26	0
1875	18:56:11.27	0.0650	21.11445	20.68	58.09	1.4	0.998772	22.0753	1.29896	804.88	1.04551	3.26	0
1876	18:56:11.57	0.0685	21.11312	20.68	58.09	1.4	0.998706	22.0746	1.29900	804.88	1.04554	3.26	0
1877	18:56:11.87	0.0675	21.11347	20.68	58.06	1.4	0.998724	22.0753	1.29900	804.88	1.04555	3.26	0
1878	18:56:12.17	0.0665	21.11389	20.68	58.06	1.4	0.998742	22.0747	1.29896	804.88	1.04551	3.26	0
1879	18:56:12.47	0.0695	21.11270	20.68	58.03	1.4	0.998688	22.0746	1.29900	804.88	1.04556	3.26	0
1880	18:56:12.77	0.0690	21.11291	20.68	58.03	1.4	0.998694	22.0750	1.29900	804.90	1.04557	3.26	0
1881	18:56:13.07	0.0680	21.11333	20.68	58.03	1.4	0.998712	22.0751	1.29900	804.88	1.04555	3.26	0
1882	18:56:13.37	0.0690	21.11298	20.68	58.03	1.4	0.998700	22.0744	1.29900	804.88	1.04554	3.26	0
1883	18:56:13.67	0.0675	21.11347	20.68	58.03	1.4	0.998724	22.0745	1.29896	804.88	1.04552	3.26	0
1884	18:56:13.97	0.0685	21.11312	20.68	58.03	1.4	0.998706	22.0747	1.29900	804.88	1.04554	3.26	0
1885	18:56:14.27	0.0685	21.11312	20.68	58.06	1.4	0.998706	22.0740	1.29900	804.86	1.04551	3.26	0
1886	18:56:14.57	0.0680	21.11319	20.68	58.06	1.4	0.998712	22.0743	1.29900	804.88	1.04552	3.26	0
1887	18:56:14.87	0.0675	21.11347	20.68	58.06	1.4	0.998724	22.0746	1.29900	804.88	1.04552	3.26	0
1888	18:56:15.17	0.0685	21.11305	20.68	58.06	1.4	0.998700	22.0748	1.29900	804.88	1.04555	3.26	0
1889	18:56:15.47	0.0670	21.11354	20.68	58.09	1.4	0.998730	22.0746	1.29900	804.86	1.04552	3.26	0
1890	18:56:15.77	0.0695	21.11256	20.68	58.09	1.4	0.998682	22.0751	1.29904	804.90	1.04558	3.26	0
1891	18:56:16.07	0.0670	21.11354	20.68	58.09	1.4	0.998730	22.0750	1.29900	804.88	1.04554	3.26	0
1892	18:56:16.37	0.0665	21.11375	20.68	58.09	1.4	0.998736	22.0751	1.29900	804.88	1.04553	3.26	0
1893	18:56:16.67	0.0680	21.11326	20.68	58.06	1.4	0.998712	22.0748	1.29900	804.88	1.04554	3.26	0
1894	18:56:16.97	0.0665	21.11382	20.68	58.06	1.4	0.998736	22.0756	1.29900	804.88	1.04555	3.26	0
1895	18:56:17.27	0.0675	21.11340	20.68	58.06	1.4	0.998718	22.0755	1.29904	804.88	1.04557	3.26	0
1896	18:56:17.57	0.0680	21.11319	20.68	58.06	1.4	0.998706	22.0752	1.29904	804.88	1.04557	3.26	0
1897	18:56:17.87	0.0675	21.11361	20.68	58.00	1.4	0.998724	22.0751	1.29900	804.88	1.04554	3.26	0
1898	18:56:18.17	0.0670	21.11368	20.68	58.00	1.4	0.998730	22.0748	1.29900	804.88	1.04552	3.26	0
1899	18:56:18.47	0.0675	21.11361	20.68	58.00	1.4	0.998730	22.0753	1.29900	804.88	1.04555	3.26	0
1900	18:56:18.77	0.0670	21.11382	20.68	58.00	1.4	0.998736	22.0749	1.29900	804.88	1.04552	3.26	0
1901	18:56:19.07	0.0660	21.11403	20.68	57.97	1.4	0.998748	22.0754	1.29900	804.88	1.04553	3.26	0
1902	18:56:19.37	0.0680	21.11326	20.68	57.97	1.4	0.998712	22.0759	1.29904	804.90	1.04559	3.26	0
1903	18:56:19.67	0.0680	21.11333	20.68	57.91	1.4	0.998712	22.0755	1.29904	804.90	1.04557	3.26	0
1904	18:56:19.97	0.0680	21.11347	20.68	57.91	1.4	0.998712	22.0755	1.29900	804.90	1.04557	3.26	0
1905	18:56:20.27	0.0665	21.11410	20.68	57.91	1.4	0.998742	22.0750	1.29900	804.86	1.04551	3.26	0
1906	18:56:20.57	0.0680	21.11340	20.68	57.91	1.4	0.998712	22.0750	1.29900	804.88	1.04554	3.26	0
1907	18:56:20.87	0.0685	21.11319	20.68	57.91	1.4	0.998700	22.0753	1.29900	804.90	1.04557	3.26	0
1908	18:56:21.17	0.0685	21.11319	20.68	57.91	1.4	0.998700	22.0748	1.29900	804.88	1.04555	3.26	0
1909	18:56:21.47	0.0695	21.11291	20.68	57.91	1.4	0.998688	22.0748	1.29900	804.88	1.04556	3.26	0
1910	18:56:21.77	0.0680	21.11340	20.68	57.91	1.4	0.998712	22.0747	1.29900	804.88	1.04553	3.26	0
1911	18:56:22.07	0.0650	21.11452	20.68	57.91	1.4	0.998766	22.0747	1.29896	804.86	1.04548	3.26	0
1912	18:56:22.37	0.0665	21.11389	20.68	57.91	1.4	0.998736	22.0753	1.29900	804.88	1.04554	3.26	0
1913	18:56:22.67	0.0675	21.11354	20.68	57.91	1.4	0.998718	22.0752	1.29900	804.88	1.04555	3.26	0
1914	18:56:22.97	0.0690	21.11298	20.68	57.91	1.4	0.998694	22.0750	1.29900	804.90	1.04557	3.26	0
1915	18:56:23.27	0.0680	21.11333	20.68	57.91	1.4	0.998712	22.0750	1.29900	804.88	1.04555	3.26	0
1916	18:56:23.57	0.0685	21.11326	20.68	57.91	1.4	0.998706	22.0748	1.29900	804.88	1.04554	3.26	0
1917	18:56:23.87	0.0675	21.11368	20.68	57.89	1.4	0.998724	22.0751	1.29900	804.88	1.04554	3.26	0
1918	18:56:24.17	0.0695	21.11291	20.68	57.89	1.4	0.998688	22.0746	1.29900	804.88	1.04555	3.26	0
1919	18:56:24.47	0.0675	21.11361	20.68	57.89	1.4	0.998718	22.0746	1.29900	804.86	1.04552	3.26	0
1920	18:56:24.77	0.0680	21.11340	20.68	57.89	1.4	0.998712	22.0747	1.29900	804.88	1.04553	3.26	0
1921	18:56:25.07	0.0690	21.11312	20.68	57.86	1.4	0.998700	22.0754	1.29904	804.90	1.04558	3.26	0
1922	18:56:25.37	0.0680	21.11354	20.68	57.86	1.4	0.998718	22.0755	1.29900	804.90	1.04556	3.26	0
1923	18:56:25.67	0.0650	21.11466	20.68	57.86	1.4	0.998766	22.0759	1.29900	804.88	1.04552	3.26	0
1924	18:56:25.97	0.0675	21.11368	20.68	57.86	1.4	0.998724	22.0753	1.29900	804.88	1.04555	3.26	0
1925	18:56:26.27	0.0675	21.11361	20.68	57.83	1.4	0.998718	22.0753	1.29900	804.88	1.04555	3.26	0
1926	18:56:26.57	0.0680	21.11361	20.68	57.83	1.4	0.998718	22.0757	1.29904	804.88	1.04557	3.26	0
1927	18:56:26.87	0.0675	21.11368	20.68	57.80	1.4	0.998718	22.0750	1.29900	804.86	1.04553	3.26	0
1928	18:56:27.17	0.0725	21.11172	20.68	57.80	1.4	0.998628	22.0727	1.29900	804.86	1.04552	3.26	0
1929	18:56:27.47	0.0800	21.10885	20.68	57.77	1.4	0.998490	22.0695	1.29900	804.86	1.04551	3.26	0
1930	18:56:27.77	0.0920	21.10402	20.68	57.77	1.4	0.998262	22.0655	1.29904	804.88	1.04556	3.26	0
1931	18:56:28.07	0.1015	21.10024	20.68	57.71	1.4	0.998082	22.0618	1.29904	804.90	1.04557	3.26	0
1932	18:56:28.37	0.1155	21.09464	20.68	57.71	1.4	0.997812	22.0555	1.29900	804.88	1.04555	3.26	0
1933	18:56:28.67	0.1285	21.08946	20.68	57.71	1.4	0.997572	22.0501	1.29904	804.88	1.04555	3.26	0
1934	18:56:28.97	0.1400	21.08491	20.68	57.71	1.4	0.997356	22.0452	1.29900	804.88	1.04554	3.26	0
1935	18:56:29.27	0.1500	21.08078	20.68	57.71	1.4	0.997158	22.0404	1.29900	804.86	1.04552	3.26	0
1936	18:56:29.57	0.1605	21.07658	20.68	57.71	1.4	0.996960	22.0355	1.29900	804.84	1.04550	3.26	0
1937	18:56:29.87	0.1685	21.07329	20.68	57.80	1.4	0.996810	22.0326	1.29900	804.86	1.04552	3.26	0
1938	18:56:30.17	0.1780	21.06958	20.68	57.80	1.4	0.996636	22.0284	1.29900	804.86	1.04551	3.26	0
1939	18:56:30.47	0.1840	21.06699	20.68	57.83	1.4	0.996516	22.0257	1.29900	804.86	1.04551	3.26	0
1940	18:56:30.77	0.1905	21.06461	20.68	57.83	1.4	0.996396	22.0238	1.29900	804.86	1.04554	3.26	0
1941	18:56:31.07	0.1940	21.06293	20.68	57.91	1.4	0.996324	22.0209	1.29900	804.84	1.04548	3.26	0
1942	18:56:31.37	0.2010	21.06020	20.68	57.91	1.4	0.996198	22.0191	1.29904	804.86	1.04553	3.26	0
1943	18:56:31.67	0.2015	21.05985	20.68	58.00	1.4	0.996186	22.0173	1.29896	804.84	1.04546	3.26	0
1944	18:56:31.97	0.2060	21.05810	20.68	58.00	1.4	0.996102	22.0166	1.29900	804.86	1.04552	3.26	0
1945	18:56:32.27	0.2095	21.05663	20.68	58.06	1.4	0.996036	22.0154	1.29904	804.86	1.04553	3.26	0
1946	18:56:32.57	0.2080	21.05733	20.68	58.06	1.4	0.996066	22.0147	1.29900	804.84	1.04547	3.26	0
1947	18:56:32.87	0.2120	21.05565	20.68	58.15	1.4	0.995994	22.0135	1.29900	804.84	1.04549	3.26	0
1948	18:56:33.17	0.2135	21.05495	20.68	58.15	1.4	0.995958	22.0135	1.29904	804.86	1.04552	3.26	0
1949	18:56:33.47	0.2145	21.05446	20.68	58.23	1.4	0.995940	22.0123	1.29900	804.84	1.04549	3.26	0
1950	18:56:33.77	0.2180	21.05306	20.68	58.23	1.4	0.995874	22.0109	1.29900	804.84	1.04549	3.26	0
1951	18:56:34.07	0.2190	21.05264	20.68	58.26	1.4	0.995856	22.0107	1.29900	804.84	1.04551	3.26	0
1952	18:56:34.37	0.2215	21.05152	20.68	58.26	1.4	0.995802	22.0096	1.29904	804.84	1.04551	3.26	0
1953	18:56:34.67	0.2230	21.05103	20.68	58.26	1.4	0.995784	22.0091	1.29900	804.84	1.04551	3.26	0
1954	18:56:34.97	0.2215	21.05152	20.68	58.26	1.4	0.995802	22.0092	1.29900	804.84	1.04549	3.26	0
1955	18:56:35.27	0.2210	21.05173	20.68	58.26	1.4	0.995814	22.0092	1.29900	804.84	1.04548	3.26	0
1956	18:56:35.57	0.2200	21.05229	20.68	58.26	1.4	0.995838	22.0100	1.29900	804.84	1.04549	3.26	0
1957	18:56:35.87	0.2195	21.05229	20.68	58.26	1.4	0.995844	22.0104	1.29900	804.84	1.04551	3.26	0
1958	18:56:36.17	0.2155	21.05390	20.68	58.26	1.4	0.995916	22.0119	1.29900	804.86	1.04551	3.26	0
1959	18:56:36.47	0.2125	21.05530	20.68	58.23	1.4	0.995982	22.0137	1.29900	804.86	1.04552	3.26	0
1960	18:56:36.77	0.2075	21.05733	20.68	58.23	1.4	0.996078	22.0154	1.29900	804.84	1.04550	3.26	0
1961	18:56:37.07	0.2040	21.05859	20.68	58.20	1.4	0.996132	22.0169	1.29900	804.86	1.04551	3.26	0
1962	18:56:37.37	0.1980	21.06118	20.68	58.20	1.4	0.996258	22.0197	1.29900	804.84	1.04551	3.26	0
1963	18:56:37.67	0.1925	21.06328	20.68	58.15	1.4	0.996354	22.0216	1.29900	804.84	1.04550	3.26	0
1964	18:56:37.97	0.1890	21.06461	20.68	58.15	1.4	0.996420	22.0231	1.29900	804.84	1.04550	3.26	0
1965	18:56:38.27	0.1890	21.06482	20.68	58.12	1.4	0.996426	22.0236	1.29900	804.86	1.04551	3.26	0
1966	18:56:38.57	0.1880	21.06524	20.68	58.12	1.4	0.996444	22.0235	1.29900	804.84	1.04549	3.26	0
1967	18:56:38.87	0.1895	21.06461	20.68	58.09	1.4	0.996414	22.0228	1.29900	804.84	1.04549	3.26	0
1968	18:56:39.17	0.1910	21.06405	20.68	58.09	1.4	0.996384	22.0228	1.29900	804.86	1.04552	3.26	0
1969	18:56:39.47	0.1920	21.06370	20.68	58.03	1.4	0.996366	22.0211	1.29896	804.84	1.04545	3.26	0
1970	18:56:39.77	0.1950	21.06251	20.68	58.03	1.4	0.996312	22.0210	1.29900	804.84	1.04551	3.26	0
1971	18:56:40.07	0.1975	21.06153	20.68	58.00	1.4	0.996264	22.0202	1.29900	804.86	1.04552	3.26	0
1972	18:56:40.37	0.1995	21.06076	20.68	58.00	1.4	0.996228	22.0184	1.29900	804.84	1.04547	3.26	0
1973	18:56:40.67	0.2025	21.05950	20.68	57.91	1.4	0.996162	22.0171	1.29900	804.84	1.04547	3.26	0
1974	18:56:40.97	0.2080	21.05747	20.68	57.91	1.4	0.996066	22.0152	1.29900	804.84	1.04548	3.26	0
1975	18:56:41.27	0.2120	21.05593	20.68	57.83	1.4	0.995988	22.0146	1.29904	804.86	1.04554	3.26	0
1976	18:56:41.57	0.2140	21.05516	20.68	57.83	1.4	0.995952	22.0132	1.29900	804.84	1.04550	3.26	0
1977	18:56:41.87	0.2160	21.05439	20.68	57.71	1.4	0.995910	22.0125	1.29900	804.84	1.04551	3.26	0
1978	18:56:42.17	0.2190	21.05327	20.68	57.71	1.4	0.995856	22.0108	1.29900	804.84	1.04548	3.26	0
1979	18:56:42.49	0.2230	21.05173	20.68	57.63	1.4	0.995778	22.0090	1.29900	804.84	1.04548	3.26	0
1980	18:56:42.77	0.2200	21.05299	20.68	57.63	1.4	0.995838	22.0103	1.29900	804.84	1.04547	3.26	0
1981	18:56:43.07	0.2180	21.05390	20.68	57.54	1.4	0.995874	22.0114	1.29900	804.84	1.04548	3.26	0
1982	18:56:43.37	0.2135	21.05558	20.68	57.54	1.4	0.995958	22.0133	1.29900	804.84	1.04549	3.26	0
1983	18:56:43.67	0.2095	21.05733	20.68	57.45	1.4	0.996036	22.0152	1.29900	804.84	1.04549	3.26	0
1984	18:56:43.97	0.2055	21.05894	20.68	57.45	1.4	0.996114	22.0170	1.29900	804.84	1.04549	3.26	0
1985	18:56:44.28	0.2020	21.06055	20.68	57.31	1.4	0.996180	22.0193	1.29900	804.86	1.04552	3.26	0
1986	18:56:44.70	0.1955	21.06307	20.68	57.31	1.4	0.996300	22.0215	1.29900	804.84	1.04551	3.26	0
1987	18:56:44.87	0.1935	21.06405	20.68	57.22	1.4	0.996342	22.0235	1.29904	804.86	1.04555	3.26	0
1988	18:56:45.17	0.1855	21.06720	20.68	57.22	1.4	0.996492	22.0268	1.29904	804.86	1.04555	3.26	0
1989	18:56:45.47	0.1785	21.07014	20.68	57.13	1.4	0.996624	22.0294	1.29904	804.86	1.04553	3.26	0
1990	18:56:45.77	0.1720	21.07273	20.68	57.13	1.4	0.996744	22.0315	1.29900	804.86	1.04550	3.26	0
1991	18:56:46.07	0.1670	21.07476	20.68	57.02	1.4	0.996834	22.0328	1.29896	804.84	1.04546	3.26	0
1992	18:56:46.37	0.1655	21.07546	20.68	57.02	1.4	0.996870	22.0340	1.29900	804.84	1.04548	3.26	0
1993	18:56:46.67	0.1630	21.07658	20.68	56.90	1.4	0.996918	22.0357	1.29900	804.84	1.04551	3.26	0
Device address	Device ID	Factory Device ID	Firmware	Measurement mode	Gain	Speed	Y_AH_Cal (-)	TF_Cal (V/W)	Temp_Cal (°C)																																				
FF46	D2	12J692	 C3.8	H2   	1.005	Norm 	 0.999466	21.182169	23.924849																																				
Iteration	Time	Output (%)	Transfer (V/W)	Tsens (°C)	RH (%)	AH (kPa)	Corr transfer (-)	Utp (mV)	Ih (mA)	Uh (mV)	Ph (mW)	Usyst (V)	Alarm																																
0	10:45:32.37	0.0620	21.11480	22.71	43.67	1.2	0.998820	22.1576	1.30008	807.16	1.04939	3.26	0
1	10:45:32.49	0.0620	21.11501	22.71	43.67	1.2	0.998832	22.1579	1.30008	807.16	1.04939	3.26	0
2	10:45:32.79	0.0615	21.11522	22.71	43.67	1.2	0.998838	22.1581	1.30008	807.16	1.04939	3.26	0
3	10:45:33.09	0.0605	21.11557	22.71	43.67	1.2	0.998862	22.1586	1.30008	807.18	1.04939	3.26	0
4	10:45:33.59	0.0620	21.11494	22.70	43.67	1.2	0.998826	22.1586	1.30012	807.18	1.04942	3.26	0
5	10:45:33.69	0.0620	21.11501	22.70	43.67	1.2	0.998826	22.1582	1.30012	807.18	1.04941	3.26	0
6	10:45:33.99	0.0625	21.11480	22.70	43.67	1.2	0.998814	22.1576	1.30008	807.18	1.04939	3.26	0
7	10:45:34.29	0.0625	21.11487	22.70	43.67	1.2	0.998820	22.1585	1.30012	807.18	1.04942	3.26	0
8	10:45:34.59	0.0630	21.11452	22.70	43.67	1.2	0.998802	22.1583	1.30012	807.18	1.04944	3.26	0
9	10:45:34.89	0.0620	21.11501	22.70	43.67	1.2	0.998826	22.1583	1.30012	807.18	1.04941	3.26	0
10	10:45:35.20	0.0620	21.11494	22.70	43.67	1.2	0.998826	22.1583	1.30008	807.18	1.04941	3.26	0
11	10:45:35.49	0.0615	21.11529	22.70	43.67	1.2	0.998838	22.1588	1.30012	807.18	1.04942	3.26	0
12	10:45:35.79	0.0610	21.11543	22.70	43.67	1.2	0.998844	22.1586	1.30008	807.18	1.04941	3.26	0
13	10:45:36.09	0.0610	21.11543	22.70	43.67	1.2	0.998850	22.1584	1.30008	807.16	1.04939	3.26	0
14	10:45:36.39	0.0610	21.11543	22.70	43.67	1.2	0.998844	22.1585	1.30008	807.18	1.04940	3.26	0
15	10:45:36.69	0.0615	21.11529	22.70	43.67	1.2	0.998838	22.1584	1.30008	807.18	1.04940	3.26	0
16	10:45:36.99	0.0620	21.11487	22.70	43.67	1.2	0.998820	22.1581	1.30008	807.18	1.04941	3.26	0
17	10:45:37.29	0.0615	21.11529	22.70	43.67	1.2	0.998838	22.1583	1.30008	807.16	1.04940	3.26	0
18	10:45:37.59	0.0630	21.11452	22.70	43.67	1.2	0.998802	22.1585	1.30012	807.20	1.04945	3.26	0
19	10:45:37.89	0.0635	21.11438	22.70	43.67	1.2	0.998796	22.1588	1.30012	807.20	1.04947	3.26	0
20	10:45:38.19	0.0625	21.11480	22.70	43.67	1.2	0.998814	22.1584	1.30012	807.18	1.04942	3.26	0
21	10:45:38.49	0.0625	21.11487	22.70	43.67	1.2	0.998820	22.1583	1.30012	807.18	1.04942	3.26	0
22	10:45:38.79	0.0610	21.11529	22.70	43.67	1.2	0.998844	22.1584	1.30008	807.18	1.04940	3.26	0
23	10:45:39.09	0.0610	21.11543	22.70	43.67	1.2	0.998844	22.1582	1.30008	807.16	1.04939	3.26	0
24	10:45:39.39	0.0615	21.11508	22.70	43.67	1.2	0.998832	22.1584	1.30008	807.18	1.04941	3.26	0
25	10:45:39.69	0.0625	21.11473	22.70	43.71	1.2	0.998814	22.1581	1.30012	807.18	1.04942	3.26	0
26	10:45:39.99	0.0610	21.11536	22.71	43.71	1.2	0.998850	22.1584	1.30012	807.16	1.04939	3.26	0
27	10:45:40.29	0.0620	21.11480	22.71	43.71	1.2	0.998826	22.1584	1.30012	807.18	1.04942	3.26	0
28	10:45:40.59	0.0605	21.11550	22.70	43.71	1.2	0.998850	22.1588	1.30012	807.18	1.04941	3.26	0
29	10:45:40.89	0.0640	21.11417	22.70	43.67	1.2	0.998790	22.1584	1.30012	807.20	1.04945	3.26	0
30	10:45:41.19	0.0620	21.11494	22.70	43.67	1.2	0.998826	22.1583	1.30008	807.18	1.04941	3.26	0
31	10:45:41.49	0.0630	21.11452	22.70	43.71	1.2	0.998808	22.1585	1.30012	807.18	1.04945	3.26	0
32	10:45:41.79	0.0635	21.11431	22.70	43.71	1.2	0.998796	22.1584	1.30012	807.20	1.04945	3.26	0
33	10:45:42.09	0.0610	21.11529	22.70	43.71	1.2	0.998844	22.1579	1.30008	807.18	1.04938	3.26	0
34	10:45:42.39	0.0605	21.11543	22.70	43.71	1.2	0.998850	22.1584	1.30008	807.16	1.04939	3.26	0
35	10:45:42.69	0.0645	21.11403	22.70	43.71	1.2	0.998784	22.1572	1.30012	807.16	1.04941	3.26	0
36	10:45:42.99	0.0590	21.11613	22.71	43.71	1.2	0.998886	22.1579	1.30008	807.14	1.04933	3.26	0
37	10:45:43.29	0.0610	21.11529	22.71	43.71	1.2	0.998850	22.1574	1.30008	807.16	1.04935	3.26	0
38	10:45:43.59	0.0610	21.11515	22.71	43.71	1.2	0.998844	22.1574	1.30008	807.16	1.04936	3.26	0
39	10:45:43.89	0.0620	21.11480	22.71	43.67	1.2	0.998826	22.1585	1.30012	807.18	1.04942	3.26	0
40	10:45:44.19	0.0605	21.11550	22.70	43.67	1.2	0.998850	22.1575	1.30008	807.16	1.04935	3.26	0
41	10:45:44.49	0.0625	21.11466	22.70	43.71	1.2	0.998814	22.1577	1.30008	807.18	1.04939	3.26	0
42	10:45:44.79	0.0630	21.11452	22.70	43.71	1.2	0.998808	22.1579	1.30012	807.18	1.04941	3.26	0
43	10:45:45.09	0.0620	21.11494	22.70	43.71	1.2	0.998826	22.1579	1.30008	807.18	1.04940	3.26	0
44	10:45:45.39	0.0615	21.11515	22.70	43.71	1.2	0.998838	22.1586	1.30012	807.18	1.04942	3.26	0
45	10:45:45.69	0.0625	21.11480	22.70	43.71	1.2	0.998820	22.1586	1.30012	807.18	1.04944	3.26	0
46	10:45:45.99	0.0605	21.11557	22.70	43.71	1.2	0.998856	22.1581	1.30008	807.16	1.04937	3.26	0
47	10:45:46.29	0.0610	21.11543	22.70	43.71	1.2	0.998850	22.1580	1.30008	807.16	1.04938	3.26	0
48	10:45:46.59	0.0630	21.11459	22.70	43.71	1.2	0.998808	22.1576	1.30008	807.18	1.04939	3.26	0
49	10:45:46.89	0.0615	21.11522	22.70	43.71	1.2	0.998838	22.1577	1.30008	807.16	1.04937	3.26	0
50	10:45:47.19	0.0620	21.11487	22.70	43.71	1.2	0.998826	22.1581	1.30012	807.16	1.04941	3.26	0
51	10:45:47.49	0.0610	21.11536	22.70	43.71	1.2	0.998844	22.1577	1.30008	807.16	1.04936	3.26	0
52	10:45:47.79	0.0600	21.11578	22.70	43.71	1.2	0.998868	22.1586	1.30008	807.18	1.04938	3.26	0
53	10:45:48.09	0.0620	21.11508	22.70	43.67	1.2	0.998832	22.1579	1.30008	807.18	1.04939	3.26	0
54	10:45:48.39	0.0625	21.11473	22.70	43.67	1.2	0.998814	22.1577	1.30008	807.18	1.04939	3.26	0
55	10:45:48.69	0.0610	21.11536	22.70	43.67	1.2	0.998844	22.1585	1.30012	807.16	1.04940	3.26	0
56	10:45:48.99	0.0600	21.11578	22.70	43.67	1.2	0.998862	22.1584	1.30008	807.16	1.04938	3.26	0
57	10:45:49.29	0.0625	21.11473	22.70	43.71	1.2	0.998814	22.1578	1.30008	807.18	1.04940	3.26	0
58	10:45:49.59	0.0625	21.11487	22.70	43.71	1.2	0.998820	22.1579	1.30008	807.18	1.04939	3.26	0
59	10:45:49.89	0.0630	21.11466	22.70	43.67	1.2	0.998814	22.1579	1.30012	807.18	1.04941	3.26	0
60	10:45:50.19	0.0635	21.11438	22.70	43.67	1.2	0.998796	22.1577	1.30012	807.18	1.04942	3.26	0
61	10:45:50.49	0.0615	21.11522	22.70	43.71	1.2	0.998838	22.1577	1.30008	807.16	1.04938	3.26	0
62	10:45:50.79	0.0595	21.11599	22.70	43.71	1.2	0.998874	22.1590	1.30008	807.18	1.04939	3.26	0
63	10:45:51.09	0.0615	21.11522	22.70	43.71	1.2	0.998838	22.1583	1.30008	807.18	1.04940	3.26	0
64	10:45:51.39	0.0630	21.11459	22.70	43.71	1.2	0.998808	22.1587	1.30012	807.20	1.04945	3.26	0
65	10:45:51.69	0.0610	21.11536	22.70	43.67	1.2	0.998844	22.1574	1.30008	807.16	1.04935	3.26	0
66	10:45:51.99	0.0635	21.11438	22.70	43.67	1.2	0.998796	22.1575	1.30008	807.18	1.04941	3.26	0
67	10:45:52.29	0.0615	21.11508	22.70	43.67	1.2	0.998832	22.1575	1.30008	807.16	1.04937	3.26	0
68	10:45:52.59	0.0630	21.11452	22.70	43.67	1.2	0.998808	22.1579	1.30008	807.18	1.04941	3.26	0
69	10:45:52.89	0.0615	21.11522	22.70	43.71	1.2	0.998838	22.1583	1.30008	807.16	1.04940	3.26	0
70	10:45:53.19	0.0620	21.11501	22.70	43.71	1.2	0.998832	22.1577	1.30008	807.18	1.04938	3.26	0
71	10:45:53.49	0.0635	21.11438	22.70	43.67	1.2	0.998796	22.1575	1.30012	807.16	1.04940	3.26	0
72	10:45:53.79	0.0610	21.11543	22.70	43.67	1.2	0.998844	22.1580	1.30008	807.16	1.04938	3.26	0
73	10:45:54.09	0.0610	21.11536	22.70	43.67	1.2	0.998844	22.1577	1.30008	807.16	1.04936	3.26	0
74	10:45:54.39	0.0630	21.11452	22.70	43.67	1.2	0.998808	22.1581	1.30012	807.18	1.04942	3.26	0
75	10:45:54.69	0.0630	21.11452	22.70	43.71	1.2	0.998808	22.1576	1.30008	807.18	1.04940	3.26	0
76	10:45:54.99	0.0615	21.11522	22.70	43.71	1.2	0.998838	22.1584	1.30012	807.16	1.04941	3.26	0
77	10:45:55.29	0.0600	21.11578	22.70	43.67	1.2	0.998868	22.1580	1.30008	807.14	1.04936	3.26	0
78	10:45:55.59	0.0615	21.11515	22.70	43.67	1.2	0.998832	22.1573	1.30008	807.14	1.04936	3.26	0
79	10:45:55.89	0.0675	21.11277	22.70	43.67	1.2	0.998724	22.1560	1.30012	807.18	1.04941	3.26	0
80	10:45:56.19	0.1325	21.08680	22.69	43.67	1.2	0.997488	22.1278	1.30008	807.14	1.04936	3.26	0
81	10:45:56.49	0.4530	20.95590	22.69	43.67	1.2	0.991296	21.9876	1.30008	807.06	1.04923	3.26	0
82	10:45:56.79	1.0870	20.68038	22.69	43.67	1.2	0.978264	21.6948	1.30008	806.92	1.04905	3.26	0
83	10:45:57.09	2.5725	20.07348	22.69	43.67	1.2	0.949554	21.0506	1.30012	806.60	1.04867	3.26	0
84	10:45:57.39	4.6695	19.26687	22.69	43.67	1.2	0.911400	20.1920	1.30008	806.12	1.04801	3.26	0
85	10:45:57.69	7.1745	18.37150	22.69	43.67	1.2	0.869046	19.2430	1.30008	805.66	1.04744	3.26	0
86	10:45:57.99	9.9605	17.45352	22.69	43.67	1.2	0.825618	18.2709	1.30012	805.18	1.04684	3.26	0
87	10:45:58.29	12.7735	16.55325	22.69	43.61	1.2	0.783030	17.3176	1.30012	804.68	1.04618	3.26	0
88	10:45:58.59	15.6275	15.72606	22.69	43.61	1.2	0.743898	16.4424	1.30008	804.22	1.04555	3.26	0
89	10:45:58.89	18.3685	14.98609	22.69	43.44	1.2	0.708894	15.6617	1.30016	803.82	1.04508	3.26	0
90	10:45:59.19	20.8630	14.35364	22.69	43.44	1.2	0.678978	14.9941	1.30016	803.46	1.04462	3.26	0
91	10:45:59.49	23.1350	13.80659	22.69	43.18	1.2	0.653088	14.4169	1.30012	803.14	1.04420	3.26	0
92	10:45:59.79	25.2130	13.33031	22.69	43.18	1.2	0.630558	13.9152	1.30016	802.88	1.04388	3.26	0
93	10:46:00.09	27.0385	12.92907	22.69	42.87	1.2	0.611568	13.4927	1.30020	802.64	1.04360	3.26	0
94	10:46:00.39	28.6260	12.59118	22.69	42.87	1.2	0.595584	13.1358	1.30016	802.40	1.04326	3.26	0
95	10:46:00.69	29.9215	12.32385	22.69	42.48	1.2	0.582924	12.8550	1.30020	802.28	1.04310	3.26	0
96	10:46:00.99	30.9830	12.11112	22.69	42.48	1.2	0.572862	12.6315	1.30020	802.16	1.04297	3.26	0
97	10:46:01.29	31.8390	11.94130	22.69	42.05	1.2	0.564816	12.4524	1.30020	802.02	1.04279	3.26	0
98	10:46:01.59	32.5320	11.80655	22.69	42.05	1.2	0.558438	12.3103	1.30016	801.94	1.04267	3.26	0
99	10:46:01.89	33.1035	11.69812	22.69	41.62	1.1	0.553296	12.1967	1.30020	801.90	1.04262	3.26	0
100	10:46:02.19	33.5475	11.61363	22.69	41.62	1.1	0.549300	12.1074	1.30016	801.84	1.04252	3.26	0
101	10:46:02.49	33.8970	11.54727	22.69	41.23	1.1	0.546150	12.0371	1.30016	801.76	1.04242	3.26	0
102	10:46:02.79	34.1750	11.49442	22.68	41.23	1.1	0.543642	11.9823	1.30020	801.76	1.04245	3.26	0
103	10:46:03.09	34.3895	11.45522	22.68	40.86	1.1	0.541776	11.9412	1.30020	801.74	1.04242	3.26	0
104	10:46:03.39	34.5140	11.43226	22.69	40.86	1.1	0.540696	11.9166	1.30016	801.72	1.04237	3.26	0
105	10:46:03.69	34.5505	11.42582	22.69	40.56	1.1	0.540378	11.9100	1.30020	801.72	1.04238	3.26	0
106	10:46:03.99	34.4625	11.44206	22.68	40.56	1.1	0.541146	11.9274	1.30020	801.74	1.04243	3.26	0
107	10:46:04.29	34.2335	11.48434	22.68	40.23	1.1	0.543132	11.9715	1.30020	801.74	1.04242	3.26	0
108	10:46:04.59	33.8745	11.55231	22.69	40.23	1.1	0.546354	12.0424	1.30016	801.78	1.04243	3.26	0
109	10:46:04.89	33.4230	11.63855	22.69	39.93	1.1	0.550422	12.1337	1.30016	801.86	1.04254	3.26	0
110	10:46:05.19	32.8785	11.74229	22.68	39.93	1.1	0.555324	12.2434	1.30020	801.94	1.04268	3.26	0
111	10:46:05.49	32.2655	11.85919	22.68	39.67	1.1	0.560844	12.3656	1.30016	801.98	1.04270	3.26	0
112	10:46:05.79	31.6605	11.97861	22.69	39.67	1.1	0.566496	12.4914	1.30016	802.06	1.04280	3.26	0
113	10:46:06.09	31.0055	12.10895	22.69	39.40	1.1	0.572646	12.6289	1.30020	802.14	1.04294	3.26	0
114	10:46:06.39	30.2160	12.26589	22.69	39.40	1.1	0.580068	12.7942	1.30016	802.26	1.04307	3.26	0
115	10:46:06.69	29.3915	12.43592	22.69	39.20	1.1	0.588102	12.9724	1.30012	802.34	1.04314	3.26	0
116	10:46:06.99	28.5455	12.61064	22.69	39.20	1.1	0.596364	13.1576	1.30020	802.48	1.04337	3.26	0
117	10:46:07.29	27.7445	12.78004	22.69	38.98	1.1	0.604368	13.3355	1.30016	802.56	1.04346	3.26	0
118	10:46:07.59	27.0200	12.93628	22.69	38.98	1.1	0.611754	13.5000	1.30016	802.66	1.04358	3.26	0
119	10:46:07.89	26.3195	13.08741	22.69	38.88	1.1	0.618900	13.6591	1.30016	802.74	1.04368	3.26	0
120	10:46:08.19	25.7060	13.22335	22.69	38.88	1.1	0.625326	13.8026	1.30016	802.84	1.04380	3.26	0
121	10:46:08.49	25.2040	13.33612	22.69	38.71	1.1	0.630654	13.9215	1.30016	802.90	1.04389	3.26	0
122	10:46:08.79	24.8060	13.42530	22.69	38.71	1.1	0.634872	14.0150	1.30012	802.94	1.04393	3.26	0
123	10:46:09.09	24.4815	13.49824	22.69	38.54	1.1	0.638310	14.0922	1.30016	802.98	1.04401	3.26	0
124	10:46:09.39	24.1970	13.56201	22.69	38.54	1.1	0.641328	14.1595	1.30016	803.02	1.04405	3.26	0
125	10:46:09.69	23.9060	13.62963	22.69	38.41	1.1	0.644520	14.2312	1.30016	803.08	1.04413	3.26	0
126	10:46:09.99	23.5815	13.70593	22.69	38.41	1.1	0.648132	14.3118	1.30016	803.12	1.04420	3.26	0
127	10:46:10.29	23.2000	13.79560	22.69	38.31	1.1	0.652368	14.4055	1.30012	803.16	1.04421	3.26	0
128	10:46:10.59	22.8020	13.88919	22.68	38.31	1.1	0.656790	14.5049	1.30016	803.24	1.04434	3.26	0
129	10:46:10.89	22.3930	13.98530	22.68	38.21	1.1	0.661332	14.6056	1.30016	803.26	1.04435	3.26	0
130	10:46:11.19	22.0240	14.07301	22.69	38.21	1.1	0.665478	14.6987	1.30016	803.34	1.04446	3.26	0
131	10:46:11.49	21.6950	14.15400	22.69	38.08	1.0	0.669306	14.7840	1.30016	803.36	1.04451	3.26	0
132	10:46:11.79	21.4205	14.22148	22.69	38.08	1.0	0.672498	14.8560	1.30016	803.44	1.04462	3.26	0
133	10:46:12.09	21.2110	14.27300	22.69	38.01	1.0	0.674928	14.9098	1.30016	803.46	1.04462	3.26	0
134	10:46:12.39	21.0640	14.30912	22.69	38.01	1.0	0.676638	14.9473	1.30012	803.46	1.04460	3.26	0
135	10:46:12.69	20.9660	14.33327	22.69	37.95	1.0	0.677778	14.9731	1.30016	803.48	1.04464	3.26	0
136	10:46:12.99	20.8715	14.35651	22.69	37.95	1.0	0.678876	14.9977	1.30016	803.50	1.04466	3.26	0
137	10:46:13.29	20.7500	14.38647	22.69	37.88	1.0	0.680292	15.0296	1.30016	803.52	1.04470	3.26	0
138	10:46:13.59	20.5960	14.42427	22.69	37.88	1.0	0.682080	15.0696	1.30016	803.54	1.04474	3.26	0
139	10:46:13.89	20.4170	14.46844	22.69	37.82	1.0	0.684162	15.1159	1.30016	803.56	1.04475	3.26	0
140	10:46:14.19	20.2220	14.51632	22.69	37.82	1.0	0.686424	15.1661	1.30012	803.58	1.04476	3.26	0
141	10:46:14.49	20.0240	14.56595	22.69	37.79	1.0	0.688770	15.2191	1.30016	803.62	1.04485	3.26	0
142	10:46:14.79	19.8400	14.61327	22.69	37.79	1.0	0.691008	15.2690	1.30016	803.66	1.04488	3.26	0
143	10:46:15.09	19.6790	14.65478	22.69	37.75	1.0	0.692970	15.3133	1.30016	803.70	1.04494	3.26	0
144	10:46:15.39	19.5425	14.68985	22.69	37.75	1.0	0.694626	15.3494	1.30012	803.68	1.04489	3.26	0
145	10:46:15.69	19.4280	14.71932	22.69	37.72	1.0	0.696018	15.3811	1.30016	803.72	1.04496	3.26	0
146	10:46:15.99	19.3180	14.74760	22.69	37.72	1.0	0.697356	15.4105	1.30012	803.72	1.04495	3.26	0
147	10:46:16.29	19.2165	14.77364	22.69	37.69	1.0	0.698586	15.4384	1.30016	803.74	1.04500	3.26	0
148	10:46:16.59	19.1255	14.79709	22.69	37.69	1.0	0.699696	15.4626	1.30012	803.74	1.04497	3.26	0
149	10:46:16.89	19.0495	14.81655	22.69	37.65	1.0	0.700614	15.4834	1.30016	803.76	1.04501	3.26	0
150	10:46:17.19	18.9815	14.83405	22.69	37.65	1.0	0.701442	15.5024	1.30016	803.80	1.04506	3.26	0
151	10:46:17.49	18.9180	14.85050	22.69	37.58	1.0	0.702216	15.5193	1.30016	803.78	1.04503	3.26	0
152	10:46:17.79	18.8550	14.86667	22.69	37.58	1.0	0.702984	15.5361	1.30016	803.78	1.04503	3.26	0
153	10:46:18.09	18.7885	14.88375	22.69	37.58	1.0	0.703794	15.5545	1.30016	803.80	1.04506	3.26	0
154	10:46:18.39	18.7255	14.89992	22.69	37.58	1.0	0.704556	15.5713	1.30016	803.80	1.04506	3.26	0
155	10:46:18.69	18.6655	14.91539	22.69	37.55	1.0	0.705282	15.5874	1.30012	803.82	1.04506	3.26	0
156	10:46:18.99	18.6145	14.92848	22.69	37.55	1.0	0.705906	15.6013	1.30012	803.82	1.04507	3.26	0
157	10:46:19.29	18.5645	14.94136	22.69	37.55	1.0	0.706512	15.6138	1.30008	803.80	1.04501	3.26	0
158	10:46:19.59	18.5315	14.94983	22.69	37.55	1.0	0.706914	15.6244	1.30016	803.84	1.04512	3.26	0
159	10:46:19.89	18.4970	14.95865	22.69	37.55	1.0	0.707334	15.6340	1.30016	803.86	1.04515	3.26	0
160	10:46:20.19	18.4580	14.96873	22.69	37.55	1.0	0.707808	15.6449	1.30016	803.88	1.04517	3.26	0
161	10:46:20.49	18.4050	14.98238	22.69	37.52	1.0	0.708450	15.6593	1.30020	803.88	1.04518	3.26	0
162	10:46:20.79	18.3430	14.99827	22.69	37.52	1.0	0.709206	15.6757	1.30016	803.88	1.04516	3.26	0
163	10:46:21.09	18.2720	15.01654	22.69	37.52	1.0	0.710064	15.6944	1.30012	803.88	1.04514	3.26	0
164	10:46:21.39	18.2065	15.03341	22.69	37.52	1.0	0.710862	15.7129	1.30016	803.90	1.04520	3.26	0
165	10:46:21.69	18.1430	15.04972	22.69	37.52	1.0	0.711636	15.7298	1.30016	803.90	1.04519	3.26	0
166	10:46:21.99	18.0875	15.06407	22.69	37.52	1.0	0.712314	15.7448	1.30012	803.90	1.04519	3.26	0
167	10:46:22.29	18.0375	15.07751	22.69	37.52	1.0	0.712950	15.7587	1.30016	803.90	1.04518	3.26	0
168	10:46:22.59	17.9945	15.08913	22.69	37.52	1.0	0.713502	15.7715	1.30012	803.94	1.04522	3.26	0
169	10:46:22.89	17.9625	15.09774	22.69	37.52	1.0	0.713904	15.7807	1.30016	803.94	1.04524	3.26	0
170	10:46:23.19	17.9320	15.10593	22.69	37.52	1.0	0.714294	15.7893	1.30016	803.94	1.04524	3.26	0
171	10:46:23.49	17.9060	15.11286	22.69	37.52	1.0	0.714618	15.7973	1.30016	803.96	1.04529	3.26	0
172	10:46:23.79	17.8765	15.12084	22.69	37.52	1.0	0.714996	15.8046	1.30012	803.94	1.04522	3.26	0
173	10:46:24.09	17.8550	15.12658	22.69	37.52	1.0	0.715272	15.8110	1.30016	803.94	1.04525	3.26	0
174	10:46:24.39	17.8360	15.13176	22.69	37.52	1.0	0.715512	15.8161	1.30012	803.94	1.04523	3.26	0
175	10:46:24.69	17.8230	15.13519	22.69	37.52	1.0	0.715674	15.8195	1.30012	803.94	1.04521	3.26	0
176	10:46:24.99	17.8065	15.13967	22.69	37.52	1.0	0.715890	15.8252	1.30016	803.96	1.04528	3.26	0
177	10:46:25.29	17.7880	15.14457	22.69	37.52	1.0	0.716124	15.8297	1.30012	803.94	1.04524	3.26	0
178	10:46:25.59	17.7705	15.14926	22.69	37.52	1.0	0.716340	15.8346	1.30012	803.96	1.04524	3.26	0
179	10:46:25.89	17.7540	15.15381	22.69	37.52	1.0	0.716556	15.8392	1.30012	803.96	1.04523	3.26	0
180	10:46:26.19	17.7380	15.15815	22.69	37.52	1.0	0.716760	15.8443	1.30016	803.96	1.04527	3.26	0
181	10:46:26.49	17.7190	15.16326	22.69	37.52	1.0	0.717006	15.8500	1.30012	803.98	1.04528	3.26	0
182	10:46:26.79	17.6970	15.16914	22.69	37.52	1.0	0.717282	15.8558	1.30016	803.96	1.04527	3.26	0
183	10:46:27.09	17.6750	15.17495	22.69	37.52	1.0	0.717558	15.8618	1.30012	803.96	1.04526	3.26	0
184	10:46:27.39	17.6460	15.18286	22.69	37.52	1.0	0.717930	15.8706	1.30016	803.98	1.04530	3.26	0
185	10:46:27.69	17.6045	15.19399	22.69	37.52	1.0	0.718458	15.8822	1.30012	803.98	1.04530	3.26	0
186	10:46:27.99	17.5575	15.20666	22.69	37.52	1.0	0.719058	15.8951	1.30012	803.98	1.04527	3.26	0
187	10:46:28.29	17.5080	15.21989	22.69	37.52	1.0	0.719682	15.9093	1.30012	804.00	1.04530	3.26	0
188	10:46:28.59	17.4520	15.23494	22.69	37.52	1.0	0.720396	15.9254	1.30016	804.00	1.04532	3.26	0
189	10:46:28.89	17.4015	15.24859	22.69	37.49	1.0	0.721038	15.9398	1.30012	804.02	1.04533	3.26	0
190	10:46:29.19	17.3565	15.26063	22.69	37.49	1.0	0.721608	15.9524	1.30016	804.02	1.04533	3.26	0
191	10:46:29.49	17.3250	15.26910	22.69	37.49	1.0	0.722010	15.9615	1.30012	804.02	1.04534	3.26	0
192	10:46:29.79	17.3020	15.27526	22.69	37.49	1.0	0.722298	15.9676	1.30012	804.02	1.04532	3.26	0
193	10:46:30.09	17.2935	15.27771	22.69	37.49	1.0	0.722412	15.9708	1.30016	804.04	1.04537	3.26	0
194	10:46:30.39	17.2940	15.27757	22.69	37.49	1.0	0.722406	15.9702	1.30012	804.02	1.04534	3.26	0
195	10:46:30.69	17.3060	15.27428	22.69	37.49	1.0	0.722250	15.9673	1.30016	804.04	1.04537	3.26	0
196	10:46:30.99	17.3195	15.27064	22.69	37.49	1.0	0.722076	15.9632	1.30016	804.02	1.04536	3.26	0
197	10:46:31.29	17.3350	15.26644	22.69	37.49	1.0	0.721884	15.9585	1.30012	804.02	1.04533	3.26	0
198	10:46:31.59	17.3490	15.26266	22.69	37.49	1.0	0.721704	15.9545	1.30012	804.02	1.04533	3.26	0
199	10:46:31.89	17.3500	15.26252	22.69	37.49	1.0	0.721692	15.9543	1.30016	804.00	1.04533	3.26	0
200	10:46:32.19	17.3440	15.26406	22.69	37.49	1.0	0.721770	15.9564	1.30016	804.02	1.04536	3.26	0
201	10:46:32.49	17.3240	15.26952	22.69	37.49	1.0	0.722028	15.9628	1.30020	804.04	1.04540	3.26	0
202	10:46:32.79	17.2890	15.27890	22.69	37.49	1.0	0.722472	15.9716	1.30012	804.04	1.04534	3.26	0
203	10:46:33.09	17.2460	15.29038	22.69	37.49	1.0	0.723012	15.9839	1.30016	804.02	1.04536	3.26	0
204	10:46:33.39	17.1930	15.30466	22.69	37.49	1.0	0.723690	15.9983	1.30012	804.02	1.04532	3.26	0
205	10:46:33.69	17.1440	15.31789	22.69	37.49	1.0	0.724314	16.0133	1.30016	804.06	1.04540	3.26	0
206	10:46:33.99	17.0875	15.33308	22.69	37.49	1.0	0.725034	16.0287	1.30012	804.06	1.04537	3.26	0
207	10:46:34.29	17.0335	15.34757	22.69	37.49	1.0	0.725718	16.0439	1.30012	804.06	1.04537	3.26	0
208	10:46:34.59	16.9835	15.36094	22.69	37.49	1.0	0.726348	16.0587	1.30012	804.08	1.04542	3.26	0
209	10:46:34.89	16.9440	15.37158	22.69	37.52	1.0	0.726858	16.0700	1.30016	804.08	1.04543	3.26	0
210	10:46:35.19	16.9140	15.37970	22.69	37.52	1.0	0.727236	16.0786	1.30016	804.10	1.04544	3.26	0
211	10:46:35.49	16.8860	15.38726	22.69	37.52	1.0	0.727596	16.0856	1.30012	804.08	1.04539	3.26	0
212	10:46:35.79	16.8570	15.39503	22.69	37.52	1.0	0.727962	16.0950	1.30016	804.10	1.04546	3.26	0
213	10:46:36.09	16.8160	15.40595	22.69	37.52	1.0	0.728484	16.1060	1.30012	804.10	1.04544	3.26	0
214	10:46:36.39	16.7740	15.41736	22.69	37.52	1.0	0.729018	16.1183	1.30016	804.12	1.04547	3.26	0
215	10:46:36.69	16.7285	15.42954	22.69	37.52	1.0	0.729594	16.1311	1.30016	804.10	1.04546	3.26	0
216	10:46:36.99	16.6860	15.44095	22.69	37.52	1.0	0.730134	16.1433	1.30016	804.12	1.04548	3.26	0
217	10:46:37.29	16.6440	15.45229	22.69	37.52	1.0	0.730674	16.1550	1.30016	804.12	1.04548	3.26	0
218	10:46:37.59	16.6125	15.46069	22.69	37.52	1.0	0.731070	16.1640	1.30016	804.14	1.04549	3.26	0
219	10:46:37.89	16.5910	15.46650	22.69	37.52	1.0	0.731340	16.1701	1.30016	804.14	1.04549	3.26	0
220	10:46:38.19	16.5820	15.46895	22.69	37.52	1.0	0.731460	16.1727	1.30012	804.14	1.04549	3.26	0
221	10:46:38.49	16.5830	15.46867	22.69	37.52	1.0	0.731442	16.1730	1.30016	804.16	1.04554	3.26	0
222	10:46:38.80	16.5755	15.47056	22.70	37.52	1.0	0.731538	16.1741	1.30012	804.14	1.04548	3.26	0
223	10:46:39.09	16.5665	15.47308	22.70	37.52	1.0	0.731658	16.1771	1.30016	804.14	1.04550	3.26	0
224	10:46:39.39	16.5550	15.47616	22.70	37.52	1.0	0.731802	16.1800	1.30012	804.14	1.04548	3.26	0
225	10:46:39.69	16.5430	15.47938	22.70	37.52	1.0	0.731958	16.1836	1.30016	804.14	1.04549	3.26	0
226	10:46:39.99	16.5290	15.48316	22.70	37.52	1.0	0.732132	16.1874	1.30012	804.14	1.04549	3.26	0
227	10:46:40.29	16.5230	15.48477	22.70	37.55	1.0	0.732210	16.1905	1.30020	804.18	1.04558	3.26	0
228	10:46:40.59	16.5155	15.48680	22.70	37.55	1.0	0.732306	16.1913	1.30012	804.14	1.04549	3.26	0
229	10:46:40.89	16.5160	15.48659	22.70	37.55	1.0	0.732300	16.1912	1.30012	804.14	1.04550	3.26	0
230	10:46:41.19	16.5185	15.48589	22.70	37.55	1.0	0.732264	16.1902	1.30012	804.14	1.04548	3.26	0
231	10:46:41.49	16.5255	15.48407	22.70	37.55	1.0	0.732180	16.1886	1.30016	804.14	1.04550	3.26	0
232	10:46:41.79	16.5230	15.48470	22.70	37.55	1.0	0.732210	16.1893	1.30016	804.14	1.04551	3.26	0
233	10:46:42.09	16.5180	15.48610	22.70	37.55	1.0	0.732276	16.1911	1.30012	804.16	1.04552	3.26	0
234	10:46:42.39	16.5080	15.48876	22.70	37.55	1.0	0.732396	16.1941	1.30016	804.16	1.04554	3.26	0
235	10:46:42.69	16.4985	15.49128	22.70	37.55	1.0	0.732516	16.1965	1.30016	804.16	1.04552	3.26	0
236	10:46:42.99	16.4855	15.49485	22.70	37.55	1.0	0.732690	16.1995	1.30012	804.14	1.04548	3.26	0
237	10:46:43.29	16.4780	15.49688	22.70	37.55	1.0	0.732780	16.2020	1.30012	804.16	1.04551	3.26	0
238	10:46:43.59	16.4665	15.49996	22.70	37.55	1.0	0.732930	16.2056	1.30012	804.16	1.04552	3.26	0
239	10:46:43.89	16.4465	15.50535	22.70	37.55	1.0	0.733182	16.2108	1.30012	804.16	1.04550	3.26	0
240	10:46:44.19	16.4195	15.51256	22.70	37.55	1.0	0.733524	16.2190	1.30016	804.16	1.04554	3.26	0
241	10:46:44.49	16.3900	15.52047	22.70	37.55	1.0	0.733902	16.2272	1.30012	804.18	1.04554	3.26	0
242	10:46:44.79	16.3655	15.52705	22.69	37.55	1.0	0.734208	16.2341	1.30012	804.18	1.04554	3.26	0
243	10:46:45.09	16.3540	15.53027	22.69	37.55	1.0	0.734358	16.2374	1.30012	804.18	1.04554	3.26	0
244	10:46:45.39	16.3575	15.52936	22.69	37.55	1.0	0.734316	16.2366	1.30016	804.18	1.04555	3.26	0
245	10:46:45.69	16.3700	15.52593	22.69	37.55	1.0	0.734154	16.2329	1.30012	804.18	1.04554	3.26	0
246	10:46:45.99	16.3890	15.52075	22.69	37.55	1.0	0.733908	16.2274	1.30012	804.16	1.04553	3.26	0
247	10:46:46.29	16.4105	15.51494	22.69	37.55	1.0	0.733638	16.2203	1.30012	804.14	1.04546	3.26	0
248	10:46:46.59	16.4390	15.50731	22.70	37.55	1.0	0.733278	16.2136	1.30016	804.18	1.04555	3.26	0
249	10:46:46.89	16.4555	15.50290	22.70	37.55	1.0	0.733068	16.2087	1.30012	804.16	1.04552	3.26	0
250	10:46:47.19	16.4655	15.50010	22.70	37.55	1.0	0.732936	16.2057	1.30012	804.16	1.04552	3.26	0
251	10:46:47.49	16.4690	15.49933	22.70	37.55	1.0	0.732900	16.2044	1.30012	804.14	1.04549	3.26	0
252	10:46:47.79	16.4620	15.50108	22.70	37.55	1.0	0.732984	16.2070	1.30012	804.18	1.04554	3.26	0
253	10:46:48.09	16.4450	15.50577	22.70	37.55	1.0	0.733200	16.2117	1.30012	804.16	1.04553	3.26	0
254	10:46:48.39	16.4225	15.51172	22.70	37.55	1.0	0.733482	16.2187	1.30016	804.18	1.04558	3.26	0
255	10:46:48.69	16.3930	15.51963	22.70	37.55	1.0	0.733860	16.2268	1.30016	804.18	1.04557	3.26	0
256	10:46:48.99	16.3685	15.52628	22.70	37.55	1.0	0.734172	16.2337	1.30016	804.20	1.04556	3.26	0
257	10:46:49.29	16.3455	15.53244	22.70	37.55	1.0	0.734466	16.2403	1.30016	804.20	1.04558	3.26	0
258	10:46:49.59	16.3265	15.53762	22.70	37.55	1.0	0.734712	16.2456	1.30016	804.18	1.04557	3.26	0
259	10:46:49.89	16.3120	15.54147	22.70	37.55	1.0	0.734892	16.2495	1.30012	804.20	1.04556	3.26	0
260	10:46:50.19	16.3035	15.54378	22.70	37.55	1.0	0.735000	16.2514	1.30012	804.18	1.04552	3.26	0
261	10:46:50.49	16.2925	15.54665	22.70	37.55	1.0	0.735138	16.2549	1.30016	804.18	1.04555	3.26	0
262	10:46:50.79	16.2785	15.55043	22.70	37.55	1.0	0.735318	16.2590	1.30012	804.20	1.04557	3.26	0
263	10:46:51.09	16.2610	15.55512	22.70	37.55	1.0	0.735540	16.2639	1.30016	804.18	1.04557	3.26	0
264	10:46:51.39	16.2380	15.56142	22.70	37.55	1.0	0.735834	16.2701	1.30012	804.18	1.04554	3.26	0
265	10:46:51.69	16.2135	15.56786	22.70	37.55	1.0	0.736140	16.2772	1.30016	804.20	1.04557	3.26	0
266	10:46:51.99	16.1900	15.57430	22.70	37.55	1.0	0.736446	16.2841	1.30012	804.20	1.04558	3.26	0
267	10:46:52.29	16.1635	15.58130	22.70	37.55	1.0	0.736776	16.2916	1.30012	804.20	1.04558	3.26	0
268	10:46:52.59	16.1410	15.58746	22.70	37.55	1.0	0.737070	16.2984	1.30012	804.22	1.04561	3.26	0
269	10:46:52.89	16.1165	15.59397	22.70	37.55	1.0	0.737376	16.3047	1.30012	804.20	1.04558	3.26	0
270	10:46:53.19	16.0975	15.59915	22.70	37.55	1.0	0.737622	16.3108	1.30012	804.24	1.04562	3.26	0
271	10:46:53.49	16.0845	15.60265	22.70	37.55	1.0	0.737784	16.3150	1.30016	804.24	1.04565	3.26	0
272	10:46:53.79	16.0760	15.60503	22.70	37.55	1.0	0.737898	16.3169	1.30016	804.22	1.04562	3.26	0
273	10:46:54.09	16.0750	15.60538	22.70	37.55	1.0	0.737916	16.3177	1.30016	804.24	1.04564	3.26	0
274	10:46:54.39	16.0710	15.60650	22.70	37.55	1.0	0.737964	16.3183	1.30016	804.22	1.04561	3.26	0
275	10:46:54.69	16.0710	15.60643	22.70	37.55	1.0	0.737964	16.3180	1.30012	804.22	1.04559	3.26	0
276	10:46:54.99	16.0675	15.60741	22.70	37.55	1.0	0.738012	16.3187	1.30012	804.22	1.04558	3.26	0
277	10:46:55.29	16.0630	15.60874	22.70	37.55	1.0	0.738072	16.3212	1.30016	804.24	1.04564	3.26	0
278	10:46:55.59	16.0535	15.61147	22.70	37.55	1.0	0.738204	16.3225	1.30008	804.20	1.04555	3.26	0
279	10:46:55.89	16.0495	15.61259	22.70	37.55	1.0	0.738258	16.3243	1.30012	804.22	1.04559	3.26	0
280	10:46:56.19	16.0420	15.61469	22.70	37.55	1.0	0.738354	16.3265	1.30012	804.22	1.04559	3.26	0
281	10:46:56.49	16.0350	15.61665	22.70	37.55	1.0	0.738450	16.3290	1.30016	804.24	1.04561	3.26	0
282	10:46:56.79	16.0280	15.61868	22.70	37.55	1.0	0.738540	16.3309	1.30012	804.22	1.04560	3.26	0
283	10:46:57.09	16.0190	15.62120	22.70	37.55	1.0	0.738660	16.3339	1.30016	804.24	1.04563	3.26	0
284	10:46:57.39	16.0120	15.62316	22.70	37.55	1.0	0.738756	16.3354	1.30012	804.22	1.04559	3.26	0
285	10:46:57.69	16.0100	15.62379	22.70	37.55	1.0	0.738786	16.3371	1.30016	804.24	1.04566	3.26	0
286	10:46:57.99	16.0060	15.62484	22.70	37.55	1.0	0.738834	16.3380	1.30016	804.24	1.04564	3.26	0
287	10:46:58.29	16.0035	15.62561	22.70	37.55	1.0	0.738870	16.3391	1.30016	804.24	1.04566	3.26	0
288	10:46:58.59	15.9980	15.62708	22.70	37.55	1.0	0.738942	16.3399	1.30016	804.22	1.04561	3.26	0
289	10:46:58.89	15.9940	15.62834	22.70	37.55	1.0	0.738996	16.3410	1.30012	804.24	1.04560	3.26	0
290	10:46:59.19	15.9910	15.62911	22.70	37.55	1.0	0.739038	16.3423	1.30016	804.24	1.04563	3.26	0
291	10:46:59.49	15.9860	15.63051	22.70	37.55	1.0	0.739104	16.3433	1.30012	804.22	1.04561	3.26	0
292	10:46:59.79	15.9815	15.63184	22.70	37.55	1.0	0.739164	16.3448	1.30012	804.22	1.04561	3.26	0
293	10:47:00.09	15.9790	15.63254	22.70	37.55	1.0	0.739200	16.3460	1.30016	804.24	1.04564	3.26	0
294	10:47:00.39	15.9765	15.63324	22.70	37.55	1.0	0.739230	16.3468	1.30016	804.26	1.04564	3.26	0
295	10:47:00.69	15.9770	15.63303	22.70	37.55	1.0	0.739224	16.3461	1.30012	804.24	1.04561	3.26	0
296	10:47:00.99	15.9780	15.63275	22.70	37.55	1.0	0.739212	16.3462	1.30016	804.24	1.04564	3.26	0
297	10:47:01.29	15.9785	15.63268	22.70	37.55	1.0	0.739206	16.3463	1.30016	804.24	1.04564	3.26	0
298	10:47:01.59	15.9800	15.63219	22.70	37.55	1.0	0.739182	16.3454	1.30016	804.24	1.04563	3.26	0
299	10:47:01.89	15.9800	15.63219	22.70	37.55	1.0	0.739182	16.3452	1.30016	804.22	1.04561	3.26	0
300	10:47:02.19	15.9815	15.63184	22.70	37.55	1.0	0.739164	16.3451	1.30012	804.24	1.04563	3.26	0
301	10:47:02.49	15.9825	15.63149	22.70	37.55	1.0	0.739146	16.3448	1.30016	804.24	1.04563	3.26	0
302	10:47:02.79	15.9835	15.63121	22.71	37.55	1.0	0.739140	16.3446	1.30016	804.24	1.04564	3.26	0
303	10:47:03.09	15.9840	15.63100	22.71	37.55	1.0	0.739128	16.3439	1.30012	804.24	1.04561	3.26	0
304	10:47:03.39	15.9825	15.63149	22.70	37.55	1.0	0.739152	16.3439	1.30012	804.22	1.04557	3.26	0
305	10:47:03.69	15.9850	15.63072	22.70	37.58	1.0	0.739116	16.3441	1.30012	804.26	1.04564	3.26	0
306	10:47:03.99	15.9805	15.63212	22.70	37.58	1.0	0.739182	16.3448	1.30012	804.24	1.04559	3.26	0
307	10:47:04.29	15.9785	15.63261	22.70	37.55	1.0	0.739200	16.3458	1.30016	804.24	1.04562	3.26	0
308	10:47:04.59	15.9780	15.63275	22.70	37.55	1.0	0.739206	16.3462	1.30016	804.24	1.04564	3.26	0
309	10:47:04.89	15.9770	15.63310	22.70	37.55	1.0	0.739224	16.3463	1.30012	804.24	1.04562	3.26	0
310	10:47:05.19	15.9765	15.63317	22.70	37.55	1.0	0.739230	16.3458	1.30012	804.22	1.04558	3.26	0
311	10:47:05.49	15.9790	15.63247	22.70	37.58	1.0	0.739200	16.3454	1.30012	804.24	1.04561	3.26	0
312	10:47:05.79	15.9755	15.63345	22.70	37.58	1.0	0.739242	16.3472	1.30016	804.26	1.04566	3.26	0
313	10:47:06.09	15.9760	15.63324	22.70	37.58	1.0	0.739236	16.3467	1.30016	804.24	1.04563	3.26	0
314	10:47:06.39	15.9770	15.63310	22.70	37.58	1.0	0.739224	16.3470	1.30016	804.26	1.04566	3.26	0
315	10:47:06.69	15.9770	15.63310	22.70	37.55	1.0	0.739224	16.3464	1.30012	804.24	1.04563	3.26	0
316	10:47:06.99	15.9785	15.63261	22.71	37.55	1.0	0.739206	16.3458	1.30016	804.24	1.04563	3.26	0
317	10:47:07.29	15.9780	15.63268	22.71	37.55	1.0	0.739206	16.3460	1.30012	804.24	1.04563	3.26	0
318	10:47:07.59	15.9830	15.63142	22.70	37.55	1.0	0.739146	16.3452	1.30016	804.26	1.04566	3.26	0
319	10:47:07.89	15.9810	15.63198	22.70	37.58	1.0	0.739176	16.3451	1.30016	804.24	1.04562	3.26	0
320	10:47:08.19	15.9815	15.63170	22.70	37.58	1.0	0.739158	16.3449	1.30012	804.24	1.04562	3.26	0
321	10:47:08.49	15.9840	15.63107	22.70	37.58	1.0	0.739134	16.3446	1.30016	804.26	1.04565	3.26	0
322	10:47:08.79	15.9855	15.63065	22.70	37.58	1.0	0.739110	16.3435	1.30016	804.22	1.04561	3.26	0
323	10:47:09.09	15.9845	15.63086	22.70	37.58	1.0	0.739122	16.3438	1.30012	804.24	1.04561	3.26	0
324	10:47:09.39	15.9880	15.62995	22.70	37.58	1.0	0.739080	16.3433	1.30016	804.24	1.04564	3.26	0
325	10:47:09.69	15.9860	15.63044	22.70	37.55	1.0	0.739098	16.3436	1.30012	804.24	1.04563	3.26	0
326	10:47:09.99	15.9860	15.63044	22.70	37.55	1.0	0.739104	16.3439	1.30016	804.26	1.04564	3.26	0
327	10:47:10.29	15.9895	15.62953	22.70	37.55	1.0	0.739056	16.3435	1.30020	804.26	1.04568	3.26	0
328	10:47:10.59	15.9895	15.62953	22.71	37.55	1.0	0.739062	16.3437	1.30020	804.26	1.04569	3.26	0
329	10:47:10.89	15.9880	15.62995	22.71	37.55	1.0	0.739080	16.3424	1.30012	804.22	1.04558	3.26	0
330	10:47:11.19	15.9895	15.62946	22.71	37.55	1.0	0.739056	16.3427	1.30016	804.24	1.04563	3.26	0
331	10:47:11.49	15.9880	15.62995	22.71	37.55	1.0	0.739080	16.3429	1.30012	804.24	1.04561	3.26	0
332	10:47:11.79	15.9890	15.62967	22.70	37.55	1.0	0.739062	16.3425	1.30012	804.24	1.04561	3.26	0
333	10:47:12.09	15.9860	15.63058	22.70	37.55	1.0	0.739104	16.3435	1.30012	804.24	1.04561	3.26	0
334	10:47:12.39	15.9860	15.63044	22.71	37.55	1.0	0.739104	16.3435	1.30016	804.24	1.04563	3.26	0
335	10:47:12.69	15.9855	15.63058	22.71	37.55	1.0	0.739110	16.3443	1.30016	804.26	1.04566	3.26	0
336	10:47:12.99	15.9835	15.63128	22.70	37.55	1.0	0.739140	16.3439	1.30012	804.22	1.04559	3.26	0
337	10:47:13.29	15.9835	15.63121	22.70	37.55	1.0	0.739134	16.3439	1.30012	804.22	1.04559	3.26	0
338	10:47:13.59	15.9830	15.63135	22.71	37.55	1.0	0.739146	16.3448	1.30016	804.26	1.04564	3.26	0
339	10:47:13.89	15.9795	15.63226	22.71	37.55	1.0	0.739188	16.3451	1.30012	804.24	1.04560	3.26	0
340	10:47:14.19	15.9795	15.63233	22.71	37.55	1.0	0.739194	16.3455	1.30012	804.24	1.04562	3.26	0
341	10:47:14.49	15.9790	15.63247	22.71	37.55	1.0	0.739194	16.3456	1.30012	804.24	1.04562	3.26	0
342	10:47:14.79	15.9785	15.63268	22.70	37.55	1.0	0.739206	16.3454	1.30012	804.22	1.04559	3.26	0
343	10:47:15.09	15.9775	15.63296	22.70	37.55	1.0	0.739218	16.3462	1.30012	804.24	1.04563	3.26	0
344	10:47:15.39	15.9745	15.63366	22.71	37.55	1.0	0.739254	16.3468	1.30012	804.22	1.04561	3.26	0
345	10:47:15.69	15.9750	15.63359	22.71	37.55	1.0	0.739254	16.3465	1.30012	804.22	1.04560	3.26	0
346	10:47:15.99	15.9720	15.63450	22.70	37.55	1.0	0.739290	16.3482	1.30016	804.24	1.04565	3.26	0
347	10:47:16.29	15.9720	15.63450	22.70	37.55	1.0	0.739290	16.3479	1.30016	804.24	1.04563	3.26	0
348	10:47:16.59	15.9720	15.63443	22.71	37.55	1.0	0.739290	16.3480	1.30016	804.24	1.04564	3.26	0
349	10:47:16.89	15.9710	15.63471	22.71	37.55	1.0	0.739302	16.3478	1.30012	804.24	1.04561	3.26	0
350	10:47:17.19	15.9715	15.63464	22.71	37.55	1.0	0.739302	16.3484	1.30016	804.26	1.04565	3.26	0
351	10:47:17.49	15.9720	15.63436	22.71	37.55	1.0	0.739290	16.3477	1.30016	804.24	1.04563	3.26	0
352	10:47:17.79	15.9715	15.63464	22.70	37.55	1.0	0.739296	16.3479	1.30012	804.24	1.04563	3.26	0
353	10:47:18.09	15.9725	15.63429	22.70	37.55	1.0	0.739278	16.3478	1.30016	804.24	1.04564	3.26	0
354	10:47:18.39	15.9675	15.63569	22.71	37.55	1.0	0.739350	16.3484	1.30012	804.22	1.04558	3.26	0
355	10:47:18.69	15.9705	15.63485	22.71	37.55	1.0	0.739314	16.3485	1.30016	804.24	1.04564	3.26	0
356	10:47:18.99	15.9700	15.63499	22.70	37.55	1.0	0.739314	16.3481	1.30012	804.24	1.04561	3.26	0
357	10:47:19.29	15.9695	15.63527	22.70	37.55	1.0	0.739326	16.3481	1.30012	804.24	1.04560	3.26	0
358	10:47:19.59	15.9695	15.63513	22.71	37.55	1.0	0.739326	16.3481	1.30012	804.22	1.04560	3.26	0
359	10:47:19.89	15.9705	15.63478	22.71	37.55	1.0	0.739308	16.3484	1.30016	804.26	1.04564	3.26	0
360	10:47:20.19	15.9695	15.63513	22.71	37.55	1.0	0.739326	16.3483	1.30012	804.24	1.04561	3.26	0
361	10:47:20.49	15.9690	15.63520	22.71	37.55	1.0	0.739326	16.3482	1.30012	804.22	1.04560	3.26	0
362	10:47:20.79	15.9705	15.63492	22.71	37.55	1.0	0.739314	16.3482	1.30012	804.24	1.04562	3.26	0
363	10:47:21.09	15.9695	15.63506	22.71	37.55	1.0	0.739320	16.3485	1.30016	804.24	1.04563	3.26	0
364	10:47:21.39	15.9680	15.63555	22.71	37.55	1.0	0.739344	16.3486	1.30012	804.24	1.04561	3.26	0
365	10:47:21.69	15.9675	15.63569	22.71	37.55	1.0	0.739350	16.3488	1.30012	804.24	1.04561	3.26	0
366	10:47:21.99	15.9680	15.63562	22.70	37.55	1.0	0.739344	16.3495	1.30016	804.26	1.04566	3.26	0
367	10:47:22.29	15.9665	15.63611	22.70	37.55	1.0	0.739368	16.3491	1.30012	804.22	1.04560	3.26	0
368	10:47:22.59	15.9650	15.63646	22.71	37.55	1.0	0.739386	16.3497	1.30012	804.24	1.04561	3.26	0
369	10:47:22.89	15.9660	15.63618	22.71	37.55	1.0	0.739374	16.3501	1.30016	804.26	1.04566	3.26	0
370	10:47:23.19	15.9640	15.63667	22.71	37.55	1.0	0.739398	16.3500	1.30012	804.24	1.04563	3.26	0
371	10:47:23.49	15.9635	15.63674	22.71	37.55	1.0	0.739404	16.3500	1.30012	804.24	1.04561	3.26	0
372	10:47:23.79	15.9635	15.63681	22.71	37.55	1.0	0.739404	16.3502	1.30012	804.24	1.04562	3.26	0
373	10:47:24.09	15.9615	15.63744	22.71	37.55	1.0	0.739434	16.3504	1.30012	804.22	1.04559	3.26	0
374	10:47:24.39	15.9610	15.63758	22.71	37.55	1.0	0.739440	16.3500	1.30008	804.22	1.04556	3.26	0
375	10:47:24.69	15.9615	15.63737	22.71	37.55	1.0	0.739428	16.3507	1.30012	804.24	1.04562	3.26	0
376	10:47:24.99	15.9605	15.63772	22.71	37.55	1.0	0.739446	16.3513	1.30016	804.24	1.04563	3.26	0
377	10:47:25.29	15.9605	15.63772	22.71	37.55	1.0	0.739446	16.3507	1.30012	804.24	1.04560	3.26	0
378	10:47:25.59	15.9620	15.63723	22.71	37.55	1.0	0.739422	16.3509	1.30016	804.24	1.04564	3.26	0
379	10:47:25.89	15.9595	15.63793	22.71	37.55	1.0	0.739458	16.3512	1.30012	804.24	1.04561	3.26	0
380	10:47:26.19	15.9620	15.63730	22.71	37.55	1.0	0.739428	16.3505	1.30012	804.24	1.04561	3.26	0
381	10:47:26.49	15.9595	15.63793	22.71	37.55	1.0	0.739458	16.3507	1.30012	804.24	1.04558	3.26	0
382	10:47:26.79	15.9625	15.63709	22.71	37.55	1.0	0.739416	16.3509	1.30012	804.26	1.04564	3.26	0
383	10:47:27.09	15.9600	15.63779	22.71	37.55	1.0	0.739452	16.3508	1.30012	804.24	1.04560	3.26	0
384	10:47:27.39	15.9615	15.63737	22.71	37.55	1.0	0.739428	16.3507	1.30012	804.24	1.04561	3.26	0
385	10:47:27.69	15.9595	15.63793	22.71	37.55	1.0	0.739458	16.3514	1.30012	804.24	1.04562	3.26	0
386	10:47:27.99	15.9585	15.63828	22.71	37.55	1.0	0.739476	16.3519	1.30016	804.24	1.04563	3.26	0
387	10:47:28.29	15.9600	15.63779	22.71	37.55	1.0	0.739452	16.3512	1.30012	804.24	1.04562	3.26	0
388	10:47:28.59	15.9595	15.63800	22.71	37.55	1.0	0.739458	16.3515	1.30012	804.26	1.04563	3.26	0
389	10:47:28.89	15.9610	15.63758	22.71	37.55	1.0	0.739440	16.3507	1.30012	804.24	1.04560	3.26	0
390	10:47:29.19	15.9610	15.63751	22.71	37.55	1.0	0.739434	16.3511	1.30012	804.26	1.04563	3.26	0
391	10:47:29.49	15.9630	15.63702	22.71	37.55	1.0	0.739416	16.3507	1.30012	804.26	1.04564	3.26	0
392	10:47:29.79	15.9635	15.63688	22.71	37.55	1.0	0.739410	16.3505	1.30016	804.24	1.04563	3.26	0
393	10:47:30.09	15.9635	15.63681	22.71	37.55	1.0	0.739404	16.3505	1.30016	804.26	1.04564	3.26	0
394	10:47:30.39	15.9640	15.63660	22.71	37.55	1.0	0.739392	16.3505	1.30016	804.26	1.04565	3.26	0
395	10:47:30.69	15.9645	15.63660	22.71	37.55	1.0	0.739392	16.3501	1.30016	804.24	1.04563	3.26	0
396	10:47:30.99	15.9625	15.63709	22.71	37.55	1.0	0.739416	16.3506	1.30012	804.24	1.04563	3.26	0
397	10:47:31.29	15.9605	15.63772	22.71	37.55	1.0	0.739446	16.3505	1.30008	804.24	1.04558	3.26	0
398	10:47:31.59	15.9630	15.63702	22.71	37.55	1.0	0.739416	16.3507	1.30016	804.26	1.04564	3.26	0
399	10:47:31.89	15.9625	15.63709	22.71	37.52	1.0	0.739416	16.3512	1.30016	804.26	1.04567	3.26	0
400	10:47:32.19	15.9600	15.63793	22.71	37.52	1.0	0.739452	16.3516	1.30016	804.24	1.04564	3.26	0
401	10:47:32.49	15.9575	15.63863	22.71	37.52	1.0	0.739488	16.3514	1.30012	804.24	1.04558	3.26	0
402	10:47:32.79	15.9605	15.63772	22.71	37.52	1.0	0.739446	16.3520	1.30016	804.26	1.04568	3.26	0
403	10:47:33.09	15.9595	15.63800	22.71	37.52	1.0	0.739458	16.3512	1.30012	804.24	1.04561	3.26	0
404	10:47:33.39	15.9580	15.63842	22.71	37.52	1.0	0.739476	16.3526	1.30016	804.26	1.04566	3.26	0
405	10:47:33.69	15.9560	15.63905	22.71	37.52	1.0	0.739506	16.3528	1.30016	804.24	1.04564	3.26	0
406	10:47:33.99	15.9575	15.63856	22.71	37.52	1.0	0.739488	16.3521	1.30012	804.24	1.04563	3.26	0
407	10:47:34.29	15.9575	15.63856	22.71	37.52	1.0	0.739482	16.3523	1.30016	804.26	1.04564	3.26	0
408	10:47:34.59	15.9590	15.63807	22.71	37.52	1.0	0.739464	16.3525	1.30016	804.26	1.04568	3.26	0
409	10:47:34.89	15.9540	15.63947	22.71	37.52	1.0	0.739530	16.3537	1.30016	804.28	1.04567	3.26	0
410	10:47:35.19	15.9550	15.63919	22.71	37.52	1.0	0.739518	16.3535	1.30016	804.28	1.04567	3.26	0
411	10:47:35.49	15.9520	15.64010	22.71	37.52	1.0	0.739560	16.3542	1.30016	804.26	1.04566	3.26	0
412	10:47:35.79	15.9495	15.64080	22.71	37.52	1.0	0.739590	16.3542	1.30012	804.24	1.04561	3.26	0
413	10:47:36.09	15.9505	15.64052	22.71	37.52	1.0	0.739578	16.3540	1.30012	804.24	1.04561	3.26	0
414	10:47:36.39	15.9525	15.63989	22.71	37.52	1.0	0.739548	16.3534	1.30012	804.24	1.04562	3.26	0
415	10:47:36.69	15.9510	15.64045	22.71	37.52	1.0	0.739572	16.3544	1.30016	804.26	1.04565	3.26	0
416	10:47:36.99	15.9490	15.64101	22.71	37.52	1.0	0.739602	16.3546	1.30012	804.24	1.04563	3.26	0
417	10:47:37.29	15.9510	15.64038	22.71	37.52	1.0	0.739572	16.3540	1.30012	804.24	1.04563	3.26	0
418	10:47:37.59	15.9525	15.63996	22.71	37.52	1.0	0.739548	16.3542	1.30016	804.26	1.04567	3.26	0
419	10:47:37.89	15.9520	15.64010	22.71	37.52	1.0	0.739560	16.3536	1.30012	804.24	1.04562	3.26	0
420	10:47:38.19	15.9525	15.63989	22.71	37.52	1.0	0.739548	16.3536	1.30012	804.24	1.04563	3.26	0
421	10:47:38.49	15.9495	15.64087	22.71	37.52	1.0	0.739596	16.3549	1.30016	804.26	1.04566	3.26	0
422	10:47:38.79	15.9360	15.64458	22.71	37.52	1.0	0.739770	16.3589	1.30016	804.26	1.04566	3.26	0
423	10:47:39.09	15.9220	15.64864	22.71	37.52	1.0	0.739962	16.3633	1.30016	804.26	1.04567	3.26	0
424	10:47:39.39	15.9005	15.65473	22.71	37.52	1.0	0.740250	16.3693	1.30012	804.26	1.04564	3.26	0
425	10:47:39.69	15.8995	15.65501	22.71	37.52	1.0	0.740262	16.3697	1.30012	804.26	1.04565	3.26	0
426	10:47:39.99	15.9040	15.65375	22.71	37.52	1.0	0.740202	16.3685	1.30016	804.26	1.04566	3.26	0
427	10:47:40.29	15.9105	15.65179	22.71	37.52	1.0	0.740112	16.3659	1.30012	804.24	1.04563	3.26	0
428	10:47:40.59	15.9060	15.65312	22.71	37.52	1.0	0.740172	16.3678	1.30012	804.26	1.04566	3.26	0
429	10:47:40.89	15.8835	15.65949	22.71	37.52	1.0	0.740478	16.3746	1.30016	804.28	1.04567	3.26	0
430	10:47:41.19	15.8660	15.66446	22.71	37.52	1.0	0.740712	16.3801	1.30016	804.28	1.04569	3.26	0
431	10:47:41.49	15.8520	15.66831	22.71	37.55	1.0	0.740892	16.3834	1.30012	804.26	1.04564	3.26	0
432	10:47:41.79	15.8535	15.66789	22.71	37.55	1.0	0.740874	16.3831	1.30012	804.26	1.04565	3.26	0
433	10:47:42.09	15.8570	15.66691	22.71	37.55	1.0	0.740826	16.3822	1.30016	804.26	1.04566	3.26	0
434	10:47:42.39	15.8040	15.68196	22.71	37.55	1.0	0.741540	16.3977	1.30012	804.28	1.04564	3.26	0
435	10:47:42.69	15.5385	15.75714	22.71	37.55	1.0	0.745092	16.4781	1.30016	804.34	1.04576	3.26	0
436	10:47:42.99	14.8205	15.96035	22.71	37.55	1.0	0.754704	16.6925	1.30012	804.44	1.04588	3.26	0
437	10:47:43.29	13.7665	16.26331	22.71	37.58	1.0	0.769026	17.0137	1.30012	804.64	1.04614	3.26	0
438	10:47:43.59	12.3830	16.67561	22.72	37.58	1.0	0.788532	17.4494	1.30012	804.84	1.04640	3.26	0
439	10:47:43.89	10.9700	17.12970	22.72	37.58	1.0	0.810000	17.9305	1.30012	805.10	1.04675	3.26	0
440	10:47:44.19	9.5225	17.59933	22.71	37.58	1.0	0.832206	18.4282	1.30012	805.38	1.04710	3.26	0
441	10:47:44.49	8.0215	18.09115	22.71	37.65	1.0	0.855468	18.9491	1.30012	805.64	1.04742	3.26	0
442	10:47:44.79	6.7045	18.54125	22.71	37.65	1.0	0.876750	19.4263	1.30012	805.88	1.04773	3.26	0
443	10:47:45.09	5.5945	18.93444	22.71	37.79	1.0	0.895350	19.8435	1.30012	806.08	1.04801	3.26	0
444	10:47:45.39	4.6070	19.29697	22.71	37.79	1.0	0.912492	20.2278	1.30012	806.28	1.04824	3.26	0
445	10:47:45.69	3.7960	19.60322	22.71	37.91	1.0	0.926982	20.5533	1.30012	806.42	1.04846	3.26	0
446	10:47:45.99	3.1415	19.85613	22.72	37.91	1.0	0.938946	20.8216	1.30012	806.56	1.04863	3.26	0
447	10:47:46.29	2.5755	20.07908	22.72	38.14	1.1	0.949500	21.0580	1.30012	806.66	1.04875	3.26	0
448	10:47:46.59	2.1205	20.26143	22.72	38.14	1.1	0.958122	21.2519	1.30012	806.76	1.04888	3.26	0
449	10:47:46.89	1.7155	20.42537	22.72	38.37	1.1	0.965892	21.4264	1.30012	806.86	1.04901	3.26	0
450	10:47:47.19	1.3925	20.55830	22.72	38.37	1.1	0.972174	21.5680	1.30012	806.92	1.04912	3.26	0
451	10:47:47.49	1.1520	20.65882	22.72	38.68	1.1	0.976950	21.6742	1.30012	806.96	1.04915	3.26	0
452	10:47:47.79	0.9675	20.73869	22.72	38.68	1.1	0.980724	21.7589	1.30012	807.00	1.04920	3.26	0
453	10:47:48.09	0.8195	20.80519	22.72	38.91	1.1	0.983886	21.8298	1.30012	807.04	1.04925	3.26	0
454	10:47:48.39	0.6855	20.86364	22.72	38.91	1.1	0.986652	21.8924	1.30012	807.08	1.04930	3.26	0
455	10:47:48.69	0.5790	20.90844	22.72	39.23	1.1	0.988788	21.9393	1.30012	807.10	1.04930	3.26	0
456	10:47:48.99	0.4910	20.94582	22.72	39.23	1.1	0.990558	21.9792	1.30012	807.12	1.04933	3.26	0
457	10:47:49.29	0.4140	20.97739	22.72	39.47	1.1	0.992064	22.0125	1.30012	807.12	1.04935	3.26	0
458	10:47:49.59	0.3505	21.00364	22.72	39.47	1.1	0.993306	22.0405	1.30012	807.14	1.04937	3.26	0
459	10:47:49.89	0.3005	21.02380	22.72	39.77	1.1	0.994278	22.0629	1.30012	807.16	1.04942	3.26	0
460	10:47:50.19	0.2585	21.04123	22.72	39.77	1.1	0.995100	22.0807	1.30012	807.16	1.04940	3.26	0
461	10:47:50.49	0.2250	21.05432	22.72	40.03	1.1	0.995736	22.0944	1.30008	807.16	1.04940	3.26	0
462	10:47:50.79	0.1965	21.06573	22.72	40.03	1.1	0.996276	22.1059	1.30008	807.16	1.04938	3.26	0
463	10:47:51.09	0.1745	21.07434	22.72	40.26	1.1	0.996702	22.1168	1.30012	807.20	1.04947	3.26	0
464	10:47:51.39	0.1555	21.08183	22.72	40.26	1.1	0.997056	22.1238	1.30012	807.18	1.04942	3.26	0
465	10:47:51.69	0.1385	21.08834	22.72	40.52	1.1	0.997380	22.1301	1.30008	807.18	1.04940	3.26	0
466	10:47:51.99	0.1280	21.09247	22.72	40.52	1.1	0.997572	22.1348	1.30012	807.18	1.04942	3.26	0
467	10:47:52.29	0.1195	21.09576	22.72	40.72	1.1	0.997740	22.1390	1.30012	807.20	1.04945	3.26	0
468	10:47:52.59	0.1095	21.09961	22.72	40.72	1.1	0.997926	22.1419	1.30008	807.18	1.04940	3.26	0
469	10:47:52.89	0.1045	21.10136	22.72	40.96	1.1	0.998022	22.1448	1.30012	807.20	1.04945	3.26	0
470	10:47:53.19	0.0990	21.10360	22.72	40.96	1.1	0.998130	22.1467	1.30008	807.20	1.04943	3.26	0
471	10:47:53.49	0.0935	21.10556	22.72	41.16	1.1	0.998232	22.1495	1.30012	807.22	1.04947	3.26	0
472	10:47:53.79	0.0910	21.10661	22.72	41.16	1.1	0.998280	22.1514	1.30016	807.22	1.04950	3.26	0
473	10:47:54.09	0.0865	21.10808	22.72	41.33	1.1	0.998364	22.1521	1.30012	807.20	1.04946	3.26	0
474	10:47:54.39	0.0860	21.10822	22.72	41.33	1.1	0.998370	22.1524	1.30012	807.22	1.04947	3.26	0
475	10:47:54.69	0.0805	21.11025	22.72	41.52	1.1	0.998478	22.1530	1.30008	807.18	1.04939	3.26	0
476	10:47:54.99	0.0820	21.10976	22.72	41.52	1.1	0.998454	22.1544	1.30012	807.22	1.04948	3.26	0
477	10:47:55.29	0.0775	21.11130	22.72	41.65	1.1	0.998532	22.1552	1.30012	807.20	1.04945	3.26	0
478	10:47:55.59	0.0765	21.11172	22.72	41.65	1.1	0.998556	22.1546	1.30008	807.18	1.04940	3.26	0
479	10:47:55.89	0.0760	21.11158	22.72	41.82	1.2	0.998556	22.1551	1.30008	807.20	1.04943	3.26	0
480	10:47:56.19	0.0755	21.11193	22.72	41.82	1.2	0.998574	22.1556	1.30008	807.20	1.04944	3.26	0
481	10:47:56.49	0.0755	21.11165	22.72	41.99	1.2	0.998568	22.1553	1.30012	807.20	1.04944	3.26	0
482	10:47:56.79	0.0750	21.11179	22.72	41.99	1.2	0.998580	22.1560	1.30012	807.20	1.04946	3.26	0
483	10:47:57.09	0.0760	21.11130	22.72	42.12	1.2	0.998562	22.1555	1.30012	807.20	1.04946	3.26	0
484	10:47:57.39	0.0720	21.11291	22.72	42.12	1.2	0.998640	22.1572	1.30012	807.20	1.04946	3.26	0
485	10:47:57.69	0.0740	21.11179	22.72	42.25	1.2	0.998598	22.1571	1.30016	807.22	1.04951	3.26	0
486	10:47:58.08	0.0700	21.11347	22.72	42.25	1.2	0.998676	22.1574	1.30012	807.20	1.04945	3.26	0
487	10:47:58.48	0.0710	21.11298	22.72	42.38	1.2	0.998658	22.1569	1.30012	807.20	1.04944	3.26	0
488	10:47:58.61	0.0705	21.11305	22.72	42.38	1.2	0.998664	22.1567	1.30008	807.20	1.04943	3.26	0
489	10:47:58.89	0.0715	21.11249	22.72	42.48	1.2	0.998640	22.1569	1.30012	807.20	1.04947	3.26	0
490	10:47:59.19	0.0705	21.11305	22.72	42.48	1.2	0.998670	22.1575	1.30012	807.20	1.04947	3.26	0
491	10:47:59.49	0.0700	21.11312	22.72	42.58	1.2	0.998676	22.1577	1.30012	807.22	1.04947	3.26	0
492	10:47:59.79	0.0690	21.11333	22.73	42.58	1.2	0.998694	22.1572	1.30012	807.20	1.04944	3.26	0
Device address	Device ID	Factory Device ID	Firmware	Measurement mode	Gain	Speed	Y_AH_Cal (-)	TF_Cal (V/W)	Temp_Cal (°C)																																				
FF46	D2	12J692	 C3.8	H2   	1.005	Norm 	 0.999466	21.182169	23.924849																																				
Iteration	Time	Output (%)	Transfer (V/W)	Tsens (°C)	RH (%)	AH (kPa)	Corr transfer (-)	Utp (mV)	Ih (mA)	Uh (mV)	Ph (mW)	Usyst (V)	Alarm																																
0	11:49:45.58	0.0585	21.10710	23.50	45.35	1.3	0.998892	22.1824	1.30056	808.06	1.05094	3.26	0
1	11:49:45.71	0.0585	21.10696	23.50	45.35	1.3	0.998886	22.1824	1.30056	808.06	1.05095	3.26	0
2	11:49:46.01	0.0580	21.10724	23.50	45.35	1.3	0.998904	22.1813	1.30052	808.04	1.05089	3.26	0
3	11:49:46.31	0.0585	21.10703	23.50	45.35	1.3	0.998892	22.1818	1.30052	808.08	1.05092	3.26	0
4	11:49:46.64	0.0595	21.10654	23.50	45.38	1.3	0.998874	22.1817	1.30056	808.08	1.05094	3.26	0
5	11:49:47.31	0.0565	21.10780	23.50	45.35	1.3	0.998928	22.1821	1.30052	808.06	1.05089	3.26	0
6	11:49:47.51	0.0605	21.10633	23.50	45.35	1.3	0.998856	22.1815	1.30056	808.08	1.05094	3.26	0
7	11:49:47.81	0.0575	21.10738	23.50	45.35	1.3	0.998910	22.1812	1.30052	808.04	1.05088	3.26	0
8	11:49:48.11	0.0580	21.10731	23.50	45.35	1.3	0.998904	22.1822	1.30056	808.06	1.05092	3.26	0
9	11:49:48.41	0.0595	21.10668	23.50	45.35	1.3	0.998874	22.1825	1.30056	808.08	1.05097	3.26	0
10	11:49:48.71	0.0595	21.10668	23.50	45.35	1.3	0.998874	22.1812	1.30052	808.06	1.05091	3.26	0
11	11:49:49.01	0.0580	21.10717	23.50	45.35	1.3	0.998898	22.1808	1.30052	808.04	1.05086	3.26	0
12	11:49:49.31	0.0570	21.10766	23.50	45.35	1.3	0.998922	22.1813	1.30052	808.04	1.05086	3.26	0
13	11:49:49.61	0.0580	21.10731	23.50	45.35	1.3	0.998904	22.1817	1.30052	808.06	1.05091	3.26	0
14	11:49:49.91	0.0585	21.10703	23.50	45.35	1.3	0.998892	22.1820	1.30056	808.06	1.05093	3.26	0
15	11:49:50.21	0.0580	21.10717	23.50	45.35	1.3	0.998898	22.1829	1.30056	808.08	1.05097	3.26	0
16	11:49:50.51	0.0585	21.10696	23.50	45.35	1.3	0.998892	22.1822	1.30056	808.08	1.05094	3.26	0
17	11:49:50.81	0.0605	21.10619	23.50	45.35	1.3	0.998850	22.1816	1.30056	808.08	1.05095	3.26	0
18	11:49:51.11	0.0585	21.10710	23.50	45.35	1.3	0.998898	22.1823	1.30056	808.08	1.05094	3.26	0
19	11:49:51.41	0.0575	21.10738	23.50	45.35	1.3	0.998910	22.1822	1.30056	808.06	1.05092	3.26	0
20	11:49:51.71	0.0560	21.10808	23.50	45.35	1.3	0.998940	22.1823	1.30052	808.06	1.05089	3.26	0
21	11:49:52.01	0.0585	21.10696	23.50	45.35	1.3	0.998886	22.1817	1.30052	808.06	1.05092	3.26	0
22	11:49:52.31	0.0555	21.10822	23.50	45.35	1.3	0.998952	22.1811	1.30048	808.02	1.05083	3.26	0
23	11:49:52.61	0.0580	21.10724	23.50	45.35	1.3	0.998898	22.1816	1.30052	808.06	1.05090	3.26	0
24	11:49:52.91	0.0580	21.10731	23.50	45.35	1.3	0.998904	22.1822	1.30056	808.06	1.05092	3.26	0
25	11:49:53.21	0.0585	21.10710	23.50	45.35	1.3	0.998898	22.1817	1.30056	808.06	1.05091	3.26	0
26	11:49:53.54	0.0590	21.10682	23.50	45.35	1.3	0.998880	22.1814	1.30052	808.06	1.05091	3.26	0
27	11:49:53.81	0.0585	21.10710	23.50	45.35	1.3	0.998892	22.1820	1.30056	808.06	1.05093	3.26	0
28	11:49:54.11	0.0580	21.10731	23.50	45.35	1.3	0.998904	22.1819	1.30056	808.06	1.05091	3.26	0
29	11:49:54.41	0.0585	21.10710	23.50	45.35	1.3	0.998892	22.1813	1.30052	808.06	1.05089	3.26	0
30	11:49:54.71	0.0575	21.10738	23.50	45.35	1.3	0.998910	22.1810	1.30052	808.04	1.05087	3.26	0
31	11:49:55.01	0.0575	21.10752	23.50	45.35	1.3	0.998916	22.1821	1.30052	808.06	1.05091	3.26	0
32	11:49:55.31	0.0575	21.10752	23.50	45.35	1.3	0.998916	22.1815	1.30052	808.04	1.05088	3.26	0
33	11:49:55.61	0.0570	21.10773	23.50	45.35	1.3	0.998922	22.1812	1.30052	808.04	1.05086	3.26	0
34	11:49:55.91	0.0595	21.10668	23.50	45.35	1.3	0.998874	22.1814	1.30056	808.06	1.05092	3.26	0
35	11:49:56.21	0.0565	21.10787	23.50	45.35	1.3	0.998934	22.1816	1.30052	808.04	1.05087	3.26	0
36	11:49:56.51	0.0590	21.10682	23.50	45.35	1.3	0.998880	22.1815	1.30056	808.06	1.05092	3.26	0
37	11:49:56.81	0.0570	21.10773	23.50	45.35	1.3	0.998922	22.1822	1.30052	808.06	1.05091	3.26	0
38	11:49:57.11	0.0590	21.10689	23.50	45.35	1.3	0.998886	22.1811	1.30052	808.06	1.05089	3.26	0
39	11:49:57.41	0.0580	21.10724	23.50	45.35	1.3	0.998904	22.1814	1.30052	808.06	1.05089	3.26	0
40	11:49:57.71	0.0595	21.10661	23.50	45.35	1.3	0.998874	22.1815	1.30056	808.06	1.05092	3.26	0
41	11:49:58.01	0.0590	21.10675	23.50	45.35	1.3	0.998880	22.1819	1.30056	808.06	1.05094	3.26	0
42	11:49:58.31	0.0570	21.10759	23.50	45.35	1.3	0.998916	22.1818	1.30052	808.04	1.05089	3.26	0
43	11:49:58.61	0.0580	21.10731	23.50	45.35	1.3	0.998904	22.1817	1.30052	808.06	1.05090	3.26	0
44	11:49:58.91	0.0580	21.10731	23.50	45.35	1.3	0.998904	22.1826	1.30056	808.08	1.05095	3.26	0
45	11:49:59.21	0.0570	21.10773	23.50	45.35	1.3	0.998922	22.1817	1.30052	808.06	1.05088	3.26	0
46	11:49:59.51	0.0570	21.10759	23.50	45.35	1.3	0.998916	22.1824	1.30052	808.08	1.05092	3.26	0
47	11:49:59.81	0.0590	21.10689	23.50	45.35	1.3	0.998886	22.1813	1.30052	808.06	1.05091	3.26	0
48	11:50:00.11	0.0575	21.10745	23.50	45.35	1.3	0.998916	22.1829	1.30056	808.08	1.05095	3.26	0
49	11:50:00.41	0.0560	21.10801	23.50	45.35	1.3	0.998940	22.1824	1.30052	808.06	1.05090	3.26	0
50	11:50:00.71	0.0570	21.10773	23.50	45.35	1.3	0.998928	22.1826	1.30056	808.06	1.05092	3.26	0
51	11:50:01.01	0.0590	21.10682	23.50	45.35	1.3	0.998880	22.1822	1.30056	808.06	1.05095	3.26	0
52	11:50:01.31	0.0585	21.10703	23.50	45.35	1.3	0.998892	22.1818	1.30052	808.06	1.05092	3.26	0
53	11:50:01.61	0.0580	21.10731	23.50	45.35	1.3	0.998904	22.1824	1.30056	808.06	1.05094	3.26	0
54	11:50:01.91	0.0580	21.10731	23.50	45.35	1.3	0.998904	22.1822	1.30056	808.06	1.05092	3.26	0
55	11:50:02.21	0.0585	21.10710	23.50	45.35	1.3	0.998892	22.1819	1.30052	808.08	1.05092	3.26	0
56	11:50:02.51	0.0590	21.10682	23.50	45.35	1.3	0.998880	22.1824	1.30056	808.08	1.05096	3.26	0
57	11:50:02.81	0.0570	21.10766	23.50	45.35	1.3	0.998922	22.1822	1.30052	808.06	1.05091	3.26	0
58	11:50:03.11	0.0570	21.10759	23.50	45.35	1.3	0.998916	22.1825	1.30052	808.08	1.05092	3.26	0
59	11:50:03.41	0.0580	21.10717	23.50	45.35	1.3	0.998898	22.1824	1.30056	808.08	1.05094	3.26	0
60	11:50:03.71	0.0590	21.10675	23.50	45.35	1.3	0.998880	22.1817	1.30056	808.06	1.05092	3.26	0
61	11:50:04.01	0.0590	21.10682	23.50	45.32	1.3	0.998880	22.1819	1.30052	808.08	1.05093	3.26	0
62	11:50:04.31	0.0580	21.10724	23.50	45.32	1.3	0.998898	22.1829	1.30056	808.08	1.05096	3.26	0
63	11:50:04.61	0.0595	21.10668	23.50	45.32	1.3	0.998874	22.1810	1.30052	808.06	1.05091	3.26	0
64	11:50:04.91	0.0565	21.10794	23.50	45.32	1.3	0.998934	22.1819	1.30052	808.04	1.05088	3.26	0
65	11:50:05.21	0.0585	21.10710	23.50	45.32	1.3	0.998892	22.1820	1.30056	808.06	1.05093	3.26	0
66	11:50:05.51	0.0575	21.10752	23.50	45.32	1.3	0.998916	22.1819	1.30052	808.06	1.05091	3.26	0
67	11:50:05.81	0.0600	21.10647	23.50	45.32	1.3	0.998862	22.1817	1.30056	808.08	1.05095	3.26	0
68	11:50:06.11	0.0585	21.10717	23.50	45.32	1.3	0.998898	22.1820	1.30052	808.08	1.05092	3.26	0
69	11:50:06.41	0.0590	21.10682	23.50	45.32	1.3	0.998880	22.1817	1.30052	808.08	1.05092	3.26	0
70	11:50:06.71	0.0595	21.10682	23.50	45.32	1.3	0.998880	22.1815	1.30052	808.06	1.05092	3.26	0
71	11:50:07.01	0.0590	21.10682	23.50	45.32	1.3	0.998880	22.1821	1.30056	808.08	1.05094	3.26	0
72	11:50:07.31	0.0570	21.10780	23.50	45.32	1.3	0.998922	22.1826	1.30052	808.08	1.05092	3.26	0
73	11:50:07.61	0.0590	21.10682	23.50	45.32	1.3	0.998880	22.1824	1.30056	808.08	1.05096	3.26	0
74	11:50:07.91	0.0570	21.10780	23.50	45.32	1.3	0.998928	22.1825	1.30052	808.06	1.05091	3.26	0
75	11:50:08.21	0.0560	21.10808	23.50	45.28	1.3	0.998934	22.1820	1.30052	808.06	1.05088	3.26	0
76	11:50:08.51	0.0580	21.10731	23.50	45.28	1.3	0.998898	22.1824	1.30056	808.06	1.05094	3.26	0
77	11:50:08.81	0.0580	21.10731	23.50	45.28	1.3	0.998898	22.1823	1.30052	808.08	1.05093	3.26	0
78	11:50:09.11	0.0595	21.10675	23.50	45.28	1.3	0.998874	22.1819	1.30056	808.06	1.05094	3.26	0
79	11:50:09.41	0.0595	21.10675	23.50	45.28	1.3	0.998874	22.1820	1.30056	808.08	1.05095	3.26	0
80	11:50:09.71	0.0560	21.10808	23.50	45.28	1.3	0.998934	22.1827	1.30052	808.08	1.05091	3.26	0
81	11:50:10.01	0.0590	21.10703	23.50	45.28	1.3	0.998886	22.1818	1.30052	808.08	1.05092	3.26	0
82	11:50:10.31	0.0580	21.10724	23.50	45.28	1.3	0.998898	22.1822	1.30056	808.06	1.05093	3.26	0
83	11:50:10.61	0.0565	21.10794	23.50	45.28	1.3	0.998934	22.1825	1.30052	808.06	1.05091	3.26	0
84	11:50:10.91	0.0590	21.10696	23.50	45.28	1.3	0.998886	22.1817	1.30056	808.06	1.05092	3.26	0
85	11:50:11.21	0.0575	21.10745	23.50	45.28	1.3	0.998910	22.1817	1.30052	808.06	1.05089	3.26	0
86	11:50:11.51	0.0575	21.10759	23.50	45.28	1.3	0.998916	22.1815	1.30052	808.04	1.05088	3.26	0
87	11:50:11.81	0.0615	21.10605	23.50	45.28	1.3	0.998838	22.1809	1.30056	808.06	1.05092	3.26	0
88	11:50:12.11	0.2010	21.05012	23.50	45.28	1.3	0.996192	22.1212	1.30056	808.04	1.05088	3.26	0
89	11:50:12.41	0.6320	20.87120	23.50	45.28	1.3	0.987726	21.9301	1.30052	807.92	1.05073	3.26	0
90	11:50:12.71	1.5495	20.47787	23.50	45.28	1.3	0.969114	21.5119	1.30056	807.72	1.05050	3.26	0
91	11:50:13.01	3.0740	19.86684	23.50	45.22	1.3	0.940194	20.8610	1.30056	807.38	1.05004	3.26	0
92	11:50:13.31	5.2745	19.03566	23.50	45.22	1.3	0.900858	19.9772	1.30056	806.94	1.04946	3.26	0
93	11:50:13.61	7.9830	18.08947	23.50	45.22	1.3	0.856080	18.9718	1.30052	806.42	1.04878	3.26	0
94	11:50:13.91	10.7670	17.18255	23.50	45.22	1.3	0.813156	18.0102	1.30056	805.94	1.04817	3.26	0
95	11:50:14.21	13.5675	16.30937	23.50	45.12	1.3	0.771828	17.0844	1.30056	805.44	1.04752	3.26	0
96	11:50:14.51	16.3900	15.50787	23.50	45.12	1.3	0.733902	16.2359	1.30056	805.00	1.04695	3.26	0
97	11:50:14.81	19.0885	14.79471	23.50	44.95	1.3	0.700140	15.4818	1.30056	804.60	1.04644	3.26	0
98	11:50:15.11	21.5225	14.18543	23.50	44.95	1.3	0.671310	14.8379	1.30060	804.26	1.04600	3.26	0
99	11:50:15.41	23.7545	13.65532	23.50	44.65	1.3	0.646212	14.2780	1.30060	803.94	1.04560	3.26	0
100	11:50:15.71	25.8020	13.19262	23.50	44.65	1.3	0.624312	13.7892	1.30060	803.66	1.04522	3.26	0
101	11:50:16.01	27.5940	12.80391	23.50	44.25	1.3	0.605904	13.3792	1.30056	803.44	1.04492	3.26	0
102	11:50:16.31	29.1480	12.47806	23.50	44.25	1.3	0.590484	13.0365	1.30064	803.26	1.04476	3.26	0
103	11:50:16.61	30.4185	12.21808	23.50	43.89	1.3	0.578166	12.7617	1.30060	803.08	1.04449	3.26	0
104	11:50:16.91	31.4385	12.01543	23.50	43.89	1.3	0.568578	12.5478	1.30060	802.96	1.04431	3.26	0
105	11:50:17.21	32.2465	11.85597	23.50	43.49	1.3	0.561018	12.3801	1.30060	802.86	1.04421	3.26	0
106	11:50:17.51	32.9110	11.72941	23.50	43.49	1.3	0.555030	12.2467	1.30060	802.78	1.04410	3.26	0
107	11:50:17.81	33.4310	11.63078	23.50	43.06	1.2	0.550344	12.1429	1.30060	802.72	1.04404	3.26	0
108	11:50:18.11	33.8500	11.55105	23.50	43.06	1.2	0.546570	12.0590	1.30064	802.68	1.04397	3.26	0
109	11:50:18.41	34.1700	11.49043	23.50	42.70	1.2	0.543690	11.9954	1.30064	802.66	1.04395	3.26	0
110	11:50:18.71	34.4130	11.44570	23.50	42.70	1.2	0.541572	11.9480	1.30064	802.60	1.04389	3.26	0
111	11:50:19.01	34.5995	11.41175	23.50	42.33	1.2	0.539952	11.9125	1.30064	802.60	1.04388	3.26	0
112	11:50:19.31	34.7015	11.39299	23.50	42.33	1.2	0.539070	11.8929	1.30064	802.58	1.04387	3.26	0
113	11:50:19.61	34.7165	11.39047	23.50	42.07	1.2	0.538938	11.8900	1.30064	802.58	1.04386	3.26	0
114	11:50:19.91	34.6100	11.41000	23.50	42.07	1.2	0.539862	11.9102	1.30060	802.58	1.04384	3.26	0
115	11:50:20.21	34.3660	11.45501	23.50	41.80	1.2	0.541980	11.9578	1.30060	802.62	1.04390	3.26	0
116	11:50:20.51	33.9965	11.52417	23.50	41.80	1.2	0.545256	12.0308	1.30060	802.66	1.04396	3.26	0
117	11:50:20.81	33.5725	11.60495	23.50	41.57	1.2	0.549072	12.1161	1.30060	802.74	1.04404	3.26	0
118	11:50:21.11	33.0410	11.70617	23.50	41.57	1.2	0.553860	12.2221	1.30060	802.78	1.04408	3.26	0
119	11:50:21.41	32.4035	11.82776	23.50	41.33	1.2	0.559602	12.3504	1.30060	802.84	1.04419	3.26	0
120	11:50:21.71	31.6360	11.97826	23.50	41.33	1.2	0.566724	12.5089	1.30060	802.94	1.04430	3.26	0
121	11:50:22.01	30.7920	12.14605	23.50	41.17	1.2	0.574656	12.6863	1.30060	803.06	1.04448	3.26	0
122	11:50:22.31	29.9740	12.30999	23.50	41.17	1.2	0.582408	12.8589	1.30060	803.16	1.04459	3.26	0
123	11:50:22.61	29.1880	12.47239	23.50	41.04	1.2	0.590094	13.0306	1.30060	803.28	1.04476	3.26	0
124	11:50:22.91	28.4425	12.62639	23.50	41.04	1.2	0.597378	13.1928	1.30060	803.36	1.04486	3.26	0
125	11:50:23.21	27.7850	12.76555	23.50	40.91	1.2	0.603954	13.3391	1.30056	803.44	1.04493	3.26	0
126	11:50:23.51	27.2085	12.88980	23.50	40.91	1.2	0.609834	13.4709	1.30060	803.54	1.04509	3.26	0
127	11:50:23.81	26.6095	13.01895	23.50	40.84	1.2	0.615942	13.6072	1.30060	803.60	1.04518	3.26	0
128	11:50:24.11	26.0400	13.14264	23.50	40.84	1.2	0.621792	13.7381	1.30064	803.70	1.04530	3.26	0
129	11:50:24.41	25.5300	13.25688	23.50	40.78	1.2	0.627192	13.8578	1.30060	803.74	1.04533	3.26	0
130	11:50:24.71	25.0855	13.35656	23.50	40.78	1.2	0.631908	13.9633	1.30060	803.80	1.04543	3.26	0
131	11:50:25.01	24.7150	13.43958	23.50	40.71	1.2	0.635838	14.0510	1.30060	803.86	1.04549	3.26	0
132	11:50:25.31	24.3730	13.51616	23.50	40.71	1.2	0.639462	14.1326	1.30064	803.92	1.04561	3.26	0
133	11:50:25.61	24.0310	13.59393	23.50	40.67	1.2	0.643134	14.2140	1.30060	803.96	1.04561	3.26	0
134	11:50:25.91	23.6965	13.67240	23.50	40.67	1.2	0.646848	14.2974	1.30064	804.00	1.04572	3.26	0
135	11:50:26.21	23.3440	13.75528	23.50	40.61	1.2	0.650766	14.3848	1.30060	804.06	1.04576	3.26	0
136	11:50:26.51	22.9925	13.83781	23.50	40.61	1.2	0.654672	14.4718	1.30060	804.10	1.04582	3.26	0
137	11:50:26.81	22.6445	13.91957	23.50	40.54	1.2	0.658536	14.5586	1.30060	804.16	1.04591	3.26	0
138	11:50:27.11	22.3040	13.99951	23.50	40.54	1.2	0.662322	14.6427	1.30060	804.20	1.04594	3.26	0
139	11:50:27.41	21.9845	14.07602	23.50	40.51	1.2	0.665934	14.7227	1.30056	804.22	1.04594	3.26	0
140	11:50:27.71	21.7155	14.14210	23.50	40.51	1.2	0.669066	14.7932	1.30060	804.28	1.04604	3.26	0
141	11:50:28.01	21.4850	14.19880	23.50	40.51	1.2	0.671748	14.8529	1.30060	804.32	1.04608	3.26	0
142	11:50:28.31	21.3095	14.24192	23.50	40.51	1.2	0.673788	14.8993	1.30064	804.34	1.04615	3.26	0
143	11:50:28.61	21.1595	14.27881	23.50	40.47	1.2	0.675528	14.9369	1.30056	804.34	1.04609	3.26	0
144	11:50:28.91	21.0445	14.30702	23.50	40.47	1.2	0.676866	14.9675	1.30060	804.38	1.04616	3.26	0
145	11:50:29.21	20.9375	14.33334	23.50	40.47	1.2	0.678108	14.9950	1.30060	804.38	1.04616	3.26	0
146	11:50:29.51	20.8190	14.36246	23.50	40.47	1.2	0.679488	15.0261	1.30060	804.40	1.04620	3.26	0
147	11:50:29.81	20.6690	14.39935	23.50	40.47	1.2	0.681234	15.0646	1.30060	804.42	1.04620	3.26	0
148	11:50:30.11	20.5035	14.43995	23.50	40.47	1.2	0.683154	15.1082	1.30060	804.46	1.04628	3.26	0
149	11:50:30.41	20.3420	14.47978	23.50	40.44	1.2	0.685032	15.1499	1.30060	804.48	1.04628	3.26	0
150	11:50:30.71	20.1785	14.51989	23.50	40.44	1.2	0.686934	15.1920	1.30056	804.48	1.04629	3.26	0
151	11:50:31.01	19.9995	14.56511	23.50	40.44	1.2	0.689076	15.2398	1.30056	804.50	1.04632	3.26	0
152	11:50:31.31	19.8125	14.61313	23.50	40.44	1.2	0.691344	15.2913	1.30060	804.56	1.04641	3.26	0
153	11:50:31.61	19.6340	14.65905	23.50	40.44	1.2	0.693516	15.3392	1.30056	804.58	1.04640	3.26	0
154	11:50:31.91	19.4530	14.70553	23.50	40.44	1.2	0.695718	15.3887	1.30060	804.60	1.04646	3.26	0
155	11:50:32.21	19.2815	14.74956	23.50	40.44	1.2	0.697800	15.4352	1.30060	804.62	1.04649	3.26	0
156	11:50:32.51	19.1285	14.78883	23.50	40.44	1.2	0.699654	15.4767	1.30060	804.66	1.04651	3.26	0
157	11:50:32.81	19.0135	14.81837	23.50	40.44	1.2	0.701052	15.5077	1.30056	804.66	1.04652	3.26	0
158	11:50:33.11	18.9330	14.83909	23.50	40.44	1.2	0.702036	15.5303	1.30060	804.70	1.04658	3.26	0
159	11:50:33.41	18.8740	14.85414	23.50	40.47	1.2	0.702750	15.5453	1.30056	804.68	1.04653	3.26	0
160	11:50:33.71	18.8325	14.86485	23.50	40.47	1.2	0.703254	15.5571	1.30056	804.70	1.04657	3.26	0
161	11:50:34.01	18.8015	14.87283	23.50	40.47	1.2	0.703632	15.5660	1.30060	804.70	1.04661	3.26	0
162	11:50:34.31	18.7795	14.87850	23.50	40.47	1.2	0.703902	15.5714	1.30056	804.70	1.04657	3.26	0
163	11:50:34.61	18.7655	14.88207	23.50	40.51	1.2	0.704070	15.5751	1.30056	804.70	1.04657	3.26	0
164	11:50:34.91	18.7480	14.88655	23.50	40.51	1.2	0.704286	15.5802	1.30060	804.70	1.04659	3.26	0
165	11:50:35.21	18.7185	14.89411	23.50	40.51	1.2	0.704640	15.5885	1.30060	804.72	1.04662	3.26	0
166	11:50:35.51	18.6830	14.90321	23.50	40.51	1.2	0.705072	15.5983	1.30060	804.74	1.04664	3.26	0
167	11:50:35.81	18.6325	14.91623	23.50	40.51	1.2	0.705690	15.6117	1.30060	804.74	1.04662	3.26	0
168	11:50:36.11	18.5675	14.93289	23.50	40.51	1.2	0.706476	15.6295	1.30060	804.74	1.04665	3.26	0
169	11:50:36.41	18.4825	14.95473	23.50	40.54	1.2	0.707508	15.6520	1.30056	804.74	1.04663	3.26	0
170	11:50:36.71	18.3875	14.97909	23.50	40.54	1.2	0.708660	15.6776	1.30056	804.74	1.04663	3.26	0
171	11:50:37.01	18.3040	15.00058	23.50	40.54	1.2	0.709680	15.7007	1.30056	804.78	1.04667	3.26	0
172	11:50:37.31	18.2370	15.01773	23.50	40.54	1.2	0.710490	15.7187	1.30060	804.78	1.04668	3.26	0
173	11:50:37.61	18.1940	15.02879	23.50	40.54	1.2	0.711012	15.7305	1.30060	804.80	1.04670	3.26	0
174	11:50:37.91	18.1685	15.03530	23.50	40.54	1.2	0.711324	15.7375	1.30060	804.78	1.04670	3.26	0
175	11:50:38.21	18.1490	15.04041	23.50	40.54	1.2	0.711564	15.7431	1.30060	804.80	1.04672	3.26	0
176	11:50:38.51	18.1350	15.04398	23.50	40.54	1.2	0.711732	15.7466	1.30060	804.78	1.04670	3.26	0
177	11:50:38.81	18.1215	15.04734	23.50	40.61	1.2	0.711894	15.7504	1.30060	804.80	1.04673	3.26	0
178	11:50:39.11	18.1130	15.04958	23.50	40.61	1.2	0.712002	15.7525	1.30060	804.80	1.04671	3.26	0
179	11:50:39.41	18.1130	15.04958	23.50	40.61	1.2	0.712002	15.7525	1.30060	804.80	1.04671	3.26	0
180	11:50:39.71	18.1175	15.04846	23.50	40.61	1.2	0.711948	15.7508	1.30056	804.78	1.04667	3.26	0
181	11:50:40.01	18.1290	15.04538	23.50	40.64	1.2	0.711804	15.7480	1.30056	804.80	1.04670	3.26	0
182	11:50:40.31	18.1250	15.04643	23.50	40.64	1.2	0.711852	15.7486	1.30056	804.78	1.04666	3.26	0
183	11:50:40.61	18.1030	15.05203	23.50	40.64	1.2	0.712116	15.7547	1.30056	804.80	1.04668	3.26	0
184	11:50:40.91	18.0545	15.06498	23.50	40.64	1.2	0.712734	15.7684	1.30056	804.80	1.04669	3.26	0
185	11:50:41.21	17.9900	15.08234	23.50	40.64	1.2	0.713550	15.7872	1.30060	804.82	1.04673	3.26	0
186	11:50:41.51	17.9180	15.10180	23.50	40.64	1.2	0.714474	15.8081	1.30060	804.82	1.04677	3.26	0
187	11:50:41.81	17.8460	15.12098	23.50	40.67	1.2	0.715386	15.8285	1.30060	804.84	1.04678	3.26	0
188	11:50:42.11	17.7860	15.13722	23.50	40.67	1.2	0.716148	15.8451	1.30060	804.84	1.04677	3.26	0
189	11:50:42.41	17.7460	15.14793	23.50	40.67	1.2	0.716658	15.8570	1.30060	804.86	1.04681	3.26	0
190	11:50:42.71	17.7160	15.15598	23.50	40.67	1.2	0.717036	15.8653	1.30060	804.86	1.04680	3.26	0
191	11:50:43.01	17.6910	15.16277	23.50	40.67	1.2	0.717360	15.8721	1.30060	804.86	1.04678	3.26	0
192	11:50:43.31	17.6755	15.16690	23.50	40.67	1.2	0.717552	15.8765	1.30056	804.86	1.04678	3.26	0
193	11:50:43.61	17.6590	15.17124	23.50	40.67	1.2	0.717762	15.8813	1.30056	804.88	1.04680	3.26	0
194	11:50:43.91	17.6410	15.17621	23.50	40.67	1.2	0.717996	15.8868	1.30060	804.88	1.04683	3.26	0
195	11:50:44.21	17.6160	15.18279	23.50	40.71	1.2	0.718308	15.8934	1.30056	804.88	1.04680	3.26	0
196	11:50:44.51	17.5935	15.18888	23.50	40.71	1.2	0.718596	15.8998	1.30060	804.88	1.04680	3.26	0
197	11:50:44.81	17.5740	15.19406	23.50	40.71	1.2	0.718842	15.9053	1.30056	804.88	1.04681	3.26	0
198	11:50:45.11	17.5535	15.19973	23.50	40.71	1.2	0.719106	15.9114	1.30060	804.88	1.04683	3.26	0
199	11:50:45.41	17.5310	15.20568	23.50	40.71	1.2	0.719388	15.9174	1.30056	804.88	1.04681	3.26	0
200	11:50:45.71	17.5040	15.21296	23.50	40.71	1.2	0.719736	15.9253	1.30060	804.88	1.04683	3.26	0
201	11:50:46.01	17.4735	15.22115	23.50	40.71	1.2	0.720120	15.9340	1.30056	804.90	1.04684	3.26	0
202	11:50:46.31	17.4515	15.22703	23.50	40.71	1.2	0.720402	15.9403	1.30056	804.90	1.04684	3.26	0
203	11:50:46.61	17.4395	15.23018	23.50	40.74	1.2	0.720552	15.9438	1.30060	804.90	1.04685	3.26	0
204	11:50:46.91	17.4360	15.23123	23.50	40.74	1.2	0.720600	15.9442	1.30056	804.90	1.04681	3.26	0
205	11:50:47.21	17.4320	15.23221	23.50	40.74	1.2	0.720648	15.9451	1.30056	804.88	1.04680	3.26	0
206	11:50:47.51	17.4260	15.23396	23.50	40.74	1.2	0.720726	15.9475	1.30056	804.90	1.04684	3.26	0
207	11:50:47.81	17.4090	15.23844	23.50	40.74	1.2	0.720942	15.9526	1.30060	804.92	1.04687	3.26	0
208	11:50:48.11	17.3840	15.24516	23.50	40.74	1.2	0.721260	15.9595	1.30060	804.92	1.04686	3.26	0
209	11:50:48.41	17.3515	15.25384	23.50	40.74	1.2	0.721674	15.9679	1.30056	804.90	1.04681	3.26	0
210	11:50:48.71	17.3160	15.26343	23.50	40.74	1.2	0.722124	15.9783	1.30056	804.90	1.04683	3.26	0
211	11:50:49.01	17.2775	15.27379	23.50	40.78	1.2	0.722616	15.9896	1.30056	804.92	1.04687	3.26	0
212	11:50:49.31	17.2355	15.28499	23.50	40.78	1.2	0.723150	16.0015	1.30056	804.94	1.04687	3.26	0
213	11:50:49.61	17.2030	15.29374	23.50	40.78	1.2	0.723564	16.0113	1.30060	804.96	1.04692	3.26	0
214	11:50:49.91	17.1770	15.30074	23.50	40.78	1.2	0.723894	16.0184	1.30060	804.94	1.04691	3.26	0
215	11:50:50.21	17.1555	15.30655	23.50	40.78	1.2	0.724164	16.0238	1.30056	804.94	1.04686	3.26	0
216	11:50:50.51	17.1405	15.31054	23.50	40.78	1.2	0.724356	16.0285	1.30056	804.94	1.04689	3.26	0
217	11:50:50.81	17.1270	15.31411	23.50	40.78	1.2	0.724524	16.0322	1.30056	804.94	1.04689	3.26	0
218	11:50:51.11	17.1065	15.31964	23.50	40.78	1.2	0.724788	16.0384	1.30060	804.96	1.04692	3.26	0
219	11:50:51.41	17.0745	15.32832	23.50	40.81	1.2	0.725196	16.0475	1.30056	804.96	1.04692	3.26	0
220	11:50:51.71	17.0365	15.33854	23.50	40.81	1.2	0.725682	16.0585	1.30060	804.96	1.04693	3.26	0
221	11:50:52.01	17.0020	15.34778	23.50	40.81	1.2	0.726120	16.0686	1.30060	804.98	1.04696	3.26	0
222	11:50:52.31	16.9720	15.35576	23.50	40.81	1.2	0.726498	16.0764	1.30056	804.98	1.04693	3.26	0
223	11:50:52.61	16.9575	15.35968	23.50	40.81	1.2	0.726678	16.0803	1.30056	804.98	1.04692	3.26	0
224	11:50:52.91	16.9540	15.36073	23.50	40.81	1.2	0.726732	16.0817	1.30060	804.98	1.04694	3.26	0
225	11:50:53.21	16.9590	15.35926	23.50	40.84	1.2	0.726660	16.0800	1.30060	804.96	1.04693	3.26	0
226	11:50:53.51	16.9740	15.35527	23.50	40.84	1.2	0.726474	16.0760	1.30056	804.98	1.04693	3.26	0
227	11:50:53.81	16.9920	15.35044	23.50	40.84	1.2	0.726246	16.0718	1.30060	805.00	1.04699	3.26	0
228	11:50:54.11	17.0005	15.34813	23.50	40.84	1.2	0.726138	16.0688	1.30060	804.98	1.04696	3.26	0
229	11:50:54.41	17.0025	15.34757	23.50	40.84	1.2	0.726108	16.0679	1.30056	804.98	1.04693	3.26	0
230	11:50:54.71	16.9975	15.34897	23.50	40.84	1.2	0.726174	16.0700	1.30060	805.00	1.04698	3.26	0
231	11:50:55.01	16.9860	15.35205	23.50	40.84	1.2	0.726324	16.0728	1.30060	804.98	1.04695	3.26	0
232	11:50:55.31	16.9690	15.35653	23.50	40.84	1.2	0.726534	16.0779	1.30060	804.98	1.04697	3.26	0
233	11:50:55.61	16.9460	15.36283	23.50	40.84	1.2	0.726828	16.0838	1.30056	804.98	1.04693	3.26	0
234	11:50:55.91	16.9200	15.36976	23.50	40.84	1.2	0.727158	16.0919	1.30060	805.00	1.04699	3.26	0
235	11:50:56.21	16.8865	15.37865	23.50	40.87	1.2	0.727584	16.1014	1.30060	805.00	1.04699	3.26	0
236	11:50:56.51	16.8400	15.39118	23.50	40.87	1.2	0.728178	16.1141	1.30060	805.00	1.04697	3.26	0
237	11:50:56.81	16.7880	15.40518	23.50	40.87	1.2	0.728838	16.1289	1.30060	805.00	1.04698	3.26	0
238	11:50:57.11	16.7335	15.41981	23.50	40.87	1.2	0.729528	16.1439	1.30056	805.00	1.04696	3.26	0
239	11:50:57.41	16.6790	15.43451	23.50	40.87	1.2	0.730224	16.1597	1.30060	805.00	1.04698	3.26	0
240	11:50:57.71	16.6185	15.45075	23.50	40.87	1.2	0.730992	16.1774	1.30060	805.04	1.04703	3.26	0
241	11:50:58.01	16.5660	15.46489	23.50	40.87	1.2	0.731658	16.1920	1.30060	805.04	1.04702	3.26	0
242	11:50:58.31	16.5250	15.47588	23.50	40.87	1.2	0.732180	16.2036	1.30056	805.04	1.04702	3.26	0
243	11:50:58.61	16.4995	15.48274	23.50	40.87	1.2	0.732510	16.2115	1.30060	805.06	1.04707	3.26	0
244	11:50:58.91	16.4805	15.48792	23.50	40.87	1.2	0.732750	16.2165	1.30060	805.06	1.04704	3.26	0
245	11:50:59.21	16.4650	15.49198	23.50	40.91	1.2	0.732948	16.2205	1.30056	805.06	1.04702	3.26	0
246	11:50:59.51	16.4530	15.49520	23.50	40.91	1.2	0.733098	16.2248	1.30060	805.08	1.04708	3.26	0
247	11:50:59.81	16.4355	15.49989	23.50	40.91	1.2	0.733320	16.2294	1.30060	805.08	1.04707	3.26	0
248	11:51:00.11	16.4190	15.50437	23.50	40.91	1.2	0.733530	16.2339	1.30056	805.08	1.04706	3.26	0
249	11:51:00.41	16.4090	15.50710	23.50	40.91	1.2	0.733662	16.2368	1.30060	805.06	1.04706	3.26	0
250	11:51:00.71	16.3945	15.51088	23.50	40.91	1.2	0.733842	16.2401	1.30056	805.04	1.04701	3.26	0
251	11:51:01.01	16.3820	15.51424	23.50	40.94	1.2	0.733998	16.2443	1.30060	805.06	1.04705	3.26	0
252	11:51:01.31	16.3625	15.51949	23.50	40.94	1.2	0.734250	16.2497	1.30056	805.06	1.04705	3.26	0
253	11:51:01.61	16.3425	15.52481	23.50	40.94	1.2	0.734502	16.2553	1.30056	805.08	1.04705	3.26	0
254	11:51:01.91	16.3270	15.52901	23.50	40.94	1.2	0.734700	16.2605	1.30060	805.08	1.04710	3.26	0
255	11:51:02.21	16.3030	15.53545	23.50	40.94	1.2	0.735006	16.2672	1.30056	805.10	1.04710	3.26	0
256	11:51:02.51	16.2830	15.54091	23.50	40.94	1.2	0.735258	16.2723	1.30056	805.08	1.04707	3.26	0
257	11:51:02.81	16.2675	15.54511	23.50	40.94	1.2	0.735462	16.2773	1.30060	805.10	1.04710	3.26	0
258	11:51:03.11	16.2500	15.54973	23.50	40.94	1.2	0.735678	16.2819	1.30060	805.08	1.04709	3.26	0
259	11:51:03.41	16.2450	15.55113	23.50	40.94	1.2	0.735744	16.2835	1.30060	805.08	1.04709	3.26	0
260	11:51:03.71	16.2500	15.54973	23.50	40.94	1.2	0.735678	16.2815	1.30056	805.08	1.04706	3.26	0
261	11:51:04.01	16.2660	15.54539	23.50	40.97	1.2	0.735474	16.2770	1.30056	805.08	1.04706	3.26	0
262	11:51:04.31	16.2800	15.54161	23.50	40.97	1.2	0.735294	16.2732	1.30056	805.08	1.04707	3.26	0
263	11:51:04.61	16.2945	15.53776	23.50	40.97	1.2	0.735114	16.2693	1.30056	805.08	1.04708	3.26	0
264	11:51:04.91	16.2965	15.53720	23.50	40.97	1.2	0.735090	16.2682	1.30056	805.08	1.04705	3.26	0
265	11:51:05.21	16.2905	15.53888	23.50	40.97	1.2	0.735168	16.2697	1.30056	805.06	1.04704	3.26	0
266	11:51:05.51	16.2755	15.54287	23.50	40.97	1.2	0.735354	16.2735	1.30052	805.06	1.04701	3.26	0
267	11:51:05.81	16.2615	15.54665	23.50	40.97	1.2	0.735534	16.2772	1.30052	805.06	1.04699	3.26	0
268	11:51:06.11	16.2455	15.55092	23.50	40.97	1.2	0.735738	16.2821	1.30056	805.06	1.04702	3.26	0
269	11:51:06.41	16.2435	15.55141	23.50	40.97	1.2	0.735762	16.2833	1.30056	805.08	1.04706	3.26	0
270	11:51:06.71	16.2500	15.54973	23.50	40.97	1.2	0.735678	16.2819	1.30060	805.08	1.04708	3.26	0
271	11:51:07.01	16.2600	15.54700	23.50	40.97	1.2	0.735552	16.2788	1.30056	805.08	1.04707	3.26	0
272	11:51:07.31	16.2715	15.54399	23.50	40.97	1.2	0.735408	16.2759	1.30060	805.08	1.04709	3.26	0
273	11:51:07.61	16.2730	15.54357	23.50	40.97	1.2	0.735390	16.2748	1.30056	805.08	1.04704	3.26	0
274	11:51:07.91	16.2795	15.54175	23.50	40.97	1.2	0.735306	16.2735	1.30060	805.08	1.04708	3.26	0
275	11:51:08.21	16.2775	15.54224	23.50	41.04	1.2	0.735330	16.2739	1.30056	805.10	1.04707	3.26	0
276	11:51:08.51	16.2735	15.54329	23.50	41.04	1.2	0.735378	16.2752	1.30060	805.10	1.04709	3.26	0
277	11:51:08.81	16.2625	15.54637	23.50	41.04	1.2	0.735522	16.2785	1.30060	805.10	1.04710	3.26	0
278	11:51:09.11	16.2450	15.55092	23.50	41.04	1.2	0.735738	16.2834	1.30060	805.10	1.04710	3.26	0
279	11:51:09.41	16.2195	15.55792	23.50	41.04	1.2	0.736068	16.2903	1.30056	805.10	1.04707	3.26	0
280	11:51:09.71	16.1980	15.56359	23.50	41.04	1.2	0.736338	16.2966	1.30060	805.10	1.04710	3.26	0
281	11:51:10.01	16.1725	15.57045	23.50	41.04	1.2	0.736668	16.3038	1.30060	805.10	1.04710	3.26	0
282	11:51:10.31	16.1525	15.57577	23.50	41.04	1.2	0.736920	16.3094	1.30056	805.10	1.04710	3.26	0
283	11:51:10.61	16.1365	15.58011	23.50	41.04	1.2	0.737118	16.3134	1.30056	805.10	1.04707	3.26	0
284	11:51:10.91	16.1310	15.58165	23.50	41.04	1.2	0.737196	16.3161	1.30060	805.12	1.04713	3.26	0
285	11:51:11.21	16.1295	15.58200	23.50	41.04	1.2	0.737214	16.3164	1.30060	805.12	1.04713	3.26	0
286	11:51:11.51	16.1310	15.58158	23.50	41.04	1.2	0.737190	16.3160	1.30060	805.12	1.04713	3.26	0
287	11:51:11.81	16.1330	15.58102	23.50	41.04	1.2	0.737166	16.3153	1.30060	805.12	1.04713	3.26	0
288	11:51:12.11	16.1370	15.57997	23.50	41.04	1.2	0.737118	16.3138	1.30056	805.10	1.04710	3.26	0
289	11:51:12.41	16.1395	15.57941	23.50	41.04	1.2	0.737088	16.3134	1.30060	805.10	1.04711	3.26	0
290	11:51:12.71	16.1415	15.57878	23.50	41.04	1.2	0.737058	16.3124	1.30056	805.10	1.04710	3.26	0
291	11:51:13.01	16.1430	15.57843	23.50	41.04	1.2	0.737040	16.3113	1.30052	805.08	1.04705	3.26	0
292	11:51:13.31	16.1485	15.57696	23.50	41.04	1.2	0.736974	16.3115	1.30060	805.14	1.04716	3.26	0
293	11:51:13.61	16.1470	15.57731	23.50	41.04	1.2	0.736992	16.3113	1.30060	805.12	1.04711	3.26	0
294	11:51:13.91	16.1475	15.57724	23.50	41.04	1.2	0.736986	16.3115	1.30060	805.12	1.04714	3.26	0
295	11:51:14.21	16.1480	15.57710	23.50	41.04	1.2	0.736980	16.3110	1.30060	805.10	1.04711	3.26	0
296	11:51:14.51	16.1450	15.57787	23.50	41.04	1.2	0.737016	16.3121	1.30060	805.12	1.04714	3.26	0
297	11:51:14.81	16.1385	15.57962	23.50	41.04	1.2	0.737100	16.3138	1.30060	805.12	1.04712	3.26	0
298	11:51:15.11	16.1345	15.58067	23.50	41.04	1.2	0.737148	16.3149	1.30060	805.12	1.04713	3.26	0
299	11:51:15.41	16.1300	15.58186	23.50	41.04	1.2	0.737202	16.3155	1.30056	805.10	1.04708	3.26	0
300	11:51:15.71	16.1260	15.58291	23.50	41.04	1.2	0.737256	16.3173	1.30056	805.12	1.04713	3.26	0
301	11:51:16.01	16.1215	15.58410	23.50	41.04	1.2	0.737310	16.3178	1.30056	805.10	1.04708	3.26	0
302	11:51:16.31	16.1180	15.58515	23.50	41.04	1.2	0.737358	16.3197	1.30060	805.12	1.04713	3.26	0
303	11:51:16.61	16.1090	15.58753	23.50	41.04	1.2	0.737472	16.3223	1.30060	805.12	1.04714	3.26	0
304	11:51:16.91	16.1010	15.58970	23.50	41.04	1.2	0.737574	16.3251	1.30064	805.14	1.04717	3.26	0
305	11:51:17.21	16.0910	15.59236	23.50	41.04	1.2	0.737700	16.3271	1.30056	805.12	1.04712	3.26	0
306	11:51:17.51	16.0820	15.59481	23.50	41.04	1.2	0.737814	16.3292	1.30056	805.10	1.04710	3.26	0
307	11:51:17.81	16.0780	15.59600	23.50	41.04	1.2	0.737874	16.3313	1.30060	805.14	1.04715	3.26	0
308	11:51:18.11	16.0740	15.59719	23.50	41.04	1.2	0.737928	16.3323	1.30060	805.12	1.04713	3.26	0
309	11:51:18.41	16.0690	15.59852	23.50	41.04	1.2	0.737994	16.3336	1.30056	805.12	1.04713	3.26	0
310	11:51:18.71	16.0645	15.59978	23.50	41.04	1.2	0.738048	16.3346	1.30056	805.12	1.04711	3.26	0
311	11:51:19.01	16.0595	15.60118	23.50	41.04	1.2	0.738120	16.3370	1.30060	805.14	1.04716	3.26	0
312	11:51:19.31	16.0540	15.60279	23.50	41.04	1.2	0.738192	16.3377	1.30056	805.10	1.04710	3.26	0
313	11:51:19.61	16.0520	15.60328	23.50	41.04	1.2	0.738216	16.3393	1.30060	805.14	1.04717	3.26	0
314	11:51:19.91	16.0490	15.60412	23.50	41.04	1.2	0.738258	16.3391	1.30056	805.10	1.04710	3.26	0
315	11:51:20.21	16.0485	15.60433	23.50	41.04	1.2	0.738270	16.3396	1.30056	805.12	1.04712	3.26	0
316	11:51:20.51	16.0530	15.60307	23.50	41.04	1.2	0.738204	16.3390	1.30060	805.16	1.04717	3.26	0
317	11:51:20.81	16.0520	15.60328	23.50	41.04	1.2	0.738216	16.3385	1.30056	805.12	1.04712	3.26	0
318	11:51:21.11	16.0525	15.60314	23.50	41.04	1.2	0.738210	16.3385	1.30060	805.12	1.04713	3.26	0
319	11:51:21.41	16.0550	15.60244	23.50	41.04	1.2	0.738180	16.3383	1.30060	805.14	1.04716	3.26	0
320	11:51:21.71	16.0510	15.60363	23.50	41.04	1.2	0.738234	16.3385	1.30056	805.12	1.04710	3.26	0
321	11:51:22.01	16.0520	15.60328	23.50	41.04	1.2	0.738216	16.3384	1.30056	805.12	1.04711	3.26	0
322	11:51:22.31	16.0535	15.60300	23.50	41.04	1.2	0.738204	16.3382	1.30056	805.12	1.04712	3.26	0
323	11:51:22.61	16.0565	15.60202	23.50	41.04	1.2	0.738162	16.3375	1.30060	805.12	1.04714	3.26	0
324	11:51:22.91	16.0570	15.60188	23.50	41.04	1.2	0.738150	16.3369	1.30056	805.12	1.04711	3.26	0
325	11:51:23.21	16.0600	15.60111	23.50	41.04	1.2	0.738114	16.3368	1.30060	805.14	1.04716	3.26	0
326	11:51:23.51	16.0590	15.60139	23.50	41.04	1.2	0.738132	16.3366	1.30056	805.12	1.04712	3.26	0
327	11:51:23.81	16.0565	15.60209	23.50	41.07	1.2	0.738162	16.3369	1.30056	805.12	1.04710	3.26	0
328	11:51:24.11	16.0580	15.60153	23.50	41.07	1.2	0.738138	16.3364	1.30056	805.12	1.04710	3.26	0
329	11:51:24.41	16.0570	15.60195	23.50	41.04	1.2	0.738156	16.3379	1.30060	805.14	1.04717	3.26	0
330	11:51:24.71	16.0555	15.60237	23.50	41.04	1.2	0.738174	16.3371	1.30056	805.10	1.04709	3.26	0
331	11:51:25.01	16.0550	15.60244	23.50	41.07	1.2	0.738180	16.3377	1.30056	805.12	1.04712	3.26	0
332	11:51:25.31	16.0550	15.60244	23.50	41.07	1.2	0.738180	16.3381	1.30060	805.12	1.04714	3.26	0
333	11:51:25.61	16.0535	15.60293	23.50	41.04	1.2	0.738198	16.3387	1.30060	805.14	1.04716	3.26	0
334	11:51:25.91	16.0525	15.60321	23.50	41.04	1.2	0.738216	16.3383	1.30056	805.12	1.04711	3.26	0
335	11:51:26.21	16.0480	15.60440	23.50	41.07	1.2	0.738270	16.3396	1.30056	805.12	1.04711	3.26	0
336	11:51:26.51	16.0465	15.60489	23.50	41.07	1.2	0.738294	16.3404	1.30060	805.12	1.04714	3.26	0
337	11:51:26.81	16.0470	15.60468	23.50	41.04	1.2	0.738282	16.3402	1.30060	805.12	1.04713	3.26	0
338	11:51:27.11	16.0465	15.60482	23.50	41.04	1.2	0.738294	16.3403	1.30060	805.12	1.04713	3.26	0
339	11:51:27.41	16.0445	15.60538	23.50	41.07	1.2	0.738318	16.3405	1.30056	805.12	1.04711	3.26	0
340	11:51:27.71	16.0445	15.60538	23.50	41.07	1.2	0.738318	16.3410	1.30060	805.12	1.04714	3.26	0
341	11:51:28.01	16.0455	15.60510	23.50	41.07	1.2	0.738306	16.3413	1.30060	805.14	1.04717	3.26	0
342	11:51:28.31	16.0430	15.60587	23.50	41.07	1.2	0.738342	16.3414	1.30056	805.14	1.04714	3.26	0
343	11:51:28.61	16.0445	15.60545	23.50	41.07	1.2	0.738318	16.3415	1.30060	805.14	1.04717	3.26	0
344	11:51:28.91	16.0455	15.60510	23.50	41.07	1.2	0.738306	16.3414	1.30060	805.14	1.04718	3.26	0
345	11:51:29.21	16.0460	15.60503	23.50	41.07	1.2	0.738300	16.3410	1.30060	805.14	1.04717	3.26	0
346	11:51:29.51	16.0420	15.60608	23.50	41.07	1.2	0.738354	16.3419	1.30060	805.14	1.04715	3.26	0
347	11:51:29.81	16.0435	15.60573	23.50	41.07	1.2	0.738336	16.3411	1.30056	805.12	1.04712	3.26	0
348	11:51:30.11	16.0455	15.60510	23.50	41.07	1.2	0.738306	16.3416	1.30064	805.16	1.04720	3.26	0
349	11:51:30.41	16.0435	15.60566	23.50	41.07	1.2	0.738336	16.3415	1.30060	805.14	1.04715	3.26	0
350	11:51:30.71	16.0455	15.60517	23.50	41.07	1.2	0.738306	16.3410	1.30060	805.14	1.04716	3.26	0
351	11:51:31.01	16.0445	15.60538	23.50	41.07	1.2	0.738318	16.3414	1.30060	805.14	1.04716	3.26	0
352	11:51:31.31	16.0435	15.60566	23.50	41.07	1.2	0.738330	16.3413	1.30060	805.12	1.04714	3.26	0
353	11:51:31.61	16.0410	15.60643	23.50	41.07	1.2	0.738372	16.3418	1.30056	805.12	1.04712	3.26	0
354	11:51:31.91	16.0405	15.60657	23.50	41.07	1.2	0.738378	16.3424	1.30060	805.14	1.04715	3.26	0
355	11:51:32.21	16.0400	15.60664	23.50	41.07	1.2	0.738378	16.3428	1.30060	805.14	1.04717	3.26	0
356	11:51:32.51	16.0365	15.60769	23.50	41.07	1.2	0.738426	16.3428	1.30056	805.12	1.04710	3.26	0
357	11:51:32.81	16.0365	15.60776	23.50	41.07	1.2	0.738432	16.3433	1.30060	805.12	1.04713	3.26	0
358	11:51:33.11	16.0380	15.60720	23.50	41.07	1.2	0.738408	16.3432	1.30060	805.14	1.04716	3.26	0
359	11:51:33.41	16.0370	15.60762	23.50	41.07	1.2	0.738426	16.3435	1.30060	805.12	1.04714	3.26	0
360	11:51:33.71	16.0345	15.60832	23.50	41.07	1.2	0.738456	16.3433	1.30056	805.12	1.04709	3.26	0
361	11:51:34.01	16.0360	15.60783	23.50	41.07	1.2	0.738432	16.3437	1.30056	805.14	1.04714	3.26	0
362	11:51:34.31	16.0340	15.60846	23.50	41.07	1.2	0.738462	16.3435	1.30056	805.12	1.04710	3.26	0
363	11:51:34.61	16.0330	15.60867	23.50	41.07	1.2	0.738474	16.3444	1.30060	805.12	1.04714	3.26	0
364	11:51:34.91	16.0310	15.60923	23.50	41.07	1.2	0.738498	16.3446	1.30056	805.12	1.04711	3.26	0
365	11:51:35.21	16.0330	15.60867	23.50	41.07	1.2	0.738474	16.3448	1.30060	805.14	1.04716	3.26	0
366	11:51:35.51	16.0325	15.60881	23.50	41.07	1.2	0.738480	16.3453	1.30064	805.14	1.04719	3.26	0
367	11:51:35.81	16.0305	15.60944	23.50	41.07	1.2	0.738510	16.3448	1.30056	805.12	1.04711	3.26	0
368	11:51:36.11	16.0325	15.60874	23.50	41.07	1.2	0.738480	16.3448	1.30060	805.14	1.04716	3.26	0
369	11:51:36.41	16.0305	15.60937	23.50	41.07	1.2	0.738510	16.3451	1.30056	805.14	1.04713	3.26	0
370	11:51:36.71	16.0320	15.60888	23.50	41.07	1.2	0.738486	16.3449	1.30060	805.14	1.04715	3.26	0
371	11:51:37.01	16.0320	15.60888	23.50	41.07	1.2	0.738486	16.3451	1.30060	805.14	1.04717	3.26	0
372	11:51:37.31	16.0330	15.60867	23.50	41.07	1.2	0.738474	16.3449	1.30060	805.14	1.04717	3.26	0
373	11:51:37.61	16.0335	15.60853	23.50	41.07	1.2	0.738468	16.3449	1.30060	805.14	1.04718	3.26	0
374	11:51:37.91	16.0320	15.60895	23.50	41.07	1.2	0.738486	16.3449	1.30060	805.12	1.04715	3.26	0
375	11:51:38.21	16.0305	15.60930	23.50	41.07	1.2	0.738504	16.3462	1.30060	805.16	1.04721	3.26	0
376	11:51:38.51	16.0290	15.60979	23.50	41.07	1.2	0.738528	16.3465	1.30064	805.14	1.04720	3.26	0
377	11:51:38.81	16.0265	15.61049	23.50	41.07	1.2	0.738564	16.3467	1.30060	805.14	1.04716	3.26	0
378	11:51:39.11	16.0255	15.61070	23.50	41.07	1.2	0.738570	16.3468	1.30060	805.14	1.04715	3.26	0
379	11:51:39.41	16.0260	15.61063	23.50	41.07	1.2	0.738570	16.3465	1.30056	805.14	1.04714	3.26	0
380	11:51:39.71	16.0235	15.61133	23.50	41.07	1.2	0.738600	16.3474	1.30060	805.12	1.04715	3.26	0
381	11:51:40.01	16.0215	15.61189	23.50	41.07	1.2	0.738630	16.3477	1.30060	805.12	1.04713	3.26	0
382	11:51:40.31	16.0235	15.61133	23.50	41.07	1.2	0.738600	16.3474	1.30060	805.14	1.04714	3.26	0
383	11:51:40.61	16.0220	15.61175	23.50	41.07	1.2	0.738618	16.3477	1.30060	805.12	1.04714	3.26	0
384	11:51:40.91	16.0230	15.61147	23.50	41.07	1.2	0.738606	16.3479	1.30060	805.14	1.04717	3.26	0
385	11:51:41.21	16.0250	15.61091	23.50	41.07	1.2	0.738582	16.3473	1.30060	805.14	1.04717	3.26	0
386	11:51:41.51	16.0275	15.61021	23.50	41.07	1.2	0.738546	16.3466	1.30060	805.14	1.04717	3.26	0
387	11:51:41.81	16.0245	15.61105	23.50	41.07	1.2	0.738588	16.3472	1.30060	805.14	1.04716	3.26	0
388	11:51:42.11	16.0255	15.61084	23.50	41.07	1.2	0.738576	16.3474	1.30064	805.14	1.04719	3.26	0
389	11:51:42.41	16.0250	15.61091	23.50	41.07	1.2	0.738582	16.3470	1.30060	805.14	1.04715	3.26	0
390	11:51:42.71	16.0265	15.61056	23.50	41.07	1.2	0.738564	16.3470	1.30060	805.14	1.04717	3.26	0
391	11:51:43.01	16.0235	15.61126	23.50	41.07	1.2	0.738600	16.3477	1.30060	805.14	1.04717	3.26	0
392	11:51:43.31	16.0240	15.61126	23.50	41.07	1.2	0.738600	16.3478	1.30060	805.14	1.04718	3.26	0
393	11:51:43.61	16.0195	15.61245	23.50	41.07	1.2	0.738654	16.3476	1.30056	805.12	1.04709	3.26	0
394	11:51:43.91	16.0195	15.61245	23.50	41.07	1.2	0.738654	16.3487	1.30060	805.14	1.04716	3.26	0
395	11:51:44.21	16.0195	15.61245	23.50	41.07	1.2	0.738654	16.3488	1.30060	805.14	1.04716	3.26	0
396	11:51:44.51	16.0175	15.61308	23.50	41.07	1.2	0.738684	16.3491	1.30056	805.14	1.04714	3.26	0
397	11:51:44.81	16.0190	15.61266	23.50	41.07	1.2	0.738666	16.3485	1.30056	805.14	1.04713	3.26	0
398	11:51:45.11	16.0210	15.61203	23.50	41.07	1.2	0.738636	16.3485	1.30060	805.14	1.04717	3.26	0
399	11:51:45.41	16.0215	15.61196	23.50	41.07	1.2	0.738630	16.3474	1.30056	805.12	1.04711	3.26	0
400	11:51:45.71	16.0220	15.61182	23.50	41.07	1.2	0.738624	16.3474	1.30056	805.12	1.04712	3.26	0
401	11:51:46.01	16.0250	15.61098	23.50	41.07	1.2	0.738582	16.3474	1.30060	805.14	1.04717	3.26	0
402	11:51:46.31	16.0255	15.61077	23.50	41.07	1.2	0.738570	16.3467	1.30060	805.12	1.04714	3.26	0
403	11:51:46.61	16.0240	15.61119	23.50	41.07	1.2	0.738594	16.3469	1.30056	805.12	1.04713	3.26	0
404	11:51:46.91	16.0245	15.61105	23.50	41.07	1.2	0.738588	16.3470	1.30060	805.14	1.04714	3.26	0
405	11:51:47.21	16.0240	15.61119	23.50	41.07	1.2	0.738594	16.3474	1.30060	805.14	1.04716	3.26	0
406	11:51:47.51	16.0235	15.61133	23.50	41.07	1.2	0.738600	16.3470	1.30060	805.12	1.04713	3.26	0
407	11:51:47.81	16.0200	15.61238	23.50	41.07	1.2	0.738648	16.3479	1.30056	805.12	1.04711	3.26	0
408	11:51:48.11	16.0200	15.61238	23.50	41.07	1.2	0.738654	16.3480	1.30056	805.12	1.04712	3.26	0
409	11:51:48.41	16.0205	15.61224	23.50	41.07	1.2	0.738642	16.3481	1.30060	805.12	1.04713	3.26	0
410	11:51:48.71	16.0230	15.61154	23.50	41.07	1.2	0.738612	16.3481	1.30060	805.14	1.04718	3.26	0
411	11:51:49.01	16.0210	15.61203	23.50	41.07	1.2	0.738630	16.3483	1.30060	805.14	1.04716	3.26	0
412	11:51:49.31	16.0200	15.61231	23.50	41.07	1.2	0.738648	16.3479	1.30056	805.12	1.04711	3.26	0
413	11:51:49.61	16.0195	15.61245	23.50	41.07	1.2	0.738654	16.3481	1.30056	805.12	1.04712	3.26	0
414	11:51:49.91	16.0185	15.61280	23.50	41.07	1.2	0.738672	16.3488	1.30060	805.14	1.04714	3.26	0
415	11:51:50.21	16.0220	15.61182	23.50	41.07	1.2	0.738624	16.3486	1.30060	805.16	1.04719	3.26	0
416	11:51:50.51	16.0165	15.61336	23.50	41.07	1.2	0.738696	16.3493	1.30056	805.14	1.04714	3.26	0
417	11:51:50.81	16.0150	15.61371	23.50	41.07	1.2	0.738714	16.3501	1.30060	805.14	1.04716	3.26	0
418	11:51:51.11	16.0160	15.61343	23.50	41.07	1.2	0.738702	16.3496	1.30056	805.14	1.04715	3.26	0
419	11:51:51.41	16.0155	15.61371	23.50	41.07	1.2	0.738714	16.3497	1.30060	805.12	1.04714	3.26	0
420	11:51:51.71	16.0165	15.61336	23.50	41.07	1.2	0.738696	16.3500	1.30060	805.14	1.04718	3.26	0
421	11:51:52.01	16.0155	15.61357	23.50	41.07	1.2	0.738708	16.3495	1.30056	805.12	1.04713	3.26	0
422	11:51:52.31	16.0170	15.61329	23.50	41.07	1.2	0.738690	16.3500	1.30060	805.14	1.04719	3.26	0
423	11:51:52.61	16.0150	15.61385	23.50	41.07	1.2	0.738720	16.3505	1.30060	805.16	1.04718	3.26	0
424	11:51:52.91	16.0135	15.61413	23.50	41.07	1.2	0.738732	16.3508	1.30060	805.14	1.04718	3.26	0
425	11:51:53.21	16.0145	15.61392	23.50	41.07	1.2	0.738720	16.3501	1.30060	805.14	1.04715	3.26	0
426	11:51:53.51	16.0145	15.61385	23.50	41.07	1.2	0.738720	16.3506	1.30060	805.14	1.04719	3.26	0
427	11:51:53.81	16.0145	15.61392	23.50	41.07	1.2	0.738726	16.3507	1.30060	805.14	1.04719	3.26	0
428	11:51:54.11	16.0120	15.61462	23.50	41.07	1.2	0.738756	16.3500	1.30056	805.12	1.04710	3.26	0
429	11:51:54.41	16.0140	15.61399	23.50	41.07	1.2	0.738726	16.3498	1.30056	805.12	1.04713	3.26	0
430	11:51:54.71	16.0135	15.61413	23.50	41.07	1.2	0.738732	16.3503	1.30060	805.14	1.04715	3.26	0
431	11:51:55.01	16.0095	15.61532	23.50	41.07	1.2	0.738786	16.3513	1.30060	805.12	1.04713	3.26	0
432	11:51:55.31	16.0085	15.61560	23.50	41.07	1.2	0.738804	16.3515	1.30060	805.12	1.04713	3.26	0
433	11:51:55.61	16.0085	15.61560	23.50	41.07	1.2	0.738804	16.3516	1.30056	805.12	1.04713	3.26	0
434	11:51:55.91	16.0110	15.61490	23.50	41.07	1.2	0.738768	16.3514	1.30060	805.14	1.04716	3.26	0
435	11:51:56.21	16.0090	15.61546	23.50	41.07	1.2	0.738792	16.3517	1.30056	805.14	1.04715	3.26	0
436	11:51:56.51	16.0120	15.61455	23.50	41.07	1.2	0.738756	16.3510	1.30060	805.14	1.04716	3.26	0
437	11:51:56.81	16.0095	15.61525	23.50	41.07	1.2	0.738786	16.3507	1.30056	805.12	1.04710	3.26	0
438	11:51:57.11	16.0095	15.61525	23.50	41.07	1.2	0.738786	16.3514	1.30056	805.14	1.04714	3.26	0
439	11:51:57.41	16.0095	15.61525	23.50	41.07	1.2	0.738786	16.3514	1.30060	805.12	1.04714	3.26	0
440	11:51:57.71	16.0090	15.61553	23.50	41.07	1.2	0.738798	16.3522	1.30060	805.14	1.04718	3.26	0
441	11:51:58.01	16.0095	15.61539	23.50	41.07	1.2	0.738792	16.3518	1.30060	805.14	1.04716	3.26	0
442	11:51:58.31	16.0070	15.61602	23.50	41.07	1.2	0.738822	16.3524	1.30060	805.14	1.04716	3.26	0
443	11:51:58.61	16.0070	15.61602	23.50	41.07	1.2	0.738822	16.3526	1.30060	805.14	1.04717	3.26	0
444	11:51:58.91	16.0080	15.61567	23.50	41.07	1.2	0.738804	16.3520	1.30060	805.14	1.04715	3.26	0
445	11:51:59.21	16.0065	15.61609	23.50	41.07	1.2	0.738828	16.3525	1.30060	805.14	1.04716	3.26	0
446	11:51:59.51	16.0110	15.61483	23.50	41.07	1.2	0.738768	16.3519	1.30060	805.16	1.04720	3.26	0
447	11:51:59.81	16.0080	15.61581	23.50	41.07	1.2	0.738810	16.3523	1.30060	805.14	1.04716	3.26	0
448	11:52:00.11	16.0090	15.61546	23.50	41.07	1.2	0.738792	16.3519	1.30060	805.14	1.04716	3.26	0
449	11:52:00.41	16.0100	15.61525	23.50	41.07	1.2	0.738786	16.3515	1.30060	805.14	1.04715	3.26	0
450	11:52:00.71	16.0120	15.61455	23.50	41.07	1.2	0.738756	16.3509	1.30060	805.14	1.04716	3.26	0
451	11:52:01.01	16.0090	15.61539	23.50	41.07	1.2	0.738792	16.3516	1.30060	805.14	1.04715	3.26	0
452	11:52:01.31	16.0095	15.61532	23.50	41.07	1.2	0.738786	16.3513	1.30060	805.12	1.04713	3.26	0
453	11:52:01.61	16.0125	15.61448	23.50	41.07	1.2	0.738750	16.3509	1.30060	805.14	1.04716	3.26	0
454	11:52:01.91	16.0100	15.61518	23.50	41.07	1.2	0.738786	16.3507	1.30056	805.12	1.04710	3.26	0
455	11:52:02.21	16.0100	15.61518	23.50	41.07	1.2	0.738780	16.3514	1.30060	805.14	1.04715	3.26	0
456	11:52:02.51	16.0080	15.61567	23.50	41.07	1.2	0.738804	16.3517	1.30060	805.12	1.04714	3.26	0
457	11:52:02.81	16.0075	15.61595	23.50	41.07	1.2	0.738816	16.3520	1.30060	805.12	1.04714	3.26	0
458	11:52:03.11	16.0085	15.61567	23.50	41.07	1.2	0.738804	16.3519	1.30060	805.14	1.04715	3.26	0
459	11:52:03.41	16.0075	15.61581	23.50	41.07	1.2	0.738816	16.3516	1.30056	805.12	1.04711	3.26	0
460	11:52:03.71	16.0090	15.61546	23.50	41.07	1.2	0.738792	16.3517	1.30060	805.14	1.04715	3.26	0
461	11:52:04.01	16.0115	15.61476	23.50	41.07	1.2	0.738762	16.3518	1.30060	805.16	1.04720	3.26	0
462	11:52:04.31	16.0100	15.61518	23.50	41.07	1.2	0.738780	16.3509	1.30056	805.12	1.04711	3.26	0
463	11:52:04.61	16.0075	15.61588	23.50	41.07	1.2	0.738816	16.3517	1.30056	805.12	1.04713	3.26	0
464	11:52:04.91	16.0085	15.61560	23.50	41.07	1.2	0.738804	16.3517	1.30056	805.14	1.04714	3.26	0
465	11:52:05.21	16.0105	15.61511	23.50	41.07	1.2	0.738780	16.3513	1.30060	805.14	1.04715	3.26	0
466	11:52:05.51	16.0090	15.61539	23.50	41.07	1.2	0.738792	16.3518	1.30060	805.14	1.04716	3.26	0
467	11:52:05.81	16.0080	15.61581	23.50	41.07	1.2	0.738810	16.3519	1.30060	805.14	1.04714	3.26	0
468	11:52:06.11	16.0080	15.61574	23.50	41.07	1.2	0.738810	16.3519	1.30056	805.14	1.04714	3.26	0
469	11:52:06.41	16.0060	15.61630	23.50	41.07	1.2	0.738834	16.3527	1.30060	805.14	1.04716	3.26	0
470	11:52:06.71	16.0065	15.61623	23.50	41.07	1.2	0.738834	16.3528	1.30060	805.14	1.04717	3.26	0
471	11:52:07.01	16.0030	15.61721	23.50	41.07	1.2	0.738876	16.3528	1.30056	805.12	1.04710	3.26	0
472	11:52:07.31	16.0045	15.61672	23.50	41.07	1.2	0.738858	16.3531	1.30060	805.14	1.04716	3.26	0
473	11:52:07.61	16.0055	15.61644	23.50	41.07	1.2	0.738840	16.3528	1.30060	805.14	1.04716	3.26	0
474	11:52:07.91	16.0065	15.61623	23.50	41.07	1.2	0.738834	16.3532	1.30060	805.16	1.04719	3.26	0
475	11:52:08.21	16.0045	15.61679	23.50	41.07	1.2	0.738858	16.3531	1.30060	805.14	1.04715	3.26	0
476	11:52:08.51	16.0050	15.61658	23.50	41.07	1.2	0.738852	16.3526	1.30056	805.12	1.04713	3.26	0
477	11:52:08.81	16.0050	15.61658	23.50	41.07	1.2	0.738852	16.3526	1.30056	805.14	1.04713	3.26	0
478	11:52:09.11	16.0040	15.61686	23.50	41.07	1.2	0.738864	16.3530	1.30060	805.12	1.04713	3.26	0
479	11:52:09.41	16.0015	15.61756	23.50	41.07	1.2	0.738894	16.3536	1.30056	805.14	1.04713	3.26	0
480	11:52:09.71	16.0030	15.61714	23.50	41.07	1.2	0.738876	16.3536	1.30060	805.14	1.04716	3.26	0
481	11:52:10.01	16.0005	15.61784	23.50	41.07	1.2	0.738906	16.3537	1.30056	805.12	1.04712	3.26	0
482	11:52:10.31	16.0055	15.61637	23.50	41.07	1.2	0.738840	16.3533	1.30060	805.16	1.04719	3.26	0
483	11:52:10.61	16.0040	15.61679	23.50	41.07	1.2	0.738858	16.3530	1.30060	805.12	1.04714	3.26	0
484	11:52:10.91	16.0030	15.61721	23.50	41.07	1.2	0.738876	16.3534	1.30060	805.12	1.04714	3.26	0
485	11:52:11.21	16.0040	15.61693	23.50	41.07	1.2	0.738864	16.3530	1.30060	805.12	1.04714	3.26	0
486	11:52:11.51	16.0035	15.61707	23.50	41.07	1.2	0.738870	16.3538	1.30060	805.14	1.04718	3.26	0
487	11:52:11.81	16.0015	15.61756	23.50	41.07	1.2	0.738894	16.3537	1.30056	805.12	1.04713	3.26	0
488	11:52:12.11	16.0040	15.61686	23.50	41.07	1.2	0.738858	16.3538	1.30060	805.16	1.04719	3.26	0
489	11:52:12.41	16.0015	15.61756	23.50	41.07	1.2	0.738894	16.3543	1.30060	805.14	1.04717	3.26	0
490	11:52:12.71	16.0025	15.61728	23.50	41.07	1.2	0.738882	16.3538	1.30060	805.14	1.04717	3.26	0
491	11:52:13.01	15.9995	15.61819	23.50	41.07	1.2	0.738924	16.3543	1.30056	805.14	1.04713	3.26	0
492	11:52:13.31	16.0035	15.61693	23.50	41.07	1.2	0.738864	16.3542	1.30064	805.16	1.04720	3.26	0
493	11:52:13.61	16.0010	15.61777	23.50	41.07	1.2	0.738906	16.3542	1.30056	805.14	1.04716	3.26	0
494	11:52:13.91	16.0035	15.61707	23.50	41.07	1.2	0.738870	16.3535	1.30060	805.14	1.04716	3.26	0
495	11:52:14.21	16.0010	15.61770	23.50	41.07	1.2	0.738900	16.3540	1.30060	805.14	1.04714	3.26	0
496	11:52:14.51	16.0020	15.61742	23.50	41.07	1.2	0.738888	16.3542	1.30060	805.14	1.04717	3.26	0
497	11:52:14.81	16.0030	15.61714	23.50	41.07	1.2	0.738876	16.3540	1.30060	805.14	1.04719	3.26	0
498	11:52:15.11	16.0005	15.61791	23.50	41.07	1.2	0.738912	16.3541	1.30060	805.12	1.04714	3.26	0
499	11:52:15.41	15.9995	15.61819	23.50	41.07	1.2	0.738924	16.3547	1.30060	805.14	1.04716	3.26	0
500	11:52:15.71	15.9950	15.61945	23.50	41.07	1.2	0.738984	16.3551	1.30056	805.12	1.04710	3.26	0
501	11:52:16.01	15.9970	15.61889	23.50	41.07	1.2	0.738960	16.3556	1.30060	805.14	1.04716	3.26	0
502	11:52:16.31	15.9965	15.61903	23.50	41.07	1.2	0.738966	16.3555	1.30060	805.14	1.04716	3.26	0
503	11:52:16.61	15.9925	15.62008	23.50	41.07	1.2	0.739014	16.3559	1.30056	805.12	1.04711	3.26	0
504	11:52:16.91	15.9960	15.61917	23.50	41.07	1.2	0.738972	16.3561	1.30060	805.16	1.04718	3.26	0
505	11:52:17.21	15.9970	15.61882	23.50	41.07	1.2	0.738954	16.3550	1.30056	805.14	1.04713	3.26	0
506	11:52:17.51	15.9970	15.61889	23.50	41.07	1.2	0.738960	16.3553	1.30060	805.12	1.04715	3.26	0
507	11:52:17.81	15.9965	15.61903	23.50	41.07	1.2	0.738966	16.3558	1.30060	805.16	1.04717	3.26	0
508	11:52:18.11	15.9940	15.61966	23.50	41.07	1.2	0.738996	16.3559	1.30056	805.14	1.04713	3.26	0
509	11:52:18.41	15.9955	15.61931	23.50	41.07	1.2	0.738978	16.3563	1.30060	805.16	1.04719	3.26	0
510	11:52:18.71	15.9935	15.61980	23.50	41.07	1.2	0.739002	16.3568	1.30060	805.16	1.04719	3.26	0
511	11:52:19.01	15.9935	15.61987	23.50	41.07	1.2	0.739002	16.3570	1.30060	805.16	1.04720	3.26	0
512	11:52:19.31	15.9940	15.61973	23.50	41.07	1.2	0.738996	16.3575	1.30064	805.18	1.04723	3.26	0
513	11:52:19.61	15.9935	15.61980	23.50	41.07	1.2	0.739002	16.3563	1.30060	805.14	1.04715	3.26	0
514	11:52:19.91	15.9940	15.61973	23.50	41.07	1.2	0.738996	16.3564	1.30060	805.14	1.04717	3.26	0
515	11:52:20.21	15.9940	15.61966	23.50	41.07	1.2	0.738996	16.3569	1.30064	805.14	1.04720	3.26	0
516	11:52:20.50	15.9925	15.62008	23.50	41.07	1.2	0.739014	16.3569	1.30060	805.14	1.04717	3.26	0
517	11:52:20.81	15.9910	15.62050	23.50	41.07	1.2	0.739038	16.3572	1.30060	805.14	1.04716	3.26	0
518	11:52:21.11	15.9920	15.62029	23.50	41.07	1.2	0.739026	16.3566	1.30056	805.14	1.04714	3.26	0
519	11:52:21.41	15.9945	15.61952	23.50	41.07	1.2	0.738990	16.3570	1.30064	805.16	1.04722	3.26	0
520	11:52:21.70	15.9935	15.61980	23.50	41.07	1.2	0.739002	16.3570	1.30060	805.16	1.04720	3.26	0
521	11:52:22.01	15.9920	15.62022	23.50	41.07	1.2	0.739020	16.3570	1.30060	805.14	1.04717	3.26	0
522	11:52:22.31	15.9905	15.62078	23.50	41.07	1.2	0.739044	16.3572	1.30056	805.14	1.04714	3.26	0
523	11:52:22.61	15.9905	15.62071	23.50	41.07	1.2	0.739044	16.3572	1.30060	805.14	1.04715	3.26	0
524	11:52:22.91	15.9935	15.61987	23.50	41.07	1.2	0.739002	16.3572	1.30064	805.16	1.04721	3.26	0
525	11:52:23.20	15.9910	15.62057	23.50	41.07	1.2	0.739038	16.3582	1.30060	805.18	1.04722	3.26	0
526	11:52:23.51	15.9915	15.62043	23.50	41.07	1.2	0.739032	16.3583	1.30064	805.18	1.04723	3.26	0
527	11:52:23.81	15.9920	15.62029	23.50	41.07	1.2	0.739026	16.3580	1.30064	805.18	1.04723	3.26	0
528	11:52:24.11	15.9905	15.62071	23.50	41.07	1.2	0.739044	16.3581	1.30060	805.16	1.04721	3.26	0
529	11:52:24.41	15.9905	15.62064	23.50	41.07	1.2	0.739044	16.3578	1.30060	805.16	1.04719	3.26	0
530	11:52:24.71	15.9925	15.62015	23.50	41.07	1.2	0.739020	16.3575	1.30060	805.16	1.04720	3.26	0
531	11:52:25.01	15.9855	15.62211	23.50	41.07	1.2	0.739110	16.3599	1.30060	805.18	1.04722	3.26	0
532	11:52:25.31	15.9640	15.62813	23.50	41.07	1.2	0.739392	16.3660	1.30064	805.16	1.04722	3.26	0
533	11:52:25.61	15.9630	15.62841	23.50	41.07	1.2	0.739410	16.3662	1.30060	805.16	1.04720	3.26	0
534	11:52:25.91	15.9620	15.62876	23.50	41.07	1.2	0.739422	16.3654	1.30056	805.14	1.04714	3.26	0
535	11:52:26.20	15.9675	15.62715	23.50	41.07	1.2	0.739350	16.3650	1.30064	805.16	1.04722	3.26	0
536	11:52:26.51	15.9670	15.62736	23.50	41.07	1.2	0.739362	16.3651	1.30060	805.16	1.04720	3.26	0
537	11:52:26.81	15.9590	15.62960	23.50	41.07	1.2	0.739464	16.3669	1.30060	805.16	1.04717	3.26	0
538	11:52:27.11	15.9535	15.63107	23.50	41.07	1.2	0.739536	16.3687	1.30060	805.16	1.04719	3.26	0
539	11:52:27.41	15.9505	15.63198	23.50	41.07	1.2	0.739578	16.3693	1.30060	805.16	1.04717	3.26	0
540	11:52:27.71	15.9545	15.63093	23.50	41.07	1.2	0.739524	16.3686	1.30060	805.16	1.04719	3.26	0
541	11:52:28.01	15.9545	15.63079	23.50	41.10	1.2	0.739524	16.3682	1.30060	805.16	1.04718	3.26	0
542	11:52:28.31	15.9130	15.64255	23.50	41.10	1.2	0.740082	16.3811	1.30060	805.18	1.04722	3.26	0
543	11:52:28.61	15.6575	15.71479	23.50	41.10	1.2	0.743496	16.4571	1.30060	805.20	1.04723	3.26	0
544	11:52:28.91	15.0810	15.87796	23.50	41.10	1.2	0.751218	16.6306	1.30060	805.32	1.04740	3.26	0
545	11:52:29.20	14.0455	16.17126	23.50	41.10	1.2	0.765090	16.9411	1.30060	805.48	1.04761	3.26	0
546	11:52:29.51	12.7170	16.56711	23.50	41.10	1.2	0.783822	17.3608	1.30060	805.70	1.04791	3.26	0
547	11:52:29.81	11.2680	17.02288	23.50	41.10	1.2	0.805386	17.8438	1.30060	805.96	1.04822	3.26	0
548	11:52:30.11	9.7805	17.50784	23.50	41.10	1.2	0.828330	18.3583	1.30060	806.24	1.04857	3.26	0
549	11:52:30.41	8.2705	17.99854	23.50	41.13	1.2	0.851550	18.8789	1.30056	806.50	1.04891	3.26	0
550	11:52:30.71	6.9775	18.43611	23.50	41.13	1.2	0.872250	19.3439	1.30060	806.74	1.04924	3.26	0
551	11:52:31.01	5.8020	18.85002	23.50	41.23	1.2	0.891840	19.7834	1.30060	806.96	1.04952	3.26	0
552	11:52:31.31	4.8485	19.19694	23.50	41.23	1.2	0.908250	20.1523	1.30060	807.14	1.04977	3.26	0
553	11:52:31.60	4.0055	19.51271	23.50	41.37	1.2	0.923202	20.4871	1.30056	807.28	1.04993	3.26	0
554	11:52:31.91	3.2990	19.78417	23.50	41.37	1.2	0.936042	20.7755	1.30056	807.42	1.05011	3.26	0
555	11:52:32.21	2.7070	20.01601	23.50	41.57	1.2	0.947022	21.0226	1.30056	807.56	1.05029	3.26	0
556	11:52:32.51	2.2285	20.20697	23.50	41.57	1.2	0.956058	21.2251	1.30056	807.64	1.05038	3.26	0
557	11:52:32.81	1.8520	20.35894	23.50	41.73	1.2	0.963258	21.3874	1.30060	807.72	1.05052	3.26	0
558	11:52:33.11	1.5220	20.49397	23.50	41.73	1.2	0.969648	21.5309	1.30056	807.80	1.05059	3.26	0
559	11:52:33.41	1.2420	20.60947	23.50	41.90	1.2	0.975126	21.6533	1.30056	807.84	1.05065	3.26	0
560	11:52:33.70	1.0285	20.70103	23.50	41.90	1.2	0.979458	21.7516	1.30060	807.90	1.05075	3.26	0
561	11:52:34.00	0.8555	20.77817	23.50	42.10	1.2	0.983118	21.8326	1.30056	807.92	1.05075	3.26	0
562	11:52:34.31	0.7135	20.84096	23.50	42.10	1.2	0.986094	21.9005	1.30056	807.98	1.05083	3.26	0
563	11:52:34.61	0.5910	20.89283	23.50	42.26	1.2	0.988554	21.9553	1.30056	808.00	1.05086	3.26	0
564	11:52:34.91	0.4980	20.93231	23.50	42.26	1.2	0.990420	21.9984	1.30060	808.04	1.05093	3.26	0
565	11:52:35.21	0.4125	20.96731	23.50	42.46	1.2	0.992094	22.0340	1.30056	808.02	1.05087	3.26	0
566	11:52:35.51	0.3485	20.99370	23.50	42.46	1.2	0.993342	22.0623	1.30056	808.04	1.05090	3.26	0
567	11:52:35.81	0.2975	21.01463	23.50	42.60	1.2	0.994344	22.0846	1.30056	808.04	1.05092	3.26	0
568	11:52:36.10	0.2555	21.03192	23.50	42.60	1.2	0.995160	22.1032	1.30056	808.06	1.05094	3.26	0
569	11:52:36.40	0.2210	21.04571	23.50	42.73	1.2	0.995820	22.1180	1.30056	808.08	1.05095	3.26	0
570	11:52:36.71	0.1915	21.05754	23.50	42.73	1.2	0.996378	22.1299	1.30056	808.06	1.05093	3.26	0
571	11:52:37.01	0.1700	21.06601	23.50	42.83	1.2	0.996786	22.1397	1.30056	808.08	1.05097	3.26	0
572	11:52:37.30	0.1510	21.07350	23.50	42.83	1.2	0.997140	22.1473	1.30056	808.08	1.05095	3.26	0
573	11:52:37.60	0.1335	21.08029	23.50	43.00	1.2	0.997470	22.1543	1.30052	808.08	1.05095	3.26	0
574	11:52:37.90	0.1215	21.08512	23.50	43.00	1.2	0.997698	22.1598	1.30056	808.10	1.05097	3.26	0
575	11:52:38.21	0.1140	21.08799	23.50	43.10	1.2	0.997842	22.1636	1.30060	808.10	1.05101	3.26	0
576	11:52:38.51	0.1030	21.09233	23.50	43.10	1.2	0.998052	22.1677	1.30056	808.10	1.05098	3.26	0
577	11:52:38.81	0.0950	21.09534	23.50	43.19	1.2	0.998202	22.1699	1.30056	808.08	1.05094	3.26	0
578	11:52:39.11	0.0895	21.09765	23.50	43.19	1.2	0.998310	22.1732	1.30056	808.10	1.05098	3.26	0
579	11:52:39.41	0.0865	21.09863	23.50	43.32	1.3	0.998364	22.1746	1.30056	808.10	1.05100	3.26	0
580	11:52:39.70	0.0815	21.10073	23.50	43.32	1.3	0.998460	22.1761	1.30056	808.10	1.05096	3.26	0
581	11:52:40.50	0.0760	21.10269	23.50	43.46	1.3	0.998562	22.1777	1.30052	808.10	1.05095	3.26	0
582	11:52:40.58	0.0760	21.10262	23.50	43.56	1.3	0.998562	22.1785	1.30056	808.12	1.05098	3.26	0
583	11:52:40.64	0.0760	21.10262	23.50	43.56	1.3	0.998568	22.1784	1.30056	808.10	1.05098	3.26	0
584	11:52:40.90	0.0725	21.10381	23.50	43.56	1.3	0.998622	22.1798	1.30056	808.10	1.05098	3.26	0
585	11:52:41.20	0.0725	21.10388	23.50	43.59	1.3	0.998628	22.1801	1.30056	808.10	1.05100	3.26	0
586	11:52:41.51	0.0705	21.10472	23.50	43.59	1.3	0.998670	22.1801	1.30056	808.10	1.05096	3.26	0
587	11:52:41.80	0.0685	21.10528	23.50	43.72	1.3	0.998700	22.1812	1.30056	808.10	1.05098	3.26	0
Device address	Device ID	Factory Device ID	Firmware	Measurement mode	Gain	Speed	Y_AH_Cal (-)	TF_Cal (V/W)	Temp_Cal (°C)																																				
FF46	D2	12J692	 C3.8	H2   	1.005	Norm 	 0.999466	21.182169	23.924849																																				
Iteration	Time	Output (%)	Transfer (V/W)	Tsens (°C)	RH (%)	AH (kPa)	Corr transfer (-)	Utp (mV)	Ih (mA)	Uh (mV)	Ph (mW)	Usyst (V)	Alarm																																
0	12:50:03.30	0.0640	21.10066	24.11	44.42	1.3	0.998790	22.2008	1.30088	808.80	1.05214	3.26	0
1	12:50:03.43	0.0660	21.09982	24.11	44.42	1.3	0.998754	22.2003	1.30092	808.78	1.05215	3.26	0
2	12:50:03.73	0.0655	21.09996	24.11	44.42	1.3	0.998760	22.1997	1.30088	808.78	1.05212	3.26	0
3	12:50:04.03	0.0645	21.10031	24.11	44.42	1.3	0.998778	22.2009	1.30092	808.80	1.05216	3.26	0
4	12:50:04.56	0.0650	21.10031	24.11	44.42	1.3	0.998772	22.2004	1.30088	808.80	1.05214	3.26	0
5	12:50:04.69	0.0640	21.10066	24.11	44.42	1.3	0.998790	22.2008	1.30088	808.78	1.05214	3.26	0
6	12:50:04.93	0.0630	21.10101	24.11	44.42	1.3	0.998808	22.2015	1.30088	808.80	1.05215	3.26	0
7	12:50:05.23	0.0610	21.10171	24.11	44.42	1.3	0.998844	22.2014	1.30088	808.78	1.05211	3.26	0
8	12:50:05.53	0.0605	21.10206	24.11	44.42	1.3	0.998856	22.2016	1.30088	808.76	1.05211	3.26	0
9	12:50:05.83	0.0625	21.10115	24.11	44.42	1.3	0.998814	22.2020	1.30092	808.80	1.05217	3.26	0
10	12:50:06.13	0.0585	21.10269	24.11	44.42	1.3	0.998886	22.2019	1.30088	808.76	1.05209	3.26	0
11	12:50:06.43	0.0605	21.10199	24.11	44.42	1.3	0.998856	22.2022	1.30088	808.78	1.05214	3.26	0
12	12:50:06.73	0.0600	21.10227	24.11	44.39	1.3	0.998862	22.2024	1.30088	808.78	1.05214	3.26	0
13	12:50:07.03	0.0600	21.10234	24.11	44.39	1.3	0.998868	22.2023	1.30088	808.78	1.05213	3.26	0
14	12:50:07.33	0.0580	21.10304	24.11	44.39	1.3	0.998898	22.2023	1.30084	808.78	1.05209	3.26	0
15	12:50:07.63	0.0585	21.10290	24.11	44.39	1.3	0.998898	22.2021	1.30084	808.78	1.05209	3.26	0
16	12:50:07.93	0.0580	21.10304	24.11	44.39	1.3	0.998898	22.2031	1.30088	808.78	1.05213	3.26	0
17	12:50:08.23	0.0570	21.10353	24.11	44.39	1.3	0.998922	22.2036	1.30088	808.78	1.05212	3.26	0
18	12:50:08.53	0.0575	21.10325	24.11	44.39	1.3	0.998910	22.2039	1.30092	808.78	1.05215	3.26	0
19	12:50:08.83	0.0580	21.10297	24.11	44.39	1.3	0.998898	22.2034	1.30088	808.78	1.05214	3.26	0
20	12:50:09.13	0.1100	21.08218	24.11	44.39	1.3	0.997914	22.1803	1.30088	808.76	1.05209	3.26	0
21	12:50:09.43	0.4155	20.95786	24.11	44.39	1.3	0.992034	22.0475	1.30084	808.70	1.05199	3.26	0
22	12:50:09.73	1.2855	20.58259	24.11	44.39	1.3	0.974268	21.6467	1.30088	808.46	1.05170	3.26	0
23	12:50:10.03	2.9735	19.90219	24.11	44.39	1.3	0.942060	20.9221	1.30088	808.10	1.05125	3.26	0
24	12:50:10.33	5.0320	19.12029	24.11	44.39	1.3	0.905046	20.0903	1.30088	807.70	1.05073	3.26	0
25	12:50:10.63	7.4145	18.27784	24.10	44.39	1.3	0.865170	19.1939	1.30088	807.24	1.05012	3.26	0
26	12:50:10.93	10.1815	17.37106	24.10	44.29	1.3	0.822240	18.2304	1.30088	806.74	1.04947	3.26	0
27	12:50:11.23	13.0145	16.47086	24.10	44.29	1.3	0.779634	17.2753	1.30088	806.24	1.04884	3.26	0
28	12:50:11.53	15.9465	15.62589	24.10	44.19	1.3	0.739632	16.3792	1.30088	805.76	1.04821	3.26	0
29	12:50:11.83	18.8365	14.85638	24.10	44.19	1.3	0.703206	15.5646	1.30092	805.34	1.04767	3.26	0
30	12:50:12.13	21.5380	14.17899	24.10	43.96	1.3	0.671130	14.8475	1.30088	804.94	1.04715	3.26	0
31	12:50:12.43	24.0125	13.59183	24.10	43.96	1.3	0.643344	14.2269	1.30092	804.60	1.04672	3.26	0
32	12:50:12.73	26.3555	13.06802	24.10	43.63	1.3	0.618534	13.6730	1.30092	804.28	1.04630	3.26	0
33	12:50:13.03	28.5210	12.60483	24.10	43.63	1.3	0.596610	13.1846	1.30096	804.02	1.04599	3.26	0
34	12:50:13.33	30.4905	12.20121	24.10	43.23	1.3	0.577488	12.7581	1.30092	803.76	1.04564	3.26	0
35	12:50:13.63	32.2980	11.84323	24.10	43.23	1.3	0.560550	12.3805	1.30092	803.56	1.04536	3.26	0
36	12:50:13.93	33.9505	11.52921	24.10	42.80	1.3	0.545664	12.0497	1.30096	803.36	1.04515	3.26	0
37	12:50:14.23	35.4030	11.26090	24.10	42.80	1.3	0.532968	11.7666	1.30096	803.18	1.04491	3.26	0
38	12:50:14.53	36.6285	11.03963	24.10	42.36	1.3	0.522480	11.5331	1.30096	803.04	1.04471	3.26	0
39	12:50:14.83	37.6770	10.85525	24.10	42.36	1.3	0.513756	11.3385	1.30092	802.90	1.04452	3.26	0
40	12:50:15.13	38.5565	10.70286	24.10	41.94	1.3	0.506526	11.1782	1.30092	802.82	1.04441	3.26	0
41	12:50:15.43	39.2555	10.58386	24.10	41.94	1.3	0.500898	11.0529	1.30092	802.76	1.04432	3.26	0
42	12:50:15.73	39.8195	10.48810	24.10	41.60	1.2	0.496350	10.9518	1.30092	802.66	1.04422	3.26	0
43	12:50:16.03	40.2685	10.41201	24.10	41.60	1.2	0.492750	10.8723	1.30096	802.64	1.04420	3.26	0
44	12:50:16.33	40.6390	10.35153	24.10	41.23	1.2	0.489876	10.8085	1.30096	802.60	1.04414	3.26	0
45	12:50:16.63	40.9235	10.30491	24.10	41.23	1.2	0.487668	10.7593	1.30096	802.56	1.04410	3.26	0
46	12:50:16.93	41.1485	10.26830	24.10	40.91	1.2	0.485928	10.7213	1.30096	802.56	1.04412	3.26	0
47	12:50:17.23	41.3155	10.24093	24.10	40.91	1.2	0.484632	10.6919	1.30092	802.52	1.04404	3.26	0
48	12:50:17.53	41.4065	10.22616	24.10	40.67	1.2	0.483924	10.6767	1.30100	802.50	1.04405	3.26	0
49	12:50:17.83	41.4120	10.22525	24.10	40.67	1.2	0.483882	10.6755	1.30096	802.52	1.04403	3.26	0
50	12:50:18.13	41.3145	10.24142	24.10	40.40	1.2	0.484638	10.6927	1.30096	802.54	1.04407	3.26	0
51	12:50:18.43	41.0980	10.27684	24.10	40.40	1.2	0.486318	10.7298	1.30096	802.54	1.04407	3.26	0
52	12:50:18.73	40.7400	10.33571	24.10	40.20	1.2	0.489096	10.7914	1.30092	802.56	1.04408	3.26	0
53	12:50:19.03	40.2525	10.41565	24.10	40.20	1.2	0.492876	10.8759	1.30096	802.64	1.04419	3.26	0
54	12:50:19.33	39.6450	10.51897	24.10	39.97	1.2	0.497760	10.9849	1.30096	802.72	1.04429	3.26	0
55	12:50:19.63	38.9765	10.63279	24.10	39.97	1.2	0.503148	11.1046	1.30092	802.78	1.04437	3.26	0
56	12:50:19.93	38.3045	10.74731	24.10	39.81	1.2	0.508560	11.2251	1.30092	802.86	1.04446	3.26	0
57	12:50:20.23	37.6645	10.85931	24.10	39.81	1.2	0.513858	11.3434	1.30092	802.94	1.04457	3.26	0
58	12:50:20.53	37.0395	10.96935	24.10	39.64	1.2	0.519060	11.4598	1.30096	803.02	1.04471	3.26	0
59	12:50:20.83	36.4040	11.08107	24.10	39.64	1.2	0.524346	11.5777	1.30096	803.10	1.04482	3.26	0
60	12:50:21.13	35.8125	11.18824	24.10	39.51	1.2	0.529410	11.6903	1.30096	803.16	1.04488	3.26	0
61	12:50:21.43	35.2650	11.28876	24.10	39.51	1.2	0.534168	11.7962	1.30096	803.22	1.04495	3.26	0
62	12:50:21.73	34.7425	11.38487	24.10	39.41	1.2	0.538710	11.8980	1.30096	803.30	1.04507	3.26	0
63	12:50:22.03	34.2340	11.47832	24.10	39.41	1.2	0.543132	11.9962	1.30096	803.34	1.04513	3.26	0
64	12:50:22.33	33.7385	11.57226	24.10	39.27	1.2	0.547578	12.0953	1.30096	803.40	1.04519	3.26	0
65	12:50:22.63	33.2225	11.67054	24.10	39.27	1.2	0.552222	12.1986	1.30092	803.46	1.04525	3.26	0
66	12:50:22.93	32.6465	11.78030	24.10	39.14	1.2	0.557412	12.3144	1.30092	803.52	1.04534	3.26	0
67	12:50:23.23	32.0405	11.89671	24.10	39.14	1.2	0.562920	12.4372	1.30092	803.60	1.04543	3.26	0
68	12:50:23.53	31.4555	12.01291	24.10	39.04	1.2	0.568416	12.5602	1.30096	803.70	1.04556	3.26	0
69	12:50:23.83	30.8600	12.13121	24.10	39.04	1.2	0.574014	12.6849	1.30096	803.76	1.04564	3.26	0
70	12:50:24.13	30.2900	12.24440	24.10	39.04	1.2	0.579372	12.8042	1.30092	803.82	1.04572	3.26	0
71	12:50:24.43	29.7810	12.34856	24.10	39.04	1.2	0.584298	12.9143	1.30096	803.88	1.04582	3.26	0
72	12:50:24.73	29.2945	12.44908	24.10	38.94	1.2	0.589050	13.0203	1.30096	803.94	1.04588	3.26	0
73	12:50:25.03	28.9160	12.52720	24.10	38.94	1.2	0.592746	13.1029	1.30092	804.00	1.04596	3.26	0
74	12:50:25.33	28.6365	12.58502	24.10	38.91	1.2	0.595482	13.1636	1.30092	804.02	1.04597	3.26	0
75	12:50:25.63	28.4535	12.62282	24.10	38.91	1.2	0.597270	13.2037	1.30096	804.04	1.04602	3.26	0
76	12:50:25.93	28.3175	12.65089	24.10	38.85	1.2	0.598596	13.2334	1.30092	804.06	1.04604	3.26	0
77	12:50:26.23	28.1615	12.68309	24.10	38.85	1.2	0.600120	13.2677	1.30096	804.10	1.04610	3.26	0
78	12:50:26.53	27.9485	12.72894	24.10	38.81	1.2	0.602286	13.3163	1.30096	804.14	1.04615	3.26	0
79	12:50:26.83	27.6385	12.79572	24.10	38.81	1.2	0.605448	13.3862	1.30092	804.16	1.04615	3.26	0
80	12:50:27.13	27.2590	12.87762	24.10	38.71	1.2	0.609318	13.4728	1.30092	804.22	1.04622	3.26	0
81	12:50:27.43	26.9025	12.95455	24.10	38.71	1.2	0.612954	13.5544	1.30092	804.28	1.04630	3.26	0
82	12:50:27.73	26.5745	13.02518	24.10	38.68	1.2	0.616296	13.6286	1.30092	804.30	1.04633	3.26	0
83	12:50:28.03	26.3090	13.08244	24.10	38.68	1.2	0.619008	13.6888	1.30092	804.32	1.04636	3.26	0
84	12:50:28.33	26.0695	13.13459	24.10	38.65	1.2	0.621474	13.7446	1.30096	804.38	1.04644	3.26	0
85	12:50:28.63	25.8575	13.18212	24.10	38.65	1.2	0.623724	13.7948	1.30092	804.40	1.04648	3.26	0
86	12:50:28.93	25.6750	13.22314	24.10	38.61	1.2	0.625662	13.8387	1.30096	804.44	1.04656	3.26	0
87	12:50:29.23	25.5045	13.26129	24.10	38.61	1.2	0.627468	13.8786	1.30096	804.46	1.04655	3.26	0
88	12:50:29.53	25.3560	13.29454	24.10	38.58	1.2	0.629040	13.9130	1.30092	804.44	1.04652	3.26	0
89	12:50:29.83	25.2235	13.32429	24.10	38.58	1.2	0.630444	13.9455	1.30096	804.50	1.04662	3.26	0
90	12:50:30.13	25.0920	13.35376	24.10	38.58	1.2	0.631842	13.9761	1.30096	804.50	1.04660	3.26	0
91	12:50:30.43	24.9695	13.38113	24.10	38.58	1.2	0.633138	14.0048	1.30092	804.50	1.04660	3.26	0
92	12:50:30.73	24.8600	13.40577	24.10	38.54	1.2	0.634296	14.0314	1.30096	804.54	1.04667	3.26	0
93	12:50:31.03	24.7690	13.42607	24.10	38.54	1.2	0.635262	14.0521	1.30092	804.52	1.04663	3.26	0
94	12:50:31.33	24.7100	13.43937	24.10	38.54	1.2	0.635892	14.0669	1.30096	804.56	1.04669	3.26	0
95	12:50:31.63	24.6995	13.44168	24.10	38.54	1.2	0.636000	14.0693	1.30096	804.56	1.04669	3.26	0
96	12:50:31.93	24.7240	13.43615	24.10	38.54	1.2	0.635736	14.0635	1.30092	804.56	1.04669	3.26	0
97	12:50:32.23	24.7470	13.43111	24.10	38.54	1.2	0.635496	14.0573	1.30092	804.52	1.04662	3.26	0
98	12:50:32.53	24.7290	13.43517	24.10	38.54	1.2	0.635688	14.0617	1.30092	804.54	1.04664	3.26	0
99	12:50:32.83	24.6635	13.44973	24.10	38.54	1.2	0.636378	14.0777	1.30096	804.56	1.04669	3.26	0
100	12:50:33.13	24.5630	13.47227	24.10	38.51	1.2	0.637446	14.1014	1.30092	804.58	1.04670	3.26	0
101	12:50:33.43	24.4405	13.49971	24.10	38.51	1.2	0.638742	14.1304	1.30092	804.60	1.04672	3.26	0
102	12:50:33.73	24.3110	13.52876	24.10	38.51	1.2	0.640116	14.1614	1.30096	804.62	1.04677	3.26	0
103	12:50:34.03	24.1850	13.55704	24.10	38.51	1.2	0.641454	14.1917	1.30096	804.64	1.04682	3.26	0
104	12:50:34.33	24.0650	13.58455	24.10	38.51	1.2	0.642756	14.2197	1.30092	804.62	1.04675	3.26	0
105	12:50:34.63	23.9710	13.60660	24.10	38.51	1.2	0.643800	14.2436	1.30092	804.66	1.04681	3.26	0
106	12:50:34.93	23.8930	13.62494	24.10	38.48	1.2	0.644670	14.2635	1.30096	804.68	1.04686	3.26	0
107	12:50:35.23	23.8280	13.64027	24.10	38.48	1.2	0.645390	14.2792	1.30092	804.68	1.04684	3.26	0
108	12:50:35.53	23.7775	13.65203	24.10	38.51	1.2	0.645954	14.2912	1.30092	804.66	1.04682	3.26	0
109	12:50:35.83	23.7490	13.65875	24.10	38.51	1.2	0.646266	14.2985	1.30092	804.68	1.04684	3.26	0
110	12:50:36.13	23.7265	13.66407	24.10	38.51	1.2	0.646518	14.3040	1.30092	804.68	1.04683	3.26	0
111	12:50:36.43	23.6995	13.67037	24.10	38.51	1.2	0.646818	14.3111	1.30096	804.70	1.04687	3.26	0
112	12:50:36.73	23.6475	13.68255	24.10	38.51	1.2	0.647394	14.3230	1.30088	804.68	1.04681	3.26	0
113	12:50:37.03	23.5765	13.69921	24.10	38.51	1.2	0.648186	14.3413	1.30092	804.70	1.04687	3.26	0
114	12:50:37.33	23.4945	13.71846	24.10	38.51	1.2	0.649092	14.3610	1.30092	804.70	1.04683	3.26	0
115	12:50:37.63	23.4140	13.73743	24.10	38.51	1.2	0.649992	14.3822	1.30096	804.74	1.04693	3.26	0
116	12:50:37.93	23.3245	13.75843	24.10	38.51	1.2	0.650988	14.4035	1.30092	804.74	1.04689	3.26	0
117	12:50:38.23	23.2310	13.78034	24.10	38.51	1.2	0.652020	14.4273	1.30092	804.76	1.04696	3.26	0
118	12:50:38.53	23.1355	13.80274	24.10	38.51	1.2	0.653082	14.4509	1.30092	804.78	1.04696	3.26	0
119	12:50:38.83	23.0425	13.82458	24.10	38.51	1.2	0.654114	14.4738	1.30092	804.78	1.04696	3.26	0
120	12:50:39.13	22.9565	13.84481	24.10	38.51	1.2	0.655074	14.4953	1.30096	804.80	1.04699	3.26	0
121	12:50:39.43	22.8890	13.86063	24.10	38.51	1.2	0.655818	14.5121	1.30092	804.80	1.04700	3.26	0
122	12:50:39.73	22.8435	13.87127	24.10	38.54	1.2	0.656328	14.5232	1.30092	804.80	1.04701	3.26	0
123	12:50:40.03	22.8240	13.87596	24.10	38.54	1.2	0.656544	14.5278	1.30092	804.80	1.04698	3.26	0
124	12:50:40.33	22.8250	13.87561	24.10	38.54	1.2	0.656532	14.5278	1.30092	804.82	1.04701	3.26	0
125	12:50:40.63	22.8435	13.87134	24.10	38.54	1.2	0.656328	14.5236	1.30096	804.82	1.04702	3.26	0
126	12:50:40.93	22.8655	13.86616	24.10	38.54	1.2	0.656082	14.5178	1.30092	804.80	1.04699	3.26	0
127	12:50:41.23	22.8865	13.86126	24.10	38.54	1.2	0.655854	14.5123	1.30092	804.78	1.04697	3.26	0
128	12:50:41.53	22.9050	13.85692	24.10	38.54	1.2	0.655644	14.5088	1.30096	804.82	1.04704	3.26	0
129	12:50:41.83	22.9115	13.85531	24.10	38.54	1.2	0.655572	14.5066	1.30096	804.80	1.04701	3.26	0
130	12:50:42.13	22.9230	13.85258	24.10	38.58	1.2	0.655446	14.5040	1.30096	804.82	1.04702	3.26	0
131	12:50:42.43	22.9245	13.85223	24.10	38.58	1.2	0.655428	14.5038	1.30096	804.82	1.04704	3.26	0
132	12:50:42.73	22.9100	13.85573	24.10	38.58	1.2	0.655590	14.5067	1.30092	804.80	1.04698	3.26	0
133	12:50:43.03	22.8895	13.86049	24.10	38.58	1.2	0.655818	14.5123	1.30096	804.82	1.04702	3.26	0
134	12:50:43.33	22.8535	13.86889	24.10	38.58	1.2	0.656214	14.5207	1.30092	804.80	1.04699	3.26	0
135	12:50:43.63	22.8065	13.87995	24.10	38.58	1.2	0.656742	14.5326	1.30092	804.82	1.04701	3.26	0
136	12:50:43.93	22.7570	13.89164	24.10	38.58	1.2	0.657288	14.5444	1.30092	804.82	1.04699	3.26	0
137	12:50:44.23	22.7115	13.90228	24.10	38.58	1.2	0.657792	14.5558	1.30092	804.82	1.04701	3.26	0
138	12:50:44.53	22.6690	13.91222	24.10	38.58	1.2	0.658266	14.5662	1.30092	804.82	1.04701	3.26	0
139	12:50:44.83	22.6355	13.92006	24.10	38.58	1.2	0.658638	14.5748	1.30092	804.84	1.04704	3.26	0
140	12:50:45.13	22.6010	13.92818	24.10	38.58	1.2	0.659022	14.5835	1.30092	804.84	1.04705	3.26	0
141	12:50:45.43	22.5675	13.93609	24.10	38.58	1.2	0.659394	14.5921	1.30096	804.86	1.04707	3.26	0
142	12:50:45.73	22.5285	13.94519	24.10	38.58	1.2	0.659826	14.6017	1.30092	804.86	1.04708	3.26	0
143	12:50:46.03	22.4855	13.95527	24.10	38.58	1.2	0.660300	14.6120	1.30092	804.86	1.04706	3.26	0
144	12:50:46.33	22.4425	13.96542	24.10	38.58	1.2	0.660780	14.6224	1.30092	804.86	1.04704	3.26	0
145	12:50:46.63	22.4030	13.97466	24.10	38.58	1.2	0.661218	14.6320	1.30088	804.86	1.04704	3.26	0
146	12:50:46.93	22.3680	13.98292	24.10	38.58	1.2	0.661608	14.6409	1.30092	804.86	1.04705	3.26	0
147	12:50:47.23	22.3465	13.98796	24.10	38.58	1.2	0.661848	14.6470	1.30096	804.90	1.04712	3.26	0
148	12:50:47.53	22.3310	13.99160	24.10	38.58	1.2	0.662022	14.6511	1.30096	804.90	1.04714	3.26	0
149	12:50:47.83	22.3170	13.99482	24.10	38.58	1.2	0.662172	14.6536	1.30092	804.86	1.04707	3.26	0
150	12:50:48.13	22.3050	13.99762	24.10	38.61	1.2	0.662304	14.6566	1.30092	804.88	1.04708	3.26	0
151	12:50:48.43	22.2950	14.00000	24.10	38.61	1.2	0.662418	14.6598	1.30096	804.90	1.04713	3.26	0
152	12:50:48.73	22.2735	14.00497	24.10	38.61	1.2	0.662658	14.6644	1.30092	804.88	1.04708	3.26	0
153	12:50:49.03	22.2460	14.01148	24.10	38.61	1.2	0.662964	14.6719	1.30092	804.92	1.04713	3.26	0
154	12:50:49.33	22.2095	14.02002	24.10	38.61	1.2	0.663366	14.6800	1.30092	804.88	1.04708	3.26	0
155	12:50:49.63	22.1780	14.02744	24.10	38.61	1.2	0.663720	14.6889	1.30096	804.92	1.04715	3.26	0
156	12:50:49.93	22.1410	14.03619	24.10	38.61	1.2	0.664134	14.6982	1.30096	804.92	1.04716	3.26	0
157	12:50:50.23	22.1030	14.04522	24.10	38.61	1.2	0.664560	14.7072	1.30092	804.92	1.04714	3.26	0
158	12:50:50.53	22.0660	14.05425	24.10	38.61	1.2	0.664986	14.7170	1.30092	804.92	1.04715	3.26	0
159	12:50:50.83	22.0325	14.06258	24.10	38.61	1.2	0.665382	14.7260	1.30096	804.94	1.04718	3.26	0
160	12:50:51.12	22.0005	14.07042	24.10	38.61	1.2	0.665748	14.7337	1.30092	804.92	1.04714	3.26	0
161	12:50:51.42	21.9790	14.07574	24.10	38.61	1.2	0.666006	14.7403	1.30096	804.96	1.04722	3.26	0
162	12:50:51.73	21.9605	14.08022	24.10	38.61	1.2	0.666216	14.7442	1.30092	804.94	1.04716	3.26	0
163	12:50:52.03	21.9510	14.08260	24.10	38.61	1.2	0.666330	14.7475	1.30096	804.96	1.04722	3.26	0
164	12:50:52.33	21.9405	14.08519	24.10	38.65	1.2	0.666450	14.7490	1.30088	804.92	1.04713	3.26	0
165	12:50:52.63	21.9320	14.08722	24.10	38.65	1.2	0.666546	14.7515	1.30092	804.94	1.04716	3.26	0
166	12:50:52.92	21.9150	14.09142	24.10	38.65	1.2	0.666744	14.7558	1.30092	804.94	1.04715	3.26	0
167	12:50:53.23	21.8840	14.09905	24.10	38.65	1.2	0.667110	14.7642	1.30092	804.94	1.04717	3.26	0
168	12:50:53.53	21.8260	14.11326	24.10	38.65	1.2	0.667782	14.7787	1.30092	804.94	1.04715	3.26	0
169	12:50:53.83	21.7605	14.12936	24.10	38.65	1.2	0.668544	14.7958	1.30092	804.94	1.04716	3.26	0
170	12:50:54.13	21.6985	14.14462	24.10	38.65	1.2	0.669264	14.8130	1.30096	805.00	1.04725	3.26	0
171	12:50:54.43	21.6565	14.15491	24.10	38.65	1.2	0.669750	14.8241	1.30096	805.00	1.04728	3.26	0
172	12:50:54.73	21.6315	14.16107	24.10	38.65	1.2	0.670044	14.8305	1.30096	805.00	1.04727	3.26	0
173	12:50:55.03	21.6230	14.16317	24.10	38.65	1.2	0.670140	14.8319	1.30092	804.98	1.04722	3.26	0
174	12:50:55.33	21.6140	14.16534	24.10	38.65	1.2	0.670242	14.8341	1.30092	804.98	1.04721	3.26	0
175	12:50:55.63	21.6085	14.16674	24.10	38.65	1.2	0.670308	14.8359	1.30092	805.00	1.04724	3.26	0
176	12:50:55.93	21.6070	14.16709	24.10	38.68	1.2	0.670326	14.8364	1.30096	804.98	1.04724	3.26	0
177	12:50:56.23	21.6100	14.16632	24.10	38.68	1.2	0.670290	14.8352	1.30092	804.98	1.04722	3.26	0
178	12:50:56.53	21.6255	14.16247	24.10	38.68	1.2	0.670110	14.8311	1.30092	804.98	1.04722	3.26	0
179	12:50:56.83	21.6460	14.15743	24.10	38.68	1.2	0.669870	14.8265	1.30096	805.00	1.04726	3.26	0
180	12:50:57.13	21.6720	14.15106	24.10	38.68	1.2	0.669570	14.8196	1.30096	804.98	1.04725	3.26	0
181	12:50:57.43	21.6905	14.14658	24.10	38.68	1.2	0.669354	14.8149	1.30096	804.98	1.04725	3.26	0
182	12:50:57.73	21.6965	14.14504	24.10	38.68	1.2	0.669282	14.8134	1.30096	804.98	1.04725	3.26	0
183	12:50:58.02	21.6880	14.14707	24.10	38.68	1.2	0.669384	14.8149	1.30092	804.98	1.04720	3.26	0
184	12:50:58.33	21.6690	14.15183	24.10	38.68	1.2	0.669606	14.8196	1.30092	804.98	1.04719	3.26	0
185	12:50:58.63	21.6565	14.15484	24.10	38.68	1.2	0.669750	14.8235	1.30096	804.98	1.04724	3.26	0
186	12:50:58.93	21.6410	14.15869	24.10	38.68	1.2	0.669930	14.8275	1.30092	805.00	1.04724	3.26	0
187	12:50:59.22	21.6170	14.16450	24.10	38.68	1.2	0.670206	14.8335	1.30092	804.98	1.04723	3.26	0
188	12:50:59.52	21.5815	14.17325	24.10	38.68	1.2	0.670620	14.8428	1.30092	805.00	1.04724	3.26	0
189	12:50:59.83	21.5375	14.18410	24.10	38.68	1.2	0.671136	14.8543	1.30092	805.00	1.04725	3.26	0
190	12:51:00.12	21.4925	14.19509	24.10	38.71	1.2	0.671652	14.8665	1.30096	805.02	1.04729	3.26	0
191	12:51:00.43	21.4565	14.20398	24.10	38.71	1.2	0.672078	14.8760	1.30096	805.04	1.04731	3.26	0
192	12:51:00.73	21.4305	14.21035	24.10	38.71	1.2	0.672378	14.8826	1.30096	805.04	1.04731	3.26	0
193	12:51:01.03	21.4140	14.21434	24.11	38.71	1.2	0.672564	14.8862	1.30092	805.02	1.04726	3.26	0
194	12:51:01.33	21.4115	14.21504	24.11	38.71	1.2	0.672600	14.8867	1.30092	805.00	1.04725	3.26	0
195	12:51:01.63	21.4060	14.21644	24.10	38.71	1.2	0.672666	14.8881	1.30092	805.00	1.04725	3.26	0
196	12:51:01.93	21.3945	14.21924	24.10	38.71	1.2	0.672798	14.8919	1.30096	805.04	1.04730	3.26	0
197	12:51:02.23	21.3630	14.22701	24.10	38.71	1.2	0.673164	14.8999	1.30092	805.04	1.04730	3.26	0
198	12:51:02.53	21.3240	14.23646	24.10	38.71	1.2	0.673614	14.9096	1.30092	805.02	1.04728	3.26	0
199	12:51:02.83	21.2860	14.24584	24.10	38.71	1.2	0.674058	14.9197	1.30092	805.04	1.04731	3.26	0
200	12:51:03.13	21.2615	14.25193	24.10	38.71	1.2	0.674340	14.9265	1.30096	805.06	1.04734	3.26	0
201	12:51:03.43	21.2405	14.25704	24.10	38.71	1.2	0.674586	14.9320	1.30096	805.06	1.04735	3.26	0
202	12:51:03.72	21.2295	14.25984	24.10	38.71	1.2	0.674718	14.9348	1.30092	805.06	1.04733	3.26	0
203	12:51:04.02	21.2290	14.25991	24.10	38.71	1.2	0.674718	14.9340	1.30092	805.04	1.04728	3.26	0
204	12:51:04.33	21.2435	14.25627	24.10	38.78	1.2	0.674556	14.9309	1.30096	805.06	1.04732	3.26	0
205	12:51:04.63	21.2550	14.25347	24.10	38.78	1.2	0.674418	14.9278	1.30092	805.04	1.04731	3.26	0
206	12:51:04.93	21.2660	14.25067	24.10	38.78	1.2	0.674292	14.9253	1.30096	805.06	1.04733	3.26	0
207	12:51:05.23	21.2735	14.24885	24.10	38.78	1.2	0.674202	14.9232	1.30096	805.04	1.04732	3.26	0
208	12:51:05.53	21.2670	14.25046	24.10	38.78	1.2	0.674280	14.9248	1.30096	805.04	1.04732	3.26	0
209	12:51:05.83	21.2485	14.25501	24.10	38.78	1.2	0.674490	14.9295	1.30096	805.04	1.04732	3.26	0
210	12:51:06.13	21.2230	14.26131	24.10	38.78	1.2	0.674790	14.9369	1.30096	805.08	1.04738	3.26	0
211	12:51:06.43	21.1935	14.26852	24.10	38.78	1.2	0.675132	14.9438	1.30092	805.06	1.04733	3.26	0
212	12:51:06.73	21.1680	14.27482	24.10	38.78	1.2	0.675432	14.9510	1.30096	805.08	1.04737	3.26	0
213	12:51:07.02	21.1430	14.28098	24.10	38.78	1.2	0.675720	14.9570	1.30092	805.06	1.04734	3.26	0
214	12:51:07.32	21.1205	14.28651	24.10	38.78	1.2	0.675984	14.9624	1.30092	805.06	1.04732	3.26	0
215	12:51:07.63	21.1035	14.29071	24.10	38.78	1.2	0.676182	14.9680	1.30096	805.08	1.04740	3.26	0
216	12:51:07.93	21.0845	14.29533	24.10	38.78	1.2	0.676404	14.9719	1.30092	805.06	1.04733	3.26	0
217	12:51:08.22	21.0760	14.29743	24.10	38.78	1.2	0.676500	14.9745	1.30092	805.08	1.04735	3.26	0
218	12:51:08.52	21.0735	14.29792	24.10	38.81	1.2	0.676524	14.9745	1.30092	805.06	1.04731	3.26	0
219	12:51:08.82	21.0820	14.29589	24.10	38.81	1.2	0.676428	14.9719	1.30092	805.06	1.04729	3.26	0
220	12:51:09.12	21.1025	14.29092	24.10	38.81	1.2	0.676194	14.9676	1.30096	805.06	1.04735	3.26	0
221	12:51:09.42	21.1235	14.28567	24.10	38.81	1.2	0.675948	14.9609	1.30088	805.04	1.04726	3.26	0
222	12:51:09.73	21.1455	14.28028	24.10	38.81	1.2	0.675690	14.9563	1.30092	805.06	1.04734	3.26	0
223	12:51:10.03	21.1580	14.27727	24.10	38.81	1.2	0.675546	14.9526	1.30092	805.04	1.04730	3.26	0
224	12:51:10.33	21.1640	14.27580	24.10	38.81	1.2	0.675480	14.9516	1.30096	805.06	1.04734	3.26	0
225	12:51:10.62	21.1610	14.27650	24.10	38.81	1.2	0.675510	14.9528	1.30096	805.08	1.04738	3.26	0
226	12:51:10.92	21.1460	14.28021	24.10	38.81	1.2	0.675684	14.9561	1.30096	805.06	1.04733	3.26	0
227	12:51:11.23	21.1280	14.28469	24.10	38.81	1.2	0.675900	14.9603	1.30092	805.04	1.04729	3.26	0
228	12:51:11.53	21.1050	14.29029	24.10	38.81	1.2	0.676164	14.9668	1.30092	805.08	1.04734	3.26	0
229	12:51:11.82	21.0755	14.29743	24.10	38.81	1.2	0.676500	14.9739	1.30092	805.06	1.04731	3.26	0
230	12:51:12.13	21.0550	14.30254	24.10	38.81	1.2	0.676746	14.9794	1.30092	805.06	1.04732	3.26	0
231	12:51:12.42	21.0365	14.30702	24.10	38.81	1.2	0.676956	14.9849	1.30096	805.08	1.04738	3.26	0
232	12:51:12.73	21.0195	14.31129	24.10	38.81	1.2	0.677154	14.9884	1.30092	805.06	1.04732	3.26	0
233	12:51:13.03	21.0130	14.31283	24.10	38.81	1.2	0.677232	14.9906	1.30096	805.08	1.04735	3.26	0
234	12:51:13.33	21.0075	14.31423	24.10	38.81	1.2	0.677298	14.9919	1.30092	805.08	1.04735	3.26	0
235	12:51:13.62	20.9995	14.31619	24.10	38.81	1.2	0.677388	14.9936	1.30092	805.06	1.04732	3.26	0
236	12:51:13.92	20.9905	14.31836	24.10	38.81	1.2	0.677490	14.9961	1.30092	805.08	1.04733	3.26	0
237	12:51:14.22	20.9810	14.32067	24.10	38.81	1.2	0.677604	14.9983	1.30092	805.08	1.04732	3.26	0
238	12:51:14.52	20.9695	14.32354	24.10	38.81	1.2	0.677736	15.0020	1.30092	805.08	1.04737	3.26	0
239	12:51:14.82	20.9555	14.32704	24.10	38.81	1.2	0.677904	15.0053	1.30092	805.08	1.04735	3.26	0
240	12:51:15.13	20.9435	14.32998	24.10	38.81	1.2	0.678042	15.0083	1.30092	805.08	1.04734	3.26	0
241	12:51:15.43	20.9365	14.33159	24.10	38.81	1.2	0.678120	15.0110	1.30096	805.10	1.04741	3.26	0
242	12:51:15.72	20.9215	14.33537	24.10	38.81	1.2	0.678294	15.0142	1.30092	805.08	1.04736	3.26	0
243	12:51:16.02	20.9115	14.33782	24.10	38.81	1.2	0.678414	15.0176	1.30096	805.10	1.04741	3.26	0
244	12:51:16.33	20.8965	14.34153	24.10	38.81	1.2	0.678588	15.0205	1.30092	805.08	1.04735	3.26	0
245	12:51:16.63	20.8845	14.34447	24.10	38.81	1.2	0.678726	15.0243	1.30096	805.10	1.04740	3.26	0
246	12:51:16.93	20.8735	14.34713	24.10	38.85	1.2	0.678858	15.0269	1.30092	805.10	1.04738	3.26	0
247	12:51:17.23	20.8650	14.34923	24.10	38.85	1.2	0.678954	15.0289	1.30092	805.10	1.04737	3.26	0
248	12:51:17.52	20.8610	14.35014	24.10	38.85	1.2	0.678996	15.0301	1.30092	805.10	1.04738	3.26	0
249	12:51:17.82	20.8595	14.35056	24.10	38.85	1.2	0.679020	15.0303	1.30092	805.10	1.04737	3.26	0
250	12:51:18.13	20.8620	14.34986	24.10	38.85	1.2	0.678984	15.0305	1.30096	805.12	1.04743	3.26	0
251	12:51:18.42	20.8655	14.34902	24.10	38.85	1.2	0.678942	15.0290	1.30092	805.10	1.04739	3.26	0
252	12:51:18.73	20.8680	14.34846	24.10	38.85	1.2	0.678918	15.0282	1.30092	805.10	1.04737	3.26	0
253	12:51:19.03	20.8740	14.34699	24.10	38.85	1.2	0.678846	15.0273	1.30096	805.10	1.04742	3.26	0
254	12:51:19.32	20.8775	14.34615	24.10	38.85	1.2	0.678810	15.0263	1.30096	805.10	1.04741	3.26	0
255	12:51:19.62	20.8800	14.34552	24.10	38.85	1.2	0.678780	15.0256	1.30096	805.12	1.04741	3.26	0
256	12:51:19.93	20.8840	14.34447	24.10	38.85	1.2	0.678732	15.0235	1.30092	805.08	1.04734	3.26	0
257	12:51:20.23	20.8885	14.34349	24.10	38.85	1.2	0.678684	15.0231	1.30096	805.10	1.04738	3.26	0
258	12:51:20.53	20.8875	14.34370	24.10	38.85	1.2	0.678690	15.0237	1.30096	805.10	1.04741	3.26	0
259	12:51:20.82	20.8895	14.34314	24.10	38.85	1.2	0.678666	15.0229	1.30096	805.10	1.04739	3.26	0
260	12:51:21.12	20.8905	14.34293	24.10	38.85	1.2	0.678654	15.0215	1.30088	805.08	1.04731	3.26	0
261	12:51:21.43	20.8930	14.34223	24.10	38.85	1.2	0.678624	15.0211	1.30092	805.08	1.04733	3.26	0
262	12:51:21.73	20.8940	14.34209	24.10	38.85	1.2	0.678618	15.0217	1.30096	805.10	1.04739	3.26	0
263	12:51:22.03	20.8915	14.34272	24.10	38.85	1.2	0.678648	15.0214	1.30088	805.08	1.04732	3.26	0
264	12:51:22.32	20.8920	14.34251	24.10	38.85	1.2	0.678636	15.0212	1.30092	805.06	1.04732	3.26	0
265	12:51:22.62	20.8890	14.34321	24.10	38.85	1.2	0.678672	15.0225	1.30092	805.08	1.04735	3.26	0
266	12:51:22.93	20.8860	14.34398	24.10	38.85	1.2	0.678708	15.0231	1.30092	805.08	1.04735	3.26	0
267	12:51:23.22	20.8860	14.34405	24.10	38.85	1.2	0.678708	15.0233	1.30092	805.08	1.04735	3.26	0
268	12:51:23.53	20.8865	14.34384	24.10	38.85	1.2	0.678702	15.0230	1.30092	805.08	1.04735	3.26	0
269	12:51:23.83	20.8865	14.34391	24.10	38.85	1.2	0.678702	15.0231	1.30092	805.10	1.04735	3.26	0
270	12:51:24.13	20.8830	14.34482	24.10	38.85	1.2	0.678744	15.0235	1.30088	805.08	1.04731	3.26	0
271	12:51:24.43	20.8820	14.34503	24.10	38.85	1.2	0.678756	15.0241	1.30092	805.08	1.04734	3.26	0
272	12:51:24.73	20.8785	14.34580	24.10	38.88	1.2	0.678792	15.0247	1.30088	805.08	1.04732	3.26	0
273	12:51:25.03	20.8845	14.34433	24.10	38.88	1.2	0.678726	15.0234	1.30088	805.08	1.04734	3.26	0
274	12:51:25.33	20.8845	14.34433	24.10	38.88	1.2	0.678720	15.0233	1.30092	805.08	1.04734	3.26	0
275	12:51:25.62	20.8875	14.34363	24.10	38.88	1.2	0.678690	15.0227	1.30092	805.08	1.04735	3.26	0
276	12:51:25.93	20.8885	14.34342	24.10	38.88	1.2	0.678678	15.0230	1.30092	805.10	1.04738	3.26	0
277	12:51:26.23	20.8900	14.34300	24.10	38.88	1.2	0.678660	15.0219	1.30092	805.08	1.04733	3.26	0
278	12:51:26.52	20.8915	14.34265	24.10	38.88	1.2	0.678642	15.0222	1.30092	805.10	1.04738	3.26	0
279	12:51:26.83	20.8925	14.34237	24.10	38.88	1.2	0.678630	15.0219	1.30092	805.10	1.04738	3.26	0
280	12:51:27.12	20.8930	14.34230	24.10	38.88	1.2	0.678624	15.0216	1.30092	805.10	1.04737	3.26	0
281	12:51:27.43	20.8955	14.34174	24.10	38.88	1.2	0.678600	15.0209	1.30092	805.08	1.04736	3.26	0
282	12:51:27.72	20.8960	14.34153	24.10	38.88	1.2	0.678594	15.0205	1.30092	805.08	1.04734	3.26	0
283	12:51:28.02	20.9000	14.34062	24.10	38.88	1.2	0.678546	15.0203	1.30096	805.10	1.04740	3.26	0
284	12:51:28.32	20.8995	14.34069	24.10	38.88	1.2	0.678552	15.0202	1.30092	805.10	1.04738	3.26	0
285	12:51:28.62	20.9005	14.34048	24.10	38.88	1.2	0.678540	15.0199	1.30092	805.10	1.04738	3.26	0
286	12:51:28.92	20.8995	14.34069	24.10	38.85	1.2	0.678546	15.0201	1.30092	805.10	1.04738	3.26	0
287	12:51:29.23	20.9000	14.34055	24.10	38.85	1.2	0.678546	15.0205	1.30096	805.12	1.04741	3.26	0
288	12:51:29.52	20.8955	14.34167	24.10	38.88	1.2	0.678600	15.0206	1.30088	805.08	1.04734	3.26	0
289	12:51:29.82	20.8945	14.34188	24.10	38.88	1.2	0.678606	15.0210	1.30092	805.10	1.04735	3.26	0
290	12:51:30.12	20.8950	14.34181	24.10	38.88	1.2	0.678606	15.0207	1.30092	805.08	1.04734	3.26	0
291	12:51:30.42	20.8930	14.34230	24.10	38.88	1.2	0.678630	15.0216	1.30092	805.10	1.04736	3.26	0
292	12:51:30.72	20.8925	14.34237	24.10	38.88	1.2	0.678630	15.0216	1.30092	805.10	1.04735	3.26	0
293	12:51:31.03	20.8905	14.34293	24.10	38.88	1.2	0.678660	15.0223	1.30092	805.10	1.04737	3.26	0
294	12:51:31.32	20.8860	14.34405	24.10	38.88	1.2	0.678708	15.0230	1.30092	805.08	1.04734	3.26	0
295	12:51:31.63	20.8870	14.34377	24.10	38.88	1.2	0.678696	15.0232	1.30092	805.10	1.04737	3.26	0
296	12:51:31.92	20.8840	14.34461	24.10	38.85	1.2	0.678732	15.0238	1.30092	805.10	1.04735	3.26	0
297	12:51:32.23	20.8820	14.34503	24.10	38.85	1.2	0.678756	15.0243	1.30092	805.08	1.04735	3.26	0
298	12:51:32.52	20.8785	14.34594	24.10	38.85	1.2	0.678798	15.0252	1.30092	805.10	1.04735	3.26	0
299	12:51:32.82	20.8765	14.34643	24.10	38.85	1.2	0.678822	15.0260	1.30092	805.10	1.04737	3.26	0
300	12:51:33.12	20.8775	14.34601	24.10	38.88	1.2	0.678804	15.0257	1.30092	805.10	1.04738	3.26	0
301	12:51:33.42	20.8775	14.34601	24.10	38.88	1.2	0.678804	15.0258	1.30092	805.10	1.04739	3.26	0
302	12:51:33.72	20.8765	14.34629	24.10	38.88	1.2	0.678816	15.0263	1.30096	805.10	1.04740	3.26	0
303	12:51:34.02	20.8765	14.34636	24.10	38.88	1.2	0.678822	15.0259	1.30096	805.08	1.04737	3.26	0
304	12:51:34.33	20.8710	14.34762	24.10	38.88	1.2	0.678882	15.0272	1.30092	805.10	1.04737	3.26	0
305	12:51:34.63	20.8740	14.34699	24.10	38.88	1.2	0.678852	15.0272	1.30096	805.10	1.04741	3.26	0
306	12:51:34.93	20.8700	14.34790	24.10	38.88	1.2	0.678894	15.0281	1.30096	805.12	1.04741	3.26	0
307	12:51:35.22	20.8710	14.34769	24.10	38.88	1.2	0.678882	15.0278	1.30096	805.12	1.04740	3.26	0
308	12:51:35.52	20.8715	14.34748	24.10	38.88	1.2	0.678876	15.0273	1.30092	805.10	1.04738	3.26	0
309	12:51:35.83	20.8745	14.34685	24.11	38.88	1.2	0.678846	15.0271	1.30096	805.12	1.04741	3.26	0
310	12:51:36.12	20.8725	14.34727	24.11	38.88	1.2	0.678870	15.0271	1.30092	805.10	1.04738	3.26	0
311	12:51:36.43	20.8735	14.34699	24.10	38.88	1.2	0.678852	15.0270	1.30092	805.12	1.04740	3.26	0
312	12:51:36.72	20.8770	14.34622	24.10	38.88	1.2	0.678816	15.0267	1.30096	805.12	1.04743	3.26	0
313	12:51:37.03	20.8735	14.34699	24.11	38.88	1.2	0.678852	15.0264	1.30092	805.10	1.04735	3.26	0
314	12:51:37.33	20.8750	14.34671	24.11	38.88	1.2	0.678840	15.0273	1.30096	805.12	1.04744	3.26	0
315	12:51:37.62	20.8750	14.34657	24.11	38.88	1.2	0.678834	15.0265	1.30092	805.10	1.04739	3.26	0
316	12:51:37.92	20.8775	14.34601	24.11	38.88	1.2	0.678804	15.0263	1.30096	805.10	1.04742	3.26	0
317	12:51:38.22	20.8785	14.34580	24.11	38.88	1.2	0.678798	15.0253	1.30092	805.10	1.04737	3.26	0
318	12:51:38.53	20.8780	14.34594	24.11	38.88	1.2	0.678804	15.0260	1.30096	805.10	1.04740	3.26	0
319	12:51:38.82	20.8770	14.34622	24.11	38.88	1.2	0.678816	15.0257	1.30092	805.10	1.04737	3.26	0
320	12:51:39.12	20.8735	14.34692	24.11	38.88	1.2	0.678852	15.0277	1.30096	805.12	1.04745	3.26	0
321	12:51:39.42	20.8720	14.34748	24.10	38.88	1.2	0.678876	15.0281	1.30096	805.14	1.04744	3.26	0
322	12:51:39.73	20.8710	14.34769	24.10	38.85	1.2	0.678882	15.0278	1.30096	805.12	1.04740	3.26	0
323	12:51:40.02	20.8675	14.34846	24.11	38.85	1.2	0.678924	15.0281	1.30092	805.10	1.04737	3.26	0
324	12:51:40.32	20.8670	14.34860	24.11	38.85	1.2	0.678930	15.0280	1.30092	805.10	1.04735	3.26	0
325	12:51:40.62	20.8675	14.34860	24.10	38.85	1.2	0.678924	15.0284	1.30092	805.10	1.04737	3.26	0
326	12:51:40.93	20.8670	14.34867	24.10	38.85	1.2	0.678930	15.0284	1.30092	805.10	1.04737	3.26	0
327	12:51:41.22	20.8680	14.34839	24.11	38.85	1.2	0.678918	15.0284	1.30092	805.10	1.04739	3.26	0
328	12:51:41.52	20.8675	14.34853	24.11	38.88	1.2	0.678924	15.0282	1.30092	805.10	1.04737	3.26	0
329	12:51:41.82	20.8650	14.34909	24.11	38.88	1.2	0.678954	15.0292	1.30096	805.10	1.04740	3.26	0
330	12:51:42.12	20.8675	14.34853	24.11	38.88	1.2	0.678924	15.0295	1.30096	805.14	1.04746	3.26	0
331	12:51:42.43	20.8650	14.34909	24.11	38.88	1.2	0.678954	15.0296	1.30096	805.12	1.04742	3.26	0
332	12:51:42.72	20.8670	14.34867	24.11	38.88	1.2	0.678930	15.0283	1.30092	805.10	1.04737	3.26	0
333	12:51:43.02	20.8710	14.34762	24.11	38.88	1.2	0.678882	15.0281	1.30096	805.12	1.04743	3.26	0
334	12:51:43.33	20.8680	14.34846	24.11	38.85	1.2	0.678918	15.0287	1.30092	805.12	1.04741	3.26	0
335	12:51:43.63	20.8705	14.34776	24.11	38.85	1.2	0.678888	15.0279	1.30092	805.12	1.04740	3.26	0
336	12:51:43.93	20.8685	14.34825	24.11	38.85	1.2	0.678912	15.0284	1.30096	805.10	1.04740	3.26	0
337	12:51:44.22	20.8665	14.34874	24.11	38.85	1.2	0.678936	15.0289	1.30096	805.10	1.04740	3.26	0
338	12:51:44.52	20.8670	14.34860	24.11	38.85	1.2	0.678924	15.0289	1.30096	805.12	1.04741	3.26	0
339	12:51:44.82	20.8655	14.34902	24.11	38.85	1.2	0.678948	15.0293	1.30096	805.12	1.04741	3.26	0
340	12:51:45.12	20.8665	14.34881	24.11	38.85	1.2	0.678936	15.0293	1.30096	805.12	1.04743	3.26	0
341	12:51:45.43	20.8660	14.34888	24.11	38.85	1.2	0.678942	15.0291	1.30096	805.12	1.04741	3.26	0
342	12:51:45.72	20.8650	14.34916	24.11	38.85	1.2	0.678954	15.0295	1.30092	805.12	1.04741	3.26	0
343	12:51:46.02	20.8655	14.34902	24.11	38.85	1.2	0.678948	15.0295	1.30096	805.12	1.04743	3.26	0
344	12:51:46.32	20.8645	14.34923	24.11	38.85	1.2	0.678960	15.0295	1.30096	805.10	1.04740	3.26	0
345	12:51:46.62	20.8645	14.34923	24.11	38.85	1.2	0.678960	15.0291	1.30092	805.12	1.04738	3.26	0
346	12:51:46.92	20.8680	14.34846	24.11	38.85	1.2	0.678918	15.0291	1.30096	805.12	1.04744	3.26	0
347	12:51:47.23	20.8675	14.34860	24.11	38.85	1.2	0.678924	15.0292	1.30096	805.12	1.04744	3.26	0
348	12:51:47.52	20.8675	14.34846	24.11	38.85	1.2	0.678924	15.0291	1.30096	805.12	1.04744	3.26	0
349	12:51:47.82	20.8685	14.34832	24.11	38.85	1.2	0.678912	15.0286	1.30096	805.10	1.04741	3.26	0
350	12:51:48.12	20.8700	14.34790	24.11	38.85	1.2	0.678894	15.0277	1.30092	805.10	1.04738	3.26	0
351	12:51:48.42	20.8695	14.34797	24.11	38.85	1.2	0.678900	15.0278	1.30092	805.12	1.04738	3.26	0
352	12:51:48.72	20.8700	14.34783	24.11	38.85	1.2	0.678894	15.0280	1.30096	805.12	1.04741	3.26	0
353	12:51:49.02	20.8690	14.34818	24.11	38.85	1.2	0.678906	15.0293	1.30100	805.14	1.04747	3.26	0
354	12:51:49.32	20.8655	14.34909	24.11	38.85	1.2	0.678948	15.0291	1.30092	805.10	1.04739	3.26	0
355	12:51:49.62	20.8685	14.34832	24.11	38.85	1.2	0.678912	15.0285	1.30096	805.12	1.04741	3.26	0
356	12:51:49.93	20.8660	14.34888	24.11	38.85	1.2	0.678942	15.0293	1.30096	805.12	1.04742	3.26	0
357	12:51:50.23	20.8655	14.34902	24.11	38.85	1.2	0.678948	15.0290	1.30092	805.12	1.04739	3.26	0
358	12:51:50.52	20.8670	14.34867	24.11	38.85	1.2	0.678930	15.0290	1.30096	805.12	1.04741	3.26	0
359	12:51:50.82	20.8655	14.34902	24.11	38.85	1.2	0.678948	15.0288	1.30092	805.10	1.04737	3.26	0
360	12:51:51.12	20.8630	14.34965	24.11	38.85	1.2	0.678978	15.0301	1.30096	805.12	1.04742	3.26	0
361	12:51:51.42	20.8625	14.34979	24.11	38.85	1.2	0.678984	15.0300	1.30092	805.12	1.04741	3.26	0
362	12:51:51.72	20.8610	14.35014	24.11	38.85	1.2	0.679002	15.0299	1.30092	805.10	1.04737	3.26	0
363	12:51:52.03	20.8575	14.35098	24.11	38.85	1.2	0.679038	15.0305	1.30092	805.10	1.04734	3.26	0
364	12:51:52.32	20.8610	14.35014	24.11	38.85	1.2	0.679002	15.0301	1.30092	805.12	1.04739	3.26	0
365	12:51:52.63	20.8585	14.35070	24.11	38.85	1.2	0.679026	15.0311	1.30096	805.12	1.04741	3.26	0
366	12:51:52.92	20.8600	14.35042	24.11	38.85	1.2	0.679014	15.0302	1.30092	805.10	1.04737	3.26	0
367	12:51:53.22	20.8580	14.35077	24.12	38.85	1.2	0.679032	15.0303	1.30092	805.10	1.04735	3.26	0
368	12:51:53.52	20.8575	14.35084	24.12	38.85	1.2	0.679038	15.0308	1.30092	805.10	1.04738	3.26	0
369	12:51:53.82	20.8575	14.35091	24.11	38.85	1.2	0.679038	15.0307	1.30092	805.10	1.04737	3.26	0
370	12:51:54.12	20.8595	14.35042	24.11	38.85	1.2	0.679014	15.0311	1.30096	805.12	1.04743	3.26	0
371	12:51:54.42	20.8555	14.35147	24.11	38.85	1.2	0.679062	15.0314	1.30092	805.10	1.04737	3.26	0
372	12:51:54.72	20.8545	14.35175	24.11	38.85	1.2	0.679080	15.0321	1.30096	805.12	1.04740	3.26	0
373	12:51:55.03	20.8550	14.35161	24.11	38.85	1.2	0.679068	15.0317	1.30092	805.10	1.04739	3.26	0
374	12:51:55.32	20.8560	14.35133	24.11	38.85	1.2	0.679056	15.0318	1.30096	805.12	1.04741	3.26	0
375	12:51:55.62	20.8560	14.35126	24.12	38.85	1.2	0.679056	15.0313	1.30092	805.12	1.04738	3.26	0
376	12:51:55.92	20.8555	14.35140	24.12	38.85	1.2	0.679062	15.0314	1.30092	805.10	1.04738	3.26	0
377	12:51:56.22	20.8545	14.35161	24.12	38.85	1.2	0.679074	15.0317	1.30092	805.12	1.04739	3.26	0
378	12:51:56.52	20.8545	14.35161	24.12	38.85	1.2	0.679074	15.0312	1.30092	805.08	1.04735	3.26	0
379	12:51:56.83	20.8565	14.35119	24.12	38.85	1.2	0.679056	15.0316	1.30092	805.12	1.04741	3.26	0
380	12:51:57.12	20.8565	14.35119	24.12	38.85	1.2	0.679056	15.0313	1.30092	805.12	1.04739	3.26	0
381	12:51:57.42	20.8545	14.35175	24.11	38.85	1.2	0.679074	15.0315	1.30092	805.10	1.04737	3.26	0
382	12:51:57.72	20.8560	14.35133	24.11	38.85	1.2	0.679056	15.0320	1.30096	805.12	1.04743	3.26	0
383	12:51:58.02	20.8530	14.35210	24.11	38.85	1.2	0.679092	15.0327	1.30096	805.12	1.04742	3.26	0
384	12:51:58.32	20.8500	14.35280	24.11	38.85	1.2	0.679128	15.0331	1.30092	805.12	1.04740	3.26	0
385	12:51:58.63	20.8505	14.35266	24.11	38.85	1.2	0.679122	15.0333	1.30092	805.12	1.04742	3.26	0
386	12:51:58.92	20.8480	14.35322	24.11	38.85	1.2	0.679146	15.0333	1.30092	805.10	1.04738	3.26	0
387	12:51:59.22	20.8500	14.35280	24.11	38.85	1.2	0.679128	15.0328	1.30092	805.10	1.04738	3.26	0
388	12:51:59.52	20.8470	14.35357	24.11	38.81	1.2	0.679164	15.0335	1.30092	805.10	1.04737	3.26	0
389	12:51:59.82	20.8485	14.35315	24.12	38.81	1.2	0.679146	15.0333	1.30092	805.12	1.04738	3.26	0
390	12:52:00.12	20.8470	14.35343	24.12	38.85	1.2	0.679158	15.0331	1.30088	805.10	1.04735	3.26	0
391	12:52:00.42	20.8485	14.35308	24.12	38.85	1.2	0.679140	15.0331	1.30092	805.12	1.04738	3.26	0
392	12:52:00.72	20.8200	14.36015	24.12	38.85	1.2	0.679476	15.0412	1.30096	805.12	1.04742	3.26	0
393	12:52:01.02	20.8080	14.36316	24.12	38.85	1.2	0.679620	15.0436	1.30092	805.10	1.04738	3.26	0
394	12:52:01.32	20.8080	14.36309	24.12	38.85	1.2	0.679620	15.0435	1.30092	805.10	1.04737	3.26	0
395	12:52:01.62	20.8130	14.36183	24.12	38.85	1.2	0.679554	15.0429	1.30096	805.12	1.04742	3.26	0
396	12:52:01.92	20.8155	14.36120	24.12	38.85	1.2	0.679524	15.0420	1.30092	805.12	1.04741	3.26	0
397	12:52:02.22	20.8070	14.36330	24.12	38.85	1.2	0.679626	15.0435	1.30088	805.10	1.04735	3.26	0
398	12:52:02.52	20.7940	14.36645	24.12	38.85	1.2	0.679776	15.0474	1.30092	805.12	1.04740	3.26	0
399	12:52:02.82	20.7860	14.36841	24.12	38.85	1.2	0.679866	15.0494	1.30092	805.12	1.04740	3.26	0
400	12:52:03.13	20.7820	14.36946	24.12	38.85	1.2	0.679914	15.0506	1.30092	805.12	1.04740	3.26	0
401	12:52:03.43	20.7890	14.36778	24.12	38.85	1.2	0.679836	15.0492	1.30092	805.14	1.04743	3.26	0
402	12:52:03.72	20.7865	14.36834	24.12	38.85	1.2	0.679866	15.0489	1.30092	805.10	1.04737	3.26	0
403	12:52:04.02	20.7075	14.38780	24.12	38.85	1.2	0.680784	15.0702	1.30092	805.14	1.04743	3.26	0
404	12:52:04.32	20.3045	14.48671	24.12	38.85	1.2	0.685464	15.1742	1.30088	805.18	1.04746	3.26	0
405	12:52:04.62	19.3370	14.73304	24.12	38.85	1.2	0.697122	15.4360	1.30092	805.36	1.04771	3.26	0
406	12:52:04.92	17.7460	15.14590	24.12	38.88	1.2	0.716658	15.8731	1.30092	805.60	1.04801	3.26	0
407	12:52:05.22	15.7525	15.68630	24.12	38.88	1.2	0.742230	16.4464	1.30092	805.94	1.04846	3.26	0
408	12:52:05.52	13.7595	16.25470	24.12	38.88	1.2	0.769122	17.0484	1.30092	806.22	1.04883	3.26	0
409	12:52:05.82	11.7845	16.85173	24.12	38.88	1.2	0.797370	17.6819	1.30092	806.56	1.04926	3.26	0
410	12:52:06.12	10.0275	17.42734	24.12	38.94	1.2	0.824610	18.2936	1.30092	806.90	1.04971	3.26	0
411	12:52:06.43	8.4300	17.94345	24.12	38.94	1.2	0.849036	18.8416	1.30092	807.18	1.05005	3.26	0
412	12:52:06.72	7.0210	18.41889	24.12	39.04	1.2	0.871536	19.3459	1.30088	807.40	1.05033	3.26	0
413	12:52:07.02	5.8570	18.82825	24.12	39.04	1.2	0.890904	19.7812	1.30088	807.62	1.05062	3.26	0
414	12:52:07.33	4.8300	19.20142	24.12	39.27	1.2	0.908574	20.1777	1.30084	807.80	1.05085	3.26	0
415	12:52:07.62	3.9625	19.52671	24.12	39.27	1.2	0.923970	20.5239	1.30088	807.98	1.05107	3.26	0
416	12:52:07.92	3.2545	19.79880	24.12	39.47	1.2	0.936858	20.8148	1.30088	808.16	1.05132	3.26	0
417	12:52:08.22	2.6820	20.02350	24.12	39.47	1.2	0.947490	21.0540	1.30092	808.26	1.05146	3.26	0
418	12:52:08.52	2.2115	20.21124	24.12	39.71	1.2	0.956388	21.2533	1.30088	808.34	1.05156	3.26	0
419	12:52:08.82	1.8140	20.37203	24.12	39.71	1.2	0.963996	21.4247	1.30088	808.42	1.05167	3.26	0
420	12:52:09.12	1.4710	20.51231	24.12	39.91	1.2	0.970644	21.5739	1.30088	808.50	1.05175	3.26	0
421	12:52:09.42	1.2110	20.62025	24.12	39.91	1.2	0.975756	21.6884	1.30088	808.54	1.05180	3.26	0
422	12:52:09.72	1.0060	20.70782	24.12	40.10	1.2	0.979914	21.7830	1.30088	808.62	1.05192	3.26	0
423	12:52:10.03	0.8405	20.78216	24.12	40.10	1.2	0.983430	21.8617	1.30088	808.64	1.05194	3.26	0
424	12:52:10.32	0.6995	20.84411	24.12	40.30	1.2	0.986376	21.9272	1.30088	808.66	1.05196	3.26	0
425	12:52:10.62	0.5850	20.89248	24.13	40.30	1.2	0.988668	21.9794	1.30088	808.70	1.05203	3.26	0
426	12:52:10.92	0.4890	20.93294	24.13	40.47	1.2	0.990594	22.0223	1.30088	808.72	1.05204	3.26	0
427	12:52:11.22	0.4110	20.96514	24.13	40.47	1.2	0.992118	22.0567	1.30088	808.74	1.05206	3.26	0
428	12:52:11.52	0.3470	20.99139	24.13	40.67	1.2	0.993372	22.0848	1.30088	808.74	1.05209	3.26	0
429	12:52:11.82	0.2950	21.01281	24.13	40.67	1.2	0.994386	22.1069	1.30084	808.74	1.05207	3.26	0
430	12:52:12.12	0.2530	21.02996	24.13	40.80	1.2	0.995208	22.1262	1.30088	808.78	1.05212	3.26	0
431	12:52:12.42	0.2190	21.04361	24.13	40.80	1.2	0.995856	22.1406	1.30088	808.78	1.05212	3.26	0
432	12:52:12.73	0.1900	21.05495	24.13	40.94	1.2	0.996402	22.1516	1.30088	808.76	1.05209	3.26	0
433	12:52:13.02	0.1710	21.06272	24.13	40.94	1.2	0.996768	22.1609	1.30088	808.78	1.05214	3.26	0
434	12:52:13.32	0.1530	21.06965	24.13	41.04	1.2	0.997104	22.1693	1.30092	808.82	1.05220	3.26	0
435	12:52:13.62	0.1330	21.07763	24.13	41.04	1.2	0.997482	22.1760	1.30084	808.78	1.05211	3.26	0
436	12:52:13.98	0.1210	21.08232	24.13	41.16	1.2	0.997710	22.1815	1.30088	808.78	1.05214	3.26	0
437	12:52:14.35	0.1120	21.08596	24.13	41.16	1.2	0.997884	22.1860	1.30092	808.80	1.05217	3.26	0
438	12:52:14.52	0.1025	21.08953	24.13	41.26	1.2	0.998058	22.1890	1.30084	808.80	1.05214	3.26	0
439	12:52:14.82	0.0960	21.09219	24.13	41.26	1.2	0.998184	22.1922	1.30088	808.80	1.05215	3.26	0
440	12:52:15.13	0.0890	21.09478	24.13	41.37	1.2	0.998316	22.1945	1.30084	808.80	1.05213	3.26	0
441	12:52:15.42	0.0855	21.09618	24.13	41.37	1.2	0.998382	22.1956	1.30084	808.78	1.05211	3.26	0
