553	18:14:31.74	0.1100	21.11333	20.90	42.02	1.0	0.997920	22.0822	1.29908	805.10	1.04589	3.26	0
554	18:14:32.45	0.0990	21.11774	20.90	42.02	1.0	0.998130	22.0879	1.29912	805.12	1.04594	3.26	0
555	18:14:33.05	0.0920	21.12040	20.90	42.02	1.0	0.998256	22.0912	1.29912	805.12	1.04596	3.26	0
556	18:14:33.25	0.0880	21.12215	20.90	42.02	1.0	0.998340	22.0929	1.29912	805.14	1.04596	3.26	0
557	18:14:33.54	0.0845	21.12348	20.90	42.05	1.0	0.998400	22.0932	1.29908	805.12	1.04591	3.26	0
558	18:14:33.84	0.0830	21.12411	20.90	42.05	1.0	0.998430	22.0944	1.29912	805.12	1.04593	3.26	0
559	18:14:34.14	0.0825	21.12432	20.90	42.05	1.0	0.998442	22.0942	1.29912	805.10	1.04591	3.26	0
560	18:14:34.44	0.0790	21.12565	20.90	42.05	1.0	0.998502	22.0954	1.29908	805.10	1.04590	3.26	0
561	18:14:34.74	0.0780	21.12607	20.90	42.05	1.0	0.998520	22.0960	1.29912	805.10	1.04591	3.26	0
562	18:14:35.04	0.0785	21.12586	20.90	42.05	1.0	0.998514	22.0968	1.29912	805.14	1.04596	3.26	0
563	18:14:35.34	0.0770	21.12642	20.90	42.05	1.0	0.998544	22.0971	1.29912	805.12	1.04594	3.26	0
564	18:14:35.64	0.0745	21.12754	20.90	42.05	1.0	0.998592	22.0977	1.29908	805.12	1.04593	3.26	0
565	18:14:35.94	0.0745	21.12740	20.90	42.05	1.0	0.998586	22.0978	1.29912	805.10	1.04593	3.26	0
566	18:14:36.24	0.0755	21.12712	20.90	42.05	1.0	0.998574	22.0971	1.29908	805.10	1.04591	3.26	0
567	18:14:36.54	0.0745	21.12740	20.90	42.05	1.0	0.998586	22.0978	1.29912	805.12	1.04593	3.26	0
568	18:14:36.84	0.0735	21.12796	20.90	42.05	1.0	0.998616	22.0977	1.29908	805.12	1.04590	3.26	0
569	18:14:37.14	0.0745	21.12754	20.90	42.05	1.0	0.998592	22.0978	1.29912	805.12	1.04593	3.26	0
570	18:14:37.44	0.0730	21.12817	20.90	42.05	1.0	0.998622	22.0980	1.29908	805.10	1.04590	3.26	0
571	18:14:37.74	0.0735	21.12789	20.90	42.05	1.0	0.998610	22.0984	1.29912	805.12	1.04594	3.26	0
572	18:14:38.04	0.0745	21.12747	20.90	42.05	1.0	0.998592	22.0986	1.29912	805.12	1.04596	3.26	0
573	18:14:38.34	0.0730	21.12817	20.90	42.02	1.0	0.998622	22.0988	1.29912	805.12	1.04594	3.26	0
574	18:14:38.64	0.0710	21.12887	20.90	42.02	1.0	0.998652	22.0993	1.29912	805.12	1.04593	3.26	0
575	18:14:38.94	0.0740	21.12782	20.90	42.02	1.0	0.998604	22.0992	1.29912	805.14	1.04597	3.26	0
576	18:14:39.24	0.0715	21.12866	20.90	42.02	1.0	0.998646	22.0989	1.29912	805.10	1.04592	3.26	0
577	18:14:39.54	0.0720	21.12859	20.90	42.02	1.0	0.998640	22.0982	1.29908	805.10	1.04590	3.26	0
578	18:14:39.84	0.0725	21.12824	20.90	42.02	1.0	0.998622	22.0995	1.29912	805.12	1.04597	3.26	0
579	18:14:40.14	0.0710	21.12894	20.90	42.02	1.0	0.998658	22.0996	1.29912	805.12	1.04594	3.26	0
580	18:14:40.44	0.0720	21.12852	20.90	42.02	1.0	0.998634	22.0993	1.29912	805.12	1.04595	3.26	0
581	18:14:40.74	0.0720	21.12845	20.90	41.98	1.0	0.998634	22.1001	1.29912	805.14	1.04599	3.26	0
582	18:14:41.04	0.0710	21.12901	20.90	41.98	1.0	0.998658	22.0995	1.29912	805.12	1.04593	3.26	0
583	18:14:41.34	0.0720	21.12852	20.90	41.98	1.0	0.998634	22.0992	1.29912	805.12	1.04594	3.26	0
584	18:14:41.64	0.0730	21.12824	20.90	41.98	1.0	0.998622	22.1000	1.29916	805.14	1.04600	3.26	0
585	18:14:41.94	0.0725	21.12845	20.90	41.98	1.0	0.998634	22.0989	1.29912	805.10	1.04593	3.26	0
586	18:14:42.24	0.0735	21.12789	20.90	41.98	1.0	0.998604	22.0995	1.29916	805.14	1.04599	3.26	0
587	18:14:42.54	0.0715	21.12873	20.90	41.98	1.0	0.998646	22.0993	1.29912	805.12	1.04594	3.26	0
588	18:14:42.84	0.0745	21.12747	20.90	41.98	1.0	0.998586	22.0989	1.29912	805.14	1.04598	3.26	0
589	18:14:43.14	0.0725	21.12838	20.90	41.98	1.0	0.998628	22.0997	1.29912	805.14	1.04597	3.26	0
590	18:14:43.44	0.0710	21.12887	20.90	41.98	1.0	0.998652	22.0995	1.29912	805.12	1.04594	3.26	0
591	18:14:43.74	0.0715	21.12880	20.90	41.98	1.0	0.998646	22.0991	1.29908	805.12	1.04593	3.26	0
592	18:14:44.04	0.0715	21.12873	20.90	41.98	1.0	0.998646	22.0993	1.29912	805.12	1.04594	3.26	0
593	18:14:44.34	0.0710	21.12894	20.90	41.98	1.0	0.998652	22.0996	1.29912	805.12	1.04594	3.26	0
594	18:14:44.64	0.0695	21.12957	20.90	41.98	1.0	0.998682	22.0996	1.29908	805.10	1.04591	3.26	0
595	18:14:44.94	0.0700	21.12936	20.90	41.98	1.0	0.998676	22.0996	1.29912	805.12	1.04592	3.26	0
596	18:14:45.24	0.0720	21.12852	20.90	41.98	1.0	0.998634	22.0993	1.29912	805.12	1.04595	3.26	0
597	18:14:45.54	0.0720	21.12859	20.90	41.98	1.0	0.998640	22.0997	1.29912	805.14	1.04596	3.26	0
598	18:14:45.84	0.0705	21.12908	20.90	41.98	1.0	0.998664	22.1007	1.29912	805.14	1.04598	3.26	0
599	18:14:46.14	0.0695	21.12950	20.90	41.98	1.0	0.998682	22.1000	1.29912	805.12	1.04594	3.26	0
600	18:14:46.44	0.0710	21.12901	20.90	41.98	1.0	0.998658	22.0998	1.29912	805.12	1.04594	3.26	0
601	18:14:46.74	0.0710	21.12894	20.90	41.95	1.0	0.998652	22.1006	1.29912	805.14	1.04599	3.26	0
602	18:14:47.04	0.0705	21.12929	20.90	41.95	1.0	0.998670	22.0998	1.29912	805.12	1.04593	3.26	0
603	18:14:47.34	0.0700	21.12943	20.90	41.95	1.0	0.998676	22.1009	1.29912	805.14	1.04597	3.26	0
604	18:14:47.64	0.0700	21.12936	20.90	41.95	1.0	0.998670	22.0996	1.29908	805.12	1.04592	3.26	0
605	18:14:47.94	0.0720	21.12859	20.90	41.95	1.0	0.998634	22.0998	1.29912	805.14	1.04596	3.26	0
606	18:14:48.24	0.0690	21.12978	20.90	41.95	1.0	0.998694	22.0997	1.29908	805.10	1.04590	3.26	0
607	18:14:48.54	0.0715	21.12887	20.90	41.95	1.0	0.998652	22.1004	1.29912	805.14	1.04598	3.26	0
608	18:14:48.84	0.0710	21.12894	20.90	41.95	1.0	0.998652	22.0998	1.29912	805.12	1.04595	3.26	0
609	18:14:49.14	0.0715	21.12873	20.90	41.95	1.0	0.998646	22.1000	1.29912	805.12	1.04597	3.26	0
610	18:14:49.44	0.0695	21.12964	20.90	41.95	1.0	0.998688	22.1009	1.29912	805.14	1.04597	3.26	0
611	18:14:49.74	0.0710	21.12908	20.90	41.95	1.0	0.998658	22.1000	1.29912	805.14	1.04596	3.26	0
612	18:14:50.04	0.0690	21.12971	20.90	41.95	1.0	0.998688	22.1006	1.29912	805.12	1.04595	3.26	0
613	18:14:50.34	0.0710	21.12894	20.90	41.95	1.0	0.998652	22.0997	1.29912	805.12	1.04594	3.26	0
614	18:14:50.64	0.0715	21.12880	20.90	41.95	1.0	0.998646	22.0996	1.29912	805.12	1.04595	3.26	0
615	18:14:50.94	0.0710	21.12908	20.90	41.92	1.0	0.998658	22.0990	1.29908	805.12	1.04590	3.26	0
616	18:14:51.24	0.0715	21.12873	20.90	41.92	1.0	0.998640	22.1007	1.29916	805.14	1.04600	3.26	0
617	18:14:51.54	0.0685	21.13013	20.90	41.92	1.0	0.998706	22.1000	1.29908	805.10	1.04590	3.26	0
618	18:14:51.84	0.0700	21.12943	20.90	41.92	1.0	0.998676	22.1010	1.29912	805.14	1.04598	3.26	0
619	18:14:52.14	0.0710	21.12901	20.90	41.92	1.0	0.998652	22.1004	1.29912	805.14	1.04597	3.26	0
620	18:14:52.44	0.0680	21.13027	20.90	41.92	1.0	0.998712	22.1005	1.29908	805.12	1.04592	3.26	0
621	18:14:52.74	0.0715	21.12887	20.90	41.92	1.0	0.998652	22.1003	1.29912	805.14	1.04597	3.26	0
622	18:14:53.04	0.0705	21.12929	20.90	41.92	1.0	0.998670	22.1007	1.29912	805.14	1.04598	3.26	0
623	18:14:53.34	0.0690	21.12992	20.90	41.92	1.0	0.998700	22.1000	1.29908	805.10	1.04591	3.26	0
624	18:14:53.64	0.0705	21.12915	20.90	41.92	1.0	0.998664	22.1012	1.29912	805.16	1.04600	3.26	0
625	18:14:53.94	0.0695	21.12957	20.90	41.92	1.0	0.998682	22.1007	1.29912	805.14	1.04596	3.26	0
626	18:14:54.24	0.0690	21.12992	20.90	41.92	1.0	0.998700	22.1007	1.29912	805.12	1.04594	3.26	0
627	18:14:54.54	0.0710	21.12894	20.90	41.92	1.0	0.998652	22.1003	1.29912	805.14	1.04597	3.26	0
628	18:14:54.84	0.0695	21.12964	20.90	41.92	1.0	0.998688	22.1003	1.29912	805.12	1.04594	3.26	0
629	18:14:55.14	0.0690	21.12978	20.90	41.92	1.0	0.998694	22.1009	1.29912	805.14	1.04596	3.26	0
630	18:14:55.44	0.0700	21.12936	20.90	41.92	1.0	0.998670	22.1000	1.29912	805.12	1.04594	3.26	0
631	18:14:55.74	0.0700	21.12943	20.90	41.92	1.0	0.998676	22.1003	1.29912	805.12	1.04594	3.26	0
632	18:14:56.04	0.0710	21.12901	20.90	41.92	1.0	0.998658	22.1003	1.29912	805.14	1.04597	3.26	0
633	18:14:56.34	0.0685	21.13006	20.90	41.92	1.0	0.998706	22.1004	1.29908	805.12	1.04593	3.26	0
634	18:14:56.64	0.0685	21.13013	20.90	41.92	1.0	0.998706	22.1004	1.29912	805.10	1.04592	3.26	0
635	18:14:56.94	0.0710	21.12915	20.90	41.92	1.0	0.998658	22.1003	1.29912	805.12	1.04596	3.26	0
636	18:14:57.24	0.0700	21.12936	20.90	41.92	1.0	0.998670	22.1000	1.29912	805.12	1.04594	3.26	0
637	18:14:57.54	0.0695	21.12957	20.90	41.92	1.0	0.998682	22.1007	1.29912	805.14	1.04596	3.26	0
638	18:14:57.84	0.0715	21.12894	20.90	41.92	1.0	0.998652	22.1010	1.29916	805.14	1.04600	3.26	0
639	18:14:58.14	0.0690	21.12985	20.90	41.92	1.0	0.998694	22.1011	1.29912	805.12	1.04597	3.26	0
640	18:14:58.44	0.0700	21.12950	20.90	41.92	1.0	0.998682	22.1006	1.29912	805.12	1.04596	3.26	0
641	18:14:58.74	0.0695	21.12971	20.90	41.92	1.0	0.998688	22.1005	1.29912	805.12	1.04594	3.26	0
642	18:14:59.04	0.0705	21.12922	20.90	41.92	1.0	0.998664	22.0999	1.29912	805.12	1.04594	3.26	0
643	18:14:59.34	0.0710	21.12915	20.90	41.92	1.0	0.998658	22.1004	1.29912	805.14	1.04597	3.26	0
644	18:14:59.64	0.0685	21.12999	20.90	41.92	1.0	0.998700	22.1008	1.29912	805.12	1.04594	3.26	0
645	18:14:59.94	0.0705	21.12929	20.90	41.92	1.0	0.998664	22.1009	1.29916	805.14	1.04599	3.26	0
646	18:15:00.24	0.0680	21.13034	20.90	41.92	1.0	0.998718	22.1007	1.29908	805.12	1.04592	3.26	0
647	18:15:00.54	0.0695	21.12964	20.90	41.92	1.0	0.998688	22.1010	1.29912	805.14	1.04597	3.26	0
648	18:15:00.84	0.0675	21.13041	20.90	41.92	1.0	0.998718	22.1010	1.29912	805.12	1.04594	3.26	0
649	18:15:01.14	0.0675	21.13048	20.90	41.92	1.0	0.998724	22.1009	1.29912	805.12	1.04593	3.26	0
650	18:15:01.44	0.0700	21.12936	20.90	41.92	1.0	0.998670	22.1001	1.29912	805.12	1.04594	3.26	0
651	18:15:01.74	0.0685	21.12992	20.90	41.92	1.0	0.998700	22.1010	1.29912	805.14	1.04596	3.26	0
652	18:15:02.04	0.0700	21.12957	20.90	41.92	1.0	0.998682	22.0998	1.29912	805.12	1.04593	3.26	0
653	18:15:02.34	0.0705	21.12915	20.90	41.92	1.0	0.998664	22.1002	1.29912	805.12	1.04596	3.26	0
654	18:15:02.64	0.0690	21.12985	20.90	41.92	1.0	0.998694	22.1006	1.29912	805.12	1.04594	3.26	0
655	18:15:02.94	0.0670	21.13062	20.90	41.92	1.0	0.998730	22.1010	1.29908	805.12	1.04593	3.26	0
656	18:15:03.24	0.0690	21.12978	20.90	41.92	1.0	0.998688	22.1004	1.29912	805.12	1.04594	3.26	0
657	18:15:03.54	0.0685	21.13013	20.90	41.92	1.0	0.998706	22.1003	1.29908	805.12	1.04591	3.26	0
658	18:15:03.84	0.0725	21.12845	20.90	41.92	1.0	0.998628	22.1001	1.29916	805.14	1.04599	3.26	0
659	18:15:04.14	0.0665	21.13090	20.90	41.92	1.0	0.998742	22.1007	1.29908	805.10	1.04590	3.26	0
660	18:15:04.44	0.0690	21.12985	20.90	41.92	1.0	0.998694	22.1002	1.29908	805.12	1.04593	3.26	0
661	18:15:04.74	0.0685	21.13013	20.90	41.92	1.0	0.998706	22.1008	1.29912	805.12	1.04594	3.26	0
662	18:15:05.04	0.0700	21.12943	20.90	41.92	1.0	0.998676	22.1012	1.29916	805.14	1.04599	3.26	0
663	18:15:05.34	0.0700	21.12943	20.90	41.92	1.0	0.998676	22.1012	1.29912	805.14	1.04599	3.26	0
664	18:15:05.64	0.0710	21.12908	20.90	41.92	1.0	0.998658	22.1007	1.29912	805.14	1.04599	3.26	0
665	18:15:05.94	0.0690	21.12978	20.90	41.92	1.0	0.998694	22.1002	1.29912	805.12	1.04593	3.26	0
666	18:15:06.24	0.0705	21.12929	20.90	41.92	1.0	0.998670	22.1004	1.29912	805.12	1.04596	3.26	0
667	18:15:06.54	0.0695	21.12964	20.90	41.92	1.0	0.998688	22.1007	1.29912	805.12	1.04596	3.26	0
668	18:15:06.84	0.0680	21.13020	20.90	41.92	1.0	0.998712	22.1008	1.29912	805.12	1.04594	3.26	0
669	18:15:07.14	0.0695	21.12971	20.90	41.92	1.0	0.998688	22.1015	1.29912	805.14	1.04599	3.26	0
670	18:15:07.44	0.0695	21.12957	20.90	41.92	1.0	0.998682	22.1017	1.29916	805.14	1.04600	3.26	0
671	18:15:07.74	0.0680	21.13027	20.90	41.92	1.0	0.998718	22.1007	1.29908	805.12	1.04593	3.26	0
672	18:15:08.04	0.0715	21.12880	20.90	41.92	1.0	0.998646	22.1014	1.29916	805.16	1.04603	3.26	0
673	18:15:08.34	0.0680	21.13013	20.90	41.92	1.0	0.998706	22.1015	1.29912	805.14	1.04597	3.26	0
674	18:15:08.64	0.0680	21.13020	20.90	41.92	1.0	0.998712	22.1013	1.29912	805.12	1.04596	3.26	0
675	18:15:08.94	0.0690	21.12978	20.90	41.92	1.0	0.998694	22.1007	1.29908	805.14	1.04595	3.26	0
676	18:15:09.24	0.0685	21.13013	20.90	41.92	1.0	0.998706	22.1012	1.29912	805.12	1.04596	3.26	0
677	18:15:09.54	0.0680	21.13020	20.90	41.92	1.0	0.998712	22.1015	1.29912	805.14	1.04597	3.26	0
678	18:15:09.84	0.0680	21.13027	20.90	41.92	1.0	0.998712	22.1007	1.29912	805.12	1.04593	3.26	0
679	18:15:10.14	0.0700	21.12943	20.90	41.92	1.0	0.998676	22.1007	1.29912	805.14	1.04597	3.26	0
680	18:15:10.44	0.0695	21.12964	20.90	41.92	1.0	0.998682	22.1000	1.29908	805.12	1.04593	3.26	0
681	18:15:10.74	0.0695	21.12957	20.90	41.92	1.0	0.998682	22.1009	1.29912	805.14	1.04597	3.26	0
682	18:15:11.04	0.0685	21.12999	20.90	41.92	1.0	0.998700	22.1006	1.29912	805.12	1.04593	3.26	0
683	18:15:11.34	0.0685	21.12999	20.90	41.95	1.0	0.998706	22.1010	1.29912	805.12	1.04596	3.26	0
684	18:15:11.64	0.0700	21.12943	20.90	41.95	1.0	0.998676	22.1010	1.29912	805.14	1.04598	3.26	0
685	18:15:11.94	0.0690	21.12985	20.90	41.95	1.0	0.998694	22.1007	1.29912	805.12	1.04595	3.26	0
686	18:15:12.24	0.0685	21.12992	20.90	41.95	1.0	0.998700	22.1012	1.29912	805.14	1.04597	3.26	0
687	18:15:12.54	0.0700	21.12936	20.90	41.95	1.0	0.998676	22.1008	1.29912	805.14	1.04597	3.26	0
688	18:15:12.84	0.0700	21.12943	20.90	41.95	1.0	0.998676	22.1003	1.29912	805.12	1.04595	3.26	0
689	18:15:13.14	0.0710	21.12901	20.90	41.95	1.0	0.998658	22.1000	1.29912	805.14	1.04596	3.26	0
690	18:15:13.44	0.0685	21.13006	20.90	41.95	1.0	0.998706	22.0998	1.29908	805.10	1.04590	3.26	0
691	18:15:13.74	0.0690	21.12978	20.90	41.98	1.0	0.998694	22.1009	1.29912	805.14	1.04596	3.26	0
692	18:15:14.04	0.0685	21.12999	20.90	41.98	1.0	0.998706	22.1010	1.29912	805.12	1.04596	3.26	0
693	18:15:14.34	0.0680	21.13006	20.90	41.98	1.0	0.998712	22.1007	1.29912	805.12	1.04593	3.26	0
694	18:15:14.64	0.0680	21.13027	20.90	41.98	1.0	0.998718	22.1009	1.29912	805.12	1.04594	3.26	0
695	18:15:14.94	0.0675	21.13027	20.90	41.98	1.0	0.998718	22.1014	1.29912	805.14	1.04596	3.26	0
696	18:15:15.24	0.0700	21.12943	20.90	41.98	1.0	0.998676	22.1010	1.29916	805.14	1.04598	3.26	0
697	18:15:15.54	0.0690	21.12985	20.90	42.02	1.0	0.998700	22.1007	1.29912	805.12	1.04595	3.26	0
698	18:15:15.84	0.0680	21.13006	20.90	42.02	1.0	0.998712	22.1005	1.29912	805.12	1.04593	3.26	0
699	18:15:16.14	0.0685	21.12999	20.90	42.02	1.0	0.998706	22.1008	1.29912	805.12	1.04594	3.26	0
700	18:15:16.44	0.0695	21.12950	20.90	42.02	1.0	0.998682	22.1004	1.29912	805.12	1.04595	3.26	0
701	18:15:16.74	0.0675	21.13027	20.90	42.02	1.0	0.998718	22.1002	1.29908	805.10	1.04590	3.26	0
702	18:15:17.04	0.0695	21.12950	20.90	42.02	1.0	0.998682	22.1008	1.29912	805.14	1.04597	3.26	0
703	18:15:17.34	0.0670	21.13055	20.90	42.02	1.0	0.998730	22.1008	1.29912	805.10	1.04592	3.26	0
704	18:15:17.64	0.0680	21.13020	20.90	42.02	1.0	0.998718	22.1012	1.29912	805.12	1.04595	3.26	0
705	18:15:17.94	0.0685	21.12999	20.90	42.02	1.0	0.998706	22.1008	1.29908	805.14	1.04594	3.26	0
706	18:15:18.24	0.0680	21.13013	20.90	42.02	1.0	0.998712	22.1011	1.29912	805.14	1.04595	3.26	0
707	18:15:18.54	0.0685	21.12992	20.90	42.05	1.0	0.998706	22.1012	1.29912	805.14	1.04597	3.26	0
708	18:15:18.84	0.0700	21.12943	20.89	42.05	1.0	0.998682	22.1010	1.29912	805.14	1.04598	3.26	0
709	18:15:19.14	0.0690	21.12978	20.89	42.05	1.0	0.998694	22.1010	1.29912	805.12	1.04597	3.26	0
710	18:15:19.44	0.0695	21.12950	20.90	42.05	1.0	0.998682	22.1000	1.29912	805.12	1.04593	3.26	0
711	18:15:19.73	0.0685	21.12985	20.90	42.05	1.0	0.998700	22.1012	1.29912	805.12	1.04597	3.26	0
712	18:15:20.04	0.0675	21.13020	20.90	42.05	1.0	0.998718	22.1019	1.29912	805.14	1.04599	3.26	0
713	18:15:20.34	0.0685	21.12985	20.90	42.05	1.0	0.998700	22.1013	1.29912	805.14	1.04597	3.26	0
714	18:15:20.64	0.0680	21.12999	20.90	42.05	1.0	0.998712	22.1014	1.29912	805.12	1.04597	3.26	0
715	18:15:20.94	0.0680	21.13020	20.90	42.05	1.0	0.998718	22.1020	1.29916	805.14	1.04599	3.26	0
716	18:15:21.24	0.0685	21.12999	20.89	42.05	1.0	0.998706	22.1011	1.29912	805.12	1.04596	3.26	0
717	18:15:21.54	0.0675	21.13048	20.89	42.05	1.0	0.998730	22.1007	1.29908	805.12	1.04592	3.26	0
718	18:15:21.84	0.0680	21.13013	20.90	42.05	1.0	0.998712	22.1010	1.29912	805.12	1.04595	3.26	0
719	18:15:22.14	0.0690	21.12971	20.90	42.05	1.0	0.998694	22.1003	1.29912	805.12	1.04594	3.26	0
720	18:15:22.44	0.0695	21.12950	20.90	42.05	1.0	0.998688	22.1012	1.29912	805.14	1.04599	3.26	0
721	18:15:22.74	0.0670	21.13034	20.90	42.12	1.0	0.998730	22.1010	1.29912	805.12	1.04593	3.26	0
722	18:15:23.04	0.0705	21.12915	20.89	42.12	1.0	0.998670	22.1005	1.29912	805.14	1.04597	3.26	0
723	18:15:23.34	0.0685	21.12985	20.89	42.12	1.0	0.998700	22.1004	1.29912	805.12	1.04593	3.26	0
724	18:15:23.64	0.0680	21.13006	20.90	42.12	1.0	0.998712	22.1018	1.29912	805.14	1.04599	3.26	0
725	18:15:23.94	0.0680	21.12999	20.90	42.12	1.0	0.998712	22.1005	1.29912	805.12	1.04593	3.26	0
726	18:15:24.24	0.0695	21.12957	20.89	42.12	1.0	0.998688	22.1007	1.29912	805.12	1.04596	3.26	0
727	18:15:24.53	0.0685	21.12985	20.89	42.12	1.0	0.998700	22.1003	1.29912	805.12	1.04593	3.26	0
728	18:15:24.84	0.0695	21.12943	20.90	42.12	1.0	0.998688	22.1005	1.29912	805.14	1.04596	3.26	0
729	18:15:25.14	0.0665	21.13055	20.90	42.12	1.0	0.998736	22.1008	1.29908	805.10	1.04591	3.26	0
730	18:15:25.44	0.0685	21.12985	20.90	42.12	1.0	0.998706	22.1002	1.29908	805.12	1.04593	3.26	0
731	18:15:25.74	0.0690	21.12957	20.90	42.12	1.0	0.998694	22.1010	1.29912	805.14	1.04597	3.26	0
732	18:15:26.04	0.0680	21.13006	20.90	42.12	1.0	0.998718	22.1012	1.29912	805.12	1.04596	3.26	0
733	18:15:26.33	0.0675	21.13013	20.90	42.15	1.0	0.998718	22.1010	1.29912	805.12	1.04595	3.26	0
734	18:15:26.64	0.0685	21.12992	20.89	42.15	1.0	0.998706	22.1010	1.29912	805.14	1.04596	3.26	0
735	18:15:26.94	0.0695	21.12950	20.89	42.15	1.0	0.998688	22.1003	1.29912	805.12	1.04594	3.26	0
736	18:15:27.24	0.0670	21.13055	20.89	42.15	1.0	0.998736	22.1008	1.29908	805.12	1.04592	3.26	0
737	18:15:27.54	0.0690	21.12957	20.89	42.15	1.0	0.998694	22.1002	1.29912	805.12	1.04593	3.26	0
738	18:15:27.84	0.0670	21.13041	20.89	42.15	1.0	0.998730	22.1003	1.29908	805.10	1.04590	3.26	0
739	18:15:28.13	0.0700	21.12922	20.89	42.15	1.0	0.998676	22.1006	1.29912	805.14	1.04597	3.26	0
740	18:15:28.44	0.0695	21.12929	20.90	42.15	1.0	0.998682	22.1004	1.29912	805.14	1.04596	3.26	0
741	18:15:28.73	0.0675	21.13013	20.90	42.15	1.0	0.998724	22.1014	1.29912	805.12	1.04597	3.26	0
742	18:15:29.04	0.0685	21.12978	20.90	42.15	1.0	0.998706	22.1006	1.29912	805.12	1.04594	3.26	0
743	18:15:29.34	0.0680	21.12992	20.90	42.18	1.0	0.998712	22.1010	1.29912	805.12	1.04596	3.26	0
744	18:15:29.63	0.0685	21.12985	20.89	42.18	1.0	0.998706	22.1006	1.29912	805.12	1.04594	3.26	0
745	18:15:29.94	0.0675	21.13013	20.89	42.18	1.0	0.998718	22.1008	1.29912	805.12	1.04594	3.26	0
746	18:15:30.24	0.0685	21.12964	20.90	42.18	1.0	0.998700	22.1012	1.29912	805.14	1.04598	3.26	0
747	18:15:30.54	0.0665	21.13062	20.90	42.18	1.0	0.998742	22.1010	1.29912	805.12	1.04592	3.26	0
748	18:15:30.84	0.0705	21.12887	20.90	42.18	1.0	0.998664	22.1005	1.29916	805.14	1.04599	3.26	0
749	18:15:31.14	0.0685	21.12971	20.90	42.18	1.0	0.998700	22.1007	1.29912	805.12	1.04596	3.26	0
750	18:15:31.43	0.0670	21.13027	20.90	42.18	1.0	0.998730	22.1012	1.29912	805.12	1.04595	3.26	0
751	18:15:31.74	0.0715	21.12838	20.90	42.22	1.0	0.998640	22.1000	1.29912	805.14	1.04599	3.26	0
752	18:15:32.04	0.0675	21.13020	20.90	42.22	1.0	0.998724	22.1004	1.29908	805.12	1.04591	3.26	0
753	18:15:32.34	0.0685	21.12978	20.90	42.22	1.0	0.998706	22.1004	1.29912	805.12	1.04594	3.26	0
754	18:15:32.64	0.0700	21.12915	20.90	42.22	1.0	0.998682	22.1005	1.29912	805.12	1.04597	3.26	0
755	18:15:32.94	0.0690	21.12950	20.90	42.22	1.0	0.998694	22.1003	1.29912	805.12	1.04594	3.26	0
756	18:15:33.23	0.0695	21.12922	20.90	42.22	1.0	0.998682	22.1009	1.29916	805.14	1.04599	3.26	0
757	18:15:33.54	0.0690	21.12950	20.90	42.22	1.0	0.998694	22.1000	1.29912	805.12	1.04593	3.26	0
758	18:15:33.84	0.0680	21.12992	20.90	42.22	1.0	0.998712	22.1012	1.29912	805.14	1.04596	3.26	0
759	18:15:34.14	0.0700	21.12908	20.90	42.25	1.0	0.998676	22.0998	1.29912	805.12	1.04594	3.26	0
760	18:15:34.43	0.0680	21.12985	20.90	42.25	1.0	0.998712	22.1011	1.29912	805.14	1.04596	3.26	0
761	18:15:34.74	0.0670	21.13020	20.90	42.25	1.0	0.998730	22.1020	1.29916	805.14	1.04599	3.26	0
762	18:15:35.04	0.0690	21.12943	20.90	42.25	1.0	0.998694	22.1003	1.29912	805.12	1.04594	3.26	0
763	18:15:35.34	0.0690	21.12950	20.90	42.25	1.0	0.998700	22.1006	1.29912	805.14	1.04596	3.26	0
764	18:15:35.64	0.0685	21.12971	20.90	42.25	1.0	0.998706	22.1010	1.29912	805.14	1.04597	3.26	0
765	18:15:35.93	0.0685	21.12957	20.90	42.25	1.0	0.998700	22.1001	1.29908	805.12	1.04593	3.26	0
766	18:15:36.23	0.0700	21.12915	20.90	42.25	1.0	0.998682	22.1000	1.29912	805.12	1.04595	3.26	0
767	18:15:36.54	0.0680	21.12985	20.90	42.28	1.0	0.998718	22.1004	1.29912	805.12	1.04593	3.26	0
768	18:15:36.84	0.0695	21.12929	20.89	42.28	1.0	0.998682	22.1007	1.29916	805.12	1.04597	3.26	0
769	18:15:37.13	0.0670	21.13027	20.89	42.28	1.0	0.998730	22.1006	1.29908	805.12	1.04592	3.26	0
770	18:15:37.43	0.0685	21.12957	20.90	42.28	1.0	0.998700	22.1006	1.29912	805.14	1.04596	3.26	0
771	18:15:37.73	0.0680	21.12985	20.90	42.28	1.0	0.998718	22.0999	1.29908	805.10	1.04591	3.26	0
772	18:15:38.04	0.0685	21.12964	20.89	42.28	1.0	0.998700	22.1003	1.29912	805.12	1.04594	3.26	0
773	18:15:38.34	0.0685	21.12964	20.89	42.28	1.0	0.998700	22.1007	1.29912	805.14	1.04596	3.26	0
774	18:15:38.63	0.0685	21.12964	20.90	42.28	1.0	0.998706	22.1006	1.29912	805.14	1.04596	3.26	0
775	18:15:38.94	0.0660	21.13055	20.90	42.28	1.0	0.998748	22.1010	1.29908	805.12	1.04593	3.26	0
776	18:15:39.23	0.0685	21.12964	20.90	42.28	1.0	0.998706	22.0998	1.29912	805.10	1.04591	3.26	0
777	18:15:39.53	0.0670	21.13013	20.90	42.32	1.0	0.998730	22.1007	1.29912	805.12	1.04593	3.26	0
778	18:15:39.83	0.0700	21.12908	20.89	42.32	1.0	0.998676	22.1004	1.29912	805.14	1.04597	3.26	0
779	18:15:40.14	0.0685	21.12971	20.89	42.32	1.0	0.998706	22.1005	1.29912	805.12	1.04594	3.26	0
780	18:15:40.44	0.0670	21.13020	20.90	42.32	1.0	0.998730	22.1007	1.29908	805.12	1.04593	3.26	0
781	18:15:40.73	0.0685	21.12964	20.90	42.32	1.0	0.998706	22.1008	1.29912	805.14	1.04596	3.26	0
782	18:15:41.03	0.0690	21.12936	20.89	42.32	1.0	0.998688	22.1007	1.29912	805.14	1.04597	3.26	0
783	18:15:41.33	0.0690	21.12936	20.89	42.32	1.0	0.998688	22.1010	1.29912	805.14	1.04599	3.26	0
784	18:15:41.63	0.0680	21.12971	20.90	42.32	1.0	0.998706	22.1006	1.29912	805.12	1.04595	3.26	0
785	18:15:41.93	0.0675	21.13006	20.90	42.32	1.0	0.998724	22.1008	1.29912	805.12	1.04594	3.26	0
786	18:15:42.24	0.0695	21.12922	20.90	42.32	1.0	0.998688	22.1006	1.29912	805.14	1.04597	3.26	0
787	18:15:42.54	0.0660	21.13041	20.90	42.35	1.0	0.998748	22.1012	1.29912	805.12	1.04594	3.26	0
788	18:15:42.84	0.0695	21.12908	20.90	42.35	1.0	0.998682	22.1005	1.29912	805.12	1.04597	3.26	0
789	18:15:43.13	0.0680	21.12971	20.90	42.35	1.0	0.998712	22.1004	1.29912	805.12	1.04594	3.26	0
790	18:15:43.43	0.0695	21.12901	20.90	42.35	1.0	0.998682	22.1005	1.29912	805.14	1.04598	3.26	0
791	18:15:43.73	0.0690	21.12936	20.90	42.35	1.0	0.998694	22.1003	1.29912	805.12	1.04595	3.26	0
792	18:15:44.03	0.0690	21.12936	20.90	42.35	1.0	0.998694	22.0999	1.29912	805.12	1.04594	3.26	0
793	18:15:44.33	0.0680	21.12971	20.90	42.35	1.0	0.998712	22.1000	1.29908	805.12	1.04592	3.26	0
794	18:15:44.64	0.0690	21.12929	20.90	42.35	1.0	0.998694	22.1001	1.29912	805.12	1.04594	3.26	0
795	18:15:44.93	0.0680	21.12985	20.90	42.35	1.0	0.998718	22.1007	1.29912	805.12	1.04595	3.26	0
796	18:15:45.23	0.0675	21.12999	20.90	42.35	1.0	0.998724	22.1007	1.29908	805.12	1.04594	3.26	0
797	18:15:45.53	0.0675	21.12992	20.90	42.35	1.0	0.998724	22.0999	1.29908	805.10	1.04591	3.26	0
798	18:15:45.83	0.0670	21.13006	20.90	42.35	1.0	0.998730	22.1005	1.29912	805.12	1.04593	3.26	0
799	18:15:46.13	0.0700	21.12894	20.90	42.38	1.0	0.998676	22.1001	1.29912	805.14	1.04597	3.26	0
800	18:15:46.43	0.0690	21.12936	20.89	42.38	1.0	0.998694	22.0999	1.29912	805.12	1.04593	3.26	0
801	18:15:46.73	0.0690	21.12936	20.89	42.38	1.0	0.998694	22.0998	1.29912	805.10	1.04593	3.26	0
802	18:15:47.03	0.0675	21.12985	20.90	42.38	1.0	0.998718	22.1005	1.29912	805.12	1.04594	3.26	0
803	18:15:47.33	0.0670	21.13006	20.90	42.38	1.0	0.998730	22.1005	1.29912	805.12	1.04593	3.26	0
804	18:15:47.63	0.0680	21.12964	20.90	42.38	1.0	0.998712	22.1002	1.29912	805.12	1.04594	3.26	0
805	18:15:47.93	0.0675	21.12985	20.90	42.38	1.0	0.998724	22.0997	1.29908	805.10	1.04590	3.26	0
806	18:15:48.23	0.0670	21.13013	20.90	42.38	1.0	0.998736	22.1002	1.29908	805.10	1.04591	3.26	0
807	18:15:48.53	0.0680	21.12978	20.90	42.38	1.0	0.998718	22.1002	1.29908	805.12	1.04593	3.26	0
808	18:15:48.84	0.0690	21.12936	20.90	42.38	1.0	0.998694	22.0991	1.29908	805.10	1.04590	3.26	0
809	18:15:49.13	0.0660	21.13048	20.90	42.38	1.0	0.998754	22.1001	1.29908	805.10	1.04589	3.26	0
810	18:15:49.43	0.0665	21.13034	20.89	42.38	1.0	0.998742	22.1002	1.29908	805.10	1.04590	3.26	0
811	18:15:49.73	0.0690	21.12936	20.89	42.38	1.0	0.998694	22.0997	1.29908	805.12	1.04592	3.26	0
812	18:15:50.04	0.0675	21.12985	20.90	42.38	1.0	0.998724	22.0998	1.29908	805.10	1.04590	3.26	0
813	18:15:50.33	0.0665	21.13027	20.90	42.38	1.0	0.998742	22.0997	1.29908	805.10	1.04588	3.26	0
814	18:15:50.63	0.0680	21.12957	20.90	42.38	1.0	0.998706	22.1003	1.29912	805.12	1.04594	3.26	0
815	18:15:50.93	0.0670	21.12999	20.90	42.42	1.0	0.998730	22.1003	1.29908	805.12	1.04592	3.26	0
816	18:15:51.24	0.0675	21.12985	20.90	42.42	1.0	0.998724	22.0995	1.29908	805.10	1.04589	3.26	0
817	18:15:51.53	0.0670	21.12999	20.90	42.42	1.0	0.998730	22.0993	1.29908	805.10	1.04588	3.26	0
818	18:15:51.83	0.0675	21.12992	20.89	42.42	1.0	0.998724	22.0998	1.29908	805.10	1.04590	3.26	0
819	18:15:52.13	0.0670	21.13013	20.89	42.42	1.0	0.998730	22.1000	1.29908	805.10	1.04590	3.26	0
820	18:15:52.43	0.0680	21.12978	20.89	42.42	1.0	0.998712	22.1003	1.29912	805.12	1.04593	3.26	0
821	18:15:52.73	0.0685	21.12964	20.89	42.42	1.0	0.998706	22.1003	1.29912	805.12	1.04594	3.26	0
822	18:15:53.03	0.0670	21.13006	20.90	42.42	1.0	0.998730	22.0991	1.29908	805.08	1.04587	3.26	0
823	18:15:53.33	0.0680	21.12957	20.90	42.42	1.0	0.998712	22.0998	1.29912	805.10	1.04592	3.26	0
824	18:15:53.63	0.0695	21.12908	20.90	42.42	1.0	0.998688	22.1000	1.29912	805.12	1.04596	3.26	0
825	18:15:53.93	0.0650	21.13090	20.90	42.42	1.0	0.998772	22.1000	1.29904	805.10	1.04586	3.26	0
826	18:15:54.23	0.0665	21.13020	20.90	42.42	1.0	0.998742	22.1007	1.29908	805.12	1.04593	3.26	0
827	18:15:54.53	0.0685	21.12943	20.90	42.42	1.0	0.998706	22.1003	1.29912	805.12	1.04595	3.26	0
828	18:15:54.83	0.0685	21.12957	20.90	42.42	1.0	0.998706	22.1008	1.29912	805.12	1.04597	3.26	0
829	18:15:55.13	0.0680	21.12971	20.90	42.42	1.0	0.998718	22.1010	1.29912	805.14	1.04597	3.26	0
830	18:15:55.43	0.0670	21.13006	20.90	42.42	1.0	0.998736	22.1010	1.29908	805.14	1.04594	3.26	0
831	18:15:55.73	0.0680	21.12964	20.90	42.42	1.0	0.998712	22.1007	1.29912	805.14	1.04596	3.26	0
832	18:15:56.03	0.0690	21.12929	20.90	42.42	1.0	0.998694	22.0998	1.29908	805.12	1.04593	3.26	0
833	18:15:56.33	0.0685	21.12943	20.90	42.42	1.0	0.998700	22.0998	1.29908	805.12	1.04593	3.26	0
834	18:15:56.63	0.0655	21.13055	20.90	42.42	1.0	0.998754	22.0997	1.29908	805.10	1.04587	3.26	0
835	18:15:56.94	0.0665	21.13020	20.90	42.42	1.0	0.998742	22.0995	1.29908	805.10	1.04587	3.26	0
836	18:15:57.23	0.0695	21.12901	20.90	42.42	1.0	0.998682	22.1002	1.29912	805.12	1.04596	3.26	0
837	18:15:57.53	0.0675	21.12992	20.90	42.42	1.0	0.998724	22.0998	1.29908	805.12	1.04590	3.26	0
838	18:15:57.83	0.0695	21.12915	20.90	42.42	1.0	0.998688	22.1002	1.29912	805.12	1.04596	3.26	0
839	18:15:58.13	0.0655	21.13055	20.90	42.45	1.0	0.998754	22.1001	1.29908	805.10	1.04588	3.26	0
840	18:15:58.43	0.0685	21.12936	20.90	42.45	1.0	0.998700	22.0996	1.29908	805.12	1.04592	3.26	0
841	18:15:58.73	0.0655	21.13055	20.90	42.45	1.0	0.998754	22.0998	1.29904	805.10	1.04587	3.26	0
842	18:15:59.03	0.0690	21.12922	20.90	42.45	1.0	0.998694	22.0992	1.29908	805.10	1.04591	3.26	0
843	18:15:59.34	0.0680	21.12957	20.90	42.45	1.0	0.998712	22.0996	1.29908	805.10	1.04591	3.26	0
844	18:15:59.63	0.0690	21.12929	20.90	42.45	1.0	0.998700	22.0998	1.29912	805.12	1.04593	3.26	0
845	18:15:59.93	0.0675	21.12971	20.90	42.45	1.0	0.998718	22.0996	1.29908	805.10	1.04590	3.26	0
846	18:16:00.23	0.0675	21.12978	20.90	42.45	1.0	0.998724	22.0989	1.29904	805.10	1.04587	3.26	0
847	18:16:00.54	0.0690	21.12922	20.90	42.45	1.0	0.998694	22.0997	1.29912	805.12	1.04593	3.26	0
848	18:16:00.84	0.0670	21.12992	20.90	42.45	1.0	0.998730	22.0996	1.29908	805.10	1.04589	3.26	0
849	18:16:01.13	0.0660	21.13034	20.90	42.45	1.0	0.998748	22.1002	1.29908	805.10	1.04590	3.26	0
850	18:16:01.43	0.0685	21.12943	20.90	42.45	1.0	0.998706	22.1001	1.29912	805.12	1.04594	3.26	0
851	18:16:01.73	0.0690	21.12922	20.90	42.45	1.0	0.998694	22.0997	1.29908	805.12	1.04593	3.26	0
852	18:16:02.04	0.0665	21.13020	20.90	42.45	1.0	0.998742	22.1003	1.29908	805.12	1.04591	3.26	0
853	18:16:02.33	0.0665	21.13020	20.90	42.45	1.0	0.998742	22.0998	1.29908	805.10	1.04588	3.26	0
854	18:16:02.63	0.0675	21.12985	20.90	42.45	1.0	0.998724	22.0995	1.29908	805.10	1.04589	3.26	0
855	18:16:02.93	0.0695	21.12901	20.90	42.45	1.0	0.998688	22.0994	1.29912	805.12	1.04593	3.26	0
856	18:16:03.23	0.0685	21.12943	20.90	42.45	1.0	0.998706	22.1008	1.29912	805.14	1.04597	3.26	0
857	18:16:03.53	0.0685	21.12936	20.90	42.45	1.0	0.998700	22.1004	1.29912	805.12	1.04596	3.26	0
858	18:16:03.83	0.0675	21.12971	20.90	42.45	1.0	0.998718	22.1012	1.29912	805.14	1.04597	3.26	0
859	18:16:04.13	0.0675	21.12971	20.90	42.45	1.0	0.998718	22.1005	1.29912	805.12	1.04594	3.26	0
860	18:16:04.43	0.0695	21.12908	20.90	42.45	1.0	0.998688	22.1005	1.29912	805.14	1.04598	3.26	0
861	18:16:04.73	0.0700	21.12887	20.90	42.45	1.0	0.998676	22.1000	1.29912	805.12	1.04596	3.26	0
862	18:16:05.03	0.0675	21.12978	20.90	42.45	1.0	0.998724	22.1001	1.29908	805.12	1.04592	3.26	0
863	18:16:05.33	0.0690	21.12922	20.90	42.45	1.0	0.998694	22.1003	1.29912	805.12	1.04596	3.26	0
864	18:16:05.64	0.0670	21.13006	20.90	42.45	1.0	0.998730	22.1007	1.29912	805.12	1.04594	3.26	0
865	18:16:05.93	0.0685	21.12936	20.90	42.45	1.0	0.998700	22.1000	1.29912	805.12	1.04594	3.26	0
866	18:16:06.23	0.0670	21.12992	20.90	42.45	1.0	0.998730	22.1005	1.29908	805.12	1.04593	3.26	0
867	18:16:06.53	0.0675	21.12985	20.90	42.45	1.0	0.998724	22.1009	1.29912	805.14	1.04596	3.26	0
868	18:16:06.83	0.0695	21.12894	20.90	42.45	1.0	0.998682	22.1003	1.29912	805.14	1.04597	3.26	0
869	18:16:07.13	0.0660	21.13034	20.90	42.45	1.0	0.998748	22.1001	1.29908	805.10	1.04590	3.26	0
870	18:16:07.43	0.0680	21.12950	20.90	42.45	1.0	0.998712	22.1001	1.29912	805.12	1.04594	3.26	0
871	18:16:07.73	0.0680	21.12950	20.90	42.45	1.0	0.998706	22.1005	1.29912	805.12	1.04595	3.26	0
872	18:16:08.03	0.0675	21.12978	20.90	42.45	1.0	0.998718	22.0998	1.29908	805.10	1.04591	3.26	0
873	18:16:08.33	0.0685	21.12943	20.90	42.45	1.0	0.998706	22.1002	1.29912	805.12	1.04594	3.26	0
874	18:16:08.63	0.0695	21.12894	20.90	42.45	1.0	0.998682	22.1002	1.29912	805.14	1.04597	3.26	0
875	18:16:08.93	0.0660	21.13041	20.90	42.48	1.0	0.998748	22.1014	1.29912	805.12	1.04595	3.26	0
876	18:16:09.23	0.0695	21.12894	20.90	42.48	1.0	0.998682	22.1007	1.29912	805.14	1.04599	3.26	0
877	18:16:09.53	0.0670	21.12999	20.90	42.48	1.0	0.998730	22.1007	1.29912	805.12	1.04594	3.26	0
878	18:16:09.83	0.0675	21.12978	20.90	42.48	1.0	0.998724	22.1007	1.29912	805.12	1.04595	3.26	0
879	18:16:10.13	0.0690	21.12915	20.90	42.48	1.0	0.998694	22.1003	1.29912	805.14	1.04596	3.26	0
880	18:16:10.43	0.0670	21.12985	20.91	42.48	1.0	0.998730	22.1007	1.29908	805.14	1.04595	3.26	0
881	18:16:10.74	0.0695	21.12894	20.91	42.48	1.0	0.998688	22.1009	1.29912	805.14	1.04600	3.26	0
882	18:16:11.03	0.0675	21.12971	20.90	42.48	1.0	0.998718	22.1010	1.29912	805.14	1.04597	3.26	0
883	18:16:11.33	0.0665	21.13006	20.90	42.48	1.0	0.998736	22.1008	1.29912	805.12	1.04594	3.26	0
884	18:16:11.63	0.0680	21.12957	20.90	42.48	1.0	0.998712	22.1007	1.29912	805.14	1.04596	3.26	0
885	18:16:11.93	0.0665	21.13013	20.90	42.48	1.0	0.998736	22.1010	1.29912	805.12	1.04594	3.26	0
886	18:16:12.23	0.0660	21.13048	20.90	42.48	1.0	0.998754	22.1012	1.29912	805.12	1.04594	3.26	0
887	18:16:12.53	0.0675	21.12971	20.90	42.48	1.0	0.998718	22.1009	1.29912	805.12	1.04596	3.26	0
888	18:16:12.83	0.0660	21.13034	20.90	42.48	1.0	0.998748	22.1010	1.29912	805.12	1.04593	3.26	0
889	18:16:13.13	0.0685	21.12943	20.90	42.48	1.0	0.998706	22.1007	1.29912	805.14	1.04597	3.26	0
890	18:16:13.43	0.0675	21.12971	20.90	42.48	1.0	0.998718	22.1003	1.29908	805.12	1.04593	3.26	0
891	18:16:13.73	0.0685	21.12936	20.90	42.48	1.0	0.998700	22.1006	1.29912	805.14	1.04597	3.26	0
892	18:16:14.03	0.0695	21.12908	20.90	42.48	1.0	0.998688	22.1001	1.29912	805.14	1.04596	3.26	0
893	18:16:14.33	0.0680	21.12957	20.90	42.48	1.0	0.998712	22.1008	1.29912	805.12	1.04597	3.26	0
894	18:16:14.63	0.0665	21.13027	20.90	42.48	1.0	0.998748	22.1006	1.29908	805.12	1.04592	3.26	0
895	18:16:14.93	0.0675	21.12985	20.90	42.48	1.0	0.998724	22.1007	1.29912	805.12	1.04595	3.26	0
896	18:16:15.23	0.0665	21.13013	20.90	42.48	1.0	0.998742	22.1007	1.29912	805.12	1.04593	3.26	0
897	18:16:15.53	0.0665	21.13020	20.90	42.48	1.0	0.998742	22.1003	1.29908	805.10	1.04591	3.26	0
898	18:16:15.83	0.0680	21.12950	20.91	42.48	1.0	0.998712	22.1005	1.29912	805.12	1.04596	3.26	0
899	18:16:16.13	0.0690	21.12908	20.91	42.48	1.0	0.998694	22.1014	1.29916	805.16	1.04602	3.26	0
900	18:16:16.43	0.0685	21.12929	20.90	42.48	1.0	0.998700	22.1013	1.29916	805.14	1.04600	3.26	0
901	18:16:16.73	0.0680	21.12971	20.90	42.48	1.0	0.998718	22.1010	1.29912	805.14	1.04597	3.26	0
902	18:16:17.03	0.0675	21.12957	20.91	42.48	1.0	0.998718	22.1001	1.29908	805.12	1.04593	3.26	0
903	18:16:17.33	0.0670	21.12999	20.91	42.48	1.0	0.998736	22.1012	1.29912	805.14	1.04596	3.26	0
904	18:16:17.63	0.0690	21.12915	20.90	42.48	1.0	0.998694	22.1003	1.29912	805.14	1.04596	3.26	0
905	18:16:17.93	0.0685	21.12936	20.90	42.48	1.0	0.998706	22.1008	1.29912	805.14	1.04597	3.26	0
906	18:16:18.23	0.0675	21.12971	20.90	42.48	1.0	0.998718	22.1011	1.29912	805.14	1.04597	3.26	0
907	18:16:18.53	0.0670	21.12992	20.90	42.48	1.0	0.998730	22.0998	1.29908	805.10	1.04590	3.26	0
908	18:16:18.83	0.0680	21.12957	20.90	42.48	1.0	0.998712	22.1010	1.29912	805.14	1.04597	3.26	0
909	18:16:19.13	0.0680	21.12957	20.90	42.48	1.0	0.998712	22.0999	1.29912	805.10	1.04593	3.26	0
910	18:16:19.43	0.0655	21.13048	20.91	42.48	1.0	0.998760	22.1010	1.29912	805.12	1.04593	3.26	0
911	18:16:19.73	0.0685	21.12929	20.91	42.48	1.0	0.998706	22.1005	1.29912	805.14	1.04596	3.26	0
912	18:16:20.03	0.0700	21.12880	20.90	42.48	1.0	0.998676	22.1004	1.29912	805.14	1.04599	3.26	0
913	18:16:20.33	0.0685	21.12936	20.90	42.48	1.0	0.998700	22.1007	1.29912	805.14	1.04597	3.26	0
914	18:16:20.63	0.0660	21.13041	20.90	42.48	1.0	0.998754	22.1007	1.29908	805.12	1.04592	3.26	0
915	18:16:20.93	0.0670	21.13006	20.90	42.45	1.0	0.998736	22.1012	1.29912	805.14	1.04596	3.26	0
916	18:16:21.23	0.0675	21.12971	20.91	42.45	1.0	0.998718	22.1010	1.29912	805.14	1.04597	3.26	0
917	18:16:21.53	0.0670	21.12985	20.91	42.45	1.0	0.998730	22.1023	1.29916	805.16	1.04602	3.26	0
918	18:16:21.83	0.0690	21.12922	20.91	42.45	1.0	0.998700	22.1015	1.29916	805.16	1.04602	3.26	0
919	18:16:22.13	0.0680	21.12950	20.91	42.45	1.0	0.998712	22.1011	1.29912	805.14	1.04599	3.26	0
920	18:16:22.43	0.0685	21.12936	20.91	42.45	1.0	0.998706	22.1007	1.29912	805.14	1.04597	3.26	0
921	18:16:22.73	0.0685	21.12936	20.91	42.45	1.0	0.998706	22.1005	1.29912	805.14	1.04596	3.26	0
922	18:16:23.03	0.0685	21.12943	20.90	42.45	1.0	0.998706	22.1007	1.29912	805.14	1.04597	3.26	0
923	18:16:23.33	0.0685	21.12950	20.90	42.48	1.0	0.998706	22.1006	1.29912	805.12	1.04596	3.26	0
924	18:16:23.63	0.0665	21.13006	20.90	42.48	1.0	0.998736	22.1006	1.29908	805.14	1.04593	3.26	0
925	18:16:23.93	0.0680	21.12950	20.90	42.48	1.0	0.998712	22.1005	1.29912	805.14	1.04596	3.26	0
926	18:16:24.23	0.0695	21.12887	20.91	42.48	1.0	0.998682	22.1003	1.29912	805.14	1.04598	3.26	0
927	18:16:24.53	0.0695	21.12880	20.91	42.48	1.0	0.998682	22.1002	1.29912	805.14	1.04597	3.26	0
928	18:16:24.83	0.0660	21.13020	20.91	42.48	1.0	0.998748	22.1005	1.29908	805.12	1.04592	3.26	0
929	18:16:25.13	0.0670	21.12985	20.91	42.48	1.0	0.998730	22.1007	1.29912	805.12	1.04595	3.26	0
930	18:16:25.43	0.0680	21.12957	20.91	42.48	1.0	0.998718	22.1012	1.29912	805.14	1.04599	3.26	0
931	18:16:25.73	0.0675	21.12964	20.91	42.48	1.0	0.998718	22.1012	1.29912	805.14	1.04598	3.26	0
932	18:16:26.03	0.0680	21.12957	20.91	42.48	1.0	0.998718	22.1005	1.29912	805.12	1.04596	3.26	0
933	18:16:26.33	0.0680	21.12957	20.91	42.48	1.0	0.998718	22.1010	1.29912	805.14	1.04597	3.26	0
934	18:16:26.63	0.0680	21.12936	20.91	42.48	1.0	0.998706	22.1012	1.29912	805.14	1.04599	3.26	0
935	18:16:26.93	0.0685	21.12922	20.91	42.48	1.0	0.998700	22.1006	1.29912	805.14	1.04597	3.26	0
936	18:16:27.24	0.0685	21.12929	20.90	42.48	1.0	0.998700	22.1016	1.29916	805.16	1.04602	3.26	0
937	18:16:27.53	0.0680	21.12950	20.90	42.51	1.0	0.998712	22.1003	1.29912	805.12	1.04594	3.26	0
938	18:16:27.83	0.0660	21.13027	20.91	42.51	1.0	0.998754	22.1002	1.29908	805.12	1.04590	3.26	0
939	18:16:28.13	0.0685	21.12915	20.91	42.51	1.0	0.998700	22.1002	1.29912	805.14	1.04596	3.26	0
940	18:16:28.43	0.0665	21.13013	20.91	42.51	1.0	0.998742	22.1010	1.29912	805.12	1.04595	3.26	0
941	18:16:28.73	0.0680	21.12950	20.91	42.51	1.0	0.998718	22.1003	1.29912	805.12	1.04594	3.26	0
942	18:16:29.03	0.0685	21.12936	20.90	42.51	1.0	0.998706	22.1007	1.29912	805.14	1.04597	3.26	0
943	18:16:29.33	0.0685	21.12929	20.90	42.51	1.0	0.998700	22.1006	1.29912	805.14	1.04597	3.26	0
944	18:16:29.63	0.0670	21.12985	20.91	42.51	1.0	0.998730	22.1002	1.29908	805.12	1.04592	3.26	0
945	18:16:29.93	0.0680	21.12943	20.91	42.51	1.0	0.998712	22.1000	1.29908	805.12	1.04594	3.26	0
946	18:16:30.23	0.0665	21.13013	20.90	42.51	1.0	0.998742	22.1002	1.29908	805.12	1.04591	3.26	0
947	18:16:30.53	0.0680	21.12957	20.90	42.51	1.0	0.998718	22.0999	1.29908	805.12	1.04593	3.26	0
948	18:16:30.83	0.0660	21.13027	20.90	42.51	1.0	0.998748	22.1010	1.29912	805.12	1.04594	3.26	0
949	18:16:31.13	0.0670	21.12999	20.90	42.51	1.0	0.998736	22.1001	1.29908	805.12	1.04591	3.26	0
950	18:16:31.43	0.0655	21.13048	20.91	42.51	1.0	0.998760	22.1006	1.29908	805.12	1.04591	3.26	0
951	18:16:31.73	0.0675	21.12957	20.91	42.51	1.0	0.998718	22.1005	1.29912	805.12	1.04596	3.26	0
952	18:16:32.03	0.0665	21.13013	20.90	42.51	1.0	0.998742	22.1004	1.29908	805.12	1.04592	3.26	0
953	18:16:32.33	0.0680	21.12943	20.90	42.58	1.1	0.998712	22.1006	1.29912	805.14	1.04596	3.26	0
954	18:16:32.63	0.0675	21.12964	20.91	42.58	1.1	0.998724	22.1007	1.29912	805.14	1.04596	3.26	0
955	18:16:32.93	0.0685	21.12915	20.91	42.58	1.1	0.998700	22.1006	1.29912	805.14	1.04598	3.26	0
956	18:16:33.23	0.0675	21.12971	20.90	42.58	1.1	0.998724	22.1006	1.29912	805.14	1.04595	3.26	0
957	18:16:33.53	0.0670	21.12978	20.90	42.58	1.1	0.998730	22.1007	1.29912	805.12	1.04596	3.26	0
958	18:16:33.83	0.0665	21.12992	20.91	42.58	1.1	0.998736	22.1003	1.29908	805.12	1.04593	3.26	0
959	18:16:34.13	0.0680	21.12929	20.91	42.58	1.1	0.998706	22.1001	1.29912	805.14	1.04594	3.26	0
960	18:16:34.43	0.0680	21.12943	20.90	42.58	1.1	0.998712	22.1010	1.29912	805.14	1.04598	3.26	0
961	18:16:34.73	0.0665	21.13013	20.90	42.58	1.1	0.998742	22.1003	1.29908	805.12	1.04592	3.26	0
962	18:16:35.03	0.0695	21.12887	20.90	42.58	1.1	0.998688	22.1002	1.29912	805.14	1.04597	3.26	0
963	18:16:35.33	0.0660	21.13027	20.90	42.58	1.1	0.998748	22.1010	1.29912	805.12	1.04594	3.26	0
964	18:16:35.63	0.0695	21.12880	20.91	42.58	1.1	0.998688	22.1007	1.29912	805.16	1.04600	3.26	0
965	18:16:35.93	0.0670	21.12971	20.91	42.58	1.1	0.998730	22.1009	1.29912	805.14	1.04596	3.26	0
966	18:16:36.23	0.0685	21.12929	20.90	42.58	1.1	0.998706	22.1005	1.29912	805.14	1.04596	3.26	0
967	18:16:36.53	0.0670	21.12992	20.90	42.58	1.1	0.998736	22.1012	1.29912	805.14	1.04596	3.26	0
968	18:16:36.83	0.0685	21.12922	20.91	42.58	1.1	0.998706	22.1004	1.29912	805.14	1.04596	3.26	0
969	18:16:37.13	0.0670	21.12985	20.91	42.58	1.1	0.998736	22.1007	1.29912	805.12	1.04594	3.26	0
970	18:16:37.43	0.0665	21.13006	20.91	42.58	1.1	0.998748	22.1012	1.29912	805.14	1.04596	3.26	0
971	18:16:37.73	0.0670	21.12978	20.91	42.61	1.1	0.998736	22.1008	1.29912	805.14	1.04596	3.26	0
972	18:16:38.03	0.0645	21.13069	20.91	42.61	1.1	0.998778	22.1008	1.29908	805.12	1.04591	3.26	0
973	18:16:38.33	0.0685	21.12922	20.91	42.61	1.1	0.998706	22.1010	1.29912	805.14	1.04599	3.26	0
974	18:16:38.63	0.0670	21.12985	20.91	42.61	1.1	0.998736	22.1011	1.29912	805.14	1.04597	3.26	0
975	18:16:38.93	0.0680	21.12922	20.91	42.61	1.1	0.998706	22.1010	1.29912	805.16	1.04599	3.26	0
976	18:16:39.23	0.0670	21.12971	20.91	42.61	1.1	0.998730	22.1011	1.29912	805.14	1.04597	3.26	0
977	18:16:39.53	0.0675	21.12957	20.91	42.61	1.1	0.998724	22.1007	1.29912	805.14	1.04596	3.26	0
978	18:16:39.83	0.0675	21.12957	20.90	42.61	1.1	0.998718	22.1005	1.29912	805.14	1.04596	3.26	0
979	18:16:40.14	0.0665	21.12992	20.90	42.61	1.1	0.998736	22.1003	1.29908	805.12	1.04593	3.26	0
980	18:16:40.43	0.0670	21.12971	20.91	42.61	1.1	0.998730	22.1000	1.29908	805.12	1.04593	3.26	0
981	18:16:40.73	0.0675	21.12957	20.91	42.61	1.1	0.998724	22.1004	1.29912	805.12	1.04594	3.26	0
982	18:16:41.03	0.0660	21.13020	20.91	42.61	1.1	0.998754	22.1007	1.29908	805.12	1.04593	3.26	0
983	18:16:41.33	0.0670	21.12964	20.91	42.61	1.1	0.998730	22.1012	1.29912	805.14	1.04598	3.26	0
984	18:16:41.63	0.0670	21.12978	20.91	42.61	1.1	0.998736	22.1006	1.29912	805.12	1.04594	3.26	0
985	18:16:41.93	0.0675	21.12950	20.91	42.65	1.1	0.998724	22.1005	1.29912	805.12	1.04595	3.26	0
986	18:16:42.23	0.0690	21.12880	20.91	42.65	1.1	0.998694	22.1006	1.29912	805.14	1.04599	3.26	0
987	18:16:42.53	0.0685	21.12901	20.91	42.65	1.1	0.998700	22.1007	1.29912	805.14	1.04599	3.26	0
988	18:16:42.83	0.0685	21.12915	20.91	42.65	1.1	0.998706	22.1005	1.29912	805.14	1.04597	3.26	0
989	18:16:43.13	0.0675	21.12950	20.91	42.65	1.1	0.998724	22.1009	1.29912	805.14	1.04597	3.26	0
990	18:16:43.43	0.0640	21.13083	20.91	42.65	1.1	0.998790	22.1018	1.29912	805.14	1.04595	3.26	0
991	18:16:43.73	0.0660	21.13013	20.91	42.65	1.1	0.998754	22.1007	1.29908	805.12	1.04593	3.26	0
992	18:16:44.03	0.0685	21.12915	20.91	42.65	1.1	0.998706	22.1009	1.29912	805.14	1.04599	3.26	0
993	18:16:44.33	0.0675	21.12957	20.91	42.65	1.1	0.998724	22.1014	1.29912	805.16	1.04600	3.26	0
994	18:16:44.63	0.0675	21.12950	20.91	42.65	1.1	0.998724	22.1008	1.29912	805.14	1.04597	3.26	0
995	18:16:44.93	0.0675	21.12936	20.91	42.65	1.1	0.998718	22.1010	1.29912	805.14	1.04598	3.26	0
996	18:16:45.23	0.0680	21.12936	20.91	42.65	1.1	0.998718	22.1005	1.29912	805.12	1.04596	3.26	0
997	18:16:45.53	0.0655	21.13027	20.91	42.65	1.1	0.998760	22.1012	1.29908	805.14	1.04595	3.26	0
998	18:16:45.83	0.0700	21.12838	20.91	42.65	1.1	0.998670	22.1003	1.29916	805.14	1.04600	3.26	0
999	18:16:46.13	0.0685	21.12908	20.91	42.68	1.1	0.998706	22.1007	1.29912	805.14	1.04599	3.26	0
1000	18:16:46.43	0.0670	21.12957	20.91	42.68	1.1	0.998730	22.1004	1.29912	805.14	1.04595	3.26	0
1001	18:16:46.73	0.0670	21.12971	20.91	42.68	1.1	0.998736	22.1005	1.29912	805.12	1.04594	3.26	0
1002	18:16:47.03	0.0660	21.12999	20.91	42.68	1.1	0.998748	22.1007	1.29908	805.12	1.04594	3.26	0
1003	18:16:47.33	0.0670	21.12971	20.91	42.68	1.1	0.998736	22.1010	1.29912	805.14	1.04597	3.26	0
1004	18:16:47.63	0.0675	21.12950	20.91	42.68	1.1	0.998724	22.1010	1.29912	805.14	1.04597	3.26	0
1005	18:16:47.93	0.0675	21.12950	20.91	42.68	1.1	0.998724	22.1010	1.29916	805.12	1.04597	3.26	0
1006	18:16:48.23	0.0680	21.12929	20.91	42.68	1.1	0.998718	22.1000	1.29912	805.12	1.04594	3.26	0
1007	18:16:48.53	0.0655	21.13020	20.91	42.68	1.1	0.998760	22.1006	1.29908	805.12	1.04593	3.26	0
1008	18:16:48.83	0.0660	21.13013	20.91	42.68	1.1	0.998754	22.1007	1.29912	805.12	1.04593	3.26	0
1009	18:16:49.13	0.0670	21.12971	20.91	42.68	1.1	0.998736	22.1002	1.29908	805.12	1.04593	3.26	0
1010	18:16:49.43	0.0675	21.12950	20.91	42.68	1.1	0.998724	22.1006	1.29912	805.14	1.04596	3.26	0
1011	18:16:49.73	0.0670	21.12971	20.91	42.68	1.1	0.998736	22.1005	1.29908	805.14	1.04594	3.26	0
1012	18:16:50.03	0.0665	21.12992	20.91	42.68	1.1	0.998748	22.1012	1.29912	805.14	1.04596	3.26	0
1013	18:16:50.33	0.0675	21.12950	20.91	42.71	1.1	0.998724	22.1000	1.29912	805.12	1.04594	3.26	0
1014	18:16:50.63	0.0685	21.12894	20.91	42.71	1.1	0.998700	22.1006	1.29912	805.14	1.04599	3.26	0
1015	18:16:50.93	0.0670	21.12971	20.91	42.71	1.1	0.998736	22.1008	1.29912	805.14	1.04596	3.26	0
1016	18:16:51.23	0.0680	21.12929	20.91	42.71	1.1	0.998718	22.1004	1.29912	805.14	1.04596	3.26	0
1017	18:16:51.53	0.0680	21.12915	20.91	42.71	1.1	0.998712	22.1012	1.29916	805.14	1.04601	3.26	0
1018	18:16:51.83	0.0665	21.12978	20.91	42.71	1.1	0.998742	22.1004	1.29908	805.12	1.04594	3.26	0
1019	18:16:52.13	0.0675	21.12943	20.91	42.71	1.1	0.998724	22.1005	1.29912	805.14	1.04596	3.26	0
1020	18:16:52.43	0.0670	21.12971	20.91	42.71	1.1	0.998736	22.1000	1.29908	805.12	1.04593	3.26	0
1021	18:16:52.73	0.0680	21.12915	20.91	42.71	1.1	0.998712	22.1006	1.29912	805.14	1.04597	3.26	0
1022	18:16:53.03	0.0665	21.12978	20.91	42.71	1.1	0.998742	22.1005	1.29912	805.12	1.04594	3.26	0
1023	18:16:53.33	0.0685	21.12901	20.91	42.71	1.1	0.998706	22.1003	1.29912	805.14	1.04597	3.26	0
1024	18:16:53.63	0.0675	21.12943	20.91	42.71	1.1	0.998724	22.1006	1.29912	805.14	1.04596	3.26	0
1025	18:16:53.93	0.0660	21.12992	20.91	42.71	1.1	0.998748	22.1012	1.29912	805.14	1.04596	3.26	0
1026	18:16:54.23	0.0680	21.12929	20.91	42.71	1.1	0.998718	22.1011	1.29912	805.16	1.04599	3.26	0
1027	18:16:54.53	0.0655	21.13020	20.91	42.71	1.1	0.998760	22.1014	1.29912	805.14	1.04596	3.26	0
1028	18:16:54.83	0.0680	21.12915	20.91	42.71	1.1	0.998712	22.1007	1.29916	805.14	1.04599	3.26	0
1029	18:16:55.13	0.0670	21.12964	20.91	42.71	1.1	0.998736	22.1005	1.29908	805.14	1.04595	3.26	0
1030	18:16:55.43	0.0650	21.13041	20.91	42.71	1.1	0.998772	22.1007	1.29908	805.12	1.04592	3.26	0
1031	18:16:55.73	0.0670	21.12971	20.91	42.71	1.1	0.998736	22.1003	1.29912	805.12	1.04594	3.26	0
1032	18:16:56.03	0.0680	21.12915	20.91	42.71	1.1	0.998712	22.1011	1.29912	805.14	1.04600	3.26	0
1033	18:16:56.33	0.0680	21.12922	20.91	42.71	1.1	0.998712	22.1008	1.29912	805.14	1.04598	3.26	0
1034	18:16:56.63	0.0680	21.12915	20.91	42.71	1.1	0.998706	22.1003	1.29912	805.14	1.04596	3.26	0
1035	18:16:56.93	0.0660	21.12999	20.91	42.74	1.1	0.998754	22.1003	1.29912	805.12	1.04592	3.26	0
1036	18:16:57.23	0.0685	21.12894	20.91	42.74	1.1	0.998700	22.1005	1.29912	805.14	1.04599	3.26	0
1037	18:16:57.53	0.0660	21.12992	20.91	42.71	1.1	0.998748	22.1001	1.29908	805.12	1.04591	3.26	0
1038	18:16:57.83	0.0660	21.12999	20.91	42.71	1.1	0.998754	22.1002	1.29908	805.12	1.04591	3.26	0
1039	18:16:58.13	0.0685	21.12908	20.91	42.74	1.1	0.998706	22.1003	1.29912	805.14	1.04597	3.26	0
1040	18:16:58.43	0.0665	21.12978	20.91	42.74	1.1	0.998742	22.1003	1.29908	805.12	1.04593	3.26	0
1041	18:16:58.73	0.0650	21.13027	20.91	42.74	1.1	0.998766	22.1005	1.29908	805.12	1.04591	3.26	0
1042	18:16:59.03	0.0675	21.12936	20.91	42.74	1.1	0.998724	22.1010	1.29912	805.14	1.04599	3.26	0
1043	18:16:59.33	0.0670	21.12964	20.91	42.74	1.1	0.998736	22.1007	1.29912	805.14	1.04596	3.26	0
1044	18:16:59.63	0.0675	21.12943	20.91	42.74	1.1	0.998724	22.1006	1.29912	805.14	1.04596	3.26	0
1045	18:16:59.93	0.0670	21.12964	20.91	42.74	1.1	0.998736	22.1005	1.29912	805.12	1.04595	3.26	0
1046	18:17:00.23	0.0685	21.12908	20.90	42.74	1.1	0.998706	22.1007	1.29912	805.14	1.04599	3.26	0
1047	18:17:00.53	0.0675	21.12950	20.90	42.74	1.1	0.998724	22.1008	1.29912	805.14	1.04597	3.26	0
1048	18:17:00.83	0.0675	21.12929	20.91	42.74	1.1	0.998718	22.1007	1.29912	805.14	1.04598	3.26	0
1049	18:17:01.13	0.0675	21.12929	20.91	42.74	1.1	0.998718	22.1013	1.29916	805.14	1.04600	3.26	0
1050	18:17:01.43	0.0655	21.13013	20.91	42.74	1.1	0.998760	22.1010	1.29912	805.12	1.04594	3.26	0
1051	18:17:01.73	0.0670	21.12950	20.91	42.74	1.1	0.998730	22.1009	1.29912	805.14	1.04597	3.26	0
1052	18:17:02.03	0.0675	21.12929	20.91	42.74	1.1	0.998718	22.1010	1.29912	805.14	1.04599	3.26	0
1053	18:17:02.33	0.0675	21.12929	20.91	42.74	1.1	0.998718	22.1011	1.29912	805.14	1.04599	3.26	0
1054	18:17:02.63	0.0660	21.13006	20.91	42.74	1.1	0.998754	22.1004	1.29912	805.12	1.04592	3.26	0
1055	18:17:02.93	0.0670	21.12957	20.91	42.74	1.1	0.998730	22.1006	1.29912	805.14	1.04596	3.26	0
1056	18:17:03.23	0.0675	21.12929	20.91	42.74	1.1	0.998718	22.1008	1.29912	805.14	1.04598	3.26	0
1057	18:17:03.53	0.0665	21.12971	20.91	42.74	1.1	0.998742	22.1014	1.29912	805.14	1.04599	3.26	0
1058	18:17:03.83	0.0690	21.12873	20.91	42.74	1.1	0.998694	22.1005	1.29912	805.14	1.04599	3.26	0
1059	18:17:04.13	0.0655	21.13020	20.91	42.74	1.1	0.998760	22.1013	1.29912	805.14	1.04596	3.26	0
1060	18:17:04.43	0.0660	21.13006	20.91	42.74	1.1	0.998754	22.1011	1.29912	805.14	1.04596	3.26	0
1061	18:17:04.73	0.0655	21.13013	20.91	42.74	1.1	0.998760	22.1010	1.29912	805.12	1.04594	3.26	0
1062	18:17:05.03	0.0670	21.12957	20.91	42.74	1.1	0.998736	22.1007	1.29912	805.14	1.04596	3.26	0
1063	18:17:05.33	0.0670	21.12950	20.91	42.74	1.1	0.998730	22.1010	1.29912	805.14	1.04598	3.26	0
1064	18:17:05.63	0.0680	21.12922	20.91	42.74	1.1	0.998712	22.1002	1.29912	805.14	1.04596	3.26	0
1065	18:17:05.93	0.0645	21.13055	20.91	42.74	1.1	0.998778	22.1005	1.29908	805.12	1.04590	3.26	0
1066	18:17:06.23	0.0675	21.12943	20.91	42.74	1.1	0.998724	22.1008	1.29912	805.14	1.04597	3.26	0
1067	18:17:06.53	0.0670	21.12957	20.91	42.74	1.1	0.998730	22.0999	1.29908	805.12	1.04593	3.26	0
1068	18:17:06.83	0.0665	21.12971	20.91	42.74	1.1	0.998736	22.1000	1.29908	805.12	1.04593	3.26	0
1069	18:17:07.13	0.0660	21.12985	20.91	42.77	1.1	0.998748	22.1005	1.29908	805.12	1.04594	3.26	0
1070	18:17:07.43	0.0680	21.12901	20.91	42.77	1.1	0.998706	22.1000	1.29912	805.14	1.04596	3.26	0
1071	18:17:07.73	0.0670	21.12957	20.91	42.77	1.1	0.998736	22.1002	1.29912	805.12	1.04594	3.26	0
1072	18:17:08.03	0.0690	21.12880	20.91	42.77	1.1	0.998700	22.1000	1.29908	805.16	1.04597	3.26	0
1073	18:17:08.33	0.0680	21.12915	20.91	42.77	1.1	0.998718	22.1000	1.29912	805.12	1.04594	3.26	0
1074	18:17:08.63	0.0675	21.12922	20.91	42.77	1.1	0.998718	22.1001	1.29912	805.12	1.04595	3.26	0
1075	18:17:08.93	0.0640	21.13069	20.91	42.77	1.1	0.998784	22.1001	1.29908	805.10	1.04588	3.26	0
1076	18:17:09.23	0.0680	21.12922	20.91	42.77	1.1	0.998718	22.1003	1.29912	805.14	1.04596	3.26	0
1077	18:17:09.54	0.0695	21.12859	20.91	42.77	1.1	0.998688	22.0994	1.29912	805.12	1.04595	3.26	0
1078	18:17:09.83	0.0665	21.12964	20.91	42.77	1.1	0.998736	22.0998	1.29908	805.12	1.04591	3.26	0
1079	18:17:10.13	0.0680	21.12908	20.91	42.77	1.1	0.998712	22.0998	1.29908	805.14	1.04594	3.26	0
1080	18:17:10.43	0.0660	21.12985	20.91	42.77	1.1	0.998748	22.1003	1.29908	805.12	1.04593	3.26	0
1081	18:17:10.73	0.0675	21.12943	20.91	42.77	1.1	0.998724	22.1000	1.29912	805.12	1.04594	3.26	0
1082	18:17:11.03	0.0690	21.12866	20.91	42.77	1.1	0.998694	22.1005	1.29916	805.14	1.04600	3.26	0
1083	18:17:11.33	0.0655	21.13013	20.91	42.77	1.1	0.998760	22.1004	1.29908	805.12	1.04591	3.26	0
1084	18:17:11.63	0.0665	21.12971	20.91	42.77	1.1	0.998742	22.1003	1.29908	805.12	1.04594	3.26	0
1085	18:17:11.93	0.0690	21.12880	20.91	42.77	1.1	0.998700	22.0997	1.29912	805.12	1.04595	3.26	0
1086	18:17:12.23	0.0665	21.12964	20.91	42.77	1.1	0.998736	22.1001	1.29908	805.12	1.04593	3.26	0
1087	18:17:12.53	0.0670	21.12964	20.91	42.77	1.1	0.998736	22.0994	1.29908	805.12	1.04590	3.26	0
1088	18:17:12.83	0.0660	21.12992	20.91	42.77	1.1	0.998754	22.1002	1.29908	805.12	1.04592	3.26	0
1089	18:17:13.13	0.0670	21.12950	20.91	42.77	1.1	0.998730	22.0998	1.29908	805.12	1.04592	3.26	0
1090	18:17:13.43	0.0670	21.12943	20.91	42.77	1.1	0.998730	22.1006	1.29912	805.14	1.04596	3.26	0
1091	18:17:13.73	0.0670	21.12943	20.91	42.77	1.1	0.998730	22.1003	1.29912	805.12	1.04595	3.26	0
1092	18:17:14.03	0.0680	21.12908	20.91	42.77	1.1	0.998712	22.1003	1.29912	805.14	1.04597	3.26	0
1093	18:17:14.33	0.0680	21.12915	20.91	42.77	1.1	0.998712	22.1007	1.29912	805.14	1.04599	3.26	0
1094	18:17:14.63	0.0680	21.12908	20.91	42.77	1.1	0.998712	22.1007	1.29912	805.14	1.04598	3.26	0
1095	18:17:14.93	0.0670	21.12943	20.91	42.77	1.1	0.998730	22.0999	1.29912	805.12	1.04593	3.26	0
1096	18:17:15.23	0.0675	21.12943	20.91	42.77	1.1	0.998724	22.1004	1.29912	805.12	1.04596	3.26	0
1097	18:17:15.53	0.0670	21.12950	20.91	42.77	1.1	0.998730	22.1004	1.29912	805.12	1.04595	3.26	0
1098	18:17:15.83	0.0685	21.12887	20.91	42.77	1.1	0.998700	22.1007	1.29916	805.14	1.04600	3.26	0
1099	18:17:16.13	0.0665	21.12978	20.91	42.77	1.1	0.998748	22.1006	1.29912	805.12	1.04594	3.26	0
1100	18:17:16.43	0.0660	21.12985	20.91	42.77	1.1	0.998748	22.1004	1.29912	805.12	1.04593	3.26	0
1101	18:17:16.73	0.0665	21.12964	20.91	42.77	1.1	0.998736	22.1002	1.29908	805.12	1.04593	3.26	0
1102	18:17:17.03	0.0670	21.12957	20.91	42.77	1.1	0.998736	22.1008	1.29912	805.14	1.04597	3.26	0
1103	18:17:17.33	0.0670	21.12950	20.91	42.77	1.1	0.998730	22.1004	1.29912	805.12	1.04595	3.26	0
1104	18:17:17.63	0.0670	21.12950	20.91	42.77	1.1	0.998730	22.1012	1.29912	805.16	1.04599	3.26	0
1105	18:17:17.93	0.0670	21.12957	20.91	42.77	1.1	0.998736	22.1004	1.29912	805.12	1.04595	3.26	0
1106	18:17:18.23	0.0685	21.12894	20.91	42.77	1.1	0.998706	22.1002	1.29912	805.14	1.04597	3.26	0
1107	18:17:18.53	0.0675	21.12922	20.91	42.81	1.1	0.998718	22.1003	1.29912	805.12	1.04596	3.26	0
1108	18:17:18.83	0.0665	21.12964	20.91	42.81	1.1	0.998736	22.1012	1.29912	805.14	1.04598	3.26	0
1109	18:17:19.13	0.0670	21.12950	20.91	42.81	1.1	0.998736	22.1000	1.29908	805.12	1.04593	3.26	0
1110	18:17:19.43	0.0685	21.12894	20.91	42.81	1.1	0.998706	22.1005	1.29912	805.14	1.04599	3.26	0
1111	18:17:19.73	0.0660	21.12999	20.91	42.77	1.1	0.998754	22.1009	1.29912	805.12	1.04595	3.26	0
1112	18:17:20.03	0.0665	21.12978	20.91	42.77	1.1	0.998742	22.1009	1.29912	805.14	1.04596	3.26	0
1113	18:17:20.33	0.0670	21.12943	20.91	42.77	1.1	0.998730	22.0999	1.29908	805.12	1.04593	3.26	0
1114	18:17:20.63	0.0665	21.12964	20.91	42.77	1.1	0.998736	22.0993	1.29908	805.10	1.04589	3.26	0
1115	18:17:20.93	0.0670	21.12950	20.91	42.77	1.1	0.998730	22.1003	1.29912	805.12	1.04594	3.26	0
1116	18:17:21.23	0.0685	21.12901	20.91	42.77	1.1	0.998706	22.0998	1.29912	805.12	1.04595	3.26	0
1117	18:17:21.53	0.0655	21.13020	20.91	42.77	1.1	0.998766	22.1005	1.29908	805.12	1.04592	3.26	0
1118	18:17:21.83	0.0675	21.12922	20.91	42.77	1.1	0.998718	22.1003	1.29908	805.14	1.04596	3.26	0
1119	18:17:22.13	0.0685	21.12894	20.91	42.81	1.1	0.998706	22.1003	1.29912	805.14	1.04597	3.26	0
1120	18:17:22.43	0.0670	21.12957	20.91	42.81	1.1	0.998736	22.1011	1.29912	805.14	1.04598	3.26	0
1121	18:17:22.73	0.0670	21.12957	20.91	42.81	1.1	0.998736	22.1005	1.29908	805.14	1.04595	3.26	0
1122	18:17:23.03	0.0680	21.12915	20.91	42.81	1.1	0.998718	22.0999	1.29908	805.14	1.04594	3.26	0
1123	18:17:23.33	0.0700	21.12838	20.91	42.81	1.1	0.998676	22.1000	1.29912	805.14	1.04599	3.26	0
1124	18:17:23.63	0.0685	21.12887	20.92	42.81	1.1	0.998706	22.1003	1.29912	805.14	1.04597	3.26	0
1125	18:17:23.93	0.0665	21.12964	20.92	42.81	1.1	0.998742	22.1005	1.29912	805.14	1.04595	3.26	0
1126	18:17:24.23	0.0685	21.12887	20.91	42.81	1.1	0.998700	22.0996	1.29912	805.12	1.04594	3.26	0
1127	18:17:24.53	0.0680	21.12915	20.91	42.81	1.1	0.998718	22.1003	1.29912	805.12	1.04596	3.26	0
1128	18:17:24.83	0.0695	21.12838	20.91	42.81	1.1	0.998682	22.1002	1.29916	805.14	1.04599	3.26	0
1129	18:17:25.13	0.0690	21.12866	20.91	42.84	1.1	0.998694	22.1001	1.29912	805.14	1.04598	3.26	0
1130	18:17:25.43	0.0665	21.12971	20.91	42.84	1.1	0.998742	22.1006	1.29912	805.12	1.04595	3.26	0
1131	18:17:25.73	0.0685	21.12887	20.91	42.84	1.1	0.998706	22.1002	1.29912	805.14	1.04597	3.26	0
1132	18:17:26.03	0.0655	21.12992	20.92	42.84	1.1	0.998760	22.1004	1.29908	805.12	1.04593	3.26	0
1133	18:17:26.33	0.0670	21.12936	20.92	42.84	1.1	0.998730	22.1007	1.29912	805.14	1.04597	3.26	0
1134	18:17:26.63	0.0655	21.13006	20.92	42.84	1.1	0.998766	22.1010	1.29912	805.14	1.04596	3.26	0
1135	18:17:26.93	0.0675	21.12908	20.92	42.87	1.1	0.998724	22.1004	1.29912	805.14	1.04597	3.26	0
1136	18:17:27.23	0.0655	21.13006	20.91	42.87	1.1	0.998760	22.1002	1.29908	805.12	1.04591	3.26	0
1137	18:17:27.53	0.0680	21.12908	20.91	42.87	1.1	0.998718	22.1011	1.29916	805.14	1.04600	3.26	0
1138	18:17:27.83	0.0655	21.13006	20.91	42.87	1.1	0.998766	22.1008	1.29908	805.12	1.04594	3.26	0
1139	18:17:28.13	0.0660	21.12992	20.91	42.87	1.1	0.998754	22.1007	1.29912	805.12	1.04594	3.26	0
1140	18:17:28.43	0.0665	21.12950	20.92	42.87	1.1	0.998742	22.1005	1.29912	805.14	1.04596	3.26	0
1141	18:17:28.73	0.0670	21.12943	20.92	42.87	1.1	0.998736	22.1003	1.29912	805.12	1.04595	3.26	0
1142	18:17:29.03	0.0665	21.12957	20.91	42.87	1.1	0.998742	22.1000	1.29908	805.12	1.04593	3.26	0
1143	18:17:29.33	0.0670	21.12943	20.91	42.87	1.1	0.998736	22.1005	1.29912	805.14	1.04596	3.26	0
1144	18:17:29.63	0.0670	21.12929	20.92	42.87	1.1	0.998730	22.1003	1.29912	805.14	1.04596	3.26	0
1145	18:17:29.93	0.0670	21.12922	20.92	42.90	1.1	0.998730	22.1005	1.29912	805.14	1.04597	3.26	0
1146	18:17:30.23	0.0665	21.12943	20.92	42.90	1.1	0.998742	22.1009	1.29912	805.14	1.04597	3.26	0
1147	18:17:30.53	0.0675	21.12901	20.92	42.90	1.1	0.998718	22.1007	1.29912	805.14	1.04599	3.26	0
1148	18:17:30.83	0.0675	21.12908	20.92	42.90	1.1	0.998724	22.1005	1.29912	805.14	1.04597	3.26	0
1149	18:17:31.13	0.0675	21.12908	20.92	42.90	1.1	0.998724	22.1013	1.29916	805.16	1.04601	3.26	0
1150	18:17:31.43	0.0670	21.12922	20.92	42.90	1.1	0.998730	22.1012	1.29916	805.14	1.04600	3.26	0
1151	18:17:31.73	0.0665	21.12943	20.92	42.87	1.1	0.998736	22.1010	1.29912	805.14	1.04599	3.26	0
1152	18:17:32.03	0.0665	21.12950	20.92	42.87	1.1	0.998742	22.1007	1.29912	805.14	1.04597	3.26	0
1153	18:17:32.33	0.0675	21.12922	20.92	42.87	1.1	0.998724	22.1012	1.29916	805.14	1.04600	3.26	0
1154	18:17:32.63	0.0675	21.12908	20.92	42.87	1.1	0.998718	22.1006	1.29912	805.14	1.04598	3.26	0
1155	18:17:32.93	0.0675	21.12901	20.92	42.87	1.1	0.998718	22.1010	1.29912	805.16	1.04600	3.26	0
1156	18:17:33.23	0.0665	21.12943	20.92	42.87	1.1	0.998736	22.1009	1.29912	805.14	1.04597	3.26	0
1157	18:17:33.53	0.0665	21.12943	20.92	42.87	1.1	0.998736	22.1013	1.29912	805.14	1.04599	3.26	0
1158	18:17:33.83	0.0660	21.12978	20.92	42.87	1.1	0.998754	22.1011	1.29912	805.14	1.04597	3.26	0
1159	18:17:34.13	0.0670	21.12943	20.92	42.87	1.1	0.998736	22.1007	1.29912	805.14	1.04597	3.26	0
1160	18:17:34.43	0.0655	21.12992	20.92	42.87	1.1	0.998760	22.1009	1.29908	805.14	1.04595	3.26	0
1161	18:17:34.73	0.0680	21.12894	20.92	42.87	1.1	0.998712	22.1009	1.29912	805.16	1.04600	3.26	0
1162	18:17:35.03	0.0675	21.12922	20.92	42.87	1.1	0.998724	22.1004	1.29912	805.14	1.04597	3.26	0
1163	18:17:35.33	0.0655	21.12992	20.92	42.87	1.1	0.998760	22.1003	1.29908	805.12	1.04592	3.26	0
1164	18:17:35.63	0.0670	21.12936	20.92	42.87	1.1	0.998736	22.0999	1.29908	805.12	1.04593	3.26	0
1165	18:17:35.93	0.0660	21.12964	20.92	42.87	1.1	0.998748	22.1007	1.29912	805.14	1.04596	3.26	0
1166	18:17:36.23	0.0665	21.12957	20.92	42.87	1.1	0.998742	22.1004	1.29912	805.12	1.04594	3.26	0
1167	18:17:36.53	0.0665	21.12964	20.92	42.84	1.1	0.998742	22.1007	1.29908	805.14	1.04596	3.26	0
1168	18:17:36.83	0.0705	21.12796	20.92	42.84	1.1	0.998664	22.0998	1.29912	805.16	1.04600	3.26	0
1169	18:17:37.13	0.0670	21.12936	20.92	42.84	1.1	0.998730	22.1007	1.29912	805.14	1.04597	3.26	0
1170	18:17:37.43	0.0675	21.12908	20.92	42.84	1.1	0.998718	22.0998	1.29908	805.14	1.04594	3.26	0
1171	18:17:37.73	0.0695	21.12845	20.92	42.84	1.1	0.998688	22.1002	1.29912	805.16	1.04599	3.26	0
1172	18:17:38.03	0.0670	21.12936	20.92	42.84	1.1	0.998730	22.1006	1.29912	805.14	1.04597	3.26	0
1173	18:17:38.33	0.0700	21.12810	20.92	42.84	1.1	0.998670	22.1001	1.29912	805.16	1.04600	3.26	0
1174	18:17:38.63	0.0675	21.12915	20.92	42.84	1.1	0.998724	22.1007	1.29912	805.14	1.04598	3.26	0
1175	18:17:38.93	0.0665	21.12950	20.92	42.84	1.1	0.998742	22.1012	1.29912	805.16	1.04599	3.26	0
1176	18:17:39.23	0.0675	21.12908	20.92	42.84	1.1	0.998718	22.1002	1.29912	805.14	1.04596	3.26	0
1177	18:17:39.53	0.0680	21.12887	20.92	42.84	1.1	0.998712	22.1010	1.29912	805.16	1.04601	3.26	0
1178	18:17:39.83	0.0670	21.12936	20.92	42.84	1.1	0.998730	22.1005	1.29912	805.14	1.04596	3.26	0
1179	18:17:40.13	0.0685	21.12880	20.92	42.81	1.1	0.998706	22.1001	1.29912	805.14	1.04597	3.26	0
1180	18:17:40.43	0.0670	21.12943	20.92	42.81	1.1	0.998730	22.1004	1.29908	805.14	1.04596	3.26	0
1181	18:17:40.73	0.0680	21.12908	20.92	42.81	1.1	0.998718	22.1002	1.29908	805.14	1.04596	3.26	0
1182	18:17:41.03	0.0680	21.12894	20.92	42.81	1.1	0.998706	22.1003	1.29912	805.14	1.04597	3.26	0
1183	18:17:41.33	0.0675	21.12915	20.92	42.81	1.1	0.998718	22.1007	1.29912	805.14	1.04599	3.26	0
1184	18:17:41.63	0.0675	21.12915	20.92	42.81	1.1	0.998718	22.1012	1.29912	805.16	1.04601	3.26	0
1185	18:17:41.93	0.0680	21.12901	20.92	42.81	1.1	0.998712	22.1000	1.29908	805.14	1.04596	3.26	0
1186	18:17:42.23	0.0680	21.12908	20.92	42.81	1.1	0.998718	22.1002	1.29912	805.12	1.04596	3.26	0
1187	18:17:42.53	0.0675	21.12908	20.92	42.81	1.1	0.998718	22.1004	1.29912	805.14	1.04597	3.26	0
1188	18:17:42.83	0.0685	21.12873	20.92	42.81	1.1	0.998700	22.1007	1.29912	805.16	1.04600	3.26	0
1189	18:17:43.13	0.0660	21.12978	20.92	42.81	1.1	0.998748	22.1010	1.29912	805.14	1.04596	3.26	0
1190	18:17:43.43	0.0680	21.12901	20.92	42.81	1.1	0.998712	22.1003	1.29912	805.14	1.04597	3.26	0
1191	18:17:43.73	0.0675	21.12922	20.92	42.81	1.1	0.998724	22.1007	1.29912	805.14	1.04598	3.26	0
1192	18:17:44.03	0.0675	21.12908	20.92	42.81	1.1	0.998718	22.1009	1.29912	805.16	1.04599	3.26	0
1193	18:17:44.33	0.0670	21.12943	20.92	42.81	1.1	0.998736	22.1007	1.29912	805.14	1.04597	3.26	0
1194	18:17:44.63	0.0685	21.12887	20.92	42.81	1.1	0.998706	22.1003	1.29912	805.14	1.04598	3.26	0
1195	18:17:44.93	0.0690	21.12866	20.92	42.81	1.1	0.998700	22.1013	1.29916	805.16	1.04603	3.26	0
1196	18:17:45.23	0.0705	21.12810	20.91	42.81	1.1	0.998664	22.1020	1.29920	805.18	1.04609	3.26	0
1197	18:17:45.53	0.0695	21.12852	20.91	42.81	1.1	0.998688	22.1007	1.29916	805.16	1.04602	3.26	0
1198	18:17:45.83	0.0675	21.12929	20.92	42.81	1.1	0.998724	22.1004	1.29912	805.14	1.04596	3.26	0
1199	18:17:46.13	0.0690	21.12866	20.92	42.81	1.1	0.998700	22.1010	1.29916	805.16	1.04602	3.26	0
1200	18:17:46.43	0.0680	21.12901	20.92	42.81	1.1	0.998712	22.1015	1.29916	805.16	1.04603	3.26	0
1201	18:17:46.73	0.0675	21.12922	20.92	42.77	1.1	0.998724	22.1001	1.29912	805.14	1.04595	3.26	0
1202	18:17:47.03	0.0700	21.12831	20.92	42.77	1.1	0.998682	22.1008	1.29916	805.16	1.04603	3.26	0
1203	18:17:47.33	0.0680	21.12901	20.92	42.77	1.1	0.998712	22.1011	1.29912	805.16	1.04601	3.26	0
1204	18:17:47.63	0.0685	21.12887	20.92	42.77	1.1	0.998706	22.1011	1.29912	805.16	1.04602	3.26	0
1205	18:17:47.93	0.0670	21.12936	20.92	42.77	1.1	0.998730	22.1006	1.29912	805.14	1.04597	3.26	0
1206	18:17:48.23	0.0680	21.12908	20.92	42.77	1.1	0.998712	22.1010	1.29912	805.16	1.04600	3.26	0
1207	18:17:48.53	0.0670	21.12936	20.92	42.77	1.1	0.998730	22.1007	1.29912	805.14	1.04597	3.26	0
1208	18:17:48.83	0.0670	21.12950	20.92	42.77	1.1	0.998736	22.1005	1.29908	805.14	1.04595	3.26	0
1209	18:17:49.13	0.0680	21.12908	20.92	42.77	1.1	0.998718	22.1005	1.29912	805.14	1.04597	3.26	0
1210	18:17:49.43	0.0685	21.12887	20.92	42.77	1.1	0.998706	22.1004	1.29912	805.16	1.04598	3.26	0
1211	18:17:49.73	0.0685	21.12880	20.92	42.77	1.1	0.998700	22.1005	1.29912	805.14	1.04599	3.26	0
1212	18:17:50.03	0.0680	21.12908	20.92	42.77	1.1	0.998718	22.1005	1.29912	805.14	1.04597	3.26	0
1213	18:17:50.33	0.0675	21.12936	20.92	42.77	1.1	0.998724	22.1005	1.29912	805.14	1.04596	3.26	0
1214	18:17:50.63	0.0680	21.12894	20.92	42.77	1.1	0.998712	22.1009	1.29912	805.16	1.04600	3.26	0
1215	18:17:50.93	0.0675	21.12936	20.92	42.77	1.1	0.998724	22.1006	1.29912	805.14	1.04597	3.26	0
1216	18:17:51.23	0.0675	21.12915	20.92	42.77	1.1	0.998718	22.1007	1.29912	805.16	1.04599	3.26	0
1217	18:17:51.53	0.0670	21.12943	20.92	42.77	1.1	0.998730	22.1007	1.29912	805.14	1.04597	3.26	0
1218	18:17:51.83	0.0690	21.12873	20.92	42.77	1.1	0.998700	22.1007	1.29912	805.16	1.04600	3.26	0
1219	18:17:52.13	0.0685	21.12880	20.92	42.77	1.1	0.998700	22.1008	1.29916	805.16	1.04600	3.26	0
1220	18:17:52.43	0.0665	21.12957	20.92	42.77	1.1	0.998742	22.1009	1.29912	805.14	1.04597	3.26	0
1221	18:17:52.73	0.0670	21.12943	20.92	42.77	1.1	0.998730	22.1010	1.29912	805.16	1.04598	3.26	0
1222	18:17:53.03	0.0670	21.12936	20.92	42.77	1.1	0.998730	22.1009	1.29912	805.14	1.04598	3.26	0
1223	18:17:53.33	0.0670	21.12943	20.92	42.77	1.1	0.998730	22.1006	1.29912	805.14	1.04596	3.26	0
1224	18:17:53.63	0.0670	21.12936	20.92	42.77	1.1	0.998730	22.1007	1.29912	805.14	1.04597	3.26	0
1225	18:17:53.93	0.0685	21.12887	20.92	42.77	1.1	0.998706	22.1008	1.29912	805.16	1.04600	3.26	0
1226	18:17:54.23	0.0685	21.12887	20.92	42.77	1.1	0.998706	22.1008	1.29912	805.16	1.04600	3.26	0
1227	18:17:54.53	0.0690	21.12873	20.92	42.77	1.1	0.998700	22.1006	1.29916	805.14	1.04600	3.26	0
1228	18:17:54.83	0.0700	21.12824	20.92	42.77	1.1	0.998676	22.1001	1.29912	805.16	1.04600	3.26	0
1229	18:17:55.13	0.0675	21.12922	20.92	42.77	1.1	0.998724	22.1009	1.29912	805.16	1.04599	3.26	0
1230	18:17:55.43	0.0680	21.12901	20.92	42.77	1.1	0.998712	22.1005	1.29912	805.16	1.04598	3.26	0
1231	18:17:55.73	0.0670	21.12950	20.92	42.77	1.1	0.998736	22.1005	1.29908	805.14	1.04596	3.26	0
1232	18:17:56.03	0.0690	21.12873	20.92	42.77	1.1	0.998700	22.0995	1.29908	805.14	1.04595	3.26	0
1233	18:17:56.33	0.0675	21.12915	20.92	42.74	1.1	0.998718	22.1011	1.29912	805.16	1.04600	3.26	0
1234	18:17:56.63	0.0680	21.12908	20.92	42.74	1.1	0.998712	22.1005	1.29912	805.14	1.04598	3.26	0
1235	18:17:56.93	0.0685	21.12887	20.92	42.74	1.1	0.998706	22.1010	1.29912	805.16	1.04601	3.26	0
1236	18:17:57.23	0.0680	21.12915	20.92	42.74	1.1	0.998718	22.1005	1.29912	805.14	1.04597	3.26	0
1237	18:17:57.53	0.0675	21.12922	20.92	42.74	1.1	0.998724	22.1006	1.29912	805.14	1.04597	3.26	0
1238	18:17:57.83	0.0670	21.12943	20.92	42.74	1.1	0.998730	22.1010	1.29912	805.14	1.04598	3.26	0
1239	18:17:58.13	0.0695	21.12852	20.92	42.74	1.1	0.998688	22.1011	1.29916	805.16	1.04603	3.26	0
1240	18:17:58.43	0.0685	21.12887	20.92	42.74	1.1	0.998706	22.1006	1.29912	805.16	1.04599	3.26	0
1241	18:17:58.73	0.0700	21.12831	20.92	42.74	1.1	0.998676	22.1006	1.29912	805.16	1.04602	3.26	0
1242	18:17:59.03	0.0670	21.12943	20.92	42.74	1.1	0.998730	22.1007	1.29912	805.14	1.04597	3.26	0
1243	18:17:59.33	0.0700	21.12831	20.92	42.74	1.1	0.998676	22.1000	1.29912	805.16	1.04599	3.26	0
1244	18:17:59.63	0.0670	21.12943	20.93	42.74	1.1	0.998736	22.1005	1.29908	805.14	1.04596	3.26	0
1245	18:17:59.93	0.0670	21.12929	20.93	42.74	1.1	0.998730	22.0997	1.29908	805.12	1.04593	3.26	0
1246	18:18:00.23	0.0705	21.12803	20.93	42.74	1.1	0.998670	22.1007	1.29916	805.16	1.04603	3.26	0
1247	18:18:00.53	0.0665	21.12950	20.93	42.74	1.1	0.998736	22.1005	1.29908	805.14	1.04595	3.26	0
1248	18:18:00.83	0.0665	21.12964	20.93	42.74	1.1	0.998742	22.1000	1.29908	805.14	1.04593	3.26	0
1249	18:18:01.13	0.0685	21.12880	20.93	42.74	1.1	0.998706	22.1003	1.29912	805.14	1.04598	3.26	0
1250	18:18:01.43	0.0680	21.12901	20.92	42.74	1.1	0.998712	22.1005	1.29912	805.14	1.04598	3.26	0
1251	18:18:01.73	0.0685	21.12880	20.92	42.74	1.1	0.998700	22.0993	1.29908	805.12	1.04594	3.26	0
1252	18:18:02.03	0.0680	21.12894	20.93	42.74	1.1	0.998712	22.1010	1.29912	805.16	1.04600	3.26	0
1253	18:18:02.33	0.0670	21.12943	20.93	42.74	1.1	0.998730	22.1007	1.29912	805.14	1.04597	3.26	0
1254	18:18:02.63	0.0685	21.12873	20.93	42.74	1.1	0.998700	22.1000	1.29912	805.14	1.04597	3.26	0
1255	18:18:02.93	0.0665	21.12964	20.93	42.74	1.1	0.998742	22.1000	1.29908	805.12	1.04593	3.26	0
1256	18:18:03.23	0.0690	21.12866	20.92	42.74	1.1	0.998694	22.1004	1.29912	805.16	1.04599	3.26	0
1257	18:18:03.53	0.0675	21.12922	20.92	42.74	1.1	0.998718	22.1010	1.29912	805.14	1.04599	3.26	0
1258	18:18:03.83	0.0680	21.12915	20.92	42.74	1.1	0.998718	22.1007	1.29912	805.14	1.04598	3.26	0
1259	18:18:04.13	0.0705	21.12810	20.92	42.74	1.1	0.998664	22.1003	1.29912	805.16	1.04602	3.26	0
1260	18:18:04.43	0.0685	21.12873	20.93	42.74	1.1	0.998700	22.1009	1.29912	805.16	1.04602	3.26	0
1261	18:18:04.73	0.0675	21.12915	20.93	42.74	1.1	0.998718	22.1007	1.29912	805.14	1.04598	3.26	0
1262	18:18:05.03	0.0665	21.12950	20.93	42.74	1.1	0.998736	22.1006	1.29912	805.14	1.04596	3.26	0
1263	18:18:05.33	0.0685	21.12880	20.93	42.74	1.1	0.998706	22.1005	1.29912	805.16	1.04599	3.26	0
1264	18:18:05.63	0.0700	21.12831	20.92	42.74	1.1	0.998676	22.1003	1.29912	805.16	1.04600	3.26	0
1265	18:18:05.93	0.0680	21.12915	20.92	42.74	1.1	0.998718	22.1007	1.29912	805.14	1.04598	3.26	0
1266	18:18:06.23	0.0690	21.12852	20.93	42.74	1.1	0.998694	22.1007	1.29912	805.16	1.04602	3.26	0
1267	18:18:06.53	0.0675	21.12922	20.93	42.74	1.1	0.998724	22.1012	1.29912	805.16	1.04600	3.26	0
1268	18:18:06.83	0.0665	21.12957	20.92	42.74	1.1	0.998736	22.1008	1.29912	805.14	1.04597	3.26	0
1269	18:18:07.13	0.0680	21.12908	20.92	42.74	1.1	0.998712	22.1005	1.29912	805.14	1.04597	3.26	0
1270	18:18:07.43	0.0685	21.12887	20.93	42.74	1.1	0.998706	22.1000	1.29908	805.14	1.04596	3.26	0
1271	18:18:07.73	0.0655	21.12992	20.93	42.74	1.1	0.998760	22.1010	1.29908	805.14	1.04596	3.26	0
1272	18:18:08.03	0.0695	21.12845	20.93	42.74	1.1	0.998688	22.1000	1.29912	805.16	1.04599	3.26	0
1273	18:18:08.33	0.0665	21.12964	20.93	42.74	1.1	0.998742	22.1007	1.29908	805.14	1.04596	3.26	0
1274	18:18:08.63	0.0685	21.12873	20.93	42.74	1.1	0.998700	22.1012	1.29916	805.16	1.04603	3.26	0
1275	18:18:08.93	0.0660	21.12985	20.93	42.71	1.1	0.998754	22.1012	1.29908	805.14	1.04597	3.26	0
1276	18:18:09.23	0.0685	21.12887	20.93	42.71	1.1	0.998706	22.1012	1.29916	805.16	1.04602	3.26	0
1277	18:18:09.53	0.0685	21.12873	20.93	42.74	1.1	0.998700	22.1011	1.29916	805.16	1.04602	3.26	0
1278	18:18:09.83	0.0695	21.12831	20.93	42.74	1.1	0.998682	22.1003	1.29912	805.16	1.04600	3.26	0
1279	18:18:10.13	0.0685	21.12873	20.93	42.71	1.1	0.998700	22.1001	1.29912	805.14	1.04597	3.26	0
1280	18:18:10.43	0.0650	21.13034	20.93	42.71	1.1	0.998772	22.1011	1.29908	805.14	1.04594	3.26	0
1281	18:18:10.73	0.0675	21.12929	20.93	42.71	1.1	0.998724	22.1000	1.29908	805.14	1.04594	3.26	0
1282	18:18:11.03	0.0660	21.12985	20.93	42.71	1.1	0.998748	22.1001	1.29908	805.14	1.04592	3.26	0
1283	18:18:11.33	0.0675	21.12922	20.93	42.71	1.1	0.998724	22.0998	1.29908	805.12	1.04593	3.26	0
1284	18:18:11.63	0.0690	21.12866	20.93	42.71	1.1	0.998694	22.1005	1.29912	805.16	1.04599	3.26	0
1285	18:18:11.93	0.0695	21.12852	20.93	42.71	1.1	0.998688	22.1004	1.29912	805.16	1.04600	3.26	0
1286	18:18:12.23	0.0685	21.12887	20.93	42.71	1.1	0.998706	22.1003	1.29912	805.16	1.04598	3.26	0
1287	18:18:12.53	0.0665	21.12971	20.93	42.71	1.1	0.998742	22.1010	1.29908	805.16	1.04597	3.26	0
1288	18:18:12.83	0.0685	21.12880	20.93	42.71	1.1	0.998700	22.1005	1.29912	805.16	1.04599	3.26	0
1289	18:18:13.13	0.0690	21.12866	20.93	42.71	1.1	0.998694	22.1014	1.29916	805.18	1.04604	3.26	0
1290	18:18:13.43	0.0685	21.12887	20.93	42.71	1.1	0.998706	22.1007	1.29912	805.16	1.04600	3.26	0
1291	18:18:13.73	0.0685	21.12887	20.93	42.71	1.1	0.998706	22.1009	1.29912	805.16	1.04600	3.26	0
1292	18:18:14.03	0.0695	21.12838	20.93	42.71	1.1	0.998682	22.1014	1.29916	805.18	1.04605	3.26	0
1293	18:18:14.33	0.0680	21.12901	20.93	42.71	1.1	0.998712	22.1010	1.29912	805.16	1.04600	3.26	0
1294	18:18:14.63	0.0660	21.12978	20.93	42.71	1.1	0.998748	22.1007	1.29908	805.14	1.04595	3.26	0
1295	18:18:14.93	0.0690	21.12866	20.93	42.71	1.1	0.998694	22.1012	1.29912	805.18	1.04603	3.26	0
1296	18:18:15.23	0.0690	21.12866	20.93	42.71	1.1	0.998694	22.1009	1.29912	805.16	1.04602	3.26	0
1297	18:18:15.53	0.0680	21.12908	20.93	42.71	1.1	0.998718	22.1013	1.29912	805.16	1.04602	3.26	0
1298	18:18:15.83	0.0670	21.12929	20.94	42.71	1.1	0.998730	22.1010	1.29912	805.16	1.04599	3.26	0
1299	18:18:16.13	0.0685	21.12880	20.94	42.71	1.1	0.998706	22.1010	1.29912	805.16	1.04601	3.26	0
1300	18:18:16.43	0.0695	21.12838	20.93	42.71	1.1	0.998682	22.1015	1.29916	805.18	1.04606	3.26	0
1301	18:18:16.73	0.0685	21.12873	20.93	42.71	1.1	0.998700	22.1015	1.29916	805.18	1.04604	3.26	0
1302	18:18:17.03	0.0690	21.12859	20.93	42.71	1.1	0.998694	22.1009	1.29912	805.16	1.04602	3.26	0
1303	18:18:17.33	0.0690	21.12866	20.93	42.71	1.1	0.998694	22.1015	1.29916	805.18	1.04605	3.26	0
1304	18:18:17.63	0.0705	21.12803	20.93	42.71	1.1	0.998664	22.1010	1.29916	805.18	1.04605	3.26	0
1305	18:18:17.93	0.0685	21.12880	20.93	42.71	1.1	0.998700	22.1008	1.29912	805.16	1.04600	3.26	0
1306	18:18:18.23	0.0675	21.12929	20.93	42.71	1.1	0.998724	22.1011	1.29912	805.16	1.04599	3.26	0
1307	18:18:18.53	0.0720	21.12754	20.93	42.71	1.1	0.998640	22.0992	1.29912	805.16	1.04599	3.26	0
1308	18:18:18.83	0.0705	21.12796	20.93	42.71	1.1	0.998664	22.1005	1.29916	805.18	1.04603	3.26	0
1309	18:18:19.13	0.0710	21.12789	20.93	42.71	1.1	0.998658	22.1001	1.29912	805.16	1.04602	3.26	0
1310	18:18:19.43	0.0695	21.12852	20.93	42.71	1.1	0.998688	22.1003	1.29912	805.16	1.04600	3.26	0
1311	18:18:19.73	0.0680	21.12901	20.93	42.71	1.1	0.998712	22.1003	1.29912	805.14	1.04597	3.26	0
1312	18:18:20.03	0.0715	21.12754	20.94	42.71	1.1	0.998646	22.0996	1.29912	805.16	1.04601	3.26	0
1313	18:18:20.33	0.0670	21.12929	20.94	42.71	1.1	0.998730	22.0998	1.29908	805.14	1.04593	3.26	0
1314	18:18:20.63	0.0675	21.12908	20.94	42.71	1.1	0.998718	22.1000	1.29908	805.14	1.04595	3.26	0
1315	18:18:20.93	0.0705	21.12796	20.94	42.71	1.1	0.998664	22.1000	1.29912	805.16	1.04600	3.26	0
1316	18:18:21.23	0.0690	21.12859	20.93	42.71	1.1	0.998694	22.0994	1.29908	805.14	1.04595	3.26	0
1317	18:18:21.53	0.0685	21.12887	20.93	42.71	1.1	0.998706	22.1003	1.29912	805.14	1.04598	3.26	0
1318	18:18:21.83	0.0690	21.12866	20.93	42.71	1.1	0.998694	22.1002	1.29912	805.16	1.04598	3.26	0
1319	18:18:22.13	0.0680	21.12908	20.93	42.71	1.1	0.998718	22.0998	1.29908	805.14	1.04594	3.26	0
1320	18:18:22.43	0.0685	21.12866	20.94	42.71	1.1	0.998700	22.1004	1.29912	805.16	1.04599	3.26	0
1321	18:18:22.73	0.0685	21.12880	20.94	42.71	1.1	0.998706	22.1007	1.29912	805.16	1.04600	3.26	0
1322	18:18:23.03	0.0685	21.12866	20.94	42.71	1.1	0.998700	22.1012	1.29912	805.18	1.04603	3.26	0
1323	18:18:23.33	0.0675	21.12922	20.94	42.71	1.1	0.998724	22.1005	1.29912	805.14	1.04597	3.26	0
1324	18:18:23.63	0.0700	21.12824	20.94	42.71	1.1	0.998682	22.1014	1.29916	805.18	1.04606	3.26	0
1325	18:18:23.93	0.0690	21.12852	20.94	42.71	1.1	0.998694	22.1012	1.29912	805.18	1.04603	3.26	0
1326	18:18:24.23	0.0680	21.12894	20.94	42.71	1.1	0.998712	22.1010	1.29912	805.16	1.04600	3.26	0
1327	18:18:24.53	0.0660	21.12971	20.94	42.71	1.1	0.998748	22.1014	1.29912	805.16	1.04599	3.26	0
1328	18:18:24.83	0.0655	21.12992	20.94	42.71	1.1	0.998760	22.1007	1.29908	805.14	1.04594	3.26	0
1329	18:18:25.13	0.0695	21.12831	20.94	42.71	1.1	0.998682	22.1006	1.29912	805.16	1.04602	3.26	0
1330	18:18:25.43	0.0675	21.12908	20.94	42.71	1.1	0.998718	22.1017	1.29912	805.18	1.04603	3.26	0
1331	18:18:25.73	0.0675	21.12915	20.94	42.71	1.1	0.998724	22.1010	1.29912	805.16	1.04599	3.26	0
1332	18:18:26.03	0.0690	21.12859	20.94	42.71	1.1	0.998700	22.1010	1.29912	805.18	1.04602	3.26	0
1333	18:18:26.33	0.0690	21.12859	20.94	42.71	1.1	0.998700	22.1007	1.29912	805.16	1.04601	3.26	0
1334	18:18:26.63	0.0675	21.12922	20.94	42.71	1.1	0.998724	22.1010	1.29912	805.16	1.04600	3.26	0
1335	18:18:26.93	0.0675	21.12908	20.94	42.71	1.1	0.998718	22.1012	1.29912	805.16	1.04600	3.26	0
1336	18:18:27.23	0.0670	21.12936	20.94	42.71	1.1	0.998730	22.1010	1.29912	805.14	1.04599	3.26	0
1337	18:18:27.53	0.0665	21.12943	20.94	42.71	1.1	0.998736	22.1008	1.29908	805.16	1.04597	3.26	0
1338	18:18:27.83	0.0665	21.12950	20.94	42.71	1.1	0.998736	22.1014	1.29912	805.16	1.04600	3.26	0
1339	18:18:28.13	0.0695	21.12845	20.94	42.71	1.1	0.998688	22.1014	1.29916	805.18	1.04605	3.26	0
1340	18:18:28.43	0.0665	21.12943	20.94	42.71	1.1	0.998736	22.1012	1.29912	805.16	1.04599	3.26	0
1341	18:18:28.73	0.0680	21.12894	20.94	42.71	1.1	0.998712	22.1005	1.29912	805.16	1.04598	3.26	0
1342	18:18:29.03	0.0690	21.12845	20.95	42.71	1.1	0.998694	22.1005	1.29912	805.16	1.04600	3.26	0
1343	18:18:29.33	0.0675	21.12901	20.95	42.71	1.1	0.998718	22.1006	1.29912	805.16	1.04599	3.26	0
1344	18:18:29.63	0.0685	21.12880	20.94	42.71	1.1	0.998706	22.1011	1.29912	805.16	1.04602	3.26	0
1345	18:18:29.93	0.0670	21.12936	20.94	42.71	1.1	0.998736	22.1013	1.29912	805.16	1.04600	3.26	0
1346	18:18:30.23	0.0675	21.12908	20.94	42.71	1.1	0.998718	22.1007	1.29912	805.16	1.04599	3.26	0
1347	18:18:30.53	0.0670	21.12936	20.94	42.71	1.1	0.998736	22.1012	1.29912	805.16	1.04599	3.26	0
1348	18:18:30.83	0.0680	21.12901	20.94	42.71	1.1	0.998718	22.1010	1.29912	805.16	1.04600	3.26	0
1349	18:18:31.13	0.0675	21.12915	20.94	42.71	1.1	0.998724	22.1014	1.29912	805.16	1.04602	3.26	0
1350	18:18:31.43	0.0675	21.12908	20.94	42.71	1.1	0.998718	22.1014	1.29912	805.18	1.04602	3.26	0
1351	18:18:31.73	0.0670	21.12929	20.94	42.71	1.1	0.998730	22.1012	1.29912	805.16	1.04600	3.26	0
1352	18:18:32.03	0.0680	21.12894	20.94	42.71	1.1	0.998712	22.1011	1.29912	805.16	1.04601	3.26	0
1353	18:18:32.33	0.0680	21.12894	20.94	42.71	1.1	0.998712	22.1005	1.29912	805.16	1.04599	3.26	0
1354	18:18:32.63	0.0665	21.12957	20.94	42.71	1.1	0.998742	22.1012	1.29912	805.16	1.04599	3.26	0
1355	18:18:32.93	0.0680	21.12894	20.94	42.71	1.1	0.998712	22.1007	1.29912	805.16	1.04599	3.26	0
1356	18:18:33.23	0.0680	21.12901	20.94	42.71	1.1	0.998718	22.1011	1.29912	805.16	1.04600	3.26	0
1357	18:18:33.53	0.0660	21.12985	20.94	42.68	1.1	0.998754	22.1017	1.29912	805.16	1.04600	3.26	0
1358	18:18:33.83	0.0680	21.12894	20.94	42.68	1.1	0.998712	22.1014	1.29912	805.18	1.04603	3.26	0
1359	18:18:34.13	0.0670	21.12936	20.94	42.68	1.1	0.998730	22.1013	1.29912	805.18	1.04600	3.26	0
1360	18:18:34.43	0.0680	21.12901	20.94	42.68	1.1	0.998718	22.1011	1.29912	805.16	1.04600	3.26	0
1361	18:18:34.73	0.0680	21.12901	20.94	42.71	1.1	0.998718	22.1014	1.29912	805.18	1.04602	3.26	0
1362	18:18:35.03	0.0675	21.12922	20.94	42.71	1.1	0.998724	22.1014	1.29912	805.16	1.04601	3.26	0
1363	18:18:35.33	0.0680	21.12894	20.94	42.68	1.1	0.998712	22.1010	1.29912	805.16	1.04601	3.26	0
1364	18:18:35.63	0.0675	21.12915	20.94	42.68	1.1	0.998718	22.1014	1.29912	805.16	1.04602	3.26	0
1365	18:18:35.93	0.0680	21.12908	20.94	42.68	1.1	0.998718	22.1019	1.29916	805.18	1.04605	3.26	0
1366	18:18:36.23	0.0690	21.12859	20.95	42.68	1.1	0.998700	22.1013	1.29916	805.18	1.04604	3.26	0
1367	18:18:36.53	0.0675	21.12901	20.95	42.68	1.1	0.998718	22.1016	1.29916	805.16	1.04603	3.26	0
1368	18:18:36.83	0.0690	21.12866	20.94	42.68	1.1	0.998700	22.1011	1.29916	805.16	1.04603	3.26	0
1369	18:18:37.13	0.0680	21.12901	20.94	42.68	1.1	0.998712	22.1011	1.29912	805.16	1.04601	3.26	0
1370	18:18:37.43	0.0690	21.12852	20.94	42.68	1.1	0.998688	22.1012	1.29912	805.18	1.04603	3.26	0
1371	18:18:37.73	0.0685	21.12880	20.94	42.68	1.1	0.998706	22.1010	1.29912	805.16	1.04602	3.26	0
1372	18:18:38.03	0.0695	21.12838	20.94	42.68	1.1	0.998688	22.1016	1.29916	805.18	1.04606	3.26	0
1373	18:18:38.33	0.0655	21.12999	20.94	42.68	1.1	0.998760	22.1017	1.29912	805.16	1.04599	3.26	0
1374	18:18:38.63	0.0685	21.12873	20.94	42.68	1.1	0.998700	22.1010	1.29912	805.16	1.04602	3.26	0
1375	18:18:38.93	0.0675	21.12922	20.94	42.68	1.1	0.998724	22.1015	1.29912	805.18	1.04602	3.26	0
1376	18:18:39.23	0.0655	21.12999	20.94	42.68	1.1	0.998760	22.1010	1.29908	805.14	1.04596	3.26	0
1377	18:18:39.53	0.0655	21.12999	20.94	42.68	1.1	0.998760	22.1010	1.29908	805.14	1.04595	3.26	0
1378	18:18:39.83	0.0660	21.12978	20.94	42.68	1.1	0.998748	22.1017	1.29912	805.16	1.04600	3.26	0
1379	18:18:40.13	0.0680	21.12901	20.94	42.68	1.1	0.998718	22.1014	1.29912	805.18	1.04602	3.26	0
1380	18:18:40.43	0.0680	21.12894	20.94	42.68	1.1	0.998712	22.1012	1.29912	805.18	1.04602	3.26	0
1381	18:18:40.73	0.0680	21.12908	20.94	42.68	1.1	0.998718	22.1014	1.29912	805.18	1.04602	3.26	0
1382	18:18:41.03	0.0690	21.12859	20.94	42.68	1.1	0.998694	22.1008	1.29912	805.16	1.04601	3.26	0
1383	18:18:41.33	0.0680	21.12908	20.94	42.68	1.1	0.998718	22.1014	1.29912	805.18	1.04602	3.26	0
1384	18:18:41.63	0.0660	21.12978	20.94	42.68	1.1	0.998754	22.1017	1.29912	805.16	1.04600	3.26	0
1385	18:18:41.93	0.0675	21.12915	20.94	42.68	1.1	0.998724	22.1012	1.29912	805.16	1.04600	3.26	0
1386	18:18:42.23	0.0670	21.12943	20.94	42.68	1.1	0.998736	22.1012	1.29912	805.16	1.04599	3.26	0
1387	18:18:42.53	0.0650	21.13006	20.94	42.68	1.1	0.998766	22.1014	1.29912	805.16	1.04597	3.26	0
1388	18:18:42.83	0.0690	21.12859	20.94	42.68	1.1	0.998694	22.1010	1.29912	805.16	1.04602	3.26	0
1389	18:18:43.13	0.0655	21.12999	20.94	42.68	1.1	0.998760	22.1018	1.29908	805.16	1.04599	3.26	0
1390	18:18:43.43	0.0690	21.12852	20.94	42.68	1.1	0.998694	22.1011	1.29912	805.18	1.04603	3.26	0
1391	18:18:43.73	0.0680	21.12901	20.94	42.68	1.1	0.998712	22.1017	1.29916	805.18	1.04603	3.26	0
1392	18:18:44.03	0.0675	21.12908	20.94	42.68	1.1	0.998718	22.1019	1.29912	805.18	1.04604	3.26	0
1393	18:18:44.33	0.0675	21.12908	20.94	42.68	1.1	0.998718	22.1010	1.29912	805.16	1.04600	3.26	0
1394	18:18:44.63	0.0685	21.12887	20.94	42.68	1.1	0.998706	22.1014	1.29916	805.18	1.04603	3.26	0
1395	18:18:44.93	0.0690	21.12866	20.94	42.68	1.1	0.998694	22.1017	1.29916	805.18	1.04605	3.26	0
1396	18:18:45.23	0.0670	21.12929	20.94	42.68	1.1	0.998730	22.1013	1.29912	805.16	1.04600	3.26	0
1397	18:18:45.53	0.0720	21.12747	20.94	42.68	1.1	0.998640	22.1010	1.29916	805.20	1.04608	3.26	0
1398	18:18:45.83	0.0680	21.12901	20.94	42.68	1.1	0.998718	22.1020	1.29912	805.18	1.04605	3.26	0
1399	18:18:46.13	0.0665	21.12957	20.94	42.68	1.1	0.998742	22.1022	1.29912	805.18	1.04603	3.26	0
1400	18:18:46.43	0.0680	21.12901	20.94	42.68	1.1	0.998712	22.1019	1.29912	805.18	1.04605	3.26	0
1401	18:18:46.73	0.0675	21.12915	20.94	42.68	1.1	0.998718	22.1014	1.29912	805.18	1.04602	3.26	0
1402	18:18:47.03	0.0670	21.12943	20.94	42.68	1.1	0.998730	22.1012	1.29912	805.16	1.04600	3.26	0
1403	18:18:47.33	0.0655	21.13006	20.94	42.68	1.1	0.998766	22.1011	1.29908	805.14	1.04596	3.26	0
1404	18:18:47.63	0.0685	21.12866	20.95	42.68	1.1	0.998700	22.1012	1.29912	805.18	1.04603	3.26	0
1405	18:18:47.93	0.0665	21.12943	20.95	42.68	1.1	0.998742	22.1019	1.29912	805.18	1.04602	3.26	0
1406	18:18:48.23	0.0690	21.12852	20.94	42.68	1.1	0.998688	22.1008	1.29912	805.18	1.04602	3.26	0
1407	18:18:48.53	0.0695	21.12838	20.94	42.68	1.1	0.998688	22.1009	1.29912	805.18	1.04603	3.26	0
1408	18:18:48.83	0.0675	21.12915	20.94	42.68	1.1	0.998724	22.1021	1.29912	805.18	1.04605	3.26	0
1409	18:18:49.13	0.0685	21.12887	20.94	42.68	1.1	0.998706	22.1019	1.29916	805.18	1.04605	3.26	0
1410	18:18:49.43	0.0680	21.12880	20.95	42.68	1.1	0.998712	22.1014	1.29912	805.18	1.04603	3.26	0
1411	18:18:49.73	0.0675	21.12908	20.95	42.68	1.1	0.998724	22.1024	1.29916	805.18	1.04606	3.26	0
1412	18:18:50.03	0.0670	21.12936	20.94	42.68	1.1	0.998730	22.1012	1.29912	805.16	1.04600	3.26	0
1413	18:18:50.33	0.0675	21.12908	20.94	42.68	1.1	0.998718	22.1017	1.29912	805.18	1.04603	3.26	0
1414	18:18:50.63	0.0685	21.12880	20.94	42.68	1.1	0.998706	22.1014	1.29912	805.18	1.04603	3.26	0
1415	18:18:50.93	0.0690	21.12852	20.94	42.68	1.1	0.998694	22.1018	1.29912	805.20	1.04606	3.26	0
1416	18:18:51.23	0.0680	21.12894	20.94	42.68	1.1	0.998712	22.1010	1.29912	805.16	1.04600	3.26	0
1417	18:18:51.53	0.0670	21.12929	20.94	42.68	1.1	0.998730	22.1011	1.29912	805.16	1.04599	3.26	0
1418	18:18:51.83	0.0665	21.12943	20.95	42.68	1.1	0.998736	22.1012	1.29912	805.16	1.04599	3.26	0
1419	18:18:52.13	0.0665	21.12943	20.95	42.68	1.1	0.998742	22.1005	1.29908	805.14	1.04596	3.26	0
1420	18:18:52.43	0.0695	21.12824	20.95	42.68	1.1	0.998682	22.1012	1.29912	805.18	1.04605	3.26	0
1421	18:18:52.73	0.0680	21.12880	20.95	42.68	1.1	0.998712	22.1016	1.29916	805.18	1.04604	3.26	0
1422	18:18:53.03	0.0665	21.12957	20.95	42.68	1.1	0.998748	22.1022	1.29912	805.18	1.04603	3.26	0
1423	18:18:53.33	0.0670	21.12936	20.95	42.68	1.1	0.998736	22.1013	1.29912	805.16	1.04600	3.26	0
1424	18:18:53.63	0.0680	21.12880	20.95	42.68	1.1	0.998712	22.1015	1.29916	805.18	1.04604	3.26	0
1425	18:18:53.93	0.0690	21.12852	20.95	42.68	1.1	0.998694	22.1009	1.29912	805.18	1.04602	3.26	0
1426	18:18:54.23	0.0680	21.12894	20.95	42.68	1.1	0.998712	22.1010	1.29912	805.16	1.04600	3.26	0
1427	18:18:54.53	0.0670	21.12936	20.95	42.68	1.1	0.998736	22.1016	1.29912	805.18	1.04602	3.26	0
1428	18:18:54.83	0.0680	21.12880	20.95	42.68	1.1	0.998712	22.1014	1.29916	805.16	1.04603	3.26	0
1429	18:18:55.13	0.0665	21.12950	20.95	42.68	1.1	0.998742	22.1017	1.29912	805.16	1.04602	3.26	0
1430	18:18:55.43	0.0665	21.12943	20.95	42.68	1.1	0.998736	22.1027	1.29916	805.20	1.04606	3.26	0
1431	18:18:55.73	0.0710	21.12761	20.95	42.68	1.1	0.998652	22.1010	1.29916	805.20	1.04607	3.26	0
1432	18:18:56.03	0.0675	21.12901	20.95	42.68	1.1	0.998718	22.1024	1.29916	805.18	1.04607	3.26	0
1433	18:18:56.33	0.0665	21.12950	20.95	42.68	1.1	0.998742	22.1020	1.29912	805.18	1.04603	3.26	0
1434	18:18:56.63	0.0645	21.13020	20.95	42.68	1.1	0.998778	22.1026	1.29912	805.18	1.04602	3.26	0
1435	18:18:56.93	0.0690	21.12845	20.95	42.68	1.1	0.998694	22.1017	1.29916	805.20	1.04606	3.26	0
1436	18:18:57.23	0.0680	21.12887	20.95	42.68	1.1	0.998712	22.1028	1.29916	805.20	1.04609	3.26	0
1437	18:18:57.53	0.0665	21.12943	20.95	42.68	1.1	0.998736	22.1021	1.29916	805.18	1.04603	3.26	0
1438	18:18:57.83	0.0685	21.12873	20.95	42.68	1.1	0.998706	22.1019	1.29912	805.20	1.04606	3.26	0
1439	18:18:58.13	0.0685	21.12866	20.95	42.68	1.1	0.998700	22.1016	1.29916	805.18	1.04605	3.26	0
1440	18:18:58.43	0.0665	21.12950	20.95	42.68	1.1	0.998742	22.1022	1.29912	805.18	1.04604	3.26	0
1441	18:18:58.73	0.0685	21.12873	20.95	42.65	1.1	0.998706	22.1023	1.29916	805.20	1.04608	3.26	0
1442	18:18:59.03	0.0685	21.12880	20.95	42.65	1.1	0.998706	22.1023	1.29916	805.20	1.04608	3.26	0
1443	18:18:59.33	0.0685	21.12873	20.95	42.65	1.1	0.998706	22.1023	1.29916	805.18	1.04608	3.26	0
1444	18:18:59.63	0.0665	21.12957	20.95	42.65	1.1	0.998742	22.1025	1.29912	805.18	1.04605	3.26	0
1445	18:18:59.93	0.0685	21.12873	20.95	42.65	1.1	0.998700	22.1022	1.29916	805.20	1.04608	3.26	0
1446	18:19:00.23	0.0680	21.12901	20.95	42.65	1.1	0.998718	22.1021	1.29912	805.20	1.04606	3.26	0
1447	18:19:00.53	0.0690	21.12859	20.95	42.65	1.1	0.998700	22.1024	1.29916	805.20	1.04609	3.26	0
1448	18:19:00.83	0.0660	21.12971	20.95	42.65	1.1	0.998748	22.1024	1.29912	805.18	1.04604	3.26	0
1449	18:19:01.13	0.0685	21.12866	20.95	42.65	1.1	0.998700	22.1019	1.29916	805.18	1.04606	3.26	0
1450	18:19:01.43	0.0700	21.12817	20.95	42.65	1.1	0.998682	22.1020	1.29916	805.20	1.04609	3.26	0
1451	18:19:01.73	0.0665	21.12957	20.95	42.65	1.1	0.998742	22.1024	1.29912	805.18	1.04605	3.26	0
1452	18:19:02.03	0.0655	21.12985	20.95	42.65	1.1	0.998754	22.1024	1.29912	805.18	1.04603	3.26	0
1453	18:19:02.33	0.0675	21.12915	20.95	42.65	1.1	0.998724	22.1023	1.29916	805.20	1.04606	3.26	0
1454	18:19:02.63	0.0650	21.13006	20.95	42.65	1.1	0.998766	22.1025	1.29912	805.16	1.04602	3.26	0
1455	18:19:02.93	0.0675	21.12908	20.95	42.65	1.1	0.998724	22.1019	1.29916	805.18	1.04604	3.26	0
1456	18:19:03.23	0.0665	21.12943	20.95	42.65	1.1	0.998736	22.1024	1.29912	805.18	1.04605	3.26	0
1457	18:19:03.53	0.0675	21.12915	20.95	42.65	1.1	0.998724	22.1015	1.29912	805.18	1.04602	3.26	0
1458	18:19:03.83	0.0685	21.12880	20.95	42.65	1.1	0.998706	22.1016	1.29912	805.18	1.04604	3.26	0
1459	18:19:04.13	0.0660	21.12971	20.95	42.65	1.1	0.998748	22.1031	1.29916	805.20	1.04606	3.26	0
1460	18:19:04.43	0.0655	21.12992	20.95	42.65	1.1	0.998760	22.1029	1.29916	805.18	1.04605	3.26	0
1461	18:19:04.73	0.0685	21.12866	20.95	42.65	1.1	0.998700	22.1019	1.29916	805.20	1.04606	3.26	0
1462	18:19:05.03	0.0670	21.12922	20.95	42.65	1.1	0.998730	22.1018	1.29912	805.18	1.04603	3.26	0
1463	18:19:05.33	0.0675	21.12922	20.95	42.65	1.1	0.998724	22.1021	1.29916	805.18	1.04605	3.26	0
1464	18:19:05.63	0.0670	21.12936	20.95	42.65	1.1	0.998736	22.1028	1.29916	805.20	1.04607	3.26	0
1465	18:19:05.93	0.0685	21.12859	20.95	42.65	1.1	0.998700	22.1020	1.29916	805.20	1.04607	3.26	0
1466	18:19:06.23	0.0685	21.12880	20.95	42.65	1.1	0.998706	22.1019	1.29916	805.18	1.04606	3.26	0
1467	18:19:06.53	0.0695	21.12838	20.95	42.65	1.1	0.998688	22.1014	1.29912	805.20	1.04605	3.26	0
1468	18:19:06.83	0.0685	21.12880	20.95	42.65	1.1	0.998706	22.1022	1.29916	805.20	1.04607	3.26	0
1469	18:19:07.14	0.0690	21.12859	20.95	42.65	1.1	0.998694	22.1026	1.29920	805.20	1.04610	3.26	0
1470	18:19:07.43	0.0655	21.12999	20.95	42.65	1.1	0.998766	22.1032	1.29916	805.20	1.04606	3.26	0
1471	18:19:07.74	0.0670	21.12929	20.95	42.65	1.1	0.998730	22.1025	1.29916	805.18	1.04606	3.26	0
1472	18:19:08.03	0.0675	21.12901	20.95	42.65	1.1	0.998718	22.1022	1.29916	805.18	1.04606	3.26	0
1473	18:19:08.33	0.0680	21.12894	20.95	42.65	1.1	0.998712	22.1024	1.29916	805.20	1.04607	3.26	0
1474	18:19:08.63	0.0665	21.12943	20.95	42.65	1.1	0.998736	22.1028	1.29916	805.20	1.04606	3.26	0
1475	18:19:08.93	0.0690	21.12852	20.95	42.65	1.1	0.998694	22.1030	1.29916	805.22	1.04612	3.26	0
1476	18:19:09.23	0.0675	21.12915	20.95	42.65	1.1	0.998724	22.1023	1.29916	805.18	1.04606	3.26	0
1477	18:19:09.53	0.0690	21.12852	20.95	42.65	1.1	0.998694	22.1029	1.29920	805.22	1.04612	3.26	0
1478	18:19:09.83	0.0675	21.12915	20.95	42.65	1.1	0.998724	22.1029	1.29916	805.20	1.04608	3.26	0
1479	18:19:10.13	0.0655	21.12992	20.95	42.65	1.1	0.998760	22.1028	1.29912	805.18	1.04605	3.26	0
1480	18:19:10.43	0.0685	21.12873	20.95	42.65	1.1	0.998706	22.1024	1.29916	805.20	1.04608	3.26	0
1481	18:19:10.73	0.0685	21.12880	20.95	42.65	1.1	0.998706	22.1025	1.29916	805.20	1.04608	3.26	0
1482	18:19:11.03	0.0675	21.12908	20.95	42.65	1.1	0.998724	22.1026	1.29916	805.20	1.04607	3.26	0
1483	18:19:11.33	0.0675	21.12908	20.95	42.65	1.1	0.998724	22.1028	1.29916	805.20	1.04608	3.26	0
1484	18:19:11.63	0.0660	21.12964	20.95	42.65	1.1	0.998748	22.1019	1.29912	805.18	1.04602	3.26	0
1485	18:19:11.93	0.0675	21.12915	20.95	42.65	1.1	0.998724	22.1021	1.29916	805.18	1.04605	3.26	0
1486	18:19:12.23	0.0685	21.12873	20.95	42.65	1.1	0.998700	22.1024	1.29916	805.20	1.04608	3.26	0
1487	18:19:12.53	0.0665	21.12964	20.95	42.65	1.1	0.998748	22.1028	1.29912	805.20	1.04606	3.26	0
1488	18:19:12.83	0.0675	21.12908	20.95	42.65	1.1	0.998718	22.1028	1.29916	805.20	1.04608	3.26	0
1489	18:19:13.13	0.0680	21.12887	20.95	42.65	1.1	0.998706	22.1024	1.29916	805.20	1.04608	3.26	0
1490	18:19:13.43	0.0665	21.12957	20.95	42.65	1.1	0.998742	22.1024	1.29912	805.18	1.04604	3.26	0
1491	18:19:13.73	0.0690	21.12859	20.95	42.65	1.1	0.998694	22.1019	1.29916	805.20	1.04607	3.26	0
1492	18:19:14.03	0.0655	21.12992	20.95	42.65	1.1	0.998760	22.1026	1.29912	805.18	1.04603	3.26	0
1493	18:19:14.33	0.0670	21.12929	20.95	42.65	1.1	0.998730	22.1023	1.29912	805.20	1.04605	3.26	0
1494	18:19:14.63	0.0660	21.12971	20.95	42.65	1.1	0.998748	22.1019	1.29912	805.18	1.04602	3.26	0
1495	18:19:14.93	0.0690	21.12859	20.95	42.65	1.1	0.998700	22.1019	1.29916	805.18	1.04606	3.26	0
1496	18:19:15.23	0.0690	21.12859	20.95	42.65	1.1	0.998700	22.1026	1.29916	805.20	1.04610	3.26	0
1497	18:19:15.53	0.0675	21.12915	20.95	42.65	1.1	0.998724	22.1017	1.29912	805.18	1.04603	3.26	0
1498	18:19:15.83	0.0675	21.12908	20.95	42.65	1.1	0.998718	22.1021	1.29916	805.18	1.04605	3.26	0
1499	18:19:16.13	0.0675	21.12922	20.95	42.65	1.1	0.998724	22.1017	1.29912	805.18	1.04603	3.26	0
1500	18:19:16.43	0.0675	21.12915	20.95	42.65	1.1	0.998724	22.1019	1.29912	805.18	1.04604	3.26	0
1501	18:19:16.73	0.0670	21.12936	20.95	42.65	1.1	0.998736	22.1029	1.29916	805.20	1.04608	3.26	0
1502	18:19:17.03	0.0655	21.12992	20.95	42.65	1.1	0.998760	22.1023	1.29912	805.18	1.04602	3.26	0
1503	18:19:17.33	0.0655	21.12999	20.95	42.65	1.1	0.998766	22.1024	1.29912	805.18	1.04602	3.26	0
1504	18:19:17.63	0.0670	21.12922	20.96	42.65	1.1	0.998730	22.1016	1.29912	805.18	1.04602	3.26	0
1505	18:19:17.93	0.0660	21.12957	20.96	42.65	1.1	0.998748	22.1013	1.29912	805.16	1.04599	3.26	0
1506	18:19:18.23	0.0665	21.12943	20.96	42.65	1.1	0.998742	22.1024	1.29912	805.18	1.04605	3.26	0
1507	18:19:18.53	0.0685	21.12866	20.96	42.65	1.1	0.998706	22.1024	1.29916	805.20	1.04609	3.26	0
1508	18:19:18.83	0.0655	21.12999	20.95	42.65	1.1	0.998766	22.1026	1.29912	805.18	1.04603	3.26	0
1509	18:19:19.13	0.0680	21.12894	20.95	42.65	1.1	0.998712	22.1021	1.29912	805.20	1.04606	3.26	0
1510	18:19:19.43	0.0655	21.12992	20.95	42.65	1.1	0.998760	22.1025	1.29912	805.18	1.04603	3.26	0
1511	18:19:19.73	0.0675	21.12915	20.95	42.65	1.1	0.998724	22.1021	1.29912	805.18	1.04605	3.26	0
1512	18:19:20.03	0.0680	21.12887	20.95	42.65	1.1	0.998712	22.1022	1.29916	805.20	1.04607	3.26	0
1513	18:19:20.33	0.0655	21.12992	20.95	42.65	1.1	0.998760	22.1028	1.29912	805.18	1.04604	3.26	0
1514	18:19:20.63	0.0675	21.12922	20.95	42.65	1.1	0.998724	22.1019	1.29912	805.18	1.04603	3.26	0
1515	18:19:20.93	0.0720	21.12733	20.95	42.65	1.1	0.998640	22.0999	1.29912	805.18	1.04603	3.26	0
1516	18:19:21.23	0.0785	21.12467	20.95	42.65	1.1	0.998514	22.0966	1.29912	805.16	1.04601	3.26	0
1517	18:19:21.53	0.0935	21.11879	20.95	42.65	1.1	0.998232	22.0907	1.29912	805.18	1.04602	3.26	0
1518	18:19:21.83	0.1080	21.11291	20.95	42.65	1.1	0.997956	22.0841	1.29912	805.16	1.04600	3.26	0
1519	18:19:22.13	0.1220	21.10724	20.95	42.65	1.1	0.997686	22.0787	1.29912	805.18	1.04602	3.26	0
1520	18:19:22.43	0.1300	21.10409	20.95	42.65	1.1	0.997542	22.0767	1.29916	805.20	1.04609	3.26	0
1521	18:19:22.73	0.1325	21.10318	20.95	42.65	1.1	0.997494	22.0746	1.29916	805.18	1.04603	3.26	0
1522	18:19:23.03	0.1310	21.10360	20.95	42.65	1.1	0.997518	22.0751	1.29916	805.18	1.04603	3.26	0
1523	18:19:23.33	0.1275	21.10500	20.95	42.68	1.1	0.997584	22.0767	1.29916	805.18	1.04604	3.26	0
1524	18:19:23.63	0.1225	21.10696	20.96	42.68	1.1	0.997680	22.0776	1.29912	805.16	1.04599	3.26	0
1525	18:19:23.93	0.1165	21.10913	20.96	42.81	1.1	0.997794	22.0804	1.29912	805.16	1.04602	3.26	0
1526	18:19:24.23	0.1140	21.11039	20.95	42.81	1.1	0.997848	22.0824	1.29916	805.18	1.04605	3.26	0
1527	18:19:24.53	0.1080	21.11228	20.95	43.10	1.1	0.997956	22.0843	1.29912	805.18	1.04604	3.26	0
1528	18:19:24.89	0.1030	21.11424	20.96	43.10	1.1	0.998052	22.0859	1.29912	805.16	1.04602	3.26	0
1529	18:19:25.14	0.1030	21.11375	20.96	43.53	1.1	0.998052	22.0872	1.29916	805.20	1.04611	3.26	0
1530	18:19:25.43	0.0965	21.11648	20.96	43.53	1.1	0.998178	22.0881	1.29912	805.18	1.04601	3.26	0
1531	18:19:25.73	0.0950	21.11613	20.96	44.19	1.1	0.998202	22.0882	1.29912	805.18	1.04604	3.26	0
1532	18:19:26.03	0.0975	21.11515	20.95	44.19	1.1	0.998148	22.0880	1.29916	805.20	1.04608	3.26	0
1533	18:19:26.33	0.0905	21.11711	20.95	45.05	1.1	0.998292	22.0885	1.29912	805.18	1.04600	3.26	0
1534	18:19:26.63	0.0915	21.11662	20.95	45.05	1.1	0.998268	22.0879	1.29912	805.16	1.04599	3.26	0
1535	18:19:26.93	0.0895	21.11634	20.95	46.04	1.1	0.998310	22.0880	1.29912	805.16	1.04602	3.26	0
1536	18:19:27.23	0.0910	21.11557	20.95	46.04	1.1	0.998274	22.0879	1.29916	805.18	1.04605	3.26	0
1537	18:19:27.53	0.0895	21.11487	20.95	47.22	1.2	0.998310	22.0875	1.29916	805.20	1.04606	3.26	0
1538	18:19:27.83	0.0900	21.11459	20.96	47.22	1.2	0.998298	22.0864	1.29916	805.16	1.04603	3.26	0
1539	18:19:28.13	0.0865	21.11452	20.96	48.44	1.2	0.998364	22.0856	1.29912	805.16	1.04599	3.26	0
1540	18:19:28.43	0.0890	21.11354	20.95	48.44	1.2	0.998310	22.0854	1.29912	805.18	1.04603	3.26	0
1541	18:19:28.73	0.0835	21.11417	20.95	49.73	1.2	0.998418	22.0861	1.29912	805.18	1.04603	3.26	0
1542	18:19:29.03	0.0845	21.11382	20.95	49.73	1.2	0.998400	22.0852	1.29912	805.16	1.04601	3.26	0
1543	18:19:29.33	0.0835	21.11277	20.95	50.94	1.3	0.998418	22.0845	1.29912	805.18	1.04603	3.26	0
1544	18:19:29.63	0.0860	21.11179	20.95	50.94	1.3	0.998370	22.0840	1.29916	805.18	1.04605	3.26	0
1545	18:19:29.93	0.0825	21.11200	20.95	52.01	1.3	0.998442	22.0841	1.29912	805.18	1.04605	3.26	0
1546	18:19:30.23	0.0815	21.11228	20.95	52.01	1.3	0.998454	22.0842	1.29912	805.18	1.04603	3.26	0
1547	18:19:30.53	0.0820	21.11081	20.95	53.14	1.3	0.998448	22.0836	1.29916	805.20	1.04608	3.26	0
1548	18:19:30.83	0.0820	21.11074	20.95	53.14	1.3	0.998448	22.0831	1.29916	805.20	1.04606	3.26	0
1549	18:19:31.13	0.0790	21.11074	20.95	54.21	1.3	0.998508	22.0829	1.29916	805.18	1.04605	3.26	0
1550	18:19:31.43	0.0780	21.11116	20.95	54.21	1.3	0.998526	22.0830	1.29912	805.18	1.04603	3.26	0
1551	18:19:31.73	0.0775	21.11025	20.95	55.23	1.4	0.998538	22.0821	1.29916	805.18	1.04604	3.26	0
1552	18:19:32.03	0.0770	21.11046	20.95	55.23	1.4	0.998550	22.0821	1.29912	805.18	1.04603	3.26	0
1553	18:19:32.33	0.0745	21.11018	20.95	56.18	1.4	0.998586	22.0816	1.29912	805.16	1.04602	3.26	0
1554	18:19:32.63	0.0770	21.10927	20.95	56.18	1.4	0.998544	22.0809	1.29912	805.18	1.04603	3.26	0
1555	18:19:32.93	0.0755	21.10878	20.95	57.10	1.4	0.998574	22.0797	1.29912	805.16	1.04600	3.26	0
1556	18:19:33.22	0.0795	21.10710	20.95	57.10	1.4	0.998490	22.0794	1.29916	805.18	1.04606	3.26	0
1557	18:19:33.53	0.0735	21.10850	20.95	57.97	1.4	0.998610	22.0808	1.29916	805.18	1.04606	3.26	0
1558	18:19:33.83	0.0760	21.10759	20.95	57.97	1.4	0.998568	22.0796	1.29916	805.18	1.04605	3.26	0
1559	18:19:34.13	0.0735	21.10752	20.95	58.78	1.5	0.998604	22.0795	1.29916	805.18	1.04605	3.26	0
1560	18:19:34.43	0.0735	21.10759	20.95	58.78	1.5	0.998610	22.0792	1.29916	805.16	1.04603	3.26	0
1561	18:19:34.72	0.0735	21.10654	20.95	59.57	1.5	0.998604	22.0786	1.29916	805.18	1.04605	3.26	0
1562	18:19:35.03	0.0710	21.10773	20.95	59.57	1.5	0.998658	22.0788	1.29912	805.16	1.04600	3.26	0
1563	18:19:35.33	0.0725	21.10612	20.95	60.29	1.5	0.998622	22.0781	1.29916	805.18	1.04605	3.26	0
1564	18:19:35.63	0.0710	21.10689	20.95	60.29	1.5	0.998658	22.0781	1.29912	805.16	1.04601	3.26	0
1565	18:19:35.93	0.0710	21.10605	20.95	60.93	1.5	0.998658	22.0776	1.29912	805.18	1.04603	3.26	0
1566	18:19:36.23	0.0705	21.10626	20.95	60.93	1.5	0.998664	22.0772	1.29912	805.16	1.04600	3.26	0
1567	18:19:36.53	0.0700	21.10570	20.95	61.57	1.5	0.998676	22.0768	1.29912	805.18	1.04601	3.26	0
1568	18:19:36.83	0.0705	21.10556	20.95	61.57	1.5	0.998670	22.0772	1.29916	805.16	1.04603	3.26	0
1569	18:19:37.13	0.0685	21.10556	20.95	62.15	1.5	0.998700	22.0767	1.29912	805.16	1.04602	3.26	0
1570	18:19:37.42	0.0685	21.10570	20.94	62.15	1.5	0.998700	22.0762	1.29912	805.16	1.04599	3.26	0
1571	18:19:37.73	0.0685	21.10500	20.94	62.73	1.6	0.998700	22.0758	1.29912	805.16	1.04600	3.26	0
1572	18:19:38.03	0.0705	21.10423	20.95	62.73	1.6	0.998670	22.0758	1.29916	805.16	1.04603	3.26	0
1573	18:19:38.33	0.0675	21.10472	20.95	63.24	1.6	0.998718	22.0755	1.29912	805.16	1.04600	3.26	0
1574	18:19:38.63	0.0705	21.10346	20.95	63.24	1.6	0.998658	22.0751	1.29916	805.16	1.04604	3.26	0
1575	18:19:38.93	0.0665	21.10458	20.95	63.73	1.6	0.998742	22.0751	1.29912	805.16	1.04599	3.26	0
1576	18:19:39.23	0.0665	21.10465	20.95	63.73	1.6	0.998748	22.0753	1.29912	805.16	1.04599	3.26	0
1577	18:19:39.52	0.0685	21.10318	20.95	64.20	1.6	0.998700	22.0740	1.29912	805.16	1.04600	3.26	0
1578	18:19:39.83	0.0685	21.10332	20.95	64.20	1.6	0.998706	22.0750	1.29916	805.16	1.04605	3.26	0
1579	18:19:40.16	0.0675	21.10325	20.95	64.63	1.6	0.998724	22.0737	1.29912	805.14	1.04599	3.26	0
1580	18:19:40.62	0.0670	21.10332	20.95	64.63	1.6	0.998730	22.0739	1.29912	805.16	1.04599	3.26	0
1581	18:19:40.91	0.0650	21.10360	20.95	65.07	1.6	0.998766	22.0740	1.29912	805.14	1.04598	3.26	0
1582	18:19:41.10	0.0670	21.10297	20.94	65.07	1.6	0.998736	22.0740	1.29912	805.16	1.04601	3.26	0
1583	18:19:41.33	0.0665	21.10276	20.94	65.42	1.6	0.998742	22.0743	1.29916	805.18	1.04604	3.26	0
1584	18:19:41.63	0.0675	21.10227	20.94	65.42	1.6	0.998718	22.0746	1.29916	805.18	1.04608	3.26	0
1585	18:19:41.93	0.0660	21.10255	20.94	65.77	1.6	0.998754	22.0736	1.29912	805.16	1.04602	3.26	0
1586	18:19:42.23	0.0685	21.10150	20.94	65.77	1.6	0.998700	22.0730	1.29916	805.18	1.04604	3.26	0
1587	18:19:42.53	0.0675	21.10164	20.94	66.10	1.6	0.998724	22.0730	1.29916	805.16	1.04603	3.26	0
1588	18:19:42.83	0.0665	21.10206	20.94	66.10	1.6	0.998748	22.0733	1.29916	805.16	1.04603	3.26	0
1589	18:19:43.13	0.0670	21.10150	20.94	66.40	1.6	0.998736	22.0728	1.29916	805.16	1.04603	3.26	0
1590	18:19:43.43	0.0660	21.10178	20.94	66.40	1.6	0.998748	22.0726	1.29912	805.16	1.04601	3.26	0
1591	18:19:43.73	0.0645	21.10213	20.94	66.70	1.6	0.998784	22.0732	1.29912	805.16	1.04602	3.26	0
1592	18:19:44.03	0.0670	21.10101	20.94	66.70	1.6	0.998730	22.0722	1.29916	805.16	1.04603	3.26	0
1593	18:19:44.33	0.0645	21.10171	20.94	66.94	1.7	0.998778	22.0727	1.29912	805.16	1.04602	3.26	0
1594	18:19:44.63	0.0655	21.10129	20.95	66.94	1.7	0.998760	22.0736	1.29920	805.18	1.04608	3.26	0
1595	18:19:44.93	0.0645	21.10143	20.95	67.19	1.7	0.998784	22.0732	1.29916	805.18	1.04605	3.26	0
1596	18:19:45.23	0.0665	21.10073	20.94	67.19	1.7	0.998742	22.0722	1.29916	805.16	1.04604	3.26	0
1597	18:19:45.53	0.0655	21.10080	20.94	67.38	1.7	0.998754	22.0721	1.29916	805.16	1.04603	3.26	0
1598	18:19:45.83	0.0655	21.10080	20.94	67.38	1.7	0.998754	22.0720	1.29916	805.16	1.04603	3.26	0
1599	18:19:46.13	0.0660	21.10038	20.94	67.57	1.7	0.998748	22.0722	1.29916	805.18	1.04606	3.26	0
1600	18:19:46.43	0.0660	21.10045	20.94	67.57	1.7	0.998754	22.0720	1.29916	805.16	1.04604	3.26	0
1601	18:19:46.73	0.0635	21.10136	20.94	67.73	1.7	0.998802	22.0718	1.29912	805.16	1.04599	3.26	0
1602	18:19:47.03	0.0630	21.10143	20.94	67.73	1.7	0.998808	22.0713	1.29912	805.14	1.04596	3.26	0
1603	18:19:47.33	0.0655	21.10038	20.94	67.84	1.7	0.998760	22.0714	1.29912	805.16	1.04602	3.26	0
1604	18:19:47.62	0.0645	21.10080	20.94	67.84	1.7	0.998778	22.0718	1.29916	805.16	1.04602	3.26	0
1605	18:19:47.93	0.0645	21.10066	20.94	68.01	1.7	0.998784	22.0712	1.29912	805.16	1.04600	3.26	0
1606	18:19:48.22	0.0645	21.10052	20.94	68.01	1.7	0.998778	22.0711	1.29912	805.16	1.04600	3.26	0
1607	18:19:48.53	0.0655	21.10010	20.94	68.09	1.7	0.998760	22.0716	1.29916	805.16	1.04605	3.26	0
1608	18:19:48.82	0.0620	21.10143	20.94	68.09	1.7	0.998826	22.0719	1.29912	805.14	1.04599	3.26	0
1609	18:19:49.12	0.0615	21.10157	20.94	68.17	1.7	0.998838	22.0709	1.29912	805.12	1.04594	3.26	0
1610	18:19:49.42	0.0625	21.10108	20.94	68.17	1.7	0.998814	22.0711	1.29912	805.14	1.04597	3.26	0
1611	18:19:49.72	0.0625	21.10108	20.94	68.28	1.7	0.998820	22.0714	1.29912	805.16	1.04599	3.26	0
1612	18:19:50.02	0.0610	21.10164	20.94	68.28	1.7	0.998844	22.0713	1.29908	805.14	1.04596	3.26	0
1613	18:19:50.32	0.0635	21.10059	20.94	68.33	1.7	0.998802	22.0708	1.29912	805.14	1.04598	3.26	0
1614	18:19:50.63	0.0625	21.10094	20.94	68.33	1.7	0.998814	22.0710	1.29912	805.14	1.04597	3.26	0
1615	18:19:50.93	0.0635	21.10066	20.94	68.36	1.7	0.998802	22.0711	1.29912	805.14	1.04599	3.26	0
1616	18:19:51.22	0.0630	21.10066	20.94	68.36	1.7	0.998802	22.0716	1.29912	805.16	1.04601	3.26	0
1617	18:19:51.52	0.0630	21.10080	20.94	68.39	1.7	0.998808	22.0706	1.29912	805.14	1.04596	3.26	0
1618	18:19:51.83	0.0620	21.10101	20.94	68.39	1.7	0.998820	22.0716	1.29912	805.16	1.04599	3.26	0
1619	18:19:52.13	0.0620	21.10101	20.94	68.41	1.7	0.998820	22.0712	1.29912	805.14	1.04598	3.26	0
1620	18:19:52.42	0.0630	21.10066	20.94	68.41	1.7	0.998808	22.0704	1.29912	805.14	1.04596	3.26	0
1621	18:19:52.72	0.0635	21.10038	20.94	68.44	1.7	0.998796	22.0716	1.29916	805.16	1.04603	3.26	0
1622	18:19:53.03	0.0620	21.10115	20.94	68.44	1.7	0.998832	22.0716	1.29912	805.14	1.04599	3.26	0
1623	18:19:53.33	0.0610	21.10143	20.94	68.44	1.7	0.998844	22.0720	1.29912	805.16	1.04599	3.26	0
1624	18:19:53.63	0.0620	21.10108	20.94	68.44	1.7	0.998826	22.0722	1.29916	805.16	1.04602	3.26	0
1625	18:19:53.93	0.0620	21.10115	20.94	68.44	1.7	0.998832	22.0720	1.29916	805.16	1.04601	3.26	0
1626	18:19:54.23	0.0615	21.10122	20.94	68.44	1.7	0.998832	22.0718	1.29912	805.16	1.04600	3.26	0
1627	18:19:54.53	0.0620	21.10101	20.94	68.47	1.7	0.998826	22.0723	1.29916	805.16	1.04603	3.26	0
1628	18:19:54.83	0.0625	21.10087	20.94	68.47	1.7	0.998820	22.0716	1.29912	805.16	1.04600	3.26	0
1629	18:19:55.12	0.0625	21.10087	20.94	68.47	1.7	0.998820	22.0713	1.29912	805.14	1.04599	3.26	0
1630	18:19:55.42	0.0620	21.10094	20.94	68.47	1.7	0.998826	22.0718	1.29916	805.16	1.04601	3.26	0
1631	18:19:55.72	0.0625	21.10080	20.94	68.49	1.7	0.998820	22.0720	1.29916	805.16	1.04603	3.26	0
1632	18:19:56.02	0.0615	21.10115	20.94	68.49	1.7	0.998832	22.0716	1.29912	805.14	1.04599	3.26	0
1633	18:19:56.32	0.0615	21.10115	20.94	68.49	1.7	0.998832	22.0722	1.29912	805.16	1.04602	3.26	0
1634	18:19:56.62	0.0610	21.10136	20.94	68.49	1.7	0.998844	22.0717	1.29912	805.14	1.04599	3.26	0
1635	18:19:56.92	0.0625	21.10073	20.94	68.52	1.7	0.998814	22.0713	1.29912	805.14	1.04600	3.26	0
1636	18:19:57.23	0.0625	21.10094	20.93	68.52	1.7	0.998820	22.0715	1.29912	805.16	1.04600	3.26	0
1637	18:19:57.52	0.0660	21.09947	20.93	68.52	1.7	0.998754	22.0712	1.29916	805.18	1.04606	3.26	0
1638	18:19:57.83	0.0600	21.10171	20.94	68.52	1.7	0.998862	22.0721	1.29912	805.14	1.04599	3.26	0
1639	18:19:58.12	0.0640	21.10010	20.94	68.55	1.7	0.998790	22.0718	1.29916	805.18	1.04605	3.26	0
1640	18:19:58.42	0.0625	21.10087	20.93	68.55	1.7	0.998820	22.0706	1.29912	805.14	1.04596	3.26	0
1641	18:19:58.72	0.0640	21.10031	20.93	68.55	1.7	0.998790	22.0705	1.29912	805.14	1.04598	3.26	0
1642	18:19:59.03	0.0615	21.10115	20.93	68.55	1.7	0.998832	22.0715	1.29912	805.14	1.04599	3.26	0
1643	18:19:59.33	0.0645	21.10010	20.93	68.55	1.7	0.998784	22.0717	1.29916	805.16	1.04605	3.26	0
1644	18:19:59.62	0.0655	21.09968	20.93	68.55	1.7	0.998766	22.0713	1.29916	805.16	1.04605	3.26	0
1645	18:19:59.92	0.0645	21.09996	20.93	68.58	1.7	0.998778	22.0714	1.29916	805.16	1.04604	3.26	0
1646	18:20:00.22	0.0620	21.10080	20.94	68.58	1.7	0.998820	22.0706	1.29912	805.12	1.04596	3.26	0
1647	18:20:00.52	0.0615	21.10108	20.94	68.58	1.7	0.998832	22.0716	1.29912	805.14	1.04600	3.26	0
1648	18:20:00.82	0.0620	21.10094	20.93	68.58	1.7	0.998820	22.0716	1.29912	805.16	1.04600	3.26	0
1649	18:20:01.12	0.0635	21.10045	20.93	68.55	1.7	0.998802	22.0704	1.29912	805.14	1.04597	3.26	0
1650	18:20:01.42	0.0635	21.10045	20.93	68.55	1.7	0.998796	22.0705	1.29912	805.14	1.04597	3.26	0
1651	18:20:01.72	0.0635	21.10052	20.93	68.52	1.7	0.998802	22.0705	1.29912	805.14	1.04597	3.26	0
1652	18:20:02.02	0.0645	21.10017	20.93	68.52	1.7	0.998784	22.0707	1.29916	805.14	1.04600	3.26	0
1653	18:20:02.33	0.0625	21.10080	20.93	68.49	1.7	0.998814	22.0712	1.29912	805.14	1.04599	3.26	0
1654	18:20:02.72	0.0650	21.09989	20.93	68.49	1.7	0.998772	22.0709	1.29916	805.14	1.04602	3.26	0
1655	18:20:03.10	0.0625	21.10101	20.93	68.47	1.7	0.998820	22.0707	1.29912	805.14	1.04596	3.26	0
1656	18:20:03.34	0.0610	21.10164	20.93	68.47	1.7	0.998850	22.0714	1.29912	805.14	1.04596	3.26	0
1657	18:20:03.53	0.0630	21.10080	20.93	68.41	1.7	0.998808	22.0708	1.29912	805.14	1.04597	3.26	0
1658	18:20:03.82	0.0595	21.10213	20.93	68.41	1.7	0.998868	22.0718	1.29912	805.12	1.04596	3.26	0
1659	18:20:04.13	0.0640	21.10045	20.93	68.36	1.7	0.998790	22.0713	1.29912	805.16	1.04601	3.26	0
1660	18:20:04.43	0.0625	21.10108	20.93	68.36	1.7	0.998820	22.0717	1.29912	805.14	1.04600	3.26	0
1661	18:20:04.72	0.0635	21.10073	20.93	68.30	1.7	0.998802	22.0713	1.29916	805.14	1.04600	3.26	0
1662	18:20:05.03	0.0625	21.10108	20.93	68.30	1.7	0.998814	22.0718	1.29916	805.14	1.04600	3.26	0
1663	18:20:05.32	0.0655	21.10003	20.93	68.25	1.7	0.998766	22.0718	1.29920	805.16	1.04605	3.26	0
1664	18:20:05.63	0.0625	21.10108	20.93	68.25	1.7	0.998814	22.0716	1.29912	805.16	1.04599	3.26	0
1665	18:20:05.92	0.0625	21.10122	20.93	68.20	1.7	0.998814	22.0719	1.29912	805.14	1.04600	3.26	0
1666	18:20:06.22	0.0610	21.10192	20.93	68.20	1.7	0.998850	22.0717	1.29912	805.14	1.04596	3.26	0
1667	18:20:06.52	0.0605	21.10206	20.93	68.14	1.7	0.998856	22.0716	1.29908	805.14	1.04594	3.26	0
1668	18:20:06.83	0.0610	21.10192	20.93	68.14	1.7	0.998850	22.0717	1.29912	805.14	1.04596	3.26	0
1669	18:20:07.12	0.0660	21.09996	20.93	68.09	1.7	0.998754	22.0713	1.29916	805.16	1.04603	3.26	0
1670	18:20:07.42	0.0620	21.10157	20.93	68.09	1.7	0.998826	22.0719	1.29912	805.14	1.04598	3.26	0
1671	18:20:07.72	0.0640	21.10094	20.93	68.01	1.7	0.998796	22.0724	1.29916	805.16	1.04604	3.26	0
1672	18:20:08.02	0.0615	21.10185	20.93	68.01	1.7	0.998838	22.0722	1.29912	805.14	1.04599	3.26	0
1673	18:20:08.32	0.0625	21.10157	20.93	67.95	1.7	0.998820	22.0720	1.29912	805.14	1.04599	3.26	0
1674	18:20:08.62	0.0635	21.10122	20.93	67.95	1.7	0.998802	22.0725	1.29916	805.16	1.04603	3.26	0
1675	18:20:08.92	0.0635	21.10122	20.93	67.84	1.7	0.998796	22.0725	1.29916	805.16	1.04603	3.26	0
1676	18:20:09.22	0.0630	21.10143	20.93	67.84	1.7	0.998808	22.0726	1.29916	805.16	1.04603	3.26	0
1677	18:20:09.52	0.0610	21.10227	20.93	67.78	1.7	0.998844	22.0730	1.29912	805.14	1.04600	3.26	0
1678	18:20:09.82	0.0635	21.10129	20.93	67.78	1.7	0.998796	22.0726	1.29916	805.16	1.04603	3.26	0
1679	18:20:10.12	0.0630	21.10164	20.93	67.73	1.7	0.998808	22.0727	1.29916	805.16	1.04602	3.26	0
1680	18:20:10.42	0.0620	21.10192	20.93	67.73	1.7	0.998826	22.0732	1.29916	805.16	1.04603	3.26	0
1681	18:20:10.72	0.0610	21.10255	20.93	67.62	1.7	0.998850	22.0729	1.29916	805.14	1.04599	3.26	0
1682	18:20:11.03	0.0605	21.10276	20.93	67.62	1.7	0.998856	22.0729	1.29912	805.14	1.04597	3.26	0
1683	18:20:11.32	0.0615	21.10234	20.93	67.54	1.7	0.998832	22.0739	1.29916	805.16	1.04604	3.26	0
1684	18:20:11.62	0.0645	21.10108	20.93	67.54	1.7	0.998772	22.0733	1.29920	805.18	1.04608	3.26	0
1685	18:20:11.92	0.0615	21.10248	20.93	67.43	1.7	0.998838	22.0732	1.29912	805.14	1.04600	3.26	0
1686	18:20:12.22	0.0630	21.10192	20.93	67.43	1.7	0.998808	22.0725	1.29916	805.14	1.04599	3.26	0
1687	18:20:12.52	0.0645	21.10143	20.93	67.33	1.7	0.998778	22.0732	1.29916	805.16	1.04605	3.26	0
1688	18:20:12.82	0.0615	21.10262	20.93	67.33	1.7	0.998832	22.0737	1.29916	805.16	1.04602	3.26	0
1689	18:20:13.12	0.0610	21.10304	20.93	67.24	1.7	0.998850	22.0734	1.29912	805.14	1.04599	3.26	0
1690	18:20:13.42	0.0610	21.10297	20.93	67.24	1.7	0.998844	22.0732	1.29912	805.12	1.04597	3.26	0
1691	18:20:13.72	0.0610	21.10297	20.93	67.14	1.7	0.998844	22.0732	1.29912	805.14	1.04598	3.26	0
1692	18:20:14.02	0.0615	21.10276	20.93	67.14	1.7	0.998832	22.0732	1.29912	805.14	1.04599	3.26	0
1693	18:20:14.32	0.0630	21.10234	20.93	67.00	1.7	0.998808	22.0727	1.29912	805.14	1.04598	3.26	0
1694	18:20:14.62	0.0645	21.10171	20.93	67.00	1.7	0.998772	22.0732	1.29916	805.16	1.04603	3.26	0
1695	18:20:14.92	0.0625	21.10269	20.93	66.89	1.7	0.998814	22.0737	1.29916	805.16	1.04601	3.26	0
1696	18:20:15.23	0.0625	21.10276	20.92	66.89	1.7	0.998814	22.0730	1.29912	805.14	1.04598	3.26	0
1697	18:20:15.52	0.0600	21.10395	20.92	66.75	1.6	0.998862	22.0741	1.29912	805.14	1.04597	3.26	0
1698	18:20:15.82	0.0630	21.10290	20.92	66.75	1.6	0.998814	22.0739	1.29916	805.14	1.04601	3.26	0
1699	18:20:16.12	0.0625	21.10332	20.92	66.56	1.6	0.998820	22.0735	1.29912	805.14	1.04597	3.26	0
1700	18:20:16.42	0.0615	21.10353	20.92	66.56	1.6	0.998832	22.0734	1.29912	805.12	1.04596	3.26	0
1701	18:20:16.72	0.0630	21.10325	20.92	66.45	1.6	0.998814	22.0736	1.29912	805.14	1.04598	3.26	0
1702	18:20:17.02	0.0620	21.10353	20.92	66.45	1.6	0.998826	22.0737	1.29912	805.14	1.04597	3.26	0
1703	18:20:17.32	0.0635	21.10318	20.92	66.32	1.6	0.998802	22.0733	1.29912	805.12	1.04597	3.26	0
1704	18:20:17.63	0.0620	21.10374	20.92	66.32	1.6	0.998826	22.0748	1.29916	805.16	1.04602	3.26	0
1705	18:20:17.92	0.0640	21.10304	20.92	66.18	1.6	0.998784	22.0741	1.29916	805.16	1.04602	3.26	0
1706	18:20:18.22	0.0615	21.10409	20.92	66.18	1.6	0.998838	22.0744	1.29912	805.14	1.04597	3.26	0
1707	18:20:18.52	0.0640	21.10332	20.92	66.07	1.6	0.998796	22.0746	1.29916	805.16	1.04603	3.26	0
1708	18:20:18.82	0.0600	21.10479	20.92	66.07	1.6	0.998868	22.0748	1.29912	805.12	1.04596	3.26	0
1709	18:20:19.12	0.0635	21.10346	20.92	65.96	1.6	0.998796	22.0739	1.29912	805.14	1.04599	3.26	0
1710	18:20:19.43	0.0620	21.10423	20.92	65.96	1.6	0.998832	22.0751	1.29912	805.16	1.04600	3.26	0
1711	18:20:19.72	0.0640	21.10346	20.92	65.85	1.6	0.998790	22.0746	1.29916	805.16	1.04602	3.26	0
1712	18:20:20.02	0.0630	21.10388	20.92	65.85	1.6	0.998808	22.0744	1.29912	805.14	1.04599	3.26	0
1713	18:20:20.32	0.0655	21.10297	20.92	65.77	1.6	0.998760	22.0739	1.29916	805.14	1.04600	3.26	0
1714	18:20:20.62	0.0635	21.10374	20.92	65.77	1.6	0.998796	22.0746	1.29916	805.14	1.04600	3.26	0
1715	18:20:20.92	0.0610	21.10472	20.92	65.69	1.6	0.998844	22.0746	1.29912	805.14	1.04596	3.26	0
1716	18:20:21.22	0.0635	21.10388	20.92	65.69	1.6	0.998802	22.0741	1.29912	805.14	1.04597	3.26	0
1717	18:20:21.52	0.0645	21.10346	20.92	65.61	1.6	0.998778	22.0734	1.29912	805.12	1.04596	3.26	0
1718	18:20:21.82	0.0645	21.10360	20.92	65.61	1.6	0.998784	22.0746	1.29916	805.16	1.04601	3.26	0
1719	18:20:22.12	0.0645	21.10360	20.92	65.56	1.6	0.998778	22.0746	1.29916	805.16	1.04601	3.26	0
1720	18:20:22.42	0.0645	21.10367	20.92	65.56	1.6	0.998784	22.0744	1.29916	805.14	1.04600	3.26	0
1721	18:20:22.72	0.0645	21.10360	20.92	65.50	1.6	0.998778	22.0741	1.29912	805.14	1.04599	3.26	0
1722	18:20:23.02	0.0665	21.10290	20.92	65.50	1.6	0.998742	22.0737	1.29916	805.14	1.04600	3.26	0
1723	18:20:23.32	0.0650	21.10353	20.92	65.50	1.6	0.998772	22.0744	1.29916	805.14	1.04601	3.26	0
1724	18:20:23.62	0.0645	21.10367	20.92	65.50	1.6	0.998778	22.0740	1.29912	805.14	1.04598	3.26	0
1725	18:20:23.92	0.0665	21.10276	20.92	65.50	1.6	0.998736	22.0737	1.29916	805.14	1.04601	3.26	0
1726	18:20:24.22	0.0675	21.10248	20.92	65.50	1.6	0.998724	22.0736	1.29920	805.14	1.04602	3.26	0
1727	18:20:24.52	0.0660	21.10304	20.92	65.50	1.6	0.998754	22.0731	1.29912	805.14	1.04597	3.26	0
1728	18:20:24.82	0.0670	21.10269	20.92	65.50	1.6	0.998736	22.0737	1.29916	805.14	1.04601	3.26	0
1729	18:20:25.12	0.0655	21.10332	20.92	65.50	1.6	0.998766	22.0734	1.29912	805.12	1.04597	3.26	0
1730	18:20:25.42	0.0650	21.10360	20.91	65.50	1.6	0.998772	22.0733	1.29912	805.12	1.04595	3.26	0
1731	18:20:25.72	0.0665	21.10290	20.91	65.56	1.6	0.998742	22.0734	1.29916	805.14	1.04599	3.26	0
1732	18:20:26.02	0.0655	21.10339	20.91	65.56	1.6	0.998766	22.0735	1.29912	805.14	1.04597	3.26	0
1733	18:20:26.32	0.0665	21.10283	20.91	65.58	1.6	0.998742	22.0735	1.29912	805.14	1.04600	3.26	0
1734	18:20:26.62	0.0645	21.10374	20.91	65.58	1.6	0.998784	22.0730	1.29908	805.12	1.04593	3.26	0
1735	18:20:26.92	0.0655	21.10325	20.91	65.61	1.6	0.998760	22.0727	1.29912	805.12	1.04594	3.26	0
1736	18:20:27.22	0.0655	21.10332	20.91	65.61	1.6	0.998766	22.0721	1.29908	805.12	1.04591	3.26	0
1737	18:20:27.52	0.0660	21.10297	20.91	65.63	1.6	0.998748	22.0720	1.29908	805.12	1.04592	3.26	0
1738	18:20:27.82	0.0665	21.10269	20.92	65.63	1.6	0.998742	22.0722	1.29912	805.12	1.04594	3.26	0
1739	18:20:28.12	0.0670	21.10241	20.92	65.69	1.6	0.998730	22.0714	1.29908	805.12	1.04592	3.26	0
1740	18:20:28.42	0.0685	21.10192	20.92	65.69	1.6	0.998706	22.0722	1.29912	805.14	1.04598	3.26	0
1741	18:20:28.73	0.0665	21.10262	20.92	65.75	1.6	0.998742	22.0721	1.29912	805.12	1.04594	3.26	0
1742	18:20:29.02	0.0660	21.10283	20.91	65.75	1.6	0.998748	22.0723	1.29912	805.12	1.04594	3.26	0
1743	18:20:29.32	0.0670	21.10234	20.91	65.82	1.6	0.998730	22.0727	1.29916	805.14	1.04599	3.26	0
1744	18:20:29.62	0.0675	21.10220	20.91	65.82	1.6	0.998724	22.0724	1.29912	805.14	1.04597	3.26	0
1745	18:20:29.92	0.0660	21.10262	20.91	65.94	1.6	0.998748	22.0719	1.29908	805.12	1.04593	3.26	0
1746	18:20:30.22	0.0680	21.10185	20.91	65.94	1.6	0.998712	22.0715	1.29912	805.12	1.04595	3.26	0
1747	18:20:30.52	0.0670	21.10227	20.91	65.96	1.6	0.998736	22.0723	1.29912	805.12	1.04597	3.26	0
1748	18:20:30.82	0.0670	21.10227	20.91	65.96	1.6	0.998736	22.0719	1.29912	805.12	1.04595	3.26	0
1749	18:20:31.12	0.0685	21.10150	20.91	66.04	1.6	0.998700	22.0719	1.29912	805.14	1.04599	3.26	0
1750	18:20:31.42	0.0660	21.10255	20.91	66.04	1.6	0.998754	22.0723	1.29912	805.12	1.04596	3.26	0
1751	18:20:31.72	0.0700	21.10094	20.91	66.10	1.6	0.998676	22.0724	1.29920	805.16	1.04604	3.26	0
1752	18:20:32.02	0.0665	21.10220	20.91	66.10	1.6	0.998736	22.0720	1.29912	805.12	1.04596	3.26	0
1753	18:20:32.32	0.0685	21.10150	20.91	66.15	1.6	0.998706	22.0726	1.29916	805.16	1.04602	3.26	0
1754	18:20:32.62	0.0685	21.10136	20.91	66.15	1.6	0.998700	22.0709	1.29912	805.12	1.04594	3.26	0
1755	18:20:32.92	0.0650	21.10276	20.91	66.24	1.6	0.998772	22.0720	1.29908	805.12	1.04593	3.26	0
1756	18:20:33.22	0.0670	21.10192	20.91	66.24	1.6	0.998730	22.0722	1.29916	805.14	1.04598	3.26	0
1757	18:20:33.52	0.0670	21.10185	20.91	66.32	1.6	0.998730	22.0723	1.29916	805.14	1.04599	3.26	0
1758	18:20:33.82	0.0660	21.10234	20.91	66.32	1.6	0.998754	22.0721	1.29912	805.12	1.04596	3.26	0
1759	18:20:34.12	0.0665	21.10206	20.91	66.34	1.6	0.998742	22.0723	1.29916	805.14	1.04598	3.26	0
1760	18:20:34.43	0.0680	21.10143	20.91	66.34	1.6	0.998712	22.0724	1.29916	805.14	1.04602	3.26	0
1761	18:20:34.72	0.0660	21.10213	20.91	66.37	1.6	0.998748	22.0720	1.29912	805.12	1.04596	3.26	0
1762	18:20:35.02	0.0660	21.10213	20.91	66.37	1.6	0.998748	22.0721	1.29912	805.12	1.04597	3.26	0
1763	18:20:35.33	0.0665	21.10199	20.91	66.37	1.6	0.998742	22.0713	1.29912	805.12	1.04594	3.26	0
1764	18:20:35.62	0.0665	21.10199	20.91	66.37	1.6	0.998742	22.0718	1.29912	805.12	1.04596	3.26	0
1765	18:20:35.93	0.0655	21.10234	20.91	66.37	1.6	0.998760	22.0722	1.29912	805.12	1.04596	3.26	0
1766	18:20:36.22	0.0650	21.10248	20.91	66.37	1.6	0.998766	22.0726	1.29912	805.12	1.04597	3.26	0
1767	18:20:36.52	0.0655	21.10241	20.91	66.34	1.6	0.998760	22.0722	1.29912	805.12	1.04596	3.26	0
1768	18:20:36.82	0.0640	21.10304	20.91	66.34	1.6	0.998790	22.0723	1.29912	805.12	1.04593	3.26	0
1769	18:20:37.13	0.0655	21.10234	20.91	66.32	1.6	0.998754	22.0722	1.29912	805.12	1.04596	3.26	0
1770	18:20:37.42	0.0660	21.10220	20.91	66.32	1.6	0.998748	22.0722	1.29912	805.14	1.04597	3.26	0
1771	18:20:37.72	0.0635	21.10325	20.91	66.24	1.6	0.998796	22.0727	1.29912	805.12	1.04594	3.26	0
1772	18:20:38.02	0.0655	21.10262	20.91	66.24	1.6	0.998766	22.0730	1.29912	805.14	1.04598	3.26	0
1773	18:20:38.32	0.0655	21.10262	20.91	66.18	1.6	0.998760	22.0734	1.29916	805.14	1.04600	3.26	0
1774	18:20:38.62	0.0625	21.10367	20.91	66.18	1.6	0.998814	22.0728	1.29912	805.12	1.04592	3.26	0
1775	18:20:38.93	0.0625	21.10388	20.91	66.10	1.6	0.998814	22.0741	1.29912	805.14	1.04597	3.26	0
1776	18:20:39.22	0.0635	21.10346	20.91	66.10	1.6	0.998796	22.0727	1.29912	805.12	1.04593	3.26	0
1777	18:20:39.52	0.0645	21.10318	20.91	66.01	1.6	0.998778	22.0735	1.29916	805.12	1.04598	3.26	0
1778	18:20:39.82	0.0620	21.10409	20.91	66.01	1.6	0.998820	22.0741	1.29912	805.12	1.04597	3.26	0
1779	18:20:40.12	0.0630	21.10381	20.91	65.96	1.6	0.998808	22.0738	1.29912	805.12	1.04596	3.26	0
1780	18:20:40.42	0.0645	21.10325	20.91	65.96	1.6	0.998784	22.0745	1.29916	805.16	1.04602	3.26	0
1781	18:20:40.72	0.0645	21.10339	20.91	65.82	1.6	0.998778	22.0736	1.29916	805.12	1.04597	3.26	0
1782	18:20:41.02	0.0610	21.10486	20.91	65.82	1.6	0.998850	22.0746	1.29912	805.14	1.04595	3.26	0
1783	18:20:41.32	0.0650	21.10325	20.91	65.69	1.6	0.998766	22.0737	1.29916	805.14	1.04599	3.26	0
1784	18:20:41.62	0.0640	21.10381	20.91	65.69	1.6	0.998796	22.0743	1.29916	805.14	1.04599	3.26	0
1785	18:20:41.92	0.0615	21.10479	20.91	65.56	1.6	0.998832	22.0745	1.29912	805.12	1.04595	3.26	0
1786	18:20:42.22	0.0615	21.10486	20.91	65.56	1.6	0.998832	22.0741	1.29912	805.10	1.04593	3.26	0
1787	18:20:42.52	0.0645	21.10388	20.91	65.37	1.6	0.998778	22.0748	1.29916	805.14	1.04601	3.26	0
1788	18:20:42.82	0.0625	21.10479	20.91	65.37	1.6	0.998820	22.0740	1.29912	805.12	1.04593	3.26	0
1789	18:20:43.12	0.0620	21.10500	20.91	65.23	1.6	0.998826	22.0745	1.29912	805.12	1.04594	3.26	0
1790	18:20:43.42	0.0650	21.10388	20.91	65.23	1.6	0.998772	22.0743	1.29912	805.14	1.04598	3.26	0
1791	18:20:43.72	0.0635	21.10458	20.91	65.07	1.6	0.998796	22.0748	1.29912	805.12	1.04597	3.26	0
1792	18:20:44.02	0.0625	21.10500	20.91	65.07	1.6	0.998814	22.0746	1.29912	805.12	1.04594	3.26	0
1793	18:20:44.32	0.0650	21.10430	20.91	64.92	1.6	0.998772	22.0744	1.29912	805.12	1.04596	3.26	0
1794	18:20:44.63	0.0665	21.10367	20.91	64.92	1.6	0.998742	22.0743	1.29916	805.14	1.04599	3.26	0
1795	18:20:44.92	0.0640	21.10479	20.91	64.81	1.6	0.998790	22.0750	1.29912	805.12	1.04597	3.26	0
1796	18:20:45.22	0.0630	21.10514	20.91	64.81	1.6	0.998808	22.0737	1.29908	805.10	1.04590	3.26	0
1797	18:20:45.52	0.0660	21.10423	20.91	64.69	1.6	0.998754	22.0741	1.29912	805.12	1.04596	3.26	0
1798	18:20:45.82	0.0640	21.10493	20.90	64.69	1.6	0.998784	22.0744	1.29912	805.12	1.04594	3.26	0
1799	18:20:46.12	0.0630	21.10556	20.90	64.60	1.6	0.998808	22.0743	1.29908	805.10	1.04590	3.26	0
1800	18:20:46.42	0.0655	21.10437	20.91	64.60	1.6	0.998760	22.0748	1.29916	805.12	1.04598	3.26	0
1801	18:20:46.72	0.0645	21.10486	20.91	64.52	1.6	0.998778	22.0747	1.29912	805.12	1.04596	3.26	0
1802	18:20:47.02	0.0635	21.10521	20.91	64.52	1.6	0.998796	22.0748	1.29912	805.12	1.04594	3.26	0
1803	18:20:47.32	0.0640	21.10521	20.91	64.46	1.6	0.998790	22.0751	1.29912	805.14	1.04596	3.26	0
1804	18:20:47.62	0.0640	21.10521	20.91	64.46	1.6	0.998790	22.0739	1.29908	805.10	1.04590	3.26	0
1805	18:20:47.92	0.0655	21.10458	20.91	64.37	1.6	0.998760	22.0748	1.29916	805.12	1.04597	3.26	0
1806	18:20:48.22	0.0660	21.10451	20.91	64.37	1.6	0.998754	22.0740	1.29912	805.12	1.04594	3.26	0
1807	18:20:48.52	0.0645	21.10514	20.91	64.26	1.6	0.998778	22.0747	1.29912	805.10	1.04594	3.26	0
1808	18:20:48.82	0.0650	21.10507	20.91	64.26	1.6	0.998772	22.0751	1.29912	805.12	1.04597	3.26	0
1809	18:20:49.13	0.0640	21.10549	20.91	64.14	1.6	0.998784	22.0756	1.29912	805.12	1.04596	3.26	0
1810	18:20:49.42	0.0635	21.10563	20.91	64.14	1.6	0.998796	22.0745	1.29908	805.10	1.04591	3.26	0
1811	18:20:49.72	0.0655	21.10514	20.91	64.02	1.6	0.998760	22.0751	1.29912	805.12	1.04596	3.26	0
1812	18:20:50.02	0.0665	21.10472	20.91	64.02	1.6	0.998742	22.0750	1.29916	805.12	1.04597	3.26	0
1813	18:20:50.33	0.0650	21.10535	20.91	64.00	1.6	0.998772	22.0749	1.29912	805.12	1.04594	3.26	0
1814	18:20:50.62	0.0660	21.10486	20.91	64.00	1.6	0.998748	22.0750	1.29912	805.12	1.04597	3.26	0
1815	18:20:50.92	0.0665	21.10493	20.91	63.85	1.6	0.998742	22.0753	1.29912	805.14	1.04598	3.26	0
1816	18:20:51.22	0.0660	21.10500	20.91	63.85	1.6	0.998748	22.0748	1.29912	805.12	1.04595	3.26	0
1817	18:20:51.52	0.0660	21.10528	20.91	63.76	1.6	0.998754	22.0752	1.29912	805.12	1.04596	3.26	0
1818	18:20:51.82	0.0665	21.10500	20.90	63.76	1.6	0.998736	22.0751	1.29912	805.12	1.04597	3.26	0
1819	18:20:52.12	0.0650	21.10570	20.90	63.68	1.6	0.998766	22.0751	1.29912	805.10	1.04593	3.26	0
1820	18:20:52.42	0.0640	21.10612	20.91	63.68	1.6	0.998790	22.0749	1.29908	805.10	1.04590	3.26	0
1821	18:20:52.72	0.0650	21.10570	20.91	63.62	1.6	0.998766	22.0751	1.29912	805.10	1.04593	3.26	0
1822	18:20:53.02	0.0660	21.10528	20.91	63.62	1.6	0.998748	22.0751	1.29912	805.12	1.04596	3.26	0
1823	18:20:53.32	0.0655	21.10563	20.91	63.53	1.6	0.998760	22.0753	1.29912	805.12	1.04594	3.26	0
1824	18:20:53.62	0.0640	21.10619	20.91	63.53	1.6	0.998784	22.0746	1.29908	805.10	1.04588	3.26	0
1825	18:20:53.92	0.0665	21.10528	20.91	63.44	1.6	0.998736	22.0750	1.29912	805.12	1.04594	3.26	0
1826	18:20:54.22	0.0660	21.10577	20.90	63.44	1.6	0.998754	22.0747	1.29908	805.10	1.04591	3.26	0
1827	18:20:54.52	0.0645	21.10633	20.90	63.39	1.6	0.998784	22.0754	1.29912	805.10	1.04591	3.26	0
1828	18:20:54.82	0.0665	21.10542	20.91	63.39	1.6	0.998742	22.0751	1.29912	805.12	1.04594	3.26	0
1829	18:20:55.12	0.0655	21.10591	20.91	63.33	1.6	0.998760	22.0756	1.29912	805.12	1.04594	3.26	0
1830	18:20:55.42	0.0655	21.10598	20.90	63.33	1.6	0.998760	22.0753	1.29912	805.12	1.04593	3.26	0
1831	18:20:55.72	0.0660	21.10591	20.90	63.27	1.6	0.998754	22.0759	1.29912	805.12	1.04596	3.26	0
1832	18:20:56.02	0.0645	21.10626	20.91	63.27	1.6	0.998778	22.0763	1.29912	805.12	1.04596	3.26	0
1833	18:20:56.32	0.0655	21.10612	20.91	63.21	1.6	0.998766	22.0753	1.29912	805.10	1.04593	3.26	0
1834	18:20:56.62	0.0650	21.10633	20.90	63.21	1.6	0.998766	22.0768	1.29912	805.14	1.04598	3.26	0
1835	18:20:56.92	0.0670	21.10556	20.90	63.13	1.6	0.998730	22.0756	1.29912	805.12	1.04596	3.26	0
1836	18:20:57.37	0.0645	21.10661	20.91	63.13	1.6	0.998784	22.0764	1.29912	805.10	1.04594	3.26	0
1837	18:20:57.80	0.0640	21.10689	20.91	63.04	1.6	0.998790	22.0761	1.29912	805.10	1.04592	3.26	0
1838	18:20:58.12	0.0630	21.10717	20.91	62.95	1.6	0.998808	22.0765	1.29912	805.10	1.04592	3.26	0
1839	18:20:58.26	0.0650	21.10661	20.91	62.95	1.6	0.998772	22.0762	1.29912	805.12	1.04594	3.26	0
1840	18:20:58.42	0.0645	21.10682	20.90	62.95	1.6	0.998778	22.0766	1.29912	805.12	1.04594	3.26	0
1841	18:20:58.72	0.0650	21.10675	20.90	62.86	1.6	0.998772	22.0767	1.29912	805.14	1.04596	3.26	0
1842	18:20:59.02	0.0655	21.10654	20.90	62.86	1.6	0.998760	22.0767	1.29912	805.12	1.04597	3.26	0
1843	18:20:59.32	0.0645	21.10710	20.90	62.75	1.5	0.998778	22.0772	1.29912	805.12	1.04596	3.26	0
1844	18:20:59.62	0.0635	21.10752	20.90	62.75	1.5	0.998802	22.0767	1.29912	805.10	1.04592	3.26	0
1845	18:20:59.92	0.0650	21.10703	20.90	62.58	1.5	0.998772	22.0767	1.29912	805.12	1.04594	3.26	0
1846	18:21:00.22	0.0630	21.10780	20.91	62.58	1.5	0.998808	22.0774	1.29912	805.12	1.04594	3.26	0
1847	18:21:00.52	0.0660	21.10682	20.91	62.43	1.5	0.998754	22.0765	1.29912	805.10	1.04594	3.26	0
1848	18:21:00.82	0.0640	21.10759	20.91	62.43	1.5	0.998790	22.0776	1.29912	805.12	1.04596	3.26	0
1849	18:21:01.12	0.0640	21.10766	20.91	62.31	1.5	0.998790	22.0776	1.29912	805.12	1.04595	3.26	0
1850	18:21:01.42	0.0635	21.10780	20.91	62.31	1.5	0.998796	22.0776	1.29912	805.12	1.04594	3.26	0
1851	18:21:01.72	0.0645	21.10752	20.91	62.17	1.5	0.998778	22.0774	1.29912	805.12	1.04594	3.26	0
1852	18:21:02.02	0.0640	21.10773	20.91	62.17	1.5	0.998784	22.0774	1.29912	805.12	1.04594	3.26	0
1853	18:21:02.32	0.0650	21.10766	20.91	62.05	1.5	0.998772	22.0775	1.29912	805.12	1.04595	3.26	0
1854	18:21:02.62	0.0635	21.10822	20.91	62.05	1.5	0.998802	22.0772	1.29912	805.10	1.04590	3.26	0
1855	18:21:02.92	0.0655	21.10759	20.91	61.97	1.5	0.998766	22.0772	1.29912	805.12	1.04594	3.26	0
1856	18:21:03.22	0.0650	21.10759	20.91	61.97	1.5	0.998766	22.0770	1.29912	805.10	1.04593	3.26	0
1857	18:21:03.52	0.0645	21.10794	20.91	61.86	1.5	0.998778	22.0777	1.29912	805.12	1.04594	3.26	0
1858	18:21:03.82	0.0655	21.10752	20.91	61.86	1.5	0.998754	22.0772	1.29912	805.12	1.04594	3.26	0
1859	18:21:04.12	0.0650	21.10794	20.91	61.76	1.5	0.998772	22.0776	1.29912	805.12	1.04594	3.26	0
1860	18:21:04.42	0.0655	21.10780	20.90	61.76	1.5	0.998760	22.0775	1.29912	805.12	1.04594	3.26	0
1861	18:21:04.72	0.0665	21.10752	20.90	61.71	1.5	0.998742	22.0771	1.29912	805.12	1.04594	3.26	0
1862	18:21:05.02	0.0650	21.10801	20.91	61.71	1.5	0.998772	22.0767	1.29908	805.10	1.04590	3.26	0
1863	18:21:05.32	0.0635	21.10864	20.91	61.65	1.5	0.998796	22.0773	1.29908	805.10	1.04589	3.26	0
1864	18:21:05.62	0.0655	21.10794	20.91	61.65	1.5	0.998766	22.0783	1.29912	805.14	1.04597	3.26	0
1865	18:21:05.92	0.0645	21.10829	20.91	61.60	1.5	0.998778	22.0780	1.29912	805.12	1.04594	3.26	0
1866	18:21:06.22	0.0635	21.10878	20.91	61.60	1.5	0.998802	22.0781	1.29908	805.12	1.04592	3.26	0
1867	18:21:06.52	0.0635	21.10885	20.91	61.54	1.5	0.998802	22.0777	1.29908	805.10	1.04590	3.26	0
1868	18:21:06.82	0.0640	21.10871	20.90	61.54	1.5	0.998790	22.0778	1.29908	805.10	1.04591	3.26	0
1869	18:21:07.12	0.0650	21.10829	20.90	61.45	1.5	0.998766	22.0773	1.29908	805.10	1.04591	3.26	0
1870	18:21:07.42	0.0650	21.10829	20.90	61.45	1.5	0.998766	22.0772	1.29908	805.10	1.04590	3.26	0
1871	18:21:07.72	0.0640	21.10892	20.90	61.34	1.5	0.998790	22.0793	1.29912	805.12	1.04597	3.26	0
1872	18:21:08.02	0.0655	21.10829	20.90	61.34	1.5	0.998760	22.0786	1.29912	805.14	1.04597	3.26	0
1873	18:21:08.32	0.0635	21.10920	20.90	61.25	1.5	0.998796	22.0793	1.29912	805.12	1.04596	3.26	0
1874	18:21:08.62	0.0660	21.10822	20.90	61.25	1.5	0.998754	22.0787	1.29912	805.14	1.04598	3.26	0
1875	18:21:08.92	0.0650	21.10871	20.90	61.13	1.5	0.998766	22.0793	1.29912	805.14	1.04598	3.26	0
1876	18:21:09.22	0.0660	21.10815	20.91	61.13	1.5	0.998748	22.0793	1.29916	805.14	1.04600	3.26	0
1877	18:21:09.52	0.0665	21.10829	20.91	60.99	1.5	0.998748	22.0790	1.29916	805.14	1.04599	3.26	0
1878	18:21:09.82	0.0670	21.10801	20.91	60.99	1.5	0.998730	22.0788	1.29916	805.14	1.04599	3.26	0
1879	18:21:10.12	0.0645	21.10906	20.91	60.87	1.5	0.998772	22.0800	1.29916	805.14	1.04600	3.26	0
1880	18:21:10.42	0.0655	21.10885	20.91	60.87	1.5	0.998766	22.0790	1.29912	805.14	1.04596	3.26	0
1881	18:21:10.72	0.0660	21.10857	20.91	60.76	1.5	0.998748	22.0788	1.29916	805.12	1.04596	3.26	0
1882	18:21:11.02	0.0640	21.10969	20.90	60.76	1.5	0.998796	22.0792	1.29912	805.12	1.04593	3.26	0
1883	18:21:11.32	0.0640	21.10962	20.90	60.67	1.5	0.998790	22.0792	1.29912	805.12	1.04593	3.26	0
1884	18:21:11.62	0.0660	21.10885	20.91	60.67	1.5	0.998754	22.0784	1.29912	805.10	1.04593	3.26	0
1885	18:21:11.92	0.0665	21.10871	20.91	60.58	1.5	0.998742	22.0779	1.29908	805.10	1.04591	3.26	0
1886	18:21:12.22	0.0680	21.10815	20.91	60.58	1.5	0.998718	22.0778	1.29912	805.10	1.04594	3.26	0
1887	18:21:12.52	0.0695	21.10745	20.91	60.58	1.5	0.998682	22.0776	1.29912	805.12	1.04596	3.26	0
1888	18:21:12.82	0.0690	21.10773	20.91	60.58	1.5	0.998694	22.0774	1.29912	805.12	1.04594	3.26	0
1889	18:21:13.12	0.0675	21.10829	20.91	60.58	1.5	0.998724	22.0771	1.29908	805.10	1.04590	3.26	0
1890	18:21:13.42	0.0690	21.10773	20.91	60.58	1.5	0.998700	22.0769	1.29908	805.10	1.04591	3.26	0
1891	18:21:13.72	0.0680	21.10808	20.91	60.61	1.5	0.998718	22.0774	1.29912	805.10	1.04592	3.26	0
1892	18:21:14.02	0.0680	21.10808	20.91	60.61	1.5	0.998712	22.0772	1.29908	805.12	1.04591	3.26	0
1893	18:21:14.32	0.0655	21.10892	20.91	60.70	1.5	0.998760	22.0777	1.29908	805.10	1.04590	3.26	0
1894	18:21:14.62	0.0690	21.10759	20.91	60.70	1.5	0.998694	22.0772	1.29912	805.12	1.04594	3.26	0
1895	18:21:14.92	0.0680	21.10787	20.91	60.76	1.5	0.998712	22.0771	1.29912	805.10	1.04591	3.26	0
1896	18:21:15.22	0.0680	21.10787	20.91	60.76	1.5	0.998712	22.0779	1.29912	805.12	1.04596	3.26	0
1897	18:21:15.52	0.0690	21.10745	20.91	60.81	1.5	0.998694	22.0774	1.29912	805.12	1.04595	3.26	0
1898	18:21:15.82	0.0675	21.10801	20.91	60.81	1.5	0.998724	22.0775	1.29912	805.12	1.04593	3.26	0
1899	18:21:16.12	0.0675	21.10794	20.91	60.84	1.5	0.998724	22.0773	1.29912	805.10	1.04593	3.26	0
1900	18:21:16.42	0.0685	21.10759	20.90	60.84	1.5	0.998700	22.0768	1.29912	805.10	1.04591	3.26	0
1901	18:21:16.72	0.0690	21.10752	20.90	60.87	1.5	0.998700	22.0767	1.29912	805.10	1.04591	3.26	0
1902	18:21:17.02	0.0690	21.10752	20.90	60.87	1.5	0.998700	22.0776	1.29912	805.12	1.04596	3.26	0
1903	18:21:17.32	0.0680	21.10780	20.90	60.90	1.5	0.998712	22.0778	1.29912	805.12	1.04595	3.26	0
1904	18:21:17.62	0.0665	21.10822	20.91	60.90	1.5	0.998742	22.0781	1.29912	805.12	1.04594	3.26	0
1905	18:21:17.92	0.0660	21.10857	20.91	60.90	1.5	0.998754	22.0777	1.29908	805.10	1.04591	3.26	0
1906	18:21:18.22	0.0685	21.10752	20.91	60.90	1.5	0.998706	22.0775	1.29912	805.12	1.04596	3.26	0
1907	18:21:18.52	0.0680	21.10773	20.91	60.90	1.5	0.998712	22.0776	1.29912	805.12	1.04595	3.26	0
1908	18:21:18.82	0.0680	21.10773	20.91	60.90	1.5	0.998718	22.0790	1.29916	805.14	1.04602	3.26	0
1909	18:21:19.14	0.0690	21.10738	20.91	60.90	1.5	0.998700	22.0770	1.29912	805.12	1.04594	3.26	0
1910	18:21:19.42	0.0680	21.10759	20.91	60.90	1.5	0.998706	22.0778	1.29912	805.12	1.04596	3.26	0
1911	18:21:19.72	0.0660	21.10843	20.91	60.90	1.5	0.998748	22.0774	1.29912	805.10	1.04591	3.26	0
1912	18:21:20.02	0.0670	21.10822	20.91	60.90	1.5	0.998736	22.0778	1.29912	805.12	1.04593	3.26	0
1913	18:21:20.32	0.0670	21.10808	20.91	60.90	1.5	0.998730	22.0779	1.29912	805.12	1.04594	3.26	0
1914	18:21:20.62	0.0680	21.10773	20.91	60.90	1.5	0.998712	22.0777	1.29912	805.12	1.04596	3.26	0
1915	18:21:20.92	0.0685	21.10752	20.91	60.90	1.5	0.998706	22.0772	1.29912	805.10	1.04594	3.26	0
1916	18:21:21.22	0.0685	21.10745	20.91	60.90	1.5	0.998700	22.0769	1.29912	805.10	1.04593	3.26	0
1917	18:21:21.52	0.0665	21.10829	20.91	60.93	1.5	0.998742	22.0773	1.29912	805.10	1.04591	3.26	0
1918	18:21:21.82	0.0695	21.10710	20.90	60.93	1.5	0.998682	22.0772	1.29912	805.12	1.04596	3.26	0
1919	18:21:22.13	0.0695	21.10710	20.90	60.96	1.5	0.998682	22.0773	1.29916	805.12	1.04597	3.26	0
1920	18:21:22.42	0.0695	21.10703	20.91	60.96	1.5	0.998682	22.0768	1.29912	805.12	1.04594	3.26	0
1921	18:21:22.72	0.0690	21.10724	20.91	60.99	1.5	0.998694	22.0777	1.29916	805.12	1.04598	3.26	0
1922	18:21:23.02	0.0680	21.10766	20.91	60.99	1.5	0.998718	22.0774	1.29912	805.12	1.04594	3.26	0
1923	18:21:23.32	0.0690	21.10710	20.91	61.02	1.5	0.998694	22.0769	1.29912	805.12	1.04594	3.26	0
1924	18:21:23.62	0.0685	21.10745	20.91	61.02	1.5	0.998706	22.0769	1.29912	805.10	1.04593	3.26	0
1925	18:21:23.92	0.0680	21.10752	20.91	61.10	1.5	0.998718	22.0772	1.29912	805.12	1.04594	3.26	0
1926	18:21:24.22	0.0680	21.10752	20.91	61.10	1.5	0.998712	22.0765	1.29912	805.10	1.04591	3.26	0
1927	18:21:24.52	0.0700	21.10661	20.91	61.13	1.5	0.998676	22.0772	1.29916	805.14	1.04598	3.26	0
1928	18:21:24.82	0.0680	21.10759	20.90	61.13	1.5	0.998712	22.0779	1.29912	805.14	1.04597	3.26	0
1929	18:21:25.12	0.0680	21.10752	20.90	61.16	1.5	0.998712	22.0778	1.29912	805.12	1.04597	3.26	0
1930	18:21:25.42	0.0670	21.10787	20.90	61.16	1.5	0.998730	22.0774	1.29908	805.12	1.04593	3.26	0
1931	18:21:25.72	0.0685	21.10731	20.90	61.16	1.5	0.998706	22.0776	1.29912	805.12	1.04597	3.26	0
1932	18:21:26.02	0.0675	21.10752	20.91	61.16	1.5	0.998718	22.0776	1.29912	805.12	1.04596	3.26	0
1933	18:21:26.32	0.0670	21.10780	20.91	61.16	1.5	0.998730	22.0774	1.29912	805.10	1.04593	3.26	0
1934	18:21:26.62	0.0685	21.10717	20.91	61.16	1.5	0.998706	22.0772	1.29912	805.12	1.04596	3.26	0
1935	18:21:26.92	0.0670	21.10787	20.91	61.16	1.5	0.998736	22.0778	1.29912	805.12	1.04595	3.26	0
1936	18:21:27.22	0.0675	21.10766	20.91	61.16	1.5	0.998724	22.0781	1.29916	805.12	1.04598	3.26	0
1937	18:21:27.52	0.0655	21.10836	20.91	61.13	1.5	0.998760	22.0783	1.29912	805.12	1.04595	3.26	0
1938	18:21:27.82	0.0675	21.10766	20.91	61.13	1.5	0.998724	22.0782	1.29916	805.12	1.04598	3.26	0
1939	18:21:28.12	0.0655	21.10850	20.91	61.07	1.5	0.998760	22.0789	1.29916	805.12	1.04597	3.26	0
1940	18:21:28.42	0.0650	21.10878	20.91	61.07	1.5	0.998772	22.0789	1.29912	805.12	1.04596	3.26	0
1941	18:21:28.72	0.0665	21.10815	20.91	60.99	1.5	0.998742	22.0783	1.29912	805.12	1.04596	3.26	0
1942	18:21:29.02	0.0665	21.10815	20.91	60.99	1.5	0.998736	22.0779	1.29912	805.12	1.04594	3.26	0
1943	18:21:29.32	0.0670	21.10808	20.91	60.93	1.5	0.998730	22.0793	1.29916	805.14	1.04601	3.26	0
1944	18:21:29.62	0.0655	21.10878	20.91	60.93	1.5	0.998766	22.0783	1.29912	805.12	1.04593	3.26	0
1945	18:21:29.92	0.0630	21.10976	20.91	60.84	1.5	0.998808	22.0791	1.29908	805.12	1.04592	3.26	0
1946	18:21:30.22	0.0650	21.10892	20.91	60.84	1.5	0.998766	22.0778	1.29908	805.10	1.04590	3.26	0
1947	18:21:30.52	0.0660	21.10864	20.91	60.78	1.5	0.998754	22.0787	1.29912	805.12	1.04596	3.26	0
1948	18:21:30.82	0.0635	21.10969	20.91	60.78	1.5	0.998802	22.0795	1.29912	805.12	1.04594	3.26	0
1949	18:21:31.12	0.0655	21.10892	20.91	60.70	1.5	0.998760	22.0779	1.29912	805.10	1.04591	3.26	0
1950	18:21:31.42	0.0645	21.10934	20.91	60.70	1.5	0.998778	22.0790	1.29912	805.10	1.04593	3.26	0
1951	18:21:31.72	0.0640	21.10976	20.91	60.55	1.5	0.998790	22.0790	1.29912	805.10	1.04591	3.26	0
1952	18:21:32.02	0.0630	21.11018	20.91	60.55	1.5	0.998808	22.0796	1.29912	805.12	1.04593	3.26	0
1953	18:21:32.32	0.0645	21.10969	20.91	60.44	1.5	0.998778	22.0794	1.29912	805.12	1.04594	3.26	0
1954	18:21:32.62	0.0640	21.10983	20.91	60.44	1.5	0.998790	22.0798	1.29912	805.12	1.04595	3.26	0
1955	18:21:32.92	0.0635	21.11018	20.91	60.32	1.5	0.998796	22.0797	1.29912	805.12	1.04593	3.26	0
1956	18:21:33.22	0.0650	21.10955	20.91	60.32	1.5	0.998766	22.0795	1.29912	805.12	1.04595	3.26	0
1957	18:21:33.52	0.0640	21.11011	20.91	60.15	1.5	0.998784	22.0800	1.29912	805.12	1.04594	3.26	0
1958	18:21:33.82	0.0620	21.11088	20.91	60.15	1.5	0.998820	22.0806	1.29912	805.10	1.04594	3.26	0
1959	18:21:34.12	0.0640	21.11025	20.91	60.00	1.5	0.998784	22.0806	1.29912	805.12	1.04596	3.26	0
1960	18:21:34.58	0.0630	21.11074	20.91	60.00	1.5	0.998808	22.0812	1.29912	805.14	1.04597	3.26	0
1961	18:21:34.72	0.0645	21.11025	20.91	59.86	1.5	0.998778	22.0809	1.29916	805.12	1.04598	3.26	0
1962	18:21:35.02	0.0635	21.11074	20.91	59.86	1.5	0.998802	22.0806	1.29912	805.12	1.04594	3.26	0
1963	18:21:35.32	0.0640	21.11067	20.91	59.68	1.5	0.998784	22.0807	1.29912	805.12	1.04595	3.26	0
1964	18:21:35.62	0.0630	21.11102	20.91	59.68	1.5	0.998802	22.0806	1.29912	805.12	1.04593	3.26	0
1965	18:21:35.92	0.0600	21.11249	20.91	59.51	1.5	0.998862	22.0815	1.29908	805.10	1.04590	3.26	0
1966	18:21:36.23	0.0615	21.11193	20.91	59.51	1.5	0.998838	22.0814	1.29912	805.10	1.04592	3.26	0
1967	18:21:36.52	0.0615	21.11214	20.91	59.31	1.5	0.998832	22.0809	1.29908	805.10	1.04588	3.26	0
1968	18:21:36.82	0.0615	21.11214	20.91	59.31	1.5	0.998832	22.0817	1.29912	805.10	1.04593	3.26	0
Device address	Device ID	Factory Device ID	Firmware	Measurement mode	Gain	Speed	Y_AH_Cal (-)	TF_Cal (V/W)	Temp_Cal (°C)																																				
FF46	D2	12J692	 C3.8	H2   	1.005	Norm 	 0.999466	21.182169	23.924849																																				
Iteration	Time	Output (%)	Transfer (V/W)	Tsens (°C)	RH (%)	AH (kPa)	Corr transfer (-)	Utp (mV)	Ih (mA)	Uh (mV)	Ph (mW)	Usyst (V)	Alarm																																
0	18:46:48.67	0.0670	21.13118	20.65	43.16	1.0	0.998730	22.0909	1.29896	804.80	1.04542	3.26	0
1	18:46:49.09	0.0675	21.13104	20.65	43.16	1.0	0.998724	22.0901	1.29892	804.80	1.04539	3.26	0
2	18:46:49.39	0.0680	21.13076	20.65	43.16	1.0	0.998706	22.0901	1.29896	804.80	1.04540	3.26	0
3	18:46:49.69	0.0680	21.13097	20.65	43.16	1.0	0.998718	22.0905	1.29896	804.82	1.04541	3.26	0
4	18:46:49.99	0.0675	21.13097	20.65	43.16	1.0	0.998718	22.0906	1.29896	804.82	1.04541	3.26	0
5	18:46:50.31	0.0665	21.13146	20.65	43.16	1.0	0.998742	22.0909	1.29896	804.80	1.04540	3.26	0
6	18:46:50.64	0.0695	21.13027	20.65	43.16	1.0	0.998682	22.0905	1.29896	804.82	1.04545	3.26	0
7	18:46:50.90	0.0665	21.13132	20.65	43.16	1.0	0.998736	22.0907	1.29896	804.80	1.04540	3.26	0
8	18:46:51.24	0.0675	21.13097	20.65	43.16	1.0	0.998718	22.0905	1.29896	804.80	1.04541	3.26	0
9	18:46:51.49	0.0675	21.13097	20.65	43.16	1.0	0.998718	22.0899	1.29892	804.80	1.04538	3.26	0
10	18:46:51.79	0.0675	21.13111	20.65	43.16	1.0	0.998724	22.0909	1.29896	804.82	1.04542	3.26	0
11	18:46:52.09	0.0670	21.13118	20.65	43.16	1.0	0.998730	22.0909	1.29896	804.80	1.04542	3.26	0
12	18:46:52.41	0.0685	21.13069	20.65	43.16	1.0	0.998706	22.0911	1.29900	804.82	1.04545	3.26	0
13	18:46:52.69	0.0675	21.13104	20.65	43.16	1.0	0.998724	22.0902	1.29896	804.80	1.04539	3.26	0
14	18:46:52.99	0.0705	21.12992	20.65	43.16	1.0	0.998670	22.0898	1.29896	804.82	1.04543	3.26	0
15	18:46:53.29	0.0690	21.13048	20.65	43.16	1.0	0.998694	22.0902	1.29896	804.80	1.04542	3.26	0
16	18:46:53.59	0.0690	21.13041	20.65	43.16	1.0	0.998694	22.0906	1.29896	804.82	1.04544	3.26	0
17	18:46:53.89	0.0695	21.13034	20.65	43.16	1.0	0.998688	22.0902	1.29896	804.82	1.04543	3.26	0
18	18:46:54.19	0.0680	21.13083	20.65	43.16	1.0	0.998712	22.0905	1.29896	804.82	1.04542	3.26	0
19	18:46:54.49	0.0670	21.13118	20.65	43.16	1.0	0.998730	22.0905	1.29896	804.80	1.04540	3.26	0
20	18:46:54.79	0.0655	21.13174	20.65	43.16	1.0	0.998754	22.0915	1.29896	804.82	1.04542	3.26	0
21	18:46:55.09	0.0690	21.13048	20.65	43.16	1.0	0.998694	22.0912	1.29900	804.82	1.04547	3.26	0
22	18:46:55.39	0.0655	21.13188	20.65	43.16	1.0	0.998760	22.0908	1.29892	804.80	1.04538	3.26	0
23	18:46:55.69	0.0675	21.13104	20.65	43.16	1.0	0.998724	22.0907	1.29896	804.82	1.04542	3.26	0
24	18:46:55.99	0.0680	21.13076	20.65	43.16	1.0	0.998712	22.0905	1.29896	804.82	1.04542	3.26	0
25	18:46:56.29	0.0675	21.13111	20.65	43.16	1.0	0.998724	22.0909	1.29896	804.82	1.04542	3.26	0
26	18:46:56.59	0.0680	21.13076	20.65	43.16	1.0	0.998712	22.0910	1.29896	804.82	1.04544	3.26	0
27	18:46:56.89	0.0690	21.13055	20.65	43.16	1.0	0.998700	22.0912	1.29900	804.82	1.04546	3.26	0
28	18:46:57.19	0.0675	21.13104	20.65	43.16	1.0	0.998724	22.0919	1.29900	804.82	1.04547	3.26	0
29	18:46:57.49	0.0670	21.13118	20.65	43.16	1.0	0.998730	22.0916	1.29900	804.82	1.04545	3.26	0
30	18:46:57.79	0.0685	21.13069	20.65	43.16	1.0	0.998706	22.0911	1.29900	804.82	1.04545	3.26	0
31	18:46:58.09	0.0675	21.13097	20.65	43.16	1.0	0.998718	22.0916	1.29900	804.82	1.04546	3.26	0
32	18:46:58.39	0.0660	21.13167	20.65	43.16	1.0	0.998754	22.0918	1.29896	804.82	1.04543	3.26	0
33	18:46:58.69	0.0680	21.13083	20.65	43.16	1.0	0.998712	22.0916	1.29900	804.84	1.04546	3.26	0
34	18:46:58.99	0.0675	21.13111	20.65	43.16	1.0	0.998724	22.0908	1.29896	804.80	1.04542	3.26	0
35	18:46:59.29	0.0665	21.13146	20.65	43.16	1.0	0.998742	22.0912	1.29896	804.82	1.04542	3.26	0
36	18:46:59.59	0.0675	21.13111	20.65	43.16	1.0	0.998724	22.0911	1.29896	804.82	1.04543	3.26	0
37	18:46:59.89	0.0655	21.13174	20.65	43.16	1.0	0.998754	22.0912	1.29896	804.82	1.04540	3.26	0
38	18:47:00.19	0.0660	21.13160	20.65	43.16	1.0	0.998748	22.0915	1.29896	804.82	1.04543	3.26	0
39	18:47:00.49	0.0665	21.13153	20.65	43.16	1.0	0.998748	22.0912	1.29896	804.82	1.04541	3.26	0
40	18:47:00.79	0.0660	21.13167	20.65	43.16	1.0	0.998754	22.0913	1.29896	804.82	1.04541	3.26	0
41	18:47:01.09	0.0670	21.13125	20.65	43.16	1.0	0.998730	22.0907	1.29896	804.80	1.04540	3.26	0
42	18:47:01.39	0.0705	21.12992	20.65	43.16	1.0	0.998670	22.0894	1.29896	804.82	1.04541	3.26	0
43	18:47:01.69	0.0740	21.12838	20.65	43.16	1.0	0.998598	22.0885	1.29896	804.82	1.04544	3.26	0
44	18:47:01.99	0.0785	21.12670	20.65	43.16	1.0	0.998520	22.0863	1.29896	804.82	1.04542	3.26	0
45	18:47:02.29	0.0875	21.12299	20.65	43.16	1.0	0.998340	22.0832	1.29900	804.82	1.04546	3.26	0
46	18:47:02.59	0.0915	21.12138	20.65	43.16	1.0	0.998268	22.0806	1.29896	804.82	1.04542	3.26	0
47	18:47:02.89	0.0965	21.11935	20.65	43.16	1.0	0.998172	22.0781	1.29896	804.80	1.04540	3.26	0
48	18:47:03.19	0.1010	21.11760	20.65	43.16	1.0	0.998088	22.0764	1.29896	804.80	1.04540	3.26	0
49	18:47:03.49	0.1035	21.11662	20.65	43.16	1.0	0.998040	22.0767	1.29900	804.84	1.04546	3.26	0
50	18:47:03.79	0.1010	21.11753	20.65	43.16	1.0	0.998082	22.0776	1.29900	804.84	1.04546	3.26	0
51	18:47:04.09	0.0985	21.11865	20.65	43.16	1.0	0.998136	22.0782	1.29900	804.82	1.04544	3.26	0
52	18:47:04.39	0.0970	21.11928	20.65	43.16	1.0	0.998166	22.0800	1.29900	804.84	1.04549	3.26	0
53	18:47:04.69	0.0920	21.12117	20.65	43.16	1.0	0.998256	22.0814	1.29900	804.84	1.04546	3.26	0
54	18:47:04.99	0.0915	21.12145	20.65	43.16	1.0	0.998268	22.0815	1.29896	804.82	1.04545	3.26	0
55	18:47:05.29	0.0895	21.12215	20.65	43.16	1.0	0.998304	22.0824	1.29900	804.82	1.04546	3.26	0
56	18:47:05.59	0.0865	21.12348	20.65	43.16	1.0	0.998364	22.0841	1.29900	804.84	1.04548	3.26	0
57	18:47:05.89	0.0835	21.12467	20.65	43.16	1.0	0.998424	22.0844	1.29896	804.82	1.04543	3.26	0
58	18:47:06.19	0.0810	21.12558	20.65	43.16	1.0	0.998466	22.0848	1.29896	804.82	1.04540	3.26	0
59	18:47:06.49	0.0790	21.12635	20.65	43.16	1.0	0.998502	22.0857	1.29896	804.82	1.04541	3.26	0
60	18:47:06.79	0.0790	21.12649	20.65	43.16	1.0	0.998508	22.0865	1.29896	804.82	1.04544	3.26	0
61	18:47:07.09	0.0755	21.12789	20.65	43.16	1.0	0.998574	22.0881	1.29896	804.82	1.04545	3.26	0
62	18:47:07.39	0.0745	21.12824	20.65	43.16	1.0	0.998592	22.0881	1.29896	804.82	1.04543	3.26	0
63	18:47:07.69	0.0755	21.12789	20.65	43.16	1.0	0.998574	22.0885	1.29900	804.84	1.04547	3.26	0
64	18:47:07.99	0.0910	21.12166	20.65	43.16	1.0	0.998280	22.0820	1.29900	804.84	1.04547	3.26	0
65	18:47:08.29	0.3275	21.02590	20.65	43.16	1.0	0.993756	21.9796	1.29896	804.76	1.04536	3.26	0
66	18:47:08.59	0.9285	20.76781	20.65	43.16	1.0	0.981558	21.7055	1.29896	804.60	1.04515	3.26	0
67	18:47:08.89	2.0435	20.30308	20.65	43.16	1.0	0.959592	21.2150	1.29900	804.40	1.04491	3.26	0
68	18:47:09.19	3.8610	19.58831	20.65	43.16	1.0	0.925806	20.4575	1.29900	803.98	1.04437	3.26	0
69	18:47:09.49	6.3115	18.68818	20.65	43.16	1.0	0.883266	19.5056	1.29900	803.50	1.04374	3.26	0
70	18:47:09.79	9.3010	17.67941	20.65	43.16	1.0	0.835584	18.4405	1.29900	802.96	1.04305	3.26	0
71	18:47:10.09	12.3525	16.69297	20.65	43.16	1.0	0.788964	17.4007	1.29904	802.44	1.04240	3.26	0
72	18:47:10.39	15.4295	15.79557	20.65	43.16	1.0	0.746550	16.4555	1.29904	801.96	1.04178	3.26	0
73	18:47:10.69	18.5355	14.95599	20.65	43.03	1.0	0.706866	15.5713	1.29904	801.46	1.04114	3.26	0
74	18:47:10.99	21.5135	14.20594	20.65	43.03	1.0	0.671418	14.7825	1.29904	801.04	1.04058	3.26	0
75	18:47:11.29	24.2815	13.55053	20.65	42.79	1.0	0.640428	14.0937	1.29904	800.66	1.04008	3.26	0
76	18:47:11.59	26.9245	12.96449	20.65	42.79	1.0	0.612732	13.4784	1.29904	800.32	1.03964	3.26	0
77	18:47:11.89	29.2595	12.47085	20.65	42.53	1.0	0.589392	12.9608	1.29904	800.04	1.03928	3.26	0
78	18:47:12.19	31.2530	12.06730	20.65	42.53	1.0	0.570324	12.5373	1.29904	799.78	1.03895	3.26	0
79	18:47:12.49	32.9980	11.72738	20.65	42.16	1.0	0.554244	12.1808	1.29904	799.54	1.03866	3.26	0
80	18:47:12.79	34.4620	11.45032	20.65	42.16	1.0	0.541146	11.8910	1.29908	799.40	1.03849	3.26	0
81	18:47:13.09	35.7580	11.21211	20.65	41.78	1.0	0.529884	11.6409	1.29904	799.24	1.03824	3.26	0
82	18:47:13.39	36.7900	11.02710	20.65	41.78	1.0	0.521136	11.4470	1.29904	799.10	1.03808	3.26	0
83	18:47:13.69	37.6440	10.87695	20.65	41.38	1.0	0.514026	11.2897	1.29904	799.02	1.03795	3.26	0
84	18:47:13.99	38.3295	10.75690	20.65	41.38	1.0	0.508356	11.1646	1.29908	798.94	1.03790	3.26	0
85	18:47:14.29	38.8555	10.66751	20.65	40.98	1.0	0.504120	11.0711	1.29908	798.90	1.03783	3.26	0
86	18:47:14.59	39.2605	10.59842	20.65	40.98	1.0	0.500856	10.9988	1.29908	798.86	1.03778	3.26	0
87	18:47:14.89	39.5600	10.54760	20.65	40.65	1.0	0.498444	10.9451	1.29904	798.82	1.03769	3.26	0
88	18:47:15.19	39.7445	10.51610	20.65	40.65	1.0	0.496956	10.9126	1.29908	798.80	1.03770	3.26	0
89	18:47:15.49	39.8290	10.50196	20.65	40.33	1.0	0.496278	10.8979	1.29908	798.80	1.03771	3.26	0
90	18:47:15.79	39.8245	10.50266	20.65	40.33	1.0	0.496308	10.8980	1.29904	798.78	1.03765	3.26	0
91	18:47:16.09	39.7590	10.51400	20.65	40.00	1.0	0.496842	10.9103	1.29908	798.80	1.03769	3.26	0
92	18:47:16.39	39.6295	10.53612	20.65	40.00	1.0	0.497886	10.9334	1.29908	798.80	1.03771	3.26	0
93	18:47:16.69	39.4225	10.57154	20.65	39.73	1.0	0.499548	10.9706	1.29908	798.84	1.03774	3.26	0
94	18:47:16.99	39.1350	10.62061	20.65	39.73	1.0	0.501864	11.0221	1.29908	798.88	1.03781	3.26	0
95	18:47:17.29	38.7445	10.68739	20.65	39.47	1.0	0.505014	11.0923	1.29908	798.94	1.03789	3.26	0
96	18:47:17.59	38.2185	10.77699	20.65	39.47	1.0	0.509250	11.1861	1.29908	799.00	1.03796	3.26	0
97	18:47:17.89	37.5700	10.89123	20.65	39.27	1.0	0.514644	11.3051	1.29904	799.04	1.03800	3.26	0
98	18:47:18.19	36.7565	11.03445	20.65	39.27	1.0	0.521412	11.4550	1.29904	799.12	1.03811	3.26	0
99	18:47:18.49	35.8665	11.19391	20.65	39.07	0.9	0.528942	11.6227	1.29908	799.26	1.03830	3.26	0
100	18:47:18.79	34.9775	11.35750	20.65	39.07	0.9	0.536670	11.7941	1.29908	799.36	1.03844	3.26	0
101	18:47:19.09	34.1415	11.51164	20.65	38.91	0.9	0.543948	11.9552	1.29904	799.44	1.03853	3.26	0
102	18:47:19.39	33.4100	11.65101	20.65	38.91	0.9	0.550536	12.1012	1.29908	799.52	1.03864	3.26	0
103	18:47:19.69	32.7780	11.77169	20.65	38.71	0.9	0.556230	12.2278	1.29908	799.62	1.03875	3.26	0
104	18:47:19.99	32.2455	11.87312	20.65	38.71	0.9	0.561024	12.3343	1.29908	799.68	1.03885	3.26	0
105	18:47:20.29	31.7385	11.97343	20.65	38.61	0.9	0.565758	12.4391	1.29904	799.74	1.03890	3.26	0
106	18:47:20.59	31.2330	12.07395	20.65	38.61	0.9	0.570510	12.5446	1.29904	799.80	1.03898	3.26	0
107	18:47:20.89	30.7185	12.17629	20.65	38.55	0.9	0.575346	12.6520	1.29908	799.86	1.03907	3.26	0
108	18:47:21.19	30.2015	12.27919	20.65	38.55	0.9	0.580206	12.7600	1.29908	799.92	1.03916	3.26	0
109	18:47:21.49	29.7200	12.37852	20.65	38.45	0.9	0.584892	12.8647	1.29908	800.02	1.03928	3.26	0
110	18:47:21.79	29.2295	12.47995	20.65	38.45	0.9	0.589686	12.9708	1.29908	800.06	1.03933	3.26	0
111	18:47:22.09	28.7315	12.58285	20.65	38.38	0.9	0.594546	13.0789	1.29908	800.12	1.03943	3.26	0
112	18:47:22.39	28.2390	12.68477	20.65	38.38	0.9	0.599364	13.1857	1.29904	800.20	1.03949	3.26	0
113	18:47:22.69	27.7910	12.78067	20.65	38.25	0.9	0.603888	13.2863	1.29908	800.24	1.03957	3.26	0
114	18:47:22.99	27.3965	12.86586	20.65	38.25	0.9	0.607914	13.3757	1.29904	800.30	1.03963	3.26	0
115	18:47:23.29	27.0600	12.93852	20.65	38.22	0.9	0.611346	13.4518	1.29904	800.34	1.03967	3.26	0
116	18:47:23.59	26.7700	13.00117	20.65	38.22	0.9	0.614310	13.5174	1.29904	800.36	1.03971	3.26	0
117	18:47:23.89	26.4945	13.06060	20.65	38.15	0.9	0.617112	13.5799	1.29904	800.40	1.03976	3.26	0
118	18:47:24.19	26.2365	13.11632	20.65	38.15	0.9	0.619746	13.6384	1.29904	800.44	1.03981	3.26	0
119	18:47:24.49	25.9900	13.17085	20.65	38.08	0.9	0.622320	13.6958	1.29904	800.48	1.03986	3.26	0
120	18:47:24.79	25.8105	13.21103	20.65	38.08	0.9	0.624222	13.7383	1.29904	800.52	1.03991	3.26	0
121	18:47:25.09	25.7000	13.23588	20.65	38.05	0.9	0.625392	13.7642	1.29904	800.52	1.03991	3.26	0
122	18:47:25.39	25.6220	13.25338	20.65	38.05	0.9	0.626220	13.7824	1.29904	800.52	1.03992	3.26	0
123	18:47:25.69	25.5170	13.27704	20.65	38.02	0.9	0.627336	13.8075	1.29908	800.54	1.03996	3.26	0
124	18:47:25.99	25.3440	13.31582	20.65	38.02	0.9	0.629166	13.8475	1.29900	800.56	1.03993	3.26	0
125	18:47:26.29	25.1145	13.36727	20.65	37.98	0.9	0.631596	13.9019	1.29904	800.58	1.03999	3.26	0
126	18:47:26.59	24.8400	13.42894	20.65	37.98	0.9	0.634512	13.9670	1.29904	800.64	1.04006	3.26	0
127	18:47:26.89	24.5600	13.49180	20.65	37.92	0.9	0.637482	14.0335	1.29908	800.68	1.04015	3.26	0
128	18:47:27.19	24.2710	13.55662	20.65	37.92	0.9	0.640542	14.1010	1.29904	800.70	1.04015	3.26	0
129	18:47:27.49	24.0100	13.61647	20.65	37.89	0.9	0.643368	14.1636	1.29904	800.74	1.04018	3.26	0
130	18:47:27.79	23.8000	13.66589	20.65	37.89	0.9	0.645702	14.2156	1.29904	800.76	1.04023	3.26	0
131	18:47:28.09	23.6165	13.70894	20.65	37.89	0.9	0.647736	14.2609	1.29904	800.78	1.04026	3.26	0
132	18:47:28.39	23.4630	13.74506	20.65	37.89	0.9	0.649446	14.2985	1.29904	800.80	1.04027	3.26	0
133	18:47:28.69	23.3520	13.77124	20.65	37.82	0.9	0.650676	14.3260	1.29904	800.82	1.04028	3.26	0
134	18:47:28.99	23.2875	13.78643	20.65	37.82	0.9	0.651396	14.3418	1.29904	800.82	1.04029	3.26	0
135	18:47:29.29	23.2770	13.78895	20.65	37.79	0.9	0.651516	14.3448	1.29904	800.84	1.04032	3.26	0
136	18:47:29.59	23.3045	13.78244	20.65	37.79	0.9	0.651210	14.3382	1.29904	800.84	1.04033	3.26	0
137	18:47:29.89	23.3350	13.77523	20.65	37.82	0.9	0.650868	14.3310	1.29908	800.84	1.04034	3.26	0
138	18:47:30.19	23.3365	13.77488	20.65	37.82	0.9	0.650850	14.3300	1.29904	800.82	1.04030	3.26	0
139	18:47:30.49	23.2935	13.78496	20.65	37.79	0.9	0.651324	14.3408	1.29904	800.84	1.04032	3.26	0
140	18:47:30.79	23.2110	13.80442	20.65	37.79	0.9	0.652248	14.3613	1.29904	800.86	1.04034	3.26	0
141	18:47:31.09	23.0885	13.83326	20.65	37.75	0.9	0.653604	14.3916	1.29904	800.88	1.04037	3.26	0
142	18:47:31.39	22.9450	13.86700	20.65	37.75	0.9	0.655200	14.4267	1.29900	800.88	1.04036	3.26	0
143	18:47:31.69	22.7980	13.90151	20.65	37.75	0.9	0.656832	14.4637	1.29904	800.92	1.04044	3.26	0
144	18:47:31.99	22.6435	13.93791	20.65	37.75	0.9	0.658548	14.5009	1.29900	800.92	1.04039	3.26	0
145	18:47:32.29	22.4990	13.97179	20.65	37.78	0.9	0.660150	14.5366	1.29900	800.94	1.04043	3.26	0
146	18:47:32.59	22.3835	13.99895	20.65	37.78	0.9	0.661434	14.5657	1.29904	800.96	1.04049	3.26	0
147	18:47:32.89	22.3130	14.01561	20.65	37.72	0.9	0.662220	14.5828	1.29900	800.96	1.04047	3.26	0
148	18:47:33.19	22.2950	14.01974	20.65	37.72	0.9	0.662418	14.5876	1.29904	800.98	1.04050	3.26	0
149	18:47:33.49	22.3170	14.01456	20.65	37.72	0.9	0.662172	14.5816	1.29900	800.96	1.04047	3.26	0
150	18:47:33.79	22.3585	14.00490	20.65	37.72	0.9	0.661716	14.5715	1.29900	800.96	1.04047	3.26	0
151	18:47:34.09	22.3965	13.99587	20.65	37.75	0.9	0.661290	14.5622	1.29904	800.96	1.04046	3.26	0
152	18:47:34.39	22.4135	13.99195	20.65	37.75	0.9	0.661104	14.5578	1.29900	800.94	1.04044	3.26	0
153	18:47:34.69	22.4040	13.99419	20.65	37.75	0.9	0.661212	14.5604	1.29904	800.96	1.04046	3.26	0
154	18:47:34.99	22.3645	14.00350	20.65	37.75	0.9	0.661650	14.5706	1.29904	800.98	1.04050	3.26	0
155	18:47:35.29	22.3005	14.01848	20.65	37.75	0.9	0.662358	14.5860	1.29900	800.98	1.04048	3.26	0
156	18:47:35.59	22.2260	14.03598	20.65	37.75	0.9	0.663186	14.6044	1.29904	800.98	1.04050	3.26	0
157	18:47:35.89	22.1490	14.05404	20.65	37.75	0.9	0.664038	14.6237	1.29904	801.00	1.04053	3.26	0
158	18:47:36.19	22.0800	14.07077	20.65	37.75	0.9	0.664830	14.6413	1.29904	801.02	1.04054	3.26	0
159	18:47:36.49	22.0250	14.08421	20.65	37.75	0.9	0.665466	14.6556	1.29904	801.02	1.04057	3.26	0
160	18:47:36.79	21.9880	14.09338	20.65	37.75	0.9	0.665898	14.6647	1.29904	801.02	1.04054	3.26	0
161	18:47:37.09	21.9585	14.10066	20.65	37.75	0.9	0.666240	14.6724	1.29900	801.02	1.04055	3.26	0
162	18:47:37.39	21.9390	14.10542	20.65	37.75	0.9	0.666462	14.6770	1.29900	801.02	1.04053	3.26	0
163	18:47:37.69	21.9265	14.10850	20.65	37.75	0.9	0.666612	14.6812	1.29904	801.04	1.04059	3.26	0
164	18:47:37.99	21.9075	14.11305	20.68	37.75	0.9	0.666834	14.6856	1.29904	801.04	1.04057	3.26	0
165	18:47:38.29	21.8875	14.11795	20.68	37.75	0.9	0.667062	14.6905	1.29900	801.04	1.04056	3.26	0
166	18:47:38.59	21.8550	14.12600	20.68	37.75	0.9	0.667446	14.6989	1.29900	801.04	1.04056	3.26	0
167	18:47:38.89	21.8065	14.13797	20.68	37.75	0.9	0.668010	14.7118	1.29904	801.06	1.04059	3.26	0
168	18:47:39.19	21.7480	14.15246	20.65	37.75	0.9	0.668688	14.7274	1.29904	801.08	1.04063	3.26	0
169	18:47:39.49	21.6815	14.16877	20.65	37.75	0.9	0.669456	14.7445	1.29904	801.08	1.04063	3.26	0
170	18:47:39.79	21.6220	14.18326	20.68	37.75	0.9	0.670152	14.7602	1.29904	801.10	1.04068	3.26	0
171	18:47:40.09	21.5670	14.19684	20.68	37.75	0.9	0.670794	14.7737	1.29900	801.10	1.04063	3.26	0
172	18:47:40.39	21.5275	14.20657	20.68	37.75	0.9	0.671250	14.7835	1.29900	801.08	1.04061	3.26	0
173	18:47:40.69	21.4970	14.21399	20.68	37.75	0.9	0.671604	14.7914	1.29900	801.10	1.04062	3.26	0
174	18:47:40.99	21.4775	14.21896	20.65	37.75	0.9	0.671832	14.7972	1.29904	801.10	1.04066	3.26	0
175	18:47:41.29	21.4625	14.22267	20.65	37.75	0.9	0.672006	14.8007	1.29900	801.10	1.04065	3.26	0
176	18:47:41.59	21.4570	14.22393	20.68	37.75	0.9	0.672072	14.8028	1.29904	801.12	1.04069	3.26	0
177	18:47:41.89	21.4495	14.22582	20.68	37.75	0.9	0.672162	14.8040	1.29900	801.10	1.04065	3.26	0
178	18:47:42.19	21.4420	14.22771	20.65	37.75	0.9	0.672246	14.8066	1.29904	801.12	1.04068	3.26	0
179	18:47:42.49	21.4195	14.23324	20.65	37.75	0.9	0.672504	14.8121	1.29904	801.10	1.04067	3.26	0
180	18:47:42.79	21.3775	14.24360	20.65	37.75	0.9	0.672996	14.8228	1.29900	801.12	1.04067	3.26	0
181	18:47:43.09	21.3275	14.25585	20.65	37.75	0.9	0.673572	14.8360	1.29904	801.14	1.04069	3.26	0
182	18:47:43.39	21.2715	14.26950	20.68	37.75	0.9	0.674226	14.8504	1.29904	801.14	1.04071	3.26	0
183	18:47:43.69	21.2210	14.28196	20.68	37.75	0.9	0.674814	14.8632	1.29904	801.14	1.04069	3.26	0
184	18:47:43.99	21.1840	14.29106	20.68	37.75	0.9	0.675246	14.8731	1.29904	801.16	1.04073	3.26	0
185	18:47:44.29	21.1590	14.29722	20.68	37.75	0.9	0.675534	14.8793	1.29904	801.16	1.04072	3.26	0
186	18:47:44.59	21.1470	14.30023	20.68	37.75	0.9	0.675678	14.8831	1.29904	801.16	1.04076	3.26	0
187	18:47:44.89	21.1285	14.30478	20.68	37.75	0.9	0.675888	14.8875	1.29904	801.16	1.04074	3.26	0
188	18:47:45.19	21.1080	14.30975	20.68	37.75	0.9	0.676128	14.8926	1.29904	801.16	1.04074	3.26	0
189	18:47:45.49	21.0950	14.31297	20.68	37.75	0.9	0.676278	14.8964	1.29904	801.18	1.04077	3.26	0
190	18:47:45.79	21.0910	14.31395	20.68	37.75	0.9	0.676326	14.8973	1.29904	801.16	1.04075	3.26	0
191	18:47:46.09	21.0995	14.31185	20.68	37.78	0.9	0.676230	14.8952	1.29904	801.16	1.04075	3.26	0
192	18:47:46.39	21.1015	14.31136	20.68	37.78	0.9	0.676200	14.8942	1.29904	801.16	1.04072	3.26	0
193	18:47:46.69	21.0990	14.31192	20.68	37.78	0.9	0.676230	14.8955	1.29904	801.18	1.04077	3.26	0
194	18:47:46.99	21.0770	14.31738	20.68	37.78	0.9	0.676488	14.9004	1.29900	801.16	1.04072	3.26	0
195	18:47:47.29	21.0510	14.32375	20.68	37.78	0.9	0.676788	14.9071	1.29904	801.16	1.04073	3.26	0
196	18:47:47.59	21.0210	14.33110	20.68	37.78	0.9	0.677136	14.9151	1.29904	801.18	1.04075	3.26	0
197	18:47:47.89	20.9840	14.34034	20.68	37.78	0.9	0.677574	14.9252	1.29904	801.18	1.04078	3.26	0
198	18:47:48.19	20.9485	14.34895	20.68	37.78	0.9	0.677982	14.9341	1.29904	801.18	1.04078	3.26	0
199	18:47:48.49	20.9075	14.35903	20.68	37.78	0.9	0.678456	14.9447	1.29904	801.20	1.04078	3.26	0
200	18:47:48.79	20.8615	14.37044	20.68	37.78	0.9	0.678996	14.9569	1.29904	801.22	1.04081	3.26	0
201	18:47:49.09	20.8105	14.38290	20.68	37.78	0.9	0.679584	14.9691	1.29900	801.20	1.04075	3.26	0
202	18:47:49.39	20.7745	14.39186	20.68	37.78	0.9	0.680004	14.9787	1.29900	801.20	1.04078	3.26	0
203	18:47:49.69	20.7515	14.39739	20.68	37.78	0.9	0.680268	14.9847	1.29904	801.20	1.04079	3.26	0
204	18:47:49.99	20.7390	14.40054	20.68	37.78	0.9	0.680418	14.9881	1.29900	801.22	1.04080	3.26	0
205	18:47:50.29	20.7320	14.40222	20.68	37.78	0.9	0.680496	14.9904	1.29904	801.24	1.04084	3.26	0
206	18:47:50.59	20.7185	14.40565	20.68	37.78	0.9	0.680658	14.9934	1.29900	801.22	1.04080	3.26	0
207	18:47:50.89	20.7015	14.40978	20.68	37.78	0.9	0.680850	14.9974	1.29900	801.22	1.04078	3.26	0
208	18:47:51.19	20.6830	14.41433	20.68	37.78	0.9	0.681066	15.0027	1.29904	801.22	1.04083	3.26	0
209	18:47:51.49	20.6570	14.42070	20.68	37.78	0.9	0.681372	15.0090	1.29900	801.22	1.04080	3.26	0
210	18:47:51.79	20.6335	14.42644	20.68	37.78	0.9	0.681642	15.0159	1.29904	801.24	1.04086	3.26	0
211	18:47:52.09	20.6075	14.43288	20.68	37.78	0.9	0.681948	15.0221	1.29900	801.24	1.04083	3.26	0
212	18:47:52.39	20.5850	14.43841	20.68	37.78	0.9	0.682206	15.0282	1.29904	801.24	1.04084	3.26	0
213	18:47:52.69	20.5600	14.44450	20.68	37.82	0.9	0.682494	15.0342	1.29900	801.24	1.04083	3.26	0
214	18:47:52.99	20.5450	14.44821	20.68	37.82	0.9	0.682674	15.0389	1.29904	801.26	1.04088	3.26	0
215	18:47:53.29	20.5345	14.45087	20.68	37.82	0.9	0.682794	15.0419	1.29908	801.26	1.04090	3.26	0
216	18:47:53.59	20.5215	14.45402	20.68	37.82	0.9	0.682944	15.0433	1.29900	801.22	1.04077	3.26	0
217	18:47:53.89	20.5170	14.45514	20.68	37.82	0.9	0.682998	15.0455	1.29904	801.26	1.04084	3.26	0
218	18:47:54.19	20.5155	14.45556	20.68	37.82	0.9	0.683016	15.0459	1.29904	801.24	1.04084	3.26	0
219	18:47:54.49	20.5070	14.45759	20.68	37.82	0.9	0.683118	15.0484	1.29904	801.26	1.04086	3.26	0
220	18:47:54.79	20.5025	14.45878	20.68	37.82	0.9	0.683172	15.0491	1.29904	801.24	1.04083	3.26	0
221	18:47:55.09	20.4955	14.46039	20.68	37.82	0.9	0.683244	15.0510	1.29904	801.26	1.04084	3.26	0
222	18:47:55.39	20.4790	14.46445	20.68	37.82	0.9	0.683436	15.0556	1.29904	801.26	1.04087	3.26	0
223	18:47:55.69	20.4445	14.47299	20.68	37.82	0.9	0.683844	15.0645	1.29904	801.26	1.04087	3.26	0
224	18:47:55.99	20.3865	14.48727	20.68	37.82	0.9	0.684516	15.0794	1.29904	801.28	1.04087	3.26	0
225	18:47:56.29	20.3175	14.50428	20.68	37.82	0.9	0.685320	15.0977	1.29904	801.30	1.04092	3.26	0
226	18:47:56.59	20.2265	14.52668	20.68	37.82	0.9	0.686376	15.1210	1.29904	801.30	1.04092	3.26	0
227	18:47:56.89	20.1355	14.54908	20.68	37.82	0.9	0.687438	15.1444	1.29904	801.30	1.04092	3.26	0
228	18:47:57.19	20.0480	14.57127	20.68	37.82	0.9	0.688482	15.1676	1.29900	801.32	1.04092	3.26	0
229	18:47:57.49	19.9815	14.58828	20.68	37.85	0.9	0.689292	15.1861	1.29904	801.34	1.04098	3.26	0
230	18:47:57.79	19.9410	14.59871	20.68	37.85	0.9	0.689784	15.1970	1.29904	801.34	1.04098	3.26	0
231	18:47:58.09	19.9290	14.60172	20.68	37.85	0.9	0.689928	15.2001	1.29904	801.34	1.04099	3.26	0
232	18:47:58.39	19.9395	14.59913	20.68	37.85	0.9	0.689802	15.1969	1.29904	801.34	1.04095	3.26	0
233	18:47:58.69	19.9675	14.59192	20.68	37.85	0.9	0.689460	15.1898	1.29904	801.34	1.04097	3.26	0
234	18:47:58.99	20.0080	14.58142	20.68	37.85	0.9	0.688968	15.1790	1.29904	801.34	1.04098	3.26	0
235	18:47:59.29	20.0425	14.57260	20.68	37.85	0.9	0.688548	15.1695	1.29904	801.34	1.04096	3.26	0
236	18:47:59.59	20.0640	14.56700	20.68	37.85	0.9	0.688284	15.1638	1.29904	801.34	1.04097	3.26	0
237	18:47:59.89	20.0790	14.56322	20.68	37.85	0.9	0.688104	15.1599	1.29908	801.32	1.04097	3.26	0
238	18:48:00.19	20.0875	14.56098	20.68	37.85	0.9	0.688002	15.1572	1.29904	801.32	1.04095	3.26	0
239	18:48:00.49	20.0905	14.56014	20.68	37.91	0.9	0.687960	15.1564	1.29904	801.32	1.04095	3.26	0
240	18:48:00.79	20.0855	14.56140	20.68	37.91	0.9	0.688026	15.1574	1.29904	801.32	1.04093	3.26	0
241	18:48:01.09	20.0750	14.56420	20.68	37.91	0.9	0.688152	15.1605	1.29904	801.32	1.04095	3.26	0
242	18:48:01.39	20.0590	14.56826	20.68	37.91	0.9	0.688344	15.1649	1.29904	801.32	1.04096	3.26	0
243	18:48:01.69	20.0430	14.57232	20.68	37.91	0.9	0.688542	15.1694	1.29904	801.34	1.04098	3.26	0
244	18:48:01.99	20.0350	14.57449	20.68	37.91	0.9	0.688638	15.1716	1.29904	801.34	1.04097	3.26	0
245	18:48:02.29	20.0315	14.57533	20.68	37.91	0.9	0.688680	15.1730	1.29908	801.34	1.04100	3.26	0
246	18:48:02.59	20.0365	14.57414	20.68	37.91	0.9	0.688626	15.1714	1.29904	801.34	1.04099	3.26	0
247	18:48:02.89	20.0455	14.57183	20.68	37.91	0.9	0.688518	15.1692	1.29908	801.34	1.04100	3.26	0
248	18:48:03.19	20.0535	14.56966	20.68	37.91	0.9	0.688410	15.1665	1.29904	801.32	1.04096	3.26	0
249	18:48:03.49	20.0630	14.56735	20.68	37.91	0.9	0.688302	15.1644	1.29904	801.34	1.04099	3.26	0
250	18:48:03.79	20.0730	14.56462	20.68	37.91	0.9	0.688176	15.1605	1.29900	801.32	1.04092	3.26	0
251	18:48:04.09	20.0890	14.56056	20.68	37.91	0.9	0.687984	15.1557	1.29900	801.30	1.04087	3.26	0
252	18:48:04.39	20.1120	14.55475	20.68	37.91	0.9	0.687708	15.1509	1.29904	801.32	1.04096	3.26	0
253	18:48:04.69	20.1285	14.55062	20.68	37.91	0.9	0.687516	15.1460	1.29904	801.30	1.04091	3.26	0
254	18:48:04.99	20.1420	14.54726	20.68	37.91	0.9	0.687354	15.1427	1.29904	801.32	1.04093	3.26	0
255	18:48:05.29	20.1475	14.54593	20.68	37.91	0.9	0.687294	15.1415	1.29904	801.32	1.04095	3.26	0
256	18:48:05.59	20.1475	14.54593	20.68	37.91	0.9	0.687294	15.1419	1.29904	801.34	1.04098	3.26	0
257	18:48:05.89	20.1385	14.54824	20.68	37.91	0.9	0.687402	15.1442	1.29904	801.32	1.04096	3.26	0
258	18:48:06.19	20.1270	14.55104	20.68	37.91	0.9	0.687534	15.1469	1.29904	801.32	1.04095	3.26	0
259	18:48:06.49	20.1235	14.55181	20.68	37.91	0.9	0.687570	15.1473	1.29904	801.30	1.04092	3.26	0
260	18:48:06.79	20.1215	14.55244	20.68	37.91	0.9	0.687600	15.1484	1.29904	801.32	1.04096	3.26	0
261	18:48:07.09	20.1215	14.55237	20.68	37.91	0.9	0.687594	15.1488	1.29908	801.32	1.04099	3.26	0
262	18:48:07.39	20.1165	14.55363	20.68	37.91	0.9	0.687654	15.1497	1.29904	801.32	1.04095	3.26	0
263	18:48:07.69	20.1095	14.55531	20.68	37.91	0.9	0.687732	15.1513	1.29904	801.32	1.04095	3.26	0
264	18:48:07.99	20.0980	14.55825	20.68	37.91	0.9	0.687876	15.1545	1.29904	801.32	1.04096	3.26	0
265	18:48:08.29	20.0820	14.56231	20.68	37.91	0.9	0.688068	15.1587	1.29904	801.32	1.04095	3.26	0
266	18:48:08.59	20.0610	14.56784	20.68	37.91	0.9	0.688326	15.1641	1.29904	801.32	1.04093	3.26	0
267	18:48:08.89	20.0380	14.57372	20.68	37.91	0.9	0.688602	15.1710	1.29904	801.34	1.04098	3.26	0
268	18:48:09.19	20.0140	14.57995	20.68	37.91	0.9	0.688896	15.1772	1.29904	801.34	1.04096	3.26	0
269	18:48:09.49	19.9865	14.58695	20.68	37.91	0.9	0.689232	15.1850	1.29904	801.34	1.04100	3.26	0
270	18:48:09.79	19.9590	14.59402	20.68	37.91	0.9	0.689562	15.1927	1.29908	801.36	1.04102	3.26	0
271	18:48:10.09	19.9360	14.59997	20.68	37.91	0.9	0.689844	15.1988	1.29908	801.36	1.04102	3.26	0
272	18:48:10.39	19.9110	14.60634	20.68	37.91	0.9	0.690144	15.2048	1.29904	801.34	1.04098	3.26	0
273	18:48:10.69	19.8930	14.61096	20.68	37.91	0.9	0.690366	15.2095	1.29904	801.34	1.04096	3.26	0
274	18:48:10.99	19.8810	14.61404	20.68	37.91	0.9	0.690510	15.2132	1.29904	801.36	1.04100	3.26	0
275	18:48:11.29	19.8695	14.61705	20.68	37.91	0.9	0.690654	15.2163	1.29904	801.36	1.04099	3.26	0
276	18:48:11.59	19.8575	14.62020	20.68	37.91	0.9	0.690798	15.2190	1.29900	801.34	1.04096	3.26	0
277	18:48:11.89	19.8495	14.62223	20.68	37.91	0.9	0.690894	15.2217	1.29904	801.36	1.04100	3.26	0
278	18:48:12.19	19.8430	14.62384	20.68	37.91	0.9	0.690972	15.2241	1.29908	801.38	1.04105	3.26	0
279	18:48:12.49	19.8350	14.62594	20.68	37.91	0.9	0.691074	15.2260	1.29908	801.38	1.04104	3.26	0
280	18:48:12.79	19.8270	14.62790	20.68	37.91	0.9	0.691164	15.2284	1.29908	801.38	1.04105	3.26	0
281	18:48:13.09	19.8205	14.62965	20.68	37.91	0.9	0.691248	15.2290	1.29900	801.36	1.04097	3.26	0
282	18:48:13.39	19.8175	14.63042	20.68	37.91	0.9	0.691284	15.2300	1.29904	801.36	1.04099	3.26	0
283	18:48:13.69	19.8200	14.62979	20.68	37.91	0.9	0.691254	15.2292	1.29904	801.36	1.04097	3.26	0
284	18:48:13.99	19.8225	14.62909	20.68	37.91	0.9	0.691218	15.2294	1.29908	801.38	1.04104	3.26	0
285	18:48:14.29	19.8205	14.62958	20.68	37.95	0.9	0.691248	15.2299	1.29908	801.38	1.04104	3.26	0
286	18:48:14.59	19.8200	14.62972	20.68	37.95	0.9	0.691254	15.2299	1.29904	801.36	1.04102	3.26	0
287	18:48:14.89	19.8210	14.62951	20.68	37.95	0.9	0.691242	15.2297	1.29904	801.38	1.04103	3.26	0
288	18:48:15.19	19.8195	14.62993	20.68	37.95	0.9	0.691260	15.2294	1.29904	801.36	1.04098	3.26	0
289	18:48:15.49	19.8220	14.62923	20.68	37.95	0.9	0.691230	15.2299	1.29908	801.38	1.04106	3.26	0
290	18:48:15.79	19.8215	14.62944	20.68	37.95	0.9	0.691236	15.2305	1.29908	801.40	1.04108	3.26	0
291	18:48:16.09	19.8200	14.62972	20.68	37.95	0.9	0.691254	15.2302	1.29908	801.38	1.04104	3.26	0
292	18:48:16.39	19.8180	14.63028	20.68	37.95	0.9	0.691278	15.2307	1.29908	801.38	1.04104	3.26	0
293	18:48:16.69	19.8185	14.63007	20.68	37.95	0.9	0.691272	15.2307	1.29908	801.38	1.04105	3.26	0
294	18:48:16.99	19.8185	14.63007	20.68	37.95	0.9	0.691272	15.2302	1.29908	801.36	1.04102	3.26	0
295	18:48:17.29	19.8180	14.63028	20.68	37.95	0.9	0.691278	15.2305	1.29904	801.38	1.04102	3.26	0
296	18:48:17.59	19.8165	14.63063	20.68	37.95	0.9	0.691296	15.2311	1.29908	801.38	1.04104	3.26	0
297	18:48:17.89	19.8140	14.63126	20.68	37.95	0.9	0.691326	15.2320	1.29908	801.40	1.04106	3.26	0
298	18:48:18.19	19.8115	14.63189	20.68	37.95	0.9	0.691356	15.2323	1.29904	801.38	1.04104	3.26	0
299	18:48:18.49	19.8115	14.63196	20.68	37.95	0.9	0.691356	15.2320	1.29904	801.38	1.04101	3.26	0
300	18:48:18.79	19.8105	14.63217	20.68	37.95	0.9	0.691368	15.2320	1.29904	801.36	1.04099	3.26	0
301	18:48:19.09	19.8085	14.63266	20.68	37.95	0.9	0.691392	15.2331	1.29904	801.38	1.04103	3.26	0
302	18:48:19.39	19.8050	14.63364	20.68	37.95	0.9	0.691434	15.2340	1.29904	801.38	1.04102	3.26	0
303	18:48:19.69	19.8045	14.63378	20.68	37.95	0.9	0.691440	15.2341	1.29904	801.38	1.04102	3.26	0
304	18:48:19.99	19.8025	14.63420	20.68	37.95	0.9	0.691464	15.2347	1.29904	801.38	1.04103	3.26	0
305	18:48:20.29	19.8020	14.63434	20.68	37.95	0.9	0.691470	15.2348	1.29904	801.38	1.04103	3.26	0
306	18:48:20.59	19.8030	14.63420	20.68	37.95	0.9	0.691464	15.2341	1.29904	801.36	1.04099	3.26	0
307	18:48:20.89	19.8015	14.63448	20.68	37.95	0.9	0.691476	15.2346	1.29904	801.36	1.04101	3.26	0
308	18:48:21.19	19.8010	14.63462	20.68	37.95	0.9	0.691482	15.2346	1.29904	801.36	1.04099	3.26	0
309	18:48:21.49	19.8005	14.63476	20.68	37.95	0.9	0.691494	15.2351	1.29904	801.38	1.04102	3.26	0
310	18:48:21.79	19.8015	14.63448	20.68	37.95	0.9	0.691476	15.2341	1.29904	801.36	1.04098	3.26	0
311	18:48:22.09	19.8030	14.63413	20.68	37.95	0.9	0.691458	15.2345	1.29904	801.38	1.04103	3.26	0
312	18:48:22.39	19.7990	14.63518	20.68	37.95	0.9	0.691512	15.2354	1.29904	801.36	1.04101	3.26	0
313	18:48:22.69	19.7975	14.63560	20.68	37.95	0.9	0.691530	15.2357	1.29904	801.36	1.04101	3.26	0
314	18:48:22.99	19.7965	14.63581	20.68	37.95	0.9	0.691536	15.2361	1.29904	801.38	1.04101	3.26	0
315	18:48:23.29	19.7980	14.63539	20.68	37.95	0.9	0.691524	15.2361	1.29904	801.40	1.04104	3.26	0
316	18:48:23.59	19.7940	14.63637	20.68	37.95	0.9	0.691566	15.2371	1.29904	801.38	1.04104	3.26	0
317	18:48:23.89	19.7960	14.63595	20.68	37.95	0.9	0.691548	15.2367	1.29904	801.38	1.04104	3.26	0
318	18:48:24.19	19.7950	14.63623	20.68	37.95	0.9	0.691560	15.2365	1.29904	801.38	1.04102	3.26	0
319	18:48:24.49	19.7975	14.63553	20.68	37.95	0.9	0.691524	15.2359	1.29904	801.38	1.04102	3.26	0
320	18:48:24.79	19.7995	14.63497	20.68	37.95	0.9	0.691500	15.2363	1.29908	801.40	1.04109	3.26	0
321	18:48:25.09	19.7945	14.63630	20.68	37.95	0.9	0.691566	15.2369	1.29908	801.38	1.04103	3.26	0
322	18:48:25.39	19.7925	14.63679	20.68	37.95	0.9	0.691584	15.2375	1.29904	801.38	1.04104	3.26	0
323	18:48:25.69	19.7900	14.63742	20.68	37.95	0.9	0.691614	15.2378	1.29904	801.38	1.04102	3.26	0
324	18:48:25.99	19.7935	14.63651	20.68	37.95	0.9	0.691572	15.2377	1.29908	801.40	1.04108	3.26	0
325	18:48:26.29	19.7930	14.63665	20.68	37.95	0.9	0.691578	15.2370	1.29904	801.38	1.04102	3.26	0
326	18:48:26.61	19.7950	14.63623	20.68	37.95	0.9	0.691560	15.2365	1.29904	801.38	1.04101	3.26	0
327	18:48:26.89	19.7925	14.63679	20.68	37.95	0.9	0.691590	15.2370	1.29904	801.38	1.04101	3.26	0
328	18:48:27.19	19.7900	14.63749	20.68	37.95	0.9	0.691620	15.2374	1.29904	801.36	1.04099	3.26	0
329	18:48:27.49	19.7920	14.63700	20.68	37.95	0.9	0.691596	15.2372	1.29904	801.36	1.04101	3.26	0
330	18:48:27.79	19.7920	14.63686	20.68	37.95	0.9	0.691590	15.2378	1.29908	801.38	1.04105	3.26	0
331	18:48:28.09	19.7890	14.63770	20.68	37.95	0.9	0.691626	15.2379	1.29904	801.36	1.04101	3.26	0
332	18:48:28.39	19.7900	14.63749	20.68	37.95	0.9	0.691620	15.2382	1.29904	801.38	1.04104	3.26	0
333	18:48:28.69	19.7905	14.63735	20.68	37.95	0.9	0.691614	15.2379	1.29904	801.38	1.04103	3.26	0
334	18:48:28.99	19.7930	14.63672	20.68	37.95	0.9	0.691584	15.2379	1.29908	801.40	1.04107	3.26	0
335	18:48:29.29	19.7910	14.63714	20.68	37.95	0.9	0.691602	15.2377	1.29904	801.38	1.04103	3.26	0
336	18:48:29.59	19.7920	14.63693	20.68	37.95	0.9	0.691596	15.2377	1.29908	801.38	1.04104	3.26	0
337	18:48:29.89	19.7885	14.63784	20.68	37.95	0.9	0.691638	15.2384	1.29904	801.38	1.04103	3.26	0
338	18:48:30.19	19.7885	14.63777	20.68	37.95	0.9	0.691632	15.2385	1.29904	801.38	1.04104	3.26	0
339	18:48:30.49	19.7890	14.63777	20.68	37.95	0.9	0.691632	15.2382	1.29904	801.38	1.04102	3.26	0
340	18:48:30.79	19.7865	14.63833	20.68	37.95	0.9	0.691656	15.2389	1.29904	801.38	1.04103	3.26	0
341	18:48:31.09	19.7855	14.63868	20.68	37.95	0.9	0.691674	15.2390	1.29904	801.36	1.04101	3.26	0
342	18:48:31.39	19.7825	14.63931	20.68	37.95	0.9	0.691704	15.2399	1.29904	801.38	1.04103	3.26	0
343	18:48:31.69	19.7815	14.63966	20.68	37.95	0.9	0.691722	15.2400	1.29904	801.38	1.04101	3.26	0
344	18:48:31.99	19.7795	14.64015	20.68	37.95	0.9	0.691746	15.2408	1.29904	801.38	1.04103	3.26	0
345	18:48:32.29	19.7760	14.64106	20.68	37.95	0.9	0.691788	15.2420	1.29904	801.38	1.04105	3.26	0
346	18:48:32.59	19.7755	14.64120	20.68	37.95	0.9	0.691794	15.2419	1.29904	801.38	1.04102	3.26	0
347	18:48:32.89	19.7745	14.64141	20.68	37.95	0.9	0.691806	15.2425	1.29908	801.38	1.04105	3.26	0
348	18:48:33.19	19.7745	14.64148	20.68	37.95	0.9	0.691806	15.2421	1.29904	801.38	1.04102	3.26	0
349	18:48:33.49	19.7775	14.64064	20.68	37.91	0.9	0.691770	15.2412	1.29904	801.38	1.04102	3.26	0
350	18:48:33.79	19.7775	14.64064	20.68	37.91	0.9	0.691770	15.2406	1.29900	801.36	1.04098	3.26	0
351	18:48:34.09	19.7810	14.63980	20.68	37.95	0.9	0.691728	15.2401	1.29904	801.38	1.04101	3.26	0
352	18:48:34.39	19.7800	14.63994	20.68	37.95	0.9	0.691734	15.2404	1.29904	801.38	1.04101	3.26	0
353	18:48:34.69	19.7775	14.64071	20.68	37.91	0.9	0.691770	15.2407	1.29900	801.36	1.04098	3.26	0
354	18:48:34.99	19.7780	14.64050	20.68	37.91	0.9	0.691758	15.2410	1.29904	801.38	1.04102	3.26	0
355	18:48:35.29	19.7775	14.64078	20.68	37.91	0.9	0.691770	15.2412	1.29904	801.38	1.04102	3.26	0
356	18:48:35.59	19.7765	14.64099	20.68	37.91	0.9	0.691782	15.2412	1.29900	801.38	1.04099	3.26	0
357	18:48:35.89	19.7785	14.64043	20.68	37.91	0.9	0.691758	15.2412	1.29904	801.40	1.04103	3.26	0
358	18:48:36.19	19.7795	14.64022	20.68	37.91	0.9	0.691746	15.2407	1.29904	801.38	1.04102	3.26	0
359	18:48:36.49	19.7810	14.63973	20.68	37.91	0.9	0.691722	15.2409	1.29908	801.40	1.04106	3.26	0
360	18:48:36.79	19.7795	14.64015	20.68	37.91	0.9	0.691746	15.2405	1.29904	801.38	1.04101	3.26	0
361	18:48:37.09	19.7830	14.63931	20.68	37.91	0.9	0.691704	15.2398	1.29904	801.38	1.04102	3.26	0
362	18:48:37.39	19.7830	14.63931	20.68	37.91	0.9	0.691704	15.2398	1.29904	801.38	1.04102	3.26	0
363	18:48:37.69	19.7845	14.63889	20.68	37.91	0.9	0.691680	15.2391	1.29904	801.38	1.04101	3.26	0
364	18:48:37.99	19.7855	14.63868	20.68	37.91	0.9	0.691674	15.2387	1.29904	801.36	1.04099	3.26	0
365	18:48:38.29	19.7825	14.63938	20.68	37.91	0.9	0.691704	15.2396	1.29900	801.38	1.04099	3.26	0
366	18:48:38.59	19.7825	14.63945	20.68	37.91	0.9	0.691710	15.2400	1.29904	801.38	1.04102	3.26	0
367	18:48:38.89	19.7820	14.63952	20.68	37.91	0.9	0.691710	15.2400	1.29904	801.38	1.04102	3.26	0
368	18:48:39.19	19.7790	14.64029	20.68	37.91	0.9	0.691752	15.2407	1.29904	801.38	1.04101	3.26	0
369	18:48:39.49	19.7790	14.64036	20.68	37.91	0.9	0.691752	15.2411	1.29904	801.38	1.04103	3.26	0
370	18:48:39.79	19.7765	14.64099	20.68	37.91	0.9	0.691782	15.2415	1.29904	801.38	1.04102	3.26	0
371	18:48:40.09	19.7720	14.64218	20.68	37.91	0.9	0.691842	15.2421	1.29900	801.36	1.04098	3.26	0
372	18:48:40.39	19.7725	14.64197	20.68	37.91	0.9	0.691830	15.2426	1.29904	801.38	1.04103	3.26	0
373	18:48:40.69	19.7720	14.64211	20.68	37.91	0.9	0.691836	15.2424	1.29904	801.36	1.04100	3.26	0
374	18:48:40.99	19.7680	14.64316	20.68	37.91	0.9	0.691884	15.2435	1.29900	801.38	1.04101	3.26	0
375	18:48:41.29	19.7670	14.64337	20.68	37.91	0.9	0.691896	15.2440	1.29904	801.38	1.04102	3.26	0
376	18:48:41.59	19.7695	14.64274	20.68	37.91	0.9	0.691866	15.2439	1.29904	801.40	1.04105	3.26	0
377	18:48:41.89	19.7655	14.64379	20.68	37.91	0.9	0.691914	15.2445	1.29904	801.38	1.04102	3.26	0
378	18:48:42.19	19.7630	14.64449	20.68	37.91	0.9	0.691950	15.2448	1.29904	801.36	1.04099	3.26	0
379	18:48:42.49	19.7660	14.64365	20.68	37.91	0.9	0.691908	15.2445	1.29904	801.38	1.04103	3.26	0
380	18:48:42.79	19.7650	14.64386	20.68	37.91	0.9	0.691920	15.2449	1.29904	801.40	1.04104	3.26	0
381	18:48:43.09	19.7645	14.64400	20.68	37.91	0.9	0.691926	15.2449	1.29904	801.38	1.04103	3.26	0
382	18:48:43.39	19.7630	14.64449	20.68	37.91	0.9	0.691950	15.2454	1.29904	801.38	1.04104	3.26	0
383	18:48:43.69	19.7665	14.64351	20.68	37.91	0.9	0.691902	15.2447	1.29904	801.40	1.04105	3.26	0
384	18:48:43.99	19.7640	14.64414	20.68	37.91	0.9	0.691932	15.2449	1.29904	801.38	1.04103	3.26	0
385	18:48:44.29	19.7675	14.64323	20.68	37.91	0.9	0.691890	15.2445	1.29904	801.40	1.04106	3.26	0
386	18:48:44.59	19.7675	14.64323	20.68	37.91	0.9	0.691890	15.2445	1.29904	801.40	1.04107	3.26	0
387	18:48:44.89	19.7660	14.64365	20.68	37.91	0.9	0.691908	15.2445	1.29904	801.38	1.04103	3.26	0
388	18:48:45.19	19.7675	14.64323	20.68	37.91	0.9	0.691890	15.2444	1.29904	801.40	1.04105	3.26	0
389	18:48:45.49	19.7650	14.64386	20.68	37.91	0.9	0.691920	15.2450	1.29908	801.38	1.04105	3.26	0
390	18:48:45.79	19.7640	14.64421	20.68	37.91	0.9	0.691938	15.2452	1.29904	801.40	1.04104	3.26	0
391	18:48:46.09	19.7625	14.64456	20.68	37.91	0.9	0.691950	15.2459	1.29908	801.40	1.04106	3.26	0
392	18:48:46.39	19.7625	14.64456	20.68	37.91	0.9	0.691950	15.2459	1.29904	801.40	1.04106	3.26	0
393	18:48:46.69	19.7630	14.64449	20.68	37.91	0.9	0.691950	15.2457	1.29904	801.40	1.04105	3.26	0
394	18:48:46.99	19.7615	14.64484	20.68	37.91	0.9	0.691968	15.2464	1.29908	801.40	1.04108	3.26	0
395	18:48:47.29	19.7605	14.64505	20.68	37.91	0.9	0.691974	15.2459	1.29904	801.38	1.04103	3.26	0
396	18:48:47.59	19.7605	14.64505	20.68	37.91	0.9	0.691974	15.2456	1.29904	801.38	1.04101	3.26	0
397	18:48:47.89	19.7615	14.64484	20.68	37.91	0.9	0.691968	15.2459	1.29904	801.40	1.04104	3.26	0
398	18:48:48.19	19.7610	14.64498	20.68	37.91	0.9	0.691974	15.2458	1.29904	801.38	1.04102	3.26	0
399	18:48:48.49	19.7605	14.64512	20.68	37.91	0.9	0.691980	15.2463	1.29904	801.40	1.04105	3.26	0
400	18:48:48.79	19.7600	14.64526	20.68	37.91	0.9	0.691986	15.2463	1.29904	801.38	1.04104	3.26	0
401	18:48:49.09	19.7565	14.64617	20.68	37.91	0.9	0.692028	15.2473	1.29904	801.40	1.04104	3.26	0
402	18:48:49.38	19.7560	14.64624	20.68	37.91	0.9	0.692034	15.2476	1.29904	801.40	1.04106	3.26	0
403	18:48:49.68	19.7535	14.64687	20.68	37.91	0.9	0.692058	15.2479	1.29904	801.38	1.04104	3.26	0
404	18:48:49.98	19.7555	14.64638	20.68	37.91	0.9	0.692040	15.2477	1.29908	801.40	1.04106	3.26	0
405	18:48:50.29	19.7515	14.64736	20.68	37.91	0.9	0.692082	15.2483	1.29904	801.38	1.04103	3.26	0
406	18:48:50.58	19.7510	14.64750	20.68	37.91	0.9	0.692094	15.2486	1.29904	801.40	1.04104	3.26	0
407	18:48:50.89	19.7495	14.64785	20.68	37.91	0.9	0.692106	15.2489	1.29904	801.40	1.04104	3.26	0
408	18:48:51.19	19.7510	14.64757	20.68	37.91	0.9	0.692094	15.2491	1.29908	801.40	1.04107	3.26	0
409	18:48:51.49	19.7495	14.64792	20.68	37.91	0.9	0.692112	15.2491	1.29904	801.40	1.04105	3.26	0
410	18:48:51.79	19.7535	14.64680	20.68	37.91	0.9	0.692058	15.2480	1.29904	801.38	1.04104	3.26	0
411	18:48:52.09	19.7565	14.64610	20.68	37.91	0.9	0.692022	15.2468	1.29904	801.38	1.04102	3.26	0
412	18:48:52.38	19.7595	14.64533	20.68	37.91	0.9	0.691992	15.2466	1.29904	801.40	1.04105	3.26	0
413	18:48:52.69	19.7590	14.64547	20.68	37.91	0.9	0.691998	15.2468	1.29904	801.40	1.04105	3.26	0
414	18:48:52.99	19.7595	14.64533	20.68	37.91	0.9	0.691986	15.2470	1.29908	801.40	1.04108	3.26	0
415	18:48:53.29	19.7565	14.64603	20.68	37.91	0.9	0.692022	15.2472	1.29904	801.38	1.04105	3.26	0
416	18:48:53.58	19.7590	14.64547	20.68	37.91	0.9	0.691998	15.2465	1.29904	801.40	1.04104	3.26	0
417	18:48:53.88	19.7595	14.64526	20.68	37.91	0.9	0.691986	15.2467	1.29908	801.40	1.04107	3.26	0
418	18:48:54.19	19.7595	14.64526	20.68	37.91	0.9	0.691986	15.2468	1.29908	801.40	1.04107	3.26	0
419	18:48:54.49	19.7605	14.64505	20.68	37.91	0.9	0.691974	15.2468	1.29908	801.40	1.04108	3.26	0
420	18:48:54.78	19.7565	14.64603	20.68	37.91	0.9	0.692022	15.2473	1.29904	801.40	1.04105	3.26	0
421	18:48:55.09	19.7565	14.64610	20.68	37.91	0.9	0.692022	15.2475	1.29904	801.40	1.04106	3.26	0
422	18:48:55.39	19.7575	14.64575	20.68	37.91	0.9	0.692010	15.2470	1.29904	801.40	1.04105	3.26	0
423	18:48:55.68	19.7570	14.64589	20.68	37.91	0.9	0.692016	15.2473	1.29904	801.40	1.04106	3.26	0
424	18:48:55.98	19.7585	14.64561	20.68	37.91	0.9	0.691998	15.2477	1.29908	801.42	1.04111	3.26	0
425	18:48:56.28	19.7580	14.64575	20.68	37.91	0.9	0.692010	15.2474	1.29908	801.40	1.04108	3.26	0
426	18:48:56.58	19.7575	14.64582	20.68	37.91	0.9	0.692010	15.2480	1.29908	801.42	1.04111	3.26	0
427	18:48:56.88	19.7570	14.64596	20.68	37.91	0.9	0.692016	15.2475	1.29904	801.40	1.04107	3.26	0
428	18:48:57.18	19.7595	14.64533	20.68	37.91	0.9	0.691992	15.2466	1.29904	801.40	1.04105	3.26	0
429	18:48:57.48	19.7595	14.64526	20.68	37.91	0.9	0.691986	15.2468	1.29904	801.40	1.04107	3.26	0
430	18:48:57.78	19.7565	14.64610	20.68	37.91	0.9	0.692022	15.2480	1.29908	801.42	1.04110	3.26	0
431	18:48:58.08	19.7570	14.64596	20.68	37.91	0.9	0.692016	15.2477	1.29908	801.42	1.04108	3.26	0
432	18:48:58.38	19.7550	14.64645	20.68	37.91	0.9	0.692040	15.2482	1.29908	801.40	1.04108	3.26	0
433	18:48:58.69	19.7550	14.64652	20.68	37.91	0.9	0.692046	15.2482	1.29904	801.42	1.04108	3.26	0
434	18:48:58.98	19.7525	14.64722	20.68	37.91	0.9	0.692076	15.2489	1.29908	801.40	1.04108	3.26	0
435	18:48:59.28	19.7470	14.64848	20.68	37.91	0.9	0.692136	15.2503	1.29904	801.42	1.04108	3.26	0
436	18:48:59.58	19.7470	14.64862	20.68	37.91	0.9	0.692142	15.2501	1.29908	801.40	1.04107	3.26	0
437	18:48:59.88	19.7470	14.64862	20.68	37.85	0.9	0.692142	15.2499	1.29904	801.40	1.04105	3.26	0
438	18:49:00.18	19.7465	14.64876	20.68	37.85	0.9	0.692148	15.2503	1.29904	801.40	1.04106	3.26	0
439	18:49:00.48	19.7485	14.64813	20.68	37.91	0.9	0.692118	15.2501	1.29908	801.42	1.04110	3.26	0
440	18:49:00.78	19.7500	14.64771	20.68	37.91	0.9	0.692100	15.2493	1.29904	801.40	1.04107	3.26	0
441	18:49:01.09	19.7480	14.64834	20.68	37.85	0.9	0.692130	15.2496	1.29904	801.40	1.04105	3.26	0
442	18:49:01.38	19.7520	14.64729	20.68	37.85	0.9	0.692076	15.2492	1.29908	801.42	1.04110	3.26	0
443	18:49:01.69	19.7575	14.64582	20.68	37.91	0.9	0.692016	15.2482	1.29908	801.42	1.04113	3.26	0
444	18:49:01.98	19.7565	14.64610	20.68	37.91	0.9	0.692028	15.2484	1.29908	801.42	1.04112	3.26	0
445	18:49:02.30	19.7540	14.64673	20.68	37.85	0.9	0.692052	15.2484	1.29904	801.40	1.04108	3.26	0
446	18:49:02.59	19.7590	14.64547	20.68	37.85	0.9	0.691992	15.2474	1.29908	801.42	1.04110	3.26	0
447	18:49:02.89	19.7575	14.64582	20.68	37.85	0.9	0.692010	15.2476	1.29904	801.42	1.04109	3.26	0
448	18:49:03.19	19.7570	14.64610	20.68	37.85	0.9	0.692022	15.2477	1.29904	801.42	1.04108	3.26	0
449	18:49:03.49	19.7565	14.64617	20.68	37.85	0.9	0.692028	15.2477	1.29904	801.42	1.04107	3.26	0
450	18:49:03.79	19.7540	14.64687	20.68	37.85	0.9	0.692058	15.2482	1.29904	801.42	1.04106	3.26	0
451	18:49:04.09	19.7520	14.64729	20.68	37.85	0.9	0.692082	15.2483	1.29900	801.40	1.04103	3.26	0
452	18:49:04.39	19.7500	14.64778	20.68	37.85	0.9	0.692100	15.2494	1.29904	801.40	1.04107	3.26	0
453	18:49:04.68	19.7480	14.64834	20.68	37.85	0.9	0.692130	15.2498	1.29904	801.42	1.04106	3.26	0
454	18:49:04.99	19.7460	14.64883	20.68	37.85	0.9	0.692148	15.2510	1.29908	801.42	1.04111	3.26	0
455	18:49:05.29	19.7435	14.64953	20.68	37.85	0.9	0.692184	15.2512	1.29904	801.42	1.04108	3.26	0
456	18:49:05.58	19.7450	14.64918	20.68	37.85	0.9	0.692166	15.2508	1.29904	801.42	1.04107	3.26	0
457	18:49:05.88	19.7460	14.64883	20.68	37.85	0.9	0.692148	15.2503	1.29904	801.40	1.04106	3.26	0
458	18:49:06.18	19.7455	14.64897	20.68	37.85	0.9	0.692154	15.2506	1.29904	801.40	1.04107	3.26	0
459	18:49:06.48	19.7465	14.64869	20.68	37.85	0.9	0.692148	15.2505	1.29904	801.42	1.04108	3.26	0
460	18:49:06.78	19.7455	14.64897	20.68	37.85	0.9	0.692154	15.2507	1.29904	801.42	1.04108	3.26	0
461	18:49:07.09	19.7460	14.64883	20.68	37.85	0.9	0.692148	15.2508	1.29904	801.42	1.04110	3.26	0
462	18:49:07.38	19.7445	14.64918	20.68	37.85	0.9	0.692166	15.2509	1.29904	801.42	1.04107	3.26	0
463	18:49:07.68	19.7465	14.64869	20.68	37.85	0.9	0.692142	15.2508	1.29908	801.42	1.04110	3.26	0
464	18:49:07.98	19.7485	14.64827	20.68	37.85	0.9	0.692124	15.2509	1.29908	801.44	1.04114	3.26	0
465	18:49:08.28	19.7445	14.64932	20.68	37.85	0.9	0.692172	15.2514	1.29908	801.42	1.04110	3.26	0
466	18:49:08.58	19.7480	14.64841	20.68	37.85	0.9	0.692130	15.2510	1.29908	801.44	1.04114	3.26	0
467	18:49:08.88	19.7460	14.64883	20.68	37.85	0.9	0.692148	15.2501	1.29904	801.40	1.04105	3.26	0
468	18:49:09.18	19.7490	14.64813	20.68	37.85	0.9	0.692118	15.2499	1.29904	801.42	1.04108	3.26	0
469	18:49:09.48	19.7485	14.64820	20.68	37.85	0.9	0.692124	15.2501	1.29904	801.42	1.04109	3.26	0
470	18:49:09.78	19.7460	14.64883	20.68	37.85	0.9	0.692148	15.2505	1.29904	801.42	1.04108	3.26	0
471	18:49:10.08	19.7440	14.64932	20.68	37.85	0.9	0.692178	15.2511	1.29908	801.40	1.04108	3.26	0
472	18:49:10.38	19.7445	14.64925	20.68	37.85	0.9	0.692172	15.2510	1.29908	801.40	1.04108	3.26	0
473	18:49:10.68	19.7425	14.64974	20.68	37.85	0.9	0.692190	15.2514	1.29904	801.42	1.04107	3.26	0
474	18:49:10.98	19.7415	14.65002	20.68	37.85	0.9	0.692208	15.2516	1.29904	801.40	1.04106	3.26	0
475	18:49:11.28	19.7445	14.64918	20.68	37.85	0.9	0.692166	15.2515	1.29908	801.42	1.04112	3.26	0
476	18:49:11.58	19.7405	14.65030	20.68	37.85	0.9	0.692220	15.2519	1.29904	801.40	1.04107	3.26	0
477	18:49:11.88	19.7375	14.65100	20.68	37.85	0.9	0.692256	15.2537	1.29908	801.44	1.04114	3.26	0
478	18:49:12.18	19.7370	14.65114	20.68	37.85	0.9	0.692262	15.2533	1.29908	801.42	1.04110	3.26	0
479	18:49:12.48	19.7350	14.65170	20.68	37.85	0.9	0.692286	15.2542	1.29908	801.42	1.04112	3.26	0
480	18:49:12.78	19.7345	14.65177	20.68	37.85	0.9	0.692292	15.2533	1.29904	801.42	1.04106	3.26	0
481	18:49:13.09	19.7390	14.65072	20.68	37.85	0.9	0.692238	15.2528	1.29904	801.42	1.04110	3.26	0
482	18:49:13.38	19.7365	14.65128	20.68	37.85	0.9	0.692268	15.2533	1.29904	801.42	1.04108	3.26	0
483	18:49:13.68	19.7355	14.65156	20.68	37.85	0.9	0.692280	15.2533	1.29904	801.42	1.04107	3.26	0
484	18:49:13.99	19.7375	14.65100	20.68	37.85	0.9	0.692250	15.2529	1.29904	801.42	1.04108	3.26	0
485	18:49:14.29	19.7395	14.65051	20.68	37.85	0.9	0.692232	15.2531	1.29908	801.44	1.04113	3.26	0
486	18:49:14.58	19.7365	14.65128	20.68	37.85	0.9	0.692268	15.2536	1.29908	801.42	1.04111	3.26	0
487	18:49:14.88	19.7360	14.65149	20.68	37.85	0.9	0.692274	15.2539	1.29908	801.42	1.04112	3.26	0
488	18:49:15.18	19.7315	14.65261	20.68	37.85	0.9	0.692328	15.2547	1.29904	801.42	1.04109	3.26	0
489	18:49:15.48	19.7320	14.65247	20.68	37.85	0.9	0.692322	15.2547	1.29908	801.42	1.04110	3.26	0
490	18:49:15.78	19.7295	14.65303	20.68	37.85	0.9	0.692352	15.2550	1.29904	801.42	1.04108	3.26	0
491	18:49:16.08	19.7320	14.65254	20.68	37.85	0.9	0.692322	15.2543	1.29904	801.42	1.04107	3.26	0
492	18:49:16.38	19.7315	14.65261	20.68	37.85	0.9	0.692334	15.2547	1.29908	801.42	1.04110	3.26	0
493	18:49:16.68	19.7300	14.65296	20.68	37.85	0.9	0.692346	15.2551	1.29904	801.42	1.04110	3.26	0
494	18:49:16.98	19.7305	14.65282	20.68	37.85	0.9	0.692340	15.2549	1.29904	801.42	1.04109	3.26	0
495	18:49:17.28	19.7035	14.65982	20.68	37.85	0.9	0.692670	15.2620	1.29904	801.42	1.04108	3.26	0
496	18:49:17.58	19.6960	14.66178	20.68	37.85	0.9	0.692760	15.2638	1.29904	801.42	1.04107	3.26	0
497	18:49:17.88	19.6965	14.66157	20.68	37.85	0.9	0.692754	15.2639	1.29904	801.42	1.04108	3.26	0
498	18:49:18.18	19.6995	14.66087	20.68	37.85	0.9	0.692718	15.2629	1.29904	801.40	1.04107	3.26	0
499	18:49:18.49	19.7030	14.65989	20.68	37.85	0.9	0.692670	15.2624	1.29908	801.42	1.04110	3.26	0
500	18:49:18.78	19.6935	14.66234	20.68	37.85	0.9	0.692790	15.2647	1.29904	801.42	1.04108	3.26	0
501	18:49:19.08	19.6845	14.66472	20.68	37.85	0.9	0.692904	15.2671	1.29904	801.42	1.04108	3.26	0
502	18:49:19.38	19.6805	14.66570	20.68	37.85	0.9	0.692946	15.2685	1.29908	801.42	1.04110	3.26	0
503	18:49:19.68	19.6800	14.66577	20.68	37.85	0.9	0.692952	15.2683	1.29904	801.42	1.04108	3.26	0
504	18:49:19.99	19.6850	14.66451	20.68	37.85	0.9	0.692892	15.2672	1.29904	801.44	1.04110	3.26	0
505	18:49:20.28	19.6760	14.66689	20.68	37.85	0.9	0.693000	15.2693	1.29904	801.42	1.04108	3.26	0
506	18:49:20.58	19.5565	14.69762	20.68	37.85	0.9	0.694458	15.3016	1.29904	801.44	1.04110	3.26	0
507	18:49:20.88	19.0725	14.82201	20.68	37.91	0.9	0.700338	15.4339	1.29908	801.54	1.04128	3.26	0
508	18:49:21.18	17.9830	15.10362	20.68	37.91	0.9	0.713640	15.7290	1.29900	801.70	1.04141	3.26	0
509	18:49:21.48	16.4065	15.52796	20.68	37.91	0.9	0.733692	16.1766	1.29904	801.94	1.04177	3.26	0
510	18:49:21.78	14.5400	16.05205	20.68	37.91	0.9	0.758454	16.7285	1.29904	802.24	1.04214	3.26	0
511	18:49:22.08	12.6305	16.61471	20.68	37.91	0.9	0.785040	17.3224	1.29908	802.58	1.04260	3.26	0
512	18:49:22.38	10.8285	17.18948	20.68	37.91	0.9	0.812202	17.9279	1.29904	802.88	1.04296	3.26	0
513	18:49:22.68	9.1245	17.74143	20.68	37.98	0.9	0.838278	18.5106	1.29904	803.18	1.04335	3.26	0
514	18:49:22.99	7.5655	18.25887	20.68	37.98	0.9	0.862728	19.0569	1.29904	803.46	1.04371	3.26	0
515	18:49:23.29	6.2035	18.73158	20.68	38.08	0.9	0.885072	19.5551	1.29900	803.68	1.04397	3.26	0
516	18:49:23.58	5.1475	19.11203	20.68	38.08	0.9	0.903048	19.9579	1.29900	803.90	1.04426	3.26	0
517	18:49:23.88	4.1830	19.47113	20.68	38.20	0.9	0.920022	20.3377	1.29900	804.08	1.04451	3.26	0
518	18:49:24.18	3.4620	19.74700	20.68	38.20	0.9	0.933054	20.6291	1.29900	804.22	1.04467	3.26	0
519	18:49:24.48	2.8910	19.96960	20.68	38.40	0.9	0.943584	20.8648	1.29900	804.34	1.04483	3.26	0
520	18:49:24.78	2.3945	20.16714	20.68	38.40	0.9	0.952920	21.0731	1.29896	804.42	1.04492	3.26	0
521	18:49:25.08	1.9560	20.34361	20.68	38.60	0.9	0.961266	21.2610	1.29900	804.54	1.04510	3.26	0
522	18:49:25.38	1.6195	20.48088	20.68	38.60	0.9	0.967752	21.4061	1.29900	804.58	1.04518	3.26	0
523	18:49:25.68	1.3135	20.60688	20.68	38.73	0.9	0.973716	21.5383	1.29896	804.64	1.04520	3.26	0
524	18:49:25.98	1.0850	20.70397	20.68	38.73	0.9	0.978300	21.6413	1.29896	804.70	1.04527	3.26	0
525	18:49:26.29	0.9140	20.77922	20.68	38.97	0.9	0.981870	21.7216	1.29900	804.74	1.04535	3.26	0
526	18:49:26.58	0.7690	20.84460	20.68	38.97	0.9	0.984960	21.7902	1.29900	804.76	1.04536	3.26	0
527	18:49:26.88	0.6510	20.89493	20.68	39.13	1.0	0.987348	21.8440	1.29900	804.80	1.04542	3.26	0
528	18:49:27.18	0.5495	20.93812	20.68	39.13	1.0	0.989388	21.8902	1.29900	804.84	1.04547	3.26	0
529	18:49:27.48	0.4600	20.97543	20.68	39.33	1.0	0.991164	21.9280	1.29896	804.82	1.04542	3.26	0
530	18:49:27.78	0.3855	21.00623	20.68	39.33	1.0	0.992616	21.9617	1.29896	804.86	1.04548	3.26	0
531	18:49:28.08	0.3295	21.02919	20.68	39.49	1.0	0.993714	21.9857	1.29896	804.86	1.04548	3.26	0
532	18:49:28.38	0.2840	21.04802	20.68	39.49	1.0	0.994602	22.0060	1.29900	804.88	1.04552	3.26	0
533	18:49:28.68	0.2490	21.06230	20.68	39.62	1.0	0.995286	22.0212	1.29900	804.88	1.04552	3.26	0
534	18:49:28.98	0.2155	21.07574	20.68	39.62	1.0	0.995916	22.0352	1.29896	804.88	1.04552	3.26	0
535	18:49:29.29	0.1885	21.08645	20.68	39.79	1.0	0.996438	22.0466	1.29896	804.90	1.04553	3.26	0
536	18:49:29.59	0.1695	21.09401	20.68	39.79	1.0	0.996792	22.0555	1.29900	804.92	1.04558	3.26	0
537	18:49:29.88	0.1525	21.10066	20.68	39.92	1.0	0.997116	22.0615	1.29900	804.88	1.04554	3.26	0
538	18:49:30.18	0.1385	21.10619	20.68	39.92	1.0	0.997374	22.0684	1.29900	804.92	1.04559	3.26	0
539	18:49:30.49	0.1265	21.11095	20.68	40.05	1.0	0.997608	22.0725	1.29900	804.90	1.04555	3.26	0
540	18:49:30.78	0.1170	21.11473	20.68	40.05	1.0	0.997788	22.0762	1.29896	804.90	1.04553	3.26	0
541	18:49:31.09	0.1100	21.11739	20.68	40.15	1.0	0.997914	22.0804	1.29900	804.92	1.04561	3.26	0
542	18:49:31.39	0.1035	21.12005	20.68	40.15	1.0	0.998046	22.0825	1.29900	804.92	1.04557	3.26	0
543	18:49:31.69	0.0985	21.12180	20.68	40.32	1.0	0.998136	22.0843	1.29900	804.92	1.04557	3.26	0
544	18:49:31.99	0.0940	21.12355	20.68	40.32	1.0	0.998214	22.0861	1.29900	804.90	1.04557	3.26	0
545	18:49:32.28	0.0925	21.12404	20.68	40.42	1.0	0.998250	22.0875	1.29900	804.92	1.04561	3.26	0
