553	18:14:31.74	0.0400	20.53345	21.28	40.83	1.0	0.999240	19.7816	1.24676	772.70	0.96338	3.28	0
554	18:14:32.45	0.0410	20.53310	21.27	40.81	1.0	0.999216	19.7813	1.24676	772.70	0.96339	3.28	0
555	18:14:33.05	0.0390	20.53380	21.28	40.80	1.0	0.999258	19.7820	1.24676	772.70	0.96338	3.28	0
556	18:14:33.25	0.0380	20.53422	21.28	40.76	1.0	0.999276	19.7817	1.24676	772.70	0.96335	3.28	0
557	18:14:33.54	0.0370	20.53471	21.27	40.76	1.0	0.999294	19.7822	1.24676	772.70	0.96335	3.28	0
558	18:14:33.84	0.0395	20.53373	21.27	40.73	1.0	0.999246	19.7821	1.24676	772.72	0.96340	3.28	0
559	18:14:34.14	0.0400	20.53366	21.27	40.73	1.0	0.999240	19.7822	1.24676	772.72	0.96340	3.28	0
560	18:14:34.44	0.0385	20.53415	21.27	40.75	1.0	0.999264	19.7821	1.24676	772.70	0.96337	3.28	0
561	18:14:34.74	0.0435	20.53226	21.27	40.75	1.0	0.999174	19.7817	1.24680	772.74	0.96344	3.28	0
562	18:14:35.04	0.0405	20.53359	21.27	40.70	1.0	0.999234	19.7822	1.24676	772.72	0.96341	3.28	0
563	18:14:35.34	0.0395	20.53380	21.27	40.70	1.0	0.999246	19.7812	1.24676	772.70	0.96335	3.28	0
564	18:14:35.64	0.0415	20.53310	21.27	40.70	1.0	0.999210	19.7812	1.24676	772.70	0.96338	3.28	0
565	18:14:35.94	0.0405	20.53352	21.27	40.70	1.0	0.999234	19.7810	1.24676	772.68	0.96335	3.28	0
566	18:14:36.24	0.0410	20.53331	21.27	40.71	1.0	0.999222	19.7812	1.24676	772.70	0.96338	3.28	0
567	18:14:36.54	0.0395	20.53387	21.27	40.71	1.0	0.999252	19.7816	1.24676	772.70	0.96336	3.28	0
568	18:14:36.84	0.0410	20.53331	21.27	40.70	1.0	0.999222	19.7812	1.24676	772.70	0.96337	3.28	0
569	18:14:37.14	0.0395	20.53394	21.27	40.70	1.0	0.999252	19.7810	1.24672	772.68	0.96334	3.28	0
570	18:14:37.44	0.0385	20.53422	21.27	40.70	1.0	0.999270	19.7817	1.24676	772.68	0.96335	3.28	0
571	18:14:37.74	0.0400	20.53373	21.27	40.70	1.0	0.999240	19.7814	1.24676	772.70	0.96336	3.28	0
572	18:14:38.04	0.0420	20.53296	21.27	40.70	1.0	0.999204	19.7814	1.24680	772.70	0.96340	3.28	0
573	18:14:38.34	0.0380	20.53443	21.27	40.70	1.0	0.999276	19.7819	1.24676	772.68	0.96335	3.28	0
574	18:14:38.64	0.0410	20.53324	21.27	40.70	1.0	0.999216	19.7813	1.24676	772.70	0.96338	3.28	0
575	18:14:38.94	0.0400	20.53373	21.27	40.70	1.0	0.999240	19.7813	1.24676	772.68	0.96336	3.28	0
576	18:14:39.24	0.0380	20.53443	21.27	40.66	1.0	0.999276	19.7818	1.24676	772.68	0.96334	3.28	0
577	18:14:39.54	0.0390	20.53415	21.27	40.66	1.0	0.999264	19.7816	1.24676	772.70	0.96335	3.28	0
578	18:14:39.84	0.0420	20.53296	21.27	40.66	1.0	0.999204	19.7819	1.24680	772.72	0.96342	3.28	0
579	18:14:40.14	0.0400	20.53380	21.27	40.66	1.0	0.999246	19.7817	1.24676	772.70	0.96337	3.28	0
580	18:14:40.44	0.0405	20.53352	21.27	40.66	1.0	0.999228	19.7821	1.24680	772.72	0.96341	3.28	0
581	18:14:40.74	0.0405	20.53359	21.27	40.66	1.0	0.999234	19.7816	1.24676	772.70	0.96338	3.28	0
582	18:14:41.04	0.0385	20.53429	21.27	40.66	1.0	0.999270	19.7821	1.24676	772.70	0.96337	3.28	0
583	18:14:41.34	0.0410	20.53338	21.27	40.66	1.0	0.999222	19.7821	1.24680	772.72	0.96341	3.28	0
584	18:14:41.64	0.0385	20.53436	21.27	40.68	1.0	0.999270	19.7826	1.24676	772.70	0.96339	3.28	0
585	18:14:41.94	0.0385	20.53429	21.27	40.68	1.0	0.999270	19.7822	1.24676	772.70	0.96337	3.28	0
586	18:14:42.24	0.0400	20.53380	21.27	40.66	1.0	0.999240	19.7817	1.24676	772.70	0.96338	3.28	0
587	18:14:42.54	0.0405	20.53345	21.27	40.66	1.0	0.999228	19.7814	1.24676	772.70	0.96337	3.28	0
588	18:14:42.84	0.0410	20.53345	21.27	40.66	1.0	0.999222	19.7821	1.24680	772.72	0.96341	3.28	0
589	18:14:43.14	0.0400	20.53366	21.27	40.66	1.0	0.999240	19.7817	1.24676	772.70	0.96338	3.28	0
590	18:14:43.44	0.0395	20.53394	21.27	40.65	1.0	0.999252	19.7821	1.24676	772.70	0.96339	3.28	0
591	18:14:43.74	0.0395	20.53387	21.27	40.65	1.0	0.999246	19.7822	1.24676	772.72	0.96340	3.28	0
592	18:14:44.04	0.0410	20.53338	21.27	40.63	1.0	0.999222	19.7823	1.24680	772.72	0.96343	3.28	0
593	18:14:44.34	0.0405	20.53352	21.27	40.63	1.0	0.999228	19.7828	1.24680	772.72	0.96344	3.28	0
594	18:14:44.64	0.0395	20.53387	21.27	40.63	1.0	0.999246	19.7816	1.24676	772.70	0.96337	3.28	0
595	18:14:44.94	0.0395	20.53394	21.27	40.63	1.0	0.999246	19.7814	1.24676	772.70	0.96335	3.28	0
596	18:14:45.24	0.0405	20.53366	21.27	40.62	1.0	0.999234	19.7818	1.24676	772.70	0.96338	3.28	0
597	18:14:45.54	0.0390	20.53415	21.27	40.62	1.0	0.999258	19.7819	1.24676	772.70	0.96337	3.28	0
598	18:14:45.84	0.0380	20.53450	21.27	40.60	1.0	0.999276	19.7816	1.24676	772.68	0.96334	3.28	0
599	18:14:46.14	0.0400	20.53387	21.27	40.60	1.0	0.999246	19.7824	1.24676	772.72	0.96340	3.28	0
600	18:14:46.44	0.0390	20.53429	21.27	40.60	1.0	0.999264	19.7818	1.24676	772.70	0.96335	3.28	0
601	18:14:46.74	0.0395	20.53408	21.27	40.60	1.0	0.999252	19.7814	1.24676	772.68	0.96335	3.28	0
602	18:14:47.04	0.0400	20.53387	21.27	40.55	1.0	0.999240	19.7822	1.24676	772.72	0.96339	3.28	0
603	18:14:47.34	0.0405	20.53359	21.27	40.55	1.0	0.999228	19.7812	1.24676	772.70	0.96335	3.28	0
604	18:14:47.64	0.0410	20.53345	21.27	40.53	1.0	0.999216	19.7823	1.24680	772.72	0.96341	3.28	0
605	18:14:47.94	0.0390	20.53436	21.27	40.53	1.0	0.999264	19.7822	1.24676	772.70	0.96337	3.28	0
606	18:14:48.24	0.0385	20.53450	21.27	40.53	1.0	0.999270	19.7812	1.24672	772.68	0.96332	3.28	0
607	18:14:48.54	0.0400	20.53387	21.27	40.53	1.0	0.999240	19.7820	1.24676	772.70	0.96338	3.28	0
608	18:14:48.84	0.0415	20.53317	21.27	40.55	1.0	0.999204	19.7822	1.24680	772.72	0.96343	3.28	0
609	18:14:49.14	0.0390	20.53436	21.27	40.55	1.0	0.999264	19.7820	1.24676	772.70	0.96337	3.28	0
610	18:14:49.44	0.0405	20.53359	21.27	40.53	1.0	0.999228	19.7824	1.24680	772.72	0.96342	3.28	0
611	18:14:49.74	0.0390	20.53415	21.27	40.53	1.0	0.999252	19.7826	1.24676	772.72	0.96340	3.28	0
612	18:14:50.04	0.0385	20.53450	21.27	40.53	1.0	0.999270	19.7826	1.24676	772.70	0.96338	3.28	0
613	18:14:50.34	0.0390	20.53429	21.27	40.53	1.0	0.999258	19.7821	1.24676	772.70	0.96337	3.28	0
614	18:14:50.64	0.0390	20.53422	21.27	40.55	1.0	0.999258	19.7818	1.24676	772.70	0.96335	3.28	0
615	18:14:50.94	0.0415	20.53317	21.27	40.55	1.0	0.999204	19.7816	1.24680	772.70	0.96340	3.28	0
616	18:14:51.24	0.0385	20.53443	21.27	40.50	1.0	0.999264	19.7823	1.24676	772.70	0.96337	3.28	0
617	18:14:51.54	0.0405	20.53373	21.27	40.50	1.0	0.999234	19.7824	1.24680	772.72	0.96341	3.28	0
618	18:14:51.84	0.0395	20.53408	21.27	40.50	1.0	0.999246	19.7826	1.24680	772.72	0.96341	3.28	0
619	18:14:52.14	0.0385	20.53443	21.27	40.50	1.0	0.999264	19.7819	1.24676	772.70	0.96335	3.28	0
620	18:14:52.44	0.0385	20.53443	21.27	40.53	1.0	0.999264	19.7824	1.24676	772.70	0.96338	3.28	0
621	18:14:52.74	0.0405	20.53373	21.27	40.53	1.0	0.999228	19.7821	1.24676	772.72	0.96340	3.28	0
622	18:14:53.04	0.0405	20.53366	21.27	40.53	1.0	0.999228	19.7824	1.24680	772.72	0.96341	3.28	0
623	18:14:53.34	0.0385	20.53450	21.27	40.53	1.0	0.999270	19.7820	1.24676	772.70	0.96335	3.28	0
624	18:14:53.64	0.0395	20.53408	21.27	40.53	1.0	0.999246	19.7829	1.24680	772.72	0.96342	3.28	0
625	18:14:53.94	0.0395	20.53408	21.27	40.53	1.0	0.999246	19.7816	1.24676	772.68	0.96335	3.28	0
626	18:14:54.24	0.0390	20.53429	21.27	40.53	1.0	0.999258	19.7814	1.24672	772.70	0.96334	3.28	0
627	18:14:54.54	0.0395	20.53401	21.27	40.53	1.0	0.999246	19.7816	1.24676	772.70	0.96336	3.28	0
628	18:14:54.84	0.0405	20.53373	21.27	40.53	1.0	0.999228	19.7814	1.24676	772.70	0.96336	3.28	0
629	18:14:55.14	0.0385	20.53443	21.27	40.53	1.0	0.999264	19.7824	1.24676	772.70	0.96338	3.28	0
630	18:14:55.44	0.0395	20.53408	21.27	40.53	1.0	0.999252	19.7822	1.24676	772.70	0.96338	3.28	0
631	18:14:55.74	0.0370	20.53499	21.27	40.53	1.0	0.999294	19.7823	1.24676	772.68	0.96335	3.28	0
632	18:14:56.04	0.0385	20.53436	21.27	40.53	1.0	0.999264	19.7820	1.24676	772.70	0.96336	3.28	0
633	18:14:56.34	0.0410	20.53345	21.27	40.53	1.0	0.999222	19.7814	1.24676	772.70	0.96338	3.28	0
634	18:14:56.64	0.0415	20.53331	21.27	40.55	1.0	0.999210	19.7812	1.24676	772.70	0.96337	3.28	0
635	18:14:56.94	0.0360	20.53534	21.27	40.55	1.0	0.999312	19.7825	1.24672	772.68	0.96334	3.28	0
636	18:14:57.24	0.0400	20.53394	21.27	40.53	1.0	0.999240	19.7815	1.24676	772.70	0.96336	3.28	0
637	18:14:57.54	0.0385	20.53443	21.27	40.53	1.0	0.999270	19.7821	1.24676	772.68	0.96336	3.28	0
638	18:14:57.84	0.0400	20.53387	21.27	40.53	1.0	0.999240	19.7816	1.24676	772.70	0.96337	3.28	0
639	18:14:58.14	0.0400	20.53387	21.27	40.53	1.0	0.999240	19.7819	1.24676	772.70	0.96338	3.28	0
640	18:14:58.44	0.0390	20.53422	21.27	40.53	1.0	0.999258	19.7818	1.24676	772.70	0.96336	3.28	0
641	18:14:58.74	0.0400	20.53380	21.27	40.53	1.0	0.999234	19.7820	1.24676	772.70	0.96339	3.28	0
642	18:14:59.04	0.0385	20.53450	21.27	40.55	1.0	0.999270	19.7821	1.24676	772.70	0.96336	3.28	0
643	18:14:59.34	0.0405	20.53366	21.27	40.55	1.0	0.999228	19.7821	1.24680	772.70	0.96340	3.28	0
644	18:14:59.64	0.0390	20.53422	21.27	40.53	1.0	0.999252	19.7823	1.24680	772.70	0.96338	3.28	0
645	18:14:59.94	0.0400	20.53387	21.27	40.53	1.0	0.999240	19.7826	1.24680	772.72	0.96341	3.28	0
646	18:15:00.24	0.0405	20.53366	21.27	40.55	1.0	0.999228	19.7821	1.24676	772.72	0.96340	3.28	0
647	18:15:00.54	0.0400	20.53394	21.27	40.55	1.0	0.999240	19.7819	1.24676	772.70	0.96338	3.28	0
648	18:15:00.84	0.0405	20.53373	21.27	40.53	1.0	0.999234	19.7822	1.24680	772.70	0.96340	3.28	0
649	18:15:01.14	0.0400	20.53387	21.27	40.53	1.0	0.999240	19.7822	1.24676	772.70	0.96340	3.28	0
650	18:15:01.44	0.0390	20.53422	21.27	40.53	1.0	0.999258	19.7824	1.24676	772.70	0.96339	3.28	0
651	18:15:01.74	0.0390	20.53422	21.27	40.53	1.0	0.999258	19.7817	1.24676	772.68	0.96335	3.28	0
652	18:15:02.04	0.0395	20.53408	21.27	40.53	1.0	0.999246	19.7822	1.24676	772.70	0.96338	3.28	0
653	18:15:02.34	0.0380	20.53471	21.27	40.53	1.0	0.999282	19.7824	1.24676	772.70	0.96337	3.28	0
654	18:15:02.64	0.0390	20.53429	21.27	40.60	1.0	0.999264	19.7819	1.24676	772.68	0.96336	3.28	0
655	18:15:02.94	0.0375	20.53471	21.27	40.60	1.0	0.999282	19.7819	1.24676	772.68	0.96334	3.28	0
656	18:15:03.24	0.0395	20.53408	21.27	40.60	1.0	0.999252	19.7812	1.24676	772.68	0.96334	3.28	0
657	18:15:03.54	0.0390	20.53408	21.27	40.60	1.0	0.999252	19.7819	1.24676	772.70	0.96337	3.28	0
658	18:15:03.84	0.0425	20.53289	21.27	40.60	1.0	0.999198	19.7824	1.24680	772.74	0.96345	3.28	0
659	18:15:04.14	0.0390	20.53422	21.27	40.60	1.0	0.999258	19.7824	1.24680	772.70	0.96339	3.28	0
660	18:15:04.44	0.0405	20.53366	21.27	40.60	1.0	0.999234	19.7823	1.24676	772.72	0.96341	3.28	0
661	18:15:04.74	0.0395	20.53401	21.27	40.60	1.0	0.999252	19.7828	1.24680	772.72	0.96342	3.28	0
662	18:15:05.04	0.0405	20.53366	21.27	40.60	1.0	0.999234	19.7816	1.24676	772.70	0.96338	3.28	0
663	18:15:05.34	0.0415	20.53324	21.27	40.60	1.0	0.999210	19.7816	1.24680	772.70	0.96340	3.28	0
664	18:15:05.64	0.0375	20.53485	21.27	40.60	1.0	0.999288	19.7822	1.24676	772.68	0.96335	3.28	0
665	18:15:05.94	0.0400	20.53380	21.27	40.60	1.0	0.999240	19.7819	1.24676	772.70	0.96338	3.28	0
666	18:15:06.24	0.0395	20.53408	21.27	40.60	1.0	0.999252	19.7813	1.24676	772.68	0.96334	3.28	0
667	18:15:06.54	0.0405	20.53352	21.27	40.60	1.0	0.999228	19.7822	1.24680	772.72	0.96341	3.28	0
668	18:15:06.84	0.0395	20.53401	21.27	40.63	1.0	0.999252	19.7814	1.24676	772.68	0.96335	3.28	0
669	18:15:07.14	0.0410	20.53338	21.27	40.63	1.0	0.999222	19.7819	1.24680	772.70	0.96340	3.28	0
670	18:15:07.44	0.0390	20.53415	21.27	40.63	1.0	0.999258	19.7812	1.24676	772.68	0.96334	3.28	0
671	18:15:07.74	0.0385	20.53429	21.27	40.63	1.0	0.999264	19.7810	1.24672	772.68	0.96332	3.28	0
672	18:15:08.04	0.0400	20.53366	21.27	40.66	1.0	0.999234	19.7816	1.24676	772.70	0.96338	3.28	0
673	18:15:08.34	0.0405	20.53352	21.27	40.66	1.0	0.999228	19.7815	1.24676	772.70	0.96338	3.28	0
674	18:15:08.64	0.0410	20.53338	21.27	40.66	1.0	0.999222	19.7822	1.24680	772.72	0.96341	3.28	0
675	18:15:08.94	0.0375	20.53471	21.27	40.66	1.0	0.999288	19.7822	1.24676	772.68	0.96335	3.28	0
676	18:15:09.24	0.0400	20.53366	21.27	40.71	1.0	0.999240	19.7817	1.24676	772.70	0.96338	3.28	0
677	18:15:09.54	0.0380	20.53443	21.27	40.71	1.0	0.999276	19.7816	1.24676	772.68	0.96334	3.28	0
678	18:15:09.84	0.0395	20.53387	21.27	40.70	1.0	0.999252	19.7821	1.24676	772.70	0.96338	3.28	0
679	18:15:10.14	0.0415	20.53317	21.27	40.70	1.0	0.999216	19.7817	1.24680	772.70	0.96340	3.28	0
680	18:15:10.44	0.0405	20.53338	21.27	40.73	1.0	0.999228	19.7815	1.24676	772.70	0.96338	3.28	0
681	18:15:10.74	0.0415	20.53303	21.27	40.73	1.0	0.999210	19.7821	1.24680	772.72	0.96343	3.28	0
682	18:15:11.04	0.0405	20.53345	21.27	40.75	1.0	0.999234	19.7815	1.24676	772.70	0.96338	3.28	0
683	18:15:11.34	0.0370	20.53471	21.27	40.75	1.0	0.999294	19.7819	1.24672	772.68	0.96334	3.28	0
684	18:15:11.64	0.0400	20.53359	21.27	40.73	1.0	0.999234	19.7816	1.24676	772.70	0.96338	3.28	0
685	18:15:11.94	0.0395	20.53380	21.27	40.73	1.0	0.999246	19.7822	1.24680	772.70	0.96340	3.28	0
686	18:15:12.24	0.0390	20.53387	21.27	40.76	1.0	0.999252	19.7826	1.24676	772.72	0.96341	3.28	0
687	18:15:12.54	0.0385	20.53422	21.27	40.76	1.0	0.999270	19.7814	1.24672	772.68	0.96334	3.28	0
688	18:15:12.84	0.0415	20.53310	21.27	40.76	1.0	0.999216	19.7813	1.24676	772.70	0.96338	3.28	0
689	18:15:13.14	0.0400	20.53359	21.27	40.76	1.0	0.999240	19.7816	1.24676	772.70	0.96338	3.28	0
690	18:15:13.44	0.0400	20.53359	21.27	40.76	1.0	0.999240	19.7818	1.24676	772.70	0.96338	3.28	0
691	18:15:13.74	0.0400	20.53366	21.27	40.76	1.0	0.999246	19.7814	1.24676	772.70	0.96337	3.28	0
692	18:15:14.04	0.0400	20.53366	21.27	40.76	1.0	0.999240	19.7809	1.24676	772.68	0.96335	3.28	0
693	18:15:14.34	0.0395	20.53373	21.27	40.76	1.0	0.999246	19.7811	1.24676	772.68	0.96335	3.28	0
694	18:15:14.64	0.0385	20.53408	21.27	40.76	1.0	0.999264	19.7820	1.24676	772.70	0.96337	3.28	0
695	18:15:14.94	0.0385	20.53415	21.27	40.76	1.0	0.999264	19.7813	1.24676	772.68	0.96334	3.28	0
696	18:15:15.24	0.0405	20.53331	21.27	40.76	1.0	0.999228	19.7811	1.24676	772.70	0.96337	3.28	0
697	18:15:15.54	0.0395	20.53387	21.27	40.76	1.0	0.999252	19.7814	1.24676	772.68	0.96336	3.28	0
698	18:15:15.84	0.0390	20.53401	21.27	40.76	1.0	0.999258	19.7823	1.24676	772.70	0.96339	3.28	0
699	18:15:16.14	0.0390	20.53394	21.27	40.76	1.0	0.999258	19.7823	1.24676	772.70	0.96339	3.28	0
700	18:15:16.44	0.0385	20.53429	21.27	40.76	1.0	0.999270	19.7822	1.24676	772.70	0.96338	3.28	0
701	18:15:16.74	0.0405	20.53352	21.27	40.76	1.0	0.999234	19.7814	1.24676	772.70	0.96337	3.28	0
702	18:15:17.04	0.0370	20.53478	21.27	40.76	1.0	0.999294	19.7814	1.24672	772.68	0.96331	3.28	0
703	18:15:17.34	0.0390	20.53408	21.27	40.76	1.0	0.999264	19.7817	1.24676	772.70	0.96336	3.28	0
704	18:15:17.64	0.0385	20.53408	21.27	40.76	1.0	0.999264	19.7821	1.24676	772.70	0.96338	3.28	0
705	18:15:17.94	0.0390	20.53401	21.27	40.76	1.0	0.999258	19.7822	1.24676	772.70	0.96338	3.28	0
706	18:15:18.24	0.0375	20.53457	21.27	40.80	1.0	0.999288	19.7821	1.24676	772.70	0.96335	3.28	0
707	18:15:18.54	0.0375	20.53450	21.27	40.80	1.0	0.999288	19.7819	1.24676	772.70	0.96335	3.28	0
708	18:15:18.84	0.0380	20.53422	21.27	40.80	1.0	0.999270	19.7818	1.24676	772.70	0.96335	3.28	0
709	18:15:19.14	0.0380	20.53429	21.27	40.80	1.0	0.999276	19.7817	1.24676	772.68	0.96335	3.28	0
710	18:15:19.44	0.0385	20.53415	21.27	40.80	1.0	0.999270	19.7816	1.24676	772.68	0.96335	3.28	0
711	18:15:19.73	0.0390	20.53394	21.27	40.80	1.0	0.999258	19.7823	1.24680	772.70	0.96340	3.28	0
712	18:15:20.04	0.0395	20.53373	21.27	40.80	1.0	0.999246	19.7823	1.24680	772.72	0.96341	3.28	0
713	18:15:20.34	0.0400	20.53366	21.27	40.80	1.0	0.999246	19.7819	1.24676	772.72	0.96339	3.28	0
714	18:15:20.64	0.0385	20.53408	21.27	40.80	1.0	0.999264	19.7819	1.24676	772.70	0.96337	3.28	0
715	18:15:20.94	0.0400	20.53359	21.27	40.80	1.0	0.999240	19.7816	1.24680	772.70	0.96338	3.28	0
716	18:15:21.24	0.0395	20.53387	21.27	40.80	1.0	0.999252	19.7819	1.24676	772.70	0.96338	3.28	0
717	18:15:21.54	0.0405	20.53338	21.27	40.80	1.0	0.999228	19.7819	1.24676	772.72	0.96340	3.28	0
718	18:15:21.84	0.0390	20.53387	21.27	40.80	1.0	0.999252	19.7824	1.24680	772.70	0.96340	3.28	0
719	18:15:22.14	0.0410	20.53310	21.27	40.80	1.0	0.999216	19.7818	1.24680	772.72	0.96341	3.28	0
720	18:15:22.44	0.0380	20.53429	21.27	40.83	1.0	0.999276	19.7821	1.24676	772.70	0.96337	3.28	0
721	18:15:22.74	0.0400	20.53345	21.27	40.83	1.0	0.999234	19.7819	1.24680	772.70	0.96340	3.28	0
722	18:15:23.04	0.0390	20.53394	21.27	40.83	1.0	0.999264	19.7816	1.24676	772.68	0.96336	3.28	0
723	18:15:23.34	0.0410	20.53310	21.27	40.83	1.0	0.999216	19.7816	1.24680	772.70	0.96340	3.28	0
724	18:15:23.64	0.0410	20.53317	21.27	40.83	1.0	0.999222	19.7815	1.24680	772.70	0.96339	3.28	0
725	18:15:23.94	0.0400	20.53352	21.27	40.83	1.0	0.999240	19.7821	1.24680	772.70	0.96340	3.28	0
726	18:15:24.24	0.0400	20.53345	21.27	40.86	1.0	0.999240	19.7819	1.24680	772.70	0.96340	3.28	0
727	18:15:24.53	0.0415	20.53289	21.27	40.86	1.0	0.999210	19.7816	1.24680	772.72	0.96341	3.28	0
728	18:15:24.84	0.0400	20.53352	21.27	40.86	1.0	0.999240	19.7819	1.24680	772.70	0.96340	3.28	0
729	18:15:25.14	0.0410	20.53296	21.27	40.86	1.0	0.999216	19.7820	1.24680	772.72	0.96343	3.28	0
730	18:15:25.44	0.0400	20.53352	21.27	40.88	1.0	0.999240	19.7821	1.24676	772.72	0.96340	3.28	0
731	18:15:25.74	0.0390	20.53387	21.27	40.88	1.0	0.999258	19.7827	1.24680	772.72	0.96342	3.28	0
732	18:15:26.04	0.0395	20.53366	21.27	40.90	1.0	0.999252	19.7830	1.24680	772.72	0.96344	3.28	0
733	18:15:26.33	0.0410	20.53310	21.27	40.90	1.0	0.999222	19.7819	1.24680	772.72	0.96341	3.28	0
734	18:15:26.64	0.0385	20.53408	21.27	40.90	1.0	0.999270	19.7821	1.24676	772.70	0.96338	3.28	0
735	18:15:26.94	0.0420	20.53275	21.27	40.90	1.0	0.999204	19.7816	1.24680	772.72	0.96341	3.28	0
736	18:15:27.24	0.0415	20.53275	21.27	40.96	1.0	0.999210	19.7814	1.24680	772.72	0.96341	3.28	0
737	18:15:27.54	0.0405	20.53324	21.27	40.96	1.0	0.999234	19.7815	1.24676	772.70	0.96339	3.28	0
738	18:15:27.84	0.0400	20.53345	21.27	40.96	1.0	0.999246	19.7817	1.24680	772.70	0.96339	3.28	0
739	18:15:28.13	0.0400	20.53338	21.27	40.96	1.0	0.999240	19.7819	1.24680	772.72	0.96340	3.28	0
740	18:15:28.44	0.0380	20.53415	21.27	40.96	1.0	0.999276	19.7818	1.24676	772.70	0.96336	3.28	0
741	18:15:28.73	0.0390	20.53373	21.27	40.96	1.0	0.999258	19.7823	1.24680	772.70	0.96340	3.28	0
742	18:15:29.04	0.0395	20.53352	21.27	41.01	1.0	0.999252	19.7815	1.24676	772.70	0.96338	3.28	0
743	18:15:29.34	0.0400	20.53324	21.27	41.01	1.0	0.999234	19.7818	1.24680	772.70	0.96340	3.28	0
744	18:15:29.63	0.0390	20.53359	21.27	41.00	1.0	0.999252	19.7816	1.24676	772.70	0.96338	3.28	0
745	18:15:29.94	0.0385	20.53387	21.27	41.00	1.0	0.999264	19.7816	1.24676	772.70	0.96337	3.28	0
746	18:15:30.24	0.0400	20.53324	21.27	41.01	1.0	0.999240	19.7816	1.24680	772.70	0.96339	3.28	0
747	18:15:30.54	0.0405	20.53303	21.27	41.01	1.0	0.999228	19.7818	1.24680	772.72	0.96341	3.28	0
748	18:15:30.84	0.0415	20.53268	21.27	41.03	1.0	0.999210	19.7812	1.24680	772.70	0.96340	3.28	0
749	18:15:31.14	0.0410	20.53296	21.27	41.03	1.0	0.999222	19.7814	1.24680	772.70	0.96340	3.28	0
750	18:15:31.43	0.0385	20.53394	21.27	41.03	1.0	0.999270	19.7822	1.24676	772.70	0.96339	3.28	0
751	18:15:31.74	0.0395	20.53345	21.27	41.03	1.0	0.999246	19.7816	1.24676	772.70	0.96338	3.28	0
752	18:15:32.04	0.0400	20.53324	21.27	41.03	1.0	0.999240	19.7816	1.24680	772.70	0.96340	3.28	0
753	18:15:32.34	0.0400	20.53331	21.27	41.03	1.0	0.999240	19.7817	1.24680	772.70	0.96340	3.28	0
754	18:15:32.64	0.0410	20.53289	21.27	41.03	1.0	0.999222	19.7821	1.24680	772.72	0.96344	3.28	0
755	18:15:32.94	0.0390	20.53366	21.25	41.03	1.0	0.999252	19.7825	1.24680	772.72	0.96342	3.28	0
756	18:15:33.23	0.0395	20.53352	21.25	41.03	1.0	0.999246	19.7820	1.24676	772.72	0.96340	3.28	0
757	18:15:33.54	0.0390	20.53380	21.25	41.03	1.0	0.999258	19.7822	1.24676	772.72	0.96340	3.28	0
758	18:15:33.84	0.0385	20.53401	21.25	41.03	1.0	0.999270	19.7821	1.24676	772.70	0.96338	3.28	0
759	18:15:34.14	0.0400	20.53324	21.27	41.03	1.0	0.999240	19.7817	1.24676	772.70	0.96340	3.28	0
760	18:15:34.43	0.0395	20.53352	21.27	41.03	1.0	0.999252	19.7816	1.24676	772.70	0.96338	3.28	0
761	18:15:34.74	0.0405	20.53310	21.27	41.03	1.0	0.999234	19.7818	1.24680	772.72	0.96341	3.28	0
762	18:15:35.04	0.0405	20.53303	21.27	41.06	1.0	0.999228	19.7823	1.24680	772.72	0.96344	3.28	0
763	18:15:35.34	0.0390	20.53373	21.27	41.06	1.0	0.999264	19.7826	1.24680	772.72	0.96342	3.28	0
764	18:15:35.64	0.0395	20.53352	21.27	41.06	1.0	0.999252	19.7826	1.24680	772.72	0.96343	3.28	0
765	18:15:35.93	0.0410	20.53282	21.27	41.06	1.0	0.999216	19.7818	1.24680	772.72	0.96343	3.28	0
766	18:15:36.23	0.0405	20.53303	21.27	41.06	1.0	0.999228	19.7816	1.24680	772.70	0.96341	3.28	0
767	18:15:36.54	0.0405	20.53296	21.27	41.06	1.0	0.999228	19.7814	1.24680	772.70	0.96340	3.28	0
768	18:15:36.84	0.0425	20.53226	21.27	41.09	1.0	0.999192	19.7819	1.24684	772.72	0.96346	3.28	0
769	18:15:37.13	0.0385	20.53380	21.25	41.09	1.0	0.999264	19.7822	1.24676	772.70	0.96340	3.28	0
770	18:15:37.43	0.0405	20.53317	21.25	41.09	1.0	0.999234	19.7815	1.24680	772.70	0.96339	3.28	0
771	18:15:37.73	0.0395	20.53338	21.27	41.09	1.0	0.999246	19.7824	1.24680	772.72	0.96343	3.28	0
772	18:15:38.04	0.0390	20.53366	21.27	41.09	1.0	0.999258	19.7819	1.24676	772.70	0.96339	3.28	0
773	18:15:38.34	0.0415	20.53268	21.27	41.09	1.0	0.999216	19.7826	1.24684	772.74	0.96347	3.28	0
774	18:15:38.63	0.0385	20.53373	21.27	41.09	1.0	0.999264	19.7819	1.24676	772.70	0.96338	3.28	0
775	18:15:38.94	0.0400	20.53324	21.25	41.09	1.0	0.999234	19.7818	1.24680	772.70	0.96340	3.28	0
776	18:15:39.23	0.0395	20.53359	21.25	41.09	1.0	0.999252	19.7820	1.24680	772.70	0.96340	3.28	0
777	18:15:39.53	0.0395	20.53352	21.25	41.09	1.0	0.999252	19.7823	1.24680	772.72	0.96342	3.28	0
778	18:15:39.83	0.0410	20.53282	21.25	41.09	1.0	0.999216	19.7815	1.24680	772.72	0.96341	3.28	0
779	18:15:40.14	0.0395	20.53338	21.27	41.09	1.0	0.999246	19.7814	1.24676	772.70	0.96338	3.28	0
780	18:15:40.44	0.0400	20.53310	21.27	41.09	1.0	0.999234	19.7819	1.24680	772.72	0.96341	3.28	0
781	18:15:40.73	0.0405	20.53303	21.27	41.09	1.0	0.999234	19.7818	1.24680	772.72	0.96341	3.28	0
782	18:15:41.03	0.0405	20.53296	21.27	41.09	1.0	0.999228	19.7820	1.24680	772.72	0.96343	3.28	0
783	18:15:41.33	0.0400	20.53331	21.25	41.09	1.0	0.999240	19.7821	1.24680	772.72	0.96341	3.28	0
784	18:15:41.63	0.0410	20.53296	21.25	41.09	1.0	0.999222	19.7818	1.24680	772.72	0.96341	3.28	0
785	18:15:41.93	0.0400	20.53324	21.27	41.09	1.0	0.999240	19.7826	1.24680	772.72	0.96344	3.28	0
786	18:15:42.24	0.0385	20.53380	21.27	41.09	1.0	0.999270	19.7822	1.24676	772.72	0.96340	3.28	0
787	18:15:42.54	0.0400	20.53331	21.27	41.09	1.0	0.999240	19.7821	1.24680	772.72	0.96341	3.28	0
788	18:15:42.84	0.0395	20.53345	21.27	41.09	1.0	0.999252	19.7823	1.24680	772.72	0.96341	3.28	0
789	18:15:43.13	0.0405	20.53310	21.27	41.09	1.0	0.999234	19.7816	1.24676	772.72	0.96340	3.28	0
790	18:15:43.43	0.0390	20.53352	21.27	41.09	1.0	0.999252	19.7815	1.24676	772.70	0.96338	3.28	0
791	18:15:43.73	0.0405	20.53296	21.27	41.09	1.0	0.999228	19.7816	1.24676	772.72	0.96341	3.28	0
792	18:15:44.03	0.0385	20.53373	21.27	41.13	1.0	0.999264	19.7812	1.24676	772.68	0.96335	3.28	0
793	18:15:44.33	0.0410	20.53289	21.25	41.13	1.0	0.999222	19.7812	1.24676	772.70	0.96338	3.28	0
794	18:15:44.64	0.0395	20.53352	21.25	41.13	1.0	0.999252	19.7807	1.24672	772.68	0.96334	3.28	0
795	18:15:44.93	0.0400	20.53310	21.27	41.13	1.0	0.999234	19.7809	1.24676	772.70	0.96337	3.28	0
796	18:15:45.23	0.0400	20.53324	21.27	41.13	1.0	0.999240	19.7809	1.24676	772.70	0.96336	3.28	0
797	18:15:45.53	0.0400	20.53310	21.27	41.13	1.0	0.999240	19.7807	1.24676	772.70	0.96335	3.28	0
798	18:15:45.83	0.0405	20.53296	21.27	41.13	1.0	0.999228	19.7810	1.24676	772.70	0.96338	3.28	0
799	18:15:46.13	0.0400	20.53317	21.27	41.13	1.0	0.999240	19.7812	1.24676	772.70	0.96338	3.28	0
800	18:15:46.43	0.0380	20.53394	21.27	41.13	1.0	0.999276	19.7819	1.24676	772.70	0.96337	3.28	0
801	18:15:46.73	0.0405	20.53303	21.25	41.13	1.0	0.999228	19.7811	1.24676	772.70	0.96338	3.28	0
802	18:15:47.03	0.0395	20.53338	21.25	41.13	1.0	0.999246	19.7811	1.24676	772.70	0.96336	3.28	0
803	18:15:47.33	0.0380	20.53394	21.27	41.13	1.0	0.999276	19.7815	1.24676	772.70	0.96336	3.28	0
804	18:15:47.63	0.0385	20.53373	21.27	41.13	1.0	0.999270	19.7819	1.24676	772.70	0.96338	3.28	0
805	18:15:47.93	0.0405	20.53296	21.27	41.13	1.0	0.999228	19.7814	1.24676	772.72	0.96340	3.28	0
806	18:15:48.23	0.0400	20.53310	21.27	41.13	1.0	0.999234	19.7814	1.24680	772.70	0.96340	3.28	0
807	18:15:48.53	0.0400	20.53317	21.27	41.13	1.0	0.999240	19.7816	1.24680	772.70	0.96340	3.28	0
808	18:15:48.84	0.0385	20.53380	21.27	41.13	1.0	0.999270	19.7823	1.24676	772.72	0.96340	3.28	0
809	18:15:49.13	0.0400	20.53324	21.27	41.13	1.0	0.999240	19.7812	1.24676	772.70	0.96337	3.28	0
810	18:15:49.43	0.0375	20.53422	21.27	41.13	1.0	0.999288	19.7817	1.24676	772.70	0.96335	3.28	0
811	18:15:49.73	0.0395	20.53331	21.27	41.13	1.0	0.999246	19.7810	1.24676	772.68	0.96336	3.28	0
812	18:15:50.04	0.0385	20.53366	21.27	41.13	1.0	0.999264	19.7816	1.24676	772.70	0.96338	3.28	0
813	18:15:50.33	0.0405	20.53296	21.27	41.13	1.0	0.999228	19.7810	1.24676	772.70	0.96338	3.28	0
814	18:15:50.63	0.0405	20.53303	21.27	41.13	1.0	0.999234	19.7812	1.24676	772.70	0.96338	3.28	0
815	18:15:50.93	0.0395	20.53331	21.27	41.13	1.0	0.999246	19.7814	1.24680	772.70	0.96338	3.28	0
816	18:15:51.24	0.0420	20.53247	21.27	41.14	1.0	0.999204	19.7818	1.24680	772.72	0.96344	3.28	0
817	18:15:51.53	0.0405	20.53303	21.27	41.14	1.0	0.999234	19.7811	1.24676	772.70	0.96338	3.28	0
818	18:15:51.83	0.0410	20.53282	21.27	41.13	1.0	0.999222	19.7809	1.24676	772.70	0.96338	3.28	0
819	18:15:52.13	0.0415	20.53268	21.27	41.13	1.0	0.999216	19.7812	1.24680	772.70	0.96340	3.28	0
820	18:15:52.43	0.0400	20.53324	21.27	41.16	1.0	0.999246	19.7814	1.24676	772.70	0.96338	3.28	0
821	18:15:52.73	0.0405	20.53289	21.27	41.16	1.0	0.999228	19.7812	1.24680	772.70	0.96339	3.28	0
822	18:15:53.03	0.0385	20.53366	21.27	41.16	1.0	0.999264	19.7818	1.24676	772.70	0.96338	3.28	0
823	18:15:53.33	0.0395	20.53331	21.27	41.16	1.0	0.999246	19.7819	1.24680	772.70	0.96340	3.28	0
824	18:15:53.63	0.0395	20.53324	21.27	41.16	1.0	0.999246	19.7816	1.24676	772.70	0.96339	3.28	0
825	18:15:53.93	0.0415	20.53254	21.27	41.16	1.0	0.999210	19.7814	1.24680	772.72	0.96341	3.28	0
826	18:15:54.23	0.0400	20.53317	21.27	41.16	1.0	0.999240	19.7814	1.24676	772.70	0.96338	3.28	0
827	18:15:54.53	0.0410	20.53275	21.27	41.16	1.0	0.999222	19.7818	1.24680	772.72	0.96343	3.28	0
828	18:15:54.83	0.0400	20.53317	21.27	41.16	1.0	0.999240	19.7816	1.24680	772.70	0.96340	3.28	0
829	18:15:55.13	0.0395	20.53338	21.27	41.16	1.0	0.999252	19.7827	1.24680	772.72	0.96344	3.28	0
830	18:15:55.43	0.0390	20.53345	21.27	41.16	1.0	0.999252	19.7821	1.24680	772.72	0.96341	3.28	0
831	18:15:55.73	0.0400	20.53310	21.27	41.16	1.0	0.999240	19.7817	1.24680	772.72	0.96341	3.28	0
832	18:15:56.03	0.0415	20.53254	21.27	41.16	1.0	0.999210	19.7816	1.24680	772.72	0.96343	3.28	0
833	18:15:56.33	0.0400	20.53303	21.27	41.16	1.0	0.999234	19.7814	1.24680	772.70	0.96340	3.28	0
834	18:15:56.63	0.0405	20.53296	21.27	41.16	1.0	0.999228	19.7818	1.24680	772.72	0.96342	3.28	0
835	18:15:56.94	0.0410	20.53282	21.27	41.16	1.0	0.999222	19.7813	1.24680	772.70	0.96340	3.28	0
836	18:15:57.23	0.0400	20.53310	21.27	41.16	1.0	0.999240	19.7814	1.24680	772.70	0.96339	3.28	0
837	18:15:57.53	0.0400	20.53303	21.27	41.16	1.0	0.999234	19.7816	1.24680	772.72	0.96340	3.28	0
838	18:15:57.83	0.0410	20.53282	21.27	41.16	1.0	0.999222	19.7819	1.24680	772.72	0.96343	3.28	0
839	18:15:58.13	0.0390	20.53352	21.27	41.16	1.0	0.999258	19.7809	1.24676	772.68	0.96335	3.28	0
840	18:15:58.43	0.0385	20.53380	21.27	41.16	1.0	0.999270	19.7817	1.24676	772.70	0.96337	3.28	0
841	18:15:58.73	0.0390	20.53352	21.27	41.16	1.0	0.999258	19.7818	1.24676	772.70	0.96339	3.28	0
842	18:15:59.03	0.0390	20.53352	21.27	41.16	1.0	0.999258	19.7816	1.24676	772.70	0.96338	3.28	0
843	18:15:59.34	0.0390	20.53345	21.27	41.16	1.0	0.999252	19.7814	1.24676	772.70	0.96337	3.28	0
844	18:15:59.63	0.0390	20.53345	21.27	41.18	1.0	0.999252	19.7819	1.24680	772.70	0.96340	3.28	0
845	18:15:59.93	0.0395	20.53338	21.27	41.18	1.0	0.999252	19.7813	1.24676	772.70	0.96337	3.28	0
846	18:16:00.23	0.0390	20.53345	21.27	41.16	1.0	0.999258	19.7819	1.24680	772.70	0.96340	3.28	0
847	18:16:00.54	0.0405	20.53289	21.27	41.16	1.0	0.999228	19.7809	1.24676	772.70	0.96337	3.28	0
848	18:16:00.84	0.0370	20.53429	21.27	41.16	1.0	0.999294	19.7822	1.24680	772.70	0.96338	3.28	0
849	18:16:01.13	0.0395	20.53331	21.27	41.16	1.0	0.999252	19.7818	1.24680	772.70	0.96340	3.28	0
850	18:16:01.43	0.0390	20.53352	21.27	41.16	1.0	0.999258	19.7821	1.24680	772.70	0.96340	3.28	0
851	18:16:01.73	0.0385	20.53366	21.27	41.16	1.0	0.999264	19.7821	1.24680	772.72	0.96340	3.28	0
852	18:16:02.04	0.0370	20.53429	21.27	41.16	1.0	0.999294	19.7819	1.24676	772.70	0.96336	3.28	0
853	18:16:02.33	0.0385	20.53373	21.27	41.16	1.0	0.999270	19.7820	1.24680	772.70	0.96339	3.28	0
854	18:16:02.63	0.0400	20.53303	21.27	41.16	1.0	0.999234	19.7822	1.24680	772.72	0.96343	3.28	0
855	18:16:02.93	0.0395	20.53324	21.27	41.16	1.0	0.999246	19.7821	1.24680	772.72	0.96342	3.28	0
856	18:16:03.23	0.0410	20.53268	21.27	41.16	1.0	0.999216	19.7821	1.24680	772.72	0.96344	3.28	0
857	18:16:03.53	0.0390	20.53352	21.27	41.16	1.0	0.999258	19.7817	1.24676	772.70	0.96338	3.28	0
858	18:16:03.83	0.0370	20.53422	21.27	41.16	1.0	0.999294	19.7816	1.24676	772.70	0.96335	3.28	0
859	18:16:04.13	0.0415	20.53261	21.27	41.16	1.0	0.999210	19.7816	1.24680	772.72	0.96343	3.28	0
860	18:16:04.43	0.0380	20.53394	21.27	41.16	1.0	0.999276	19.7819	1.24676	772.70	0.96338	3.28	0
861	18:16:04.73	0.0385	20.53366	21.27	41.16	1.0	0.999264	19.7820	1.24680	772.70	0.96340	3.28	0
862	18:16:05.03	0.0390	20.53359	21.27	41.16	1.0	0.999264	19.7815	1.24676	772.70	0.96337	3.28	0
863	18:16:05.33	0.0385	20.53380	21.27	41.16	1.0	0.999270	19.7814	1.24676	772.70	0.96336	3.28	0
864	18:16:05.64	0.0400	20.53317	21.27	41.16	1.0	0.999240	19.7814	1.24676	772.70	0.96339	3.28	0
865	18:16:05.93	0.0395	20.53338	21.27	41.16	1.0	0.999252	19.7819	1.24676	772.72	0.96340	3.28	0
866	18:16:06.23	0.0405	20.53296	21.27	41.16	1.0	0.999228	19.7814	1.24680	772.70	0.96340	3.28	0
867	18:16:06.53	0.0390	20.53359	21.27	41.16	1.0	0.999258	19.7813	1.24676	772.70	0.96337	3.28	0
868	18:16:06.83	0.0405	20.53289	21.27	41.16	1.0	0.999228	19.7820	1.24680	772.72	0.96343	3.28	0
869	18:16:07.13	0.0390	20.53359	21.27	41.16	1.0	0.999264	19.7814	1.24676	772.70	0.96337	3.28	0
870	18:16:07.43	0.0410	20.53261	21.27	41.18	1.0	0.999216	19.7816	1.24680	772.72	0.96342	3.28	0
871	18:16:07.73	0.0400	20.53317	21.27	41.18	1.0	0.999240	19.7819	1.24680	772.72	0.96341	3.28	0
872	18:16:08.03	0.0385	20.53380	21.27	41.16	1.0	0.999270	19.7820	1.24680	772.70	0.96339	3.28	0
873	18:16:08.33	0.0390	20.53352	21.27	41.16	1.0	0.999258	19.7824	1.24680	772.72	0.96342	3.28	0
874	18:16:08.63	0.0395	20.53331	21.27	41.16	1.0	0.999246	19.7813	1.24676	772.72	0.96338	3.28	0
875	18:16:08.93	0.0390	20.53345	21.27	41.16	1.0	0.999252	19.7816	1.24676	772.70	0.96339	3.28	0
876	18:16:09.23	0.0400	20.53317	21.27	41.16	1.0	0.999240	19.7812	1.24676	772.70	0.96338	3.28	0
877	18:16:09.53	0.0385	20.53373	21.27	41.16	1.0	0.999264	19.7813	1.24676	772.70	0.96336	3.28	0
878	18:16:09.83	0.0405	20.53289	21.27	41.16	1.0	0.999228	19.7817	1.24680	772.72	0.96341	3.28	0
879	18:16:10.13	0.0370	20.53429	21.27	41.16	1.0	0.999294	19.7823	1.24676	772.70	0.96338	3.28	0
880	18:16:10.43	0.0400	20.53303	21.27	41.18	1.0	0.999234	19.7823	1.24680	772.72	0.96344	3.28	0
881	18:16:10.74	0.0370	20.53422	21.27	41.18	1.0	0.999294	19.7826	1.24680	772.70	0.96340	3.28	0
882	18:16:11.03	0.0380	20.53387	21.27	41.16	1.0	0.999276	19.7825	1.24680	772.72	0.96341	3.28	0
883	18:16:11.33	0.0395	20.53324	21.27	41.16	1.0	0.999246	19.7823	1.24680	772.72	0.96343	3.28	0
884	18:16:11.63	0.0405	20.53289	21.27	41.16	1.0	0.999228	19.7814	1.24680	772.70	0.96340	3.28	0
885	18:16:11.93	0.0395	20.53324	21.27	41.16	1.0	0.999246	19.7817	1.24680	772.70	0.96340	3.28	0
886	18:16:12.23	0.0375	20.53401	21.27	41.16	1.0	0.999282	19.7827	1.24680	772.70	0.96341	3.28	0
887	18:16:12.53	0.0410	20.53268	21.27	41.16	1.0	0.999216	19.7822	1.24684	772.72	0.96345	3.28	0
888	18:16:12.83	0.0400	20.53310	21.27	41.16	1.0	0.999234	19.7821	1.24680	772.72	0.96343	3.28	0
889	18:16:13.13	0.0405	20.53289	21.27	41.16	1.0	0.999228	19.7822	1.24680	772.74	0.96344	3.28	0
890	18:16:13.43	0.0390	20.53345	21.27	41.16	1.0	0.999258	19.7828	1.24680	772.72	0.96344	3.28	0
891	18:16:13.73	0.0390	20.53352	21.27	41.16	1.0	0.999258	19.7824	1.24680	772.72	0.96342	3.28	0
892	18:16:14.03	0.0395	20.53331	21.27	41.18	1.0	0.999246	19.7825	1.24680	772.72	0.96343	3.28	0
893	18:16:14.33	0.0370	20.53422	21.27	41.18	1.0	0.999294	19.7828	1.24680	772.72	0.96341	3.28	0
894	18:16:14.63	0.0405	20.53303	21.27	41.14	1.0	0.999234	19.7826	1.24680	772.74	0.96345	3.28	0
895	18:16:14.93	0.0395	20.53338	21.27	41.14	1.0	0.999252	19.7824	1.24680	772.72	0.96343	3.28	0
896	18:16:15.23	0.0375	20.53408	21.27	41.13	1.0	0.999282	19.7823	1.24680	772.70	0.96339	3.28	0
897	18:16:15.53	0.0390	20.53352	21.27	41.13	1.0	0.999258	19.7823	1.24680	772.72	0.96342	3.28	0
898	18:16:15.83	0.0375	20.53408	21.27	41.14	1.0	0.999288	19.7820	1.24676	772.70	0.96337	3.28	0
899	18:16:16.13	0.0390	20.53359	21.27	41.14	1.0	0.999264	19.7821	1.24680	772.72	0.96340	3.28	0
900	18:16:16.43	0.0405	20.53296	21.27	41.13	1.0	0.999228	19.7822	1.24680	772.72	0.96344	3.28	0
901	18:16:16.73	0.0395	20.53324	21.27	41.13	1.0	0.999246	19.7822	1.24680	772.72	0.96342	3.28	0
902	18:16:17.03	0.0395	20.53338	21.27	41.13	1.0	0.999246	19.7829	1.24680	772.74	0.96346	3.28	0
903	18:16:17.33	0.0395	20.53324	21.27	41.13	1.0	0.999246	19.7822	1.24680	772.72	0.96343	3.28	0
904	18:16:17.63	0.0400	20.53317	21.27	41.14	1.0	0.999240	19.7821	1.24680	772.72	0.96342	3.28	0
905	18:16:17.93	0.0380	20.53394	21.27	41.14	1.0	0.999276	19.7816	1.24676	772.70	0.96337	3.28	0
906	18:16:18.23	0.0385	20.53380	21.27	41.16	1.0	0.999270	19.7819	1.24676	772.70	0.96338	3.28	0
907	18:16:18.53	0.0395	20.53338	21.27	41.16	1.0	0.999252	19.7818	1.24676	772.72	0.96340	3.28	0
908	18:16:18.83	0.0385	20.53366	21.27	41.16	1.0	0.999264	19.7819	1.24680	772.70	0.96339	3.28	0
909	18:16:19.13	0.0395	20.53324	21.27	41.16	1.0	0.999246	19.7824	1.24680	772.72	0.96343	3.28	0
910	18:16:19.43	0.0395	20.53338	21.27	41.18	1.0	0.999252	19.7824	1.24680	772.72	0.96343	3.28	0
911	18:16:19.73	0.0385	20.53359	21.27	41.18	1.0	0.999264	19.7823	1.24680	772.72	0.96341	3.28	0
912	18:16:20.03	0.0390	20.53345	21.27	41.16	1.0	0.999252	19.7823	1.24680	772.72	0.96342	3.28	0
913	18:16:20.33	0.0385	20.53359	21.27	41.16	1.0	0.999264	19.7819	1.24676	772.70	0.96339	3.28	0
914	18:16:20.63	0.0380	20.53380	21.27	41.18	1.0	0.999276	19.7823	1.24680	772.72	0.96340	3.28	0
915	18:16:20.93	0.0395	20.53324	21.27	41.18	1.0	0.999246	19.7815	1.24676	772.70	0.96339	3.28	0
916	18:16:21.23	0.0370	20.53436	21.27	41.16	1.0	0.999300	19.7816	1.24672	772.68	0.96334	3.28	0
917	18:16:21.53	0.0405	20.53282	21.27	41.16	1.0	0.999228	19.7814	1.24680	772.70	0.96340	3.28	0
918	18:16:21.83	0.0400	20.53324	21.27	41.16	1.0	0.999240	19.7823	1.24680	772.72	0.96343	3.28	0
919	18:16:22.13	0.0375	20.53415	21.27	41.16	1.0	0.999288	19.7827	1.24676	772.72	0.96341	3.28	0
920	18:16:22.43	0.0395	20.53331	21.27	41.18	1.0	0.999246	19.7816	1.24676	772.72	0.96339	3.28	0
921	18:16:22.73	0.0385	20.53352	21.28	41.18	1.0	0.999264	19.7819	1.24676	772.72	0.96340	3.28	0
922	18:16:23.03	0.0415	20.53254	21.28	41.19	1.0	0.999216	19.7815	1.24680	772.72	0.96343	3.28	0
923	18:16:23.33	0.0400	20.53296	21.27	41.19	1.0	0.999234	19.7818	1.24676	772.72	0.96341	3.28	0
924	18:16:23.63	0.0380	20.53387	21.27	41.19	1.0	0.999276	19.7819	1.24676	772.70	0.96337	3.28	0
925	18:16:23.93	0.0395	20.53331	21.27	41.19	1.0	0.999246	19.7818	1.24680	772.72	0.96340	3.28	0
926	18:16:24.23	0.0390	20.53352	21.27	41.19	1.0	0.999258	19.7821	1.24680	772.72	0.96341	3.28	0
927	18:16:24.53	0.0390	20.53345	21.27	41.19	1.0	0.999258	19.7814	1.24676	772.70	0.96338	3.28	0
928	18:16:24.83	0.0395	20.53324	21.27	41.23	1.0	0.999246	19.7819	1.24676	772.72	0.96341	3.28	0
929	18:16:25.13	0.0410	20.53268	21.27	41.23	1.0	0.999222	19.7810	1.24680	772.70	0.96339	3.28	0
930	18:16:25.43	0.0385	20.53366	21.27	41.23	1.0	0.999270	19.7820	1.24676	772.72	0.96340	3.28	0
931	18:16:25.73	0.0390	20.53352	21.27	41.23	1.0	0.999264	19.7820	1.24676	772.72	0.96340	3.28	0
932	18:16:26.03	0.0385	20.53352	21.27	41.24	1.0	0.999264	19.7819	1.24680	772.70	0.96339	3.28	0
933	18:16:26.33	0.0395	20.53331	21.27	41.24	1.0	0.999252	19.7818	1.24676	772.72	0.96340	3.28	0
934	18:16:26.63	0.0395	20.53317	21.27	41.23	1.0	0.999246	19.7814	1.24676	772.70	0.96339	3.28	0
935	18:16:26.93	0.0395	20.53331	21.27	41.23	1.0	0.999252	19.7815	1.24676	772.72	0.96338	3.28	0
936	18:16:27.24	0.0390	20.53338	21.27	41.23	1.0	0.999258	19.7820	1.24680	772.70	0.96340	3.28	0
937	18:16:27.53	0.0405	20.53282	21.27	41.23	1.0	0.999228	19.7819	1.24680	772.72	0.96343	3.28	0
938	18:16:27.83	0.0400	20.53310	21.27	41.24	1.0	0.999240	19.7814	1.24680	772.70	0.96340	3.28	0
939	18:16:28.13	0.0390	20.53331	21.27	41.24	1.0	0.999252	19.7814	1.24676	772.70	0.96338	3.28	0
940	18:16:28.43	0.0385	20.53352	21.27	41.23	1.0	0.999264	19.7816	1.24676	772.70	0.96338	3.28	0
941	18:16:28.73	0.0375	20.53394	21.27	41.23	1.0	0.999282	19.7818	1.24676	772.70	0.96337	3.28	0
942	18:16:29.03	0.0400	20.53296	21.27	41.24	1.0	0.999234	19.7809	1.24676	772.70	0.96338	3.28	0
943	18:16:29.33	0.0380	20.53380	21.27	41.24	1.0	0.999276	19.7818	1.24676	772.70	0.96338	3.28	0
944	18:16:29.63	0.0400	20.53296	21.27	41.24	1.0	0.999234	19.7816	1.24680	772.72	0.96341	3.28	0
945	18:16:29.93	0.0410	20.53268	21.27	41.24	1.0	0.999222	19.7812	1.24680	772.70	0.96340	3.28	0
946	18:16:30.23	0.0405	20.53282	21.27	41.24	1.0	0.999228	19.7816	1.24680	772.72	0.96341	3.28	0
947	18:16:30.53	0.0400	20.53303	21.27	41.24	1.0	0.999240	19.7814	1.24680	772.70	0.96340	3.28	0
948	18:16:30.83	0.0390	20.53338	21.27	41.26	1.0	0.999258	19.7825	1.24680	772.74	0.96343	3.28	0
949	18:16:31.13	0.0415	20.53247	21.27	41.26	1.0	0.999210	19.7811	1.24680	772.72	0.96341	3.28	0
950	18:16:31.43	0.0400	20.53296	21.27	41.28	1.0	0.999240	19.7818	1.24680	772.72	0.96341	3.28	0
951	18:16:31.73	0.0370	20.53408	21.28	41.28	1.0	0.999294	19.7821	1.24676	772.70	0.96338	3.28	0
952	18:16:32.03	0.0390	20.53338	21.28	41.26	1.0	0.999258	19.7817	1.24676	772.72	0.96340	3.28	0
953	18:16:32.33	0.0405	20.53275	21.28	41.26	1.0	0.999228	19.7814	1.24680	772.70	0.96341	3.28	0
954	18:16:32.63	0.0410	20.53247	21.28	41.26	1.0	0.999216	19.7812	1.24680	772.72	0.96341	3.28	0
955	18:16:32.93	0.0380	20.53359	21.28	41.26	1.0	0.999270	19.7816	1.24676	772.70	0.96338	3.28	0
956	18:16:33.23	0.0385	20.53352	21.28	41.26	1.0	0.999270	19.7816	1.24676	772.70	0.96338	3.28	0
957	18:16:33.53	0.0385	20.53352	21.28	41.26	1.0	0.999270	19.7817	1.24676	772.72	0.96339	3.28	0
958	18:16:33.83	0.0400	20.53282	21.28	41.34	1.0	0.999240	19.7810	1.24676	772.70	0.96338	3.28	0
959	18:16:34.13	0.0400	20.53275	21.28	41.34	1.0	0.999240	19.7814	1.24680	772.70	0.96340	3.28	0
960	18:16:34.43	0.0400	20.53282	21.28	41.34	1.0	0.999240	19.7819	1.24680	772.72	0.96343	3.28	0
961	18:16:34.73	0.0395	20.53303	21.28	41.34	1.0	0.999246	19.7822	1.24680	772.74	0.96344	3.28	0
962	18:16:35.03	0.0405	20.53261	21.28	41.34	1.0	0.999228	19.7809	1.24676	772.72	0.96340	3.28	0
963	18:16:35.33	0.0400	20.53282	21.28	41.34	1.0	0.999240	19.7814	1.24676	772.72	0.96341	3.28	0
964	18:16:35.63	0.0410	20.53240	21.28	41.33	1.0	0.999216	19.7817	1.24680	772.74	0.96344	3.28	0
965	18:16:35.93	0.0410	20.53240	21.28	41.33	1.0	0.999216	19.7821	1.24680	772.74	0.96346	3.28	0
966	18:16:36.23	0.0390	20.53317	21.28	41.34	1.0	0.999258	19.7820	1.24680	772.72	0.96341	3.28	0
967	18:16:36.53	0.0395	20.53310	21.27	41.34	1.0	0.999246	19.7819	1.24680	772.72	0.96342	3.28	0
968	18:16:36.83	0.0410	20.53247	21.27	41.33	1.0	0.999216	19.7812	1.24680	772.72	0.96341	3.28	0
969	18:16:37.13	0.0395	20.53303	21.28	41.33	1.0	0.999246	19.7820	1.24680	772.72	0.96343	3.28	0
970	18:16:37.43	0.0410	20.53254	21.28	41.33	1.0	0.999222	19.7813	1.24680	772.72	0.96341	3.28	0
971	18:16:37.73	0.0420	20.53212	21.28	41.33	1.0	0.999204	19.7816	1.24680	772.74	0.96345	3.28	0
972	18:16:38.03	0.0405	20.53268	21.28	41.33	1.0	0.999228	19.7816	1.24680	772.72	0.96342	3.28	0
973	18:16:38.33	0.0410	20.53240	21.28	41.33	1.0	0.999216	19.7816	1.24680	772.72	0.96344	3.28	0
974	18:16:38.63	0.0395	20.53296	21.28	41.36	1.0	0.999246	19.7816	1.24680	772.72	0.96341	3.28	0
975	18:16:38.93	0.0395	20.53296	21.28	41.36	1.0	0.999246	19.7814	1.24676	772.72	0.96340	3.28	0
976	18:16:39.23	0.0400	20.53282	21.28	41.36	1.0	0.999240	19.7818	1.24680	772.72	0.96343	3.28	0
977	18:16:39.53	0.0395	20.53303	21.28	41.36	1.0	0.999252	19.7812	1.24676	772.70	0.96338	3.28	0
978	18:16:39.83	0.0385	20.53338	21.28	41.38	1.0	0.999270	19.7810	1.24672	772.70	0.96336	3.28	0
979	18:16:40.14	0.0390	20.53317	21.28	41.38	1.0	0.999258	19.7815	1.24676	772.70	0.96339	3.28	0
980	18:16:40.43	0.0385	20.53331	21.28	41.36	1.0	0.999264	19.7815	1.24676	772.70	0.96339	3.28	0
981	18:16:40.73	0.0400	20.53282	21.27	41.36	1.0	0.999234	19.7816	1.24680	772.72	0.96341	3.28	0
982	18:16:41.03	0.0395	20.53296	21.27	41.38	1.0	0.999246	19.7816	1.24676	772.72	0.96341	3.28	0
983	18:16:41.33	0.0395	20.53289	21.28	41.38	1.0	0.999246	19.7811	1.24676	772.70	0.96338	3.28	0
984	18:16:41.63	0.0395	20.53296	21.28	41.41	1.0	0.999252	19.7810	1.24676	772.70	0.96338	3.28	0
985	18:16:41.93	0.0390	20.53310	21.28	41.41	1.0	0.999258	19.7815	1.24676	772.72	0.96340	3.28	0
986	18:16:42.23	0.0385	20.53345	21.28	41.39	1.0	0.999270	19.7809	1.24676	772.70	0.96335	3.28	0
987	18:16:42.53	0.0385	20.53345	21.28	41.39	1.0	0.999270	19.7812	1.24676	772.70	0.96337	3.28	0
988	18:16:42.83	0.0420	20.53205	21.28	41.39	1.0	0.999204	19.7807	1.24680	772.72	0.96341	3.28	0
989	18:16:43.13	0.0395	20.53289	21.28	41.39	1.0	0.999246	19.7816	1.24680	772.70	0.96341	3.28	0
990	18:16:43.43	0.0405	20.53261	21.28	41.41	1.0	0.999234	19.7816	1.24680	772.72	0.96342	3.28	0
991	18:16:43.73	0.0400	20.53268	21.28	41.41	1.0	0.999234	19.7819	1.24680	772.72	0.96343	3.28	0
992	18:16:44.03	0.0390	20.53310	21.28	41.41	1.0	0.999258	19.7812	1.24676	772.72	0.96338	3.28	0
993	18:16:44.33	0.0380	20.53359	21.28	41.41	1.0	0.999282	19.7812	1.24672	772.70	0.96336	3.28	0
994	18:16:44.63	0.0390	20.53310	21.28	41.41	1.0	0.999258	19.7808	1.24676	772.70	0.96337	3.28	0
995	18:16:44.93	0.0390	20.53303	21.29	41.41	1.0	0.999258	19.7819	1.24680	772.72	0.96342	3.28	0
996	18:16:45.23	0.0395	20.53282	21.29	41.41	1.0	0.999246	19.7809	1.24676	772.70	0.96338	3.28	0
997	18:16:45.53	0.0415	20.53212	21.28	41.41	1.0	0.999210	19.7811	1.24680	772.72	0.96342	3.28	0
998	18:16:45.83	0.0410	20.53226	21.28	41.39	1.0	0.999216	19.7810	1.24680	772.72	0.96341	3.28	0
999	18:16:46.13	0.0390	20.53310	21.28	41.39	1.0	0.999258	19.7809	1.24676	772.70	0.96337	3.28	0
1000	18:16:46.43	0.0405	20.53261	21.28	41.39	1.0	0.999234	19.7807	1.24676	772.70	0.96338	3.28	0
1001	18:16:46.73	0.0405	20.53261	21.28	41.39	1.0	0.999228	19.7808	1.24676	772.72	0.96338	3.28	0
1002	18:16:47.03	0.0390	20.53303	21.28	41.44	1.0	0.999258	19.7810	1.24676	772.70	0.96337	3.28	0
1003	18:16:47.33	0.0380	20.53352	21.28	41.44	1.0	0.999276	19.7811	1.24676	772.70	0.96335	3.28	0
1004	18:16:47.63	0.0390	20.53310	21.28	41.44	1.0	0.999258	19.7811	1.24676	772.70	0.96338	3.28	0
1005	18:16:47.93	0.0395	20.53289	21.28	41.44	1.0	0.999252	19.7812	1.24676	772.72	0.96338	3.28	0
1006	18:16:48.23	0.0395	20.53296	21.28	41.42	1.0	0.999252	19.7812	1.24676	772.72	0.96339	3.28	0
1007	18:16:48.53	0.0390	20.53310	21.28	41.42	1.0	0.999258	19.7807	1.24676	772.70	0.96336	3.28	0
1008	18:16:48.83	0.0405	20.53247	21.28	41.44	1.0	0.999228	19.7807	1.24676	772.70	0.96338	3.28	0
1009	18:16:49.13	0.0390	20.53310	21.28	41.44	1.0	0.999258	19.7808	1.24676	772.70	0.96336	3.28	0
1010	18:16:49.43	0.0410	20.53240	21.28	41.42	1.0	0.999222	19.7809	1.24676	772.72	0.96340	3.28	0
1011	18:16:49.73	0.0380	20.53359	21.28	41.42	1.0	0.999282	19.7813	1.24676	772.70	0.96336	3.28	0
1012	18:16:50.03	0.0395	20.53289	21.28	41.44	1.0	0.999246	19.7806	1.24676	772.70	0.96337	3.28	0
1013	18:16:50.33	0.0375	20.53373	21.28	41.44	1.0	0.999288	19.7810	1.24672	772.70	0.96334	3.28	0
1014	18:16:50.63	0.0375	20.53359	21.28	41.44	1.0	0.999282	19.7808	1.24672	772.68	0.96334	3.28	0
1015	18:16:50.93	0.0380	20.53352	21.28	41.44	1.0	0.999276	19.7809	1.24676	772.70	0.96335	3.28	0
1016	18:16:51.23	0.0390	20.53303	21.28	41.44	1.0	0.999258	19.7808	1.24676	772.70	0.96337	3.28	0
1017	18:16:51.53	0.0410	20.53226	21.29	41.44	1.0	0.999222	19.7805	1.24676	772.72	0.96338	3.28	0
1018	18:16:51.83	0.0390	20.53296	21.29	41.44	1.0	0.999258	19.7806	1.24676	772.70	0.96336	3.28	0
1019	18:16:52.13	0.0390	20.53303	21.28	41.44	1.0	0.999258	19.7808	1.24676	772.70	0.96337	3.28	0
1020	18:16:52.43	0.0380	20.53352	21.28	41.44	1.0	0.999282	19.7813	1.24676	772.70	0.96337	3.28	0
1021	18:16:52.73	0.0400	20.53275	21.28	41.44	1.0	0.999240	19.7809	1.24676	772.70	0.96339	3.28	0
1022	18:16:53.03	0.0395	20.53289	21.28	41.44	1.0	0.999246	19.7814	1.24676	772.72	0.96340	3.28	0
1023	18:16:53.33	0.0410	20.53226	21.29	41.44	1.0	0.999222	19.7810	1.24676	772.72	0.96341	3.28	0
1024	18:16:53.63	0.0395	20.53282	21.29	41.44	1.0	0.999252	19.7808	1.24676	772.70	0.96337	3.28	0
1025	18:16:53.93	0.0370	20.53387	21.28	41.44	1.0	0.999294	19.7811	1.24672	772.70	0.96334	3.28	0
1026	18:16:54.23	0.0390	20.53310	21.28	41.42	1.0	0.999258	19.7816	1.24676	772.72	0.96340	3.28	0
1027	18:16:54.53	0.0390	20.53310	21.28	41.42	1.0	0.999258	19.7808	1.24676	772.70	0.96336	3.28	0
1028	18:16:54.83	0.0405	20.53247	21.28	41.44	1.0	0.999228	19.7801	1.24676	772.70	0.96336	3.28	0
1029	18:16:55.13	0.0385	20.53324	21.28	41.44	1.0	0.999264	19.7802	1.24672	772.68	0.96332	3.28	0
1030	18:16:55.43	0.0380	20.53352	21.28	41.42	1.0	0.999276	19.7807	1.24672	772.68	0.96334	3.28	0
1031	18:16:55.73	0.0395	20.53289	21.28	41.42	1.0	0.999246	19.7807	1.24672	772.70	0.96337	3.28	0
1032	18:16:56.03	0.0380	20.53345	21.28	41.44	1.0	0.999276	19.7805	1.24672	772.70	0.96333	3.28	0
1033	18:16:56.33	0.0415	20.53212	21.28	41.44	1.0	0.999210	19.7804	1.24676	772.72	0.96339	3.28	0
1034	18:16:56.63	0.0400	20.53268	21.28	41.44	1.0	0.999240	19.7807	1.24676	772.70	0.96338	3.28	0
1035	18:16:56.93	0.0400	20.53275	21.28	41.44	1.0	0.999240	19.7809	1.24676	772.72	0.96338	3.28	0
1036	18:16:57.23	0.0390	20.53303	21.28	41.44	1.0	0.999258	19.7807	1.24672	772.70	0.96336	3.28	0
1037	18:16:57.53	0.0395	20.53296	21.28	41.44	1.0	0.999252	19.7812	1.24676	772.72	0.96339	3.28	0
1038	18:16:57.83	0.0395	20.53282	21.28	41.44	1.0	0.999246	19.7804	1.24672	772.70	0.96335	3.28	0
1039	18:16:58.13	0.0400	20.53268	21.29	41.44	1.0	0.999240	19.7809	1.24676	772.72	0.96338	3.28	0
1040	18:16:58.43	0.0400	20.53261	21.29	41.44	1.0	0.999240	19.7806	1.24676	772.70	0.96337	3.28	0
1041	18:16:58.73	0.0390	20.53310	21.28	41.44	1.0	0.999258	19.7811	1.24676	772.70	0.96337	3.28	0
1042	18:16:59.03	0.0400	20.53275	21.28	41.42	1.0	0.999240	19.7812	1.24676	772.72	0.96340	3.28	0
1043	18:16:59.33	0.0380	20.53338	21.29	41.42	1.0	0.999276	19.7814	1.24676	772.70	0.96337	3.28	0
1044	18:16:59.63	0.0390	20.53303	21.29	41.44	1.0	0.999258	19.7816	1.24676	772.72	0.96340	3.28	0
1045	18:16:59.93	0.0390	20.53310	21.28	41.44	1.0	0.999258	19.7809	1.24676	772.70	0.96337	3.28	0
1046	18:17:00.23	0.0410	20.53219	21.28	41.44	1.0	0.999216	19.7805	1.24676	772.70	0.96339	3.28	0
1047	18:17:00.53	0.0385	20.53331	21.28	41.44	1.0	0.999270	19.7812	1.24676	772.70	0.96337	3.28	0
1048	18:17:00.83	0.0385	20.53331	21.28	41.44	1.0	0.999270	19.7810	1.24676	772.70	0.96336	3.28	0
1049	18:17:01.13	0.0395	20.53275	21.29	41.44	1.0	0.999246	19.7807	1.24672	772.72	0.96337	3.28	0
1050	18:17:01.43	0.0390	20.53296	21.29	41.44	1.0	0.999258	19.7814	1.24676	772.72	0.96340	3.28	0
1051	18:17:01.73	0.0420	20.53191	21.29	41.44	1.0	0.999204	19.7806	1.24676	772.72	0.96341	3.28	0
1052	18:17:02.03	0.0390	20.53303	21.29	41.44	1.0	0.999258	19.7813	1.24676	772.72	0.96339	3.28	0
1053	18:17:02.33	0.0415	20.53212	21.29	41.44	1.0	0.999216	19.7805	1.24676	772.72	0.96340	3.28	0
1054	18:17:02.63	0.0385	20.53317	21.29	41.44	1.0	0.999264	19.7816	1.24676	772.72	0.96340	3.28	0
1055	18:17:02.93	0.0410	20.53226	21.29	41.44	1.0	0.999222	19.7807	1.24676	772.72	0.96340	3.28	0
1056	18:17:03.23	0.0390	20.53303	21.29	41.44	1.0	0.999258	19.7817	1.24680	772.72	0.96341	3.28	0
1057	18:17:03.53	0.0380	20.53331	21.29	41.44	1.0	0.999276	19.7814	1.24676	772.72	0.96338	3.28	0
1058	18:17:03.83	0.0390	20.53289	21.29	41.48	1.0	0.999252	19.7807	1.24676	772.70	0.96337	3.28	0
1059	18:17:04.13	0.0405	20.53233	21.29	41.48	1.0	0.999228	19.7811	1.24676	772.72	0.96341	3.28	0
1060	18:17:04.43	0.0375	20.53359	21.29	41.48	1.0	0.999288	19.7813	1.24676	772.70	0.96336	3.28	0
1061	18:17:04.73	0.0385	20.53310	21.29	41.48	1.0	0.999264	19.7810	1.24676	772.72	0.96337	3.28	0
1062	18:17:05.03	0.0400	20.53261	21.29	41.48	1.0	0.999240	19.7804	1.24676	772.70	0.96337	3.28	0
1063	18:17:05.33	0.0380	20.53324	21.29	41.48	1.0	0.999270	19.7809	1.24676	772.70	0.96336	3.28	0
1064	18:17:05.63	0.0400	20.53254	21.29	41.48	1.0	0.999240	19.7812	1.24676	772.72	0.96341	3.28	0
1065	18:17:05.93	0.0375	20.53359	21.29	41.48	1.0	0.999288	19.7805	1.24672	772.68	0.96332	3.28	0
1066	18:17:06.23	0.0380	20.53331	21.29	41.48	1.0	0.999276	19.7807	1.24672	772.70	0.96335	3.28	0
1067	18:17:06.53	0.0390	20.53303	21.29	41.48	1.0	0.999264	19.7806	1.24676	772.70	0.96335	3.28	0
1068	18:17:06.83	0.0400	20.53261	21.29	41.48	1.0	0.999240	19.7805	1.24676	772.70	0.96337	3.28	0
1069	18:17:07.13	0.0390	20.53296	21.29	41.48	1.0	0.999258	19.7799	1.24672	772.68	0.96332	3.28	0
1070	18:17:07.43	0.0400	20.53247	21.29	41.48	1.0	0.999234	19.7796	1.24672	772.70	0.96333	3.28	0
1071	18:17:07.73	0.0385	20.53310	21.29	41.48	1.0	0.999264	19.7802	1.24672	772.68	0.96333	3.28	0
1072	18:17:08.03	0.0400	20.53247	21.29	41.48	1.0	0.999234	19.7805	1.24676	772.70	0.96337	3.28	0
1073	18:17:08.33	0.0390	20.53296	21.29	41.48	1.0	0.999258	19.7804	1.24672	772.70	0.96335	3.28	0
1074	18:17:08.63	0.0385	20.53310	21.29	41.48	1.0	0.999264	19.7802	1.24672	772.68	0.96333	3.28	0
1075	18:17:08.93	0.0370	20.53366	21.29	41.48	1.0	0.999294	19.7805	1.24672	772.68	0.96332	3.28	0
1076	18:17:09.23	0.0375	20.53352	21.29	41.48	1.0	0.999288	19.7807	1.24672	772.70	0.96334	3.28	0
1077	18:17:09.54	0.0385	20.53310	21.29	41.48	1.0	0.999264	19.7801	1.24672	772.68	0.96333	3.28	0
1078	18:17:09.83	0.0385	20.53317	21.29	41.48	1.0	0.999270	19.7807	1.24672	772.70	0.96335	3.28	0
1079	18:17:10.13	0.0385	20.53310	21.29	41.48	1.0	0.999264	19.7803	1.24672	772.70	0.96334	3.28	0
1080	18:17:10.43	0.0390	20.53289	21.29	41.48	1.0	0.999258	19.7804	1.24672	772.70	0.96335	3.28	0
1081	18:17:10.73	0.0380	20.53345	21.29	41.48	1.0	0.999282	19.7804	1.24672	772.68	0.96333	3.28	0
1082	18:17:11.03	0.0385	20.53317	21.29	41.48	1.0	0.999270	19.7805	1.24672	772.70	0.96335	3.28	0
1083	18:17:11.33	0.0390	20.53296	21.29	41.48	1.0	0.999258	19.7809	1.24676	772.72	0.96337	3.28	0
1084	18:17:11.63	0.0395	20.53268	21.29	41.48	1.0	0.999246	19.7803	1.24676	772.70	0.96336	3.28	0
1085	18:17:11.93	0.0375	20.53345	21.29	41.48	1.0	0.999282	19.7810	1.24676	772.70	0.96335	3.28	0
1086	18:17:12.23	0.0395	20.53282	21.29	41.48	1.0	0.999252	19.7802	1.24672	772.70	0.96335	3.28	0
1087	18:17:12.53	0.0410	20.53226	21.29	41.48	1.0	0.999222	19.7809	1.24676	772.72	0.96341	3.28	0
1088	18:17:12.83	0.0375	20.53359	21.29	41.48	1.0	0.999288	19.7810	1.24672	772.70	0.96335	3.28	0
1089	18:17:13.13	0.0410	20.53219	21.29	41.48	1.0	0.999222	19.7812	1.24680	772.72	0.96342	3.28	0
1090	18:17:13.43	0.0405	20.53240	21.29	41.48	1.0	0.999228	19.7805	1.24676	772.72	0.96338	3.28	0
1091	18:17:13.73	0.0395	20.53275	21.29	41.48	1.0	0.999246	19.7802	1.24676	772.68	0.96335	3.28	0
1092	18:17:14.03	0.0400	20.53254	21.29	41.48	1.0	0.999240	19.7804	1.24676	772.70	0.96337	3.28	0
1093	18:17:14.33	0.0395	20.53268	21.29	41.48	1.0	0.999246	19.7808	1.24676	772.70	0.96338	3.28	0
1094	18:17:14.63	0.0390	20.53289	21.29	41.48	1.0	0.999252	19.7812	1.24676	772.70	0.96340	3.28	0
1095	18:17:14.93	0.0385	20.53317	21.29	41.48	1.0	0.999270	19.7808	1.24672	772.70	0.96336	3.28	0
1096	18:17:15.23	0.0390	20.53303	21.29	41.48	1.0	0.999258	19.7808	1.24676	772.70	0.96337	3.28	0
1097	18:17:15.53	0.0375	20.53359	21.29	41.48	1.0	0.999288	19.7814	1.24676	772.70	0.96337	3.28	0
1098	18:17:15.83	0.0380	20.53324	21.29	41.48	1.0	0.999276	19.7813	1.24676	772.70	0.96338	3.28	0
1099	18:17:16.13	0.0400	20.53247	21.29	41.48	1.0	0.999234	19.7812	1.24680	772.72	0.96341	3.28	0
1100	18:17:16.43	0.0410	20.53219	21.29	41.48	1.0	0.999222	19.7807	1.24676	772.72	0.96340	3.28	0
1101	18:17:16.73	0.0395	20.53268	21.29	41.48	1.0	0.999246	19.7815	1.24680	772.72	0.96341	3.28	0
1102	18:17:17.03	0.0410	20.53226	21.29	41.48	1.0	0.999222	19.7816	1.24680	772.74	0.96344	3.28	0
1103	18:17:17.33	0.0375	20.53338	21.30	41.48	1.0	0.999282	19.7813	1.24676	772.70	0.96337	3.28	0
1104	18:17:17.63	0.0385	20.53303	21.30	41.44	1.0	0.999264	19.7810	1.24676	772.70	0.96338	3.28	0
1105	18:17:17.93	0.0390	20.53296	21.30	41.44	1.0	0.999264	19.7810	1.24676	772.70	0.96338	3.28	0
1106	18:17:18.23	0.0395	20.53261	21.30	41.44	1.0	0.999246	19.7813	1.24676	772.72	0.96341	3.28	0
1107	18:17:18.53	0.0405	20.53254	21.29	41.44	1.0	0.999234	19.7815	1.24676	772.74	0.96342	3.28	0
1108	18:17:18.83	0.0385	20.53310	21.29	41.48	1.0	0.999264	19.7814	1.24676	772.72	0.96340	3.28	0
1109	18:17:19.13	0.0400	20.53247	21.29	41.48	1.0	0.999234	19.7812	1.24676	772.72	0.96341	3.28	0
1110	18:17:19.43	0.0405	20.53226	21.29	41.51	1.0	0.999228	19.7812	1.24680	772.72	0.96342	3.28	0
1111	18:17:19.73	0.0395	20.53268	21.29	41.51	1.0	0.999246	19.7811	1.24676	772.72	0.96340	3.28	0
1112	18:17:20.03	0.0395	20.53275	21.29	41.54	1.0	0.999252	19.7805	1.24676	772.70	0.96336	3.28	0
1113	18:17:20.33	0.0390	20.53282	21.30	41.54	1.1	0.999258	19.7808	1.24676	772.70	0.96337	3.28	0
1114	18:17:20.63	0.0405	20.53226	21.30	41.58	1.1	0.999234	19.7810	1.24680	772.72	0.96341	3.28	0
1115	18:17:20.93	0.0410	20.53198	21.29	41.58	1.1	0.999216	19.7814	1.24680	772.74	0.96344	3.28	0
1116	18:17:21.23	0.0390	20.53282	21.29	41.58	1.1	0.999258	19.7806	1.24676	772.70	0.96337	3.28	0
1117	18:17:21.53	0.0405	20.53226	21.29	41.58	1.1	0.999228	19.7807	1.24676	772.72	0.96340	3.28	0
1118	18:17:21.83	0.0415	20.53191	21.29	41.61	1.1	0.999216	19.7809	1.24680	772.72	0.96343	3.28	0
1119	18:17:22.13	0.0385	20.53303	21.29	41.61	1.1	0.999270	19.7816	1.24676	772.72	0.96340	3.28	0
1120	18:17:22.43	0.0400	20.53233	21.29	41.64	1.1	0.999234	19.7817	1.24680	772.74	0.96344	3.28	0
1121	18:17:22.73	0.0390	20.53275	21.29	41.64	1.1	0.999258	19.7805	1.24676	772.70	0.96336	3.28	0
1122	18:17:23.03	0.0405	20.53212	21.29	41.64	1.1	0.999228	19.7807	1.24676	772.72	0.96340	3.28	0
1123	18:17:23.33	0.0385	20.53282	21.30	41.64	1.1	0.999264	19.7812	1.24676	772.70	0.96340	3.28	0
1124	18:17:23.63	0.0395	20.53254	21.30	41.64	1.1	0.999252	19.7809	1.24676	772.72	0.96340	3.28	0
1125	18:17:23.93	0.0395	20.53254	21.30	41.64	1.1	0.999252	19.7807	1.24676	772.72	0.96338	3.28	0
1126	18:17:24.23	0.0390	20.53261	21.30	41.64	1.1	0.999252	19.7813	1.24676	772.72	0.96341	3.28	0
1127	18:17:24.53	0.0375	20.53331	21.30	41.64	1.1	0.999288	19.7813	1.24676	772.70	0.96338	3.28	0
1128	18:17:24.83	0.0370	20.53352	21.30	41.64	1.1	0.999300	19.7807	1.24672	772.70	0.96334	3.28	0
1129	18:17:25.13	0.0415	20.53184	21.29	41.64	1.1	0.999216	19.7811	1.24680	772.74	0.96343	3.28	0
1130	18:17:25.43	0.0410	20.53205	21.29	41.61	1.1	0.999222	19.7813	1.24676	772.74	0.96343	3.28	0
1131	18:17:25.73	0.0380	20.53324	21.29	41.61	1.1	0.999282	19.7812	1.24676	772.70	0.96337	3.28	0
1132	18:17:26.03	0.0405	20.53226	21.29	41.61	1.1	0.999228	19.7810	1.24676	772.72	0.96341	3.28	0
1133	18:17:26.33	0.0380	20.53303	21.30	41.61	1.1	0.999276	19.7815	1.24676	772.72	0.96340	3.28	0
1134	18:17:26.63	0.0395	20.53247	21.30	41.61	1.1	0.999246	19.7809	1.24676	772.72	0.96340	3.28	0
1135	18:17:26.93	0.0420	20.53156	21.30	41.61	1.1	0.999204	19.7812	1.24680	772.74	0.96346	3.28	0
1136	18:17:27.23	0.0390	20.53268	21.30	41.58	1.1	0.999252	19.7812	1.24676	772.72	0.96340	3.28	0
1137	18:17:27.53	0.0385	20.53296	21.30	41.58	1.1	0.999270	19.7816	1.24676	772.72	0.96341	3.28	0
1138	18:17:27.83	0.0400	20.53240	21.30	41.58	1.1	0.999240	19.7814	1.24680	772.72	0.96343	3.28	0
1139	18:17:28.13	0.0385	20.53296	21.30	41.58	1.1	0.999270	19.7810	1.24676	772.72	0.96338	3.28	0
1140	18:17:28.43	0.0395	20.53247	21.30	41.58	1.1	0.999246	19.7810	1.24676	772.72	0.96340	3.28	0
1141	18:17:28.73	0.0400	20.53240	21.30	41.58	1.1	0.999240	19.7811	1.24676	772.72	0.96341	3.28	0
1142	18:17:29.03	0.0385	20.53296	21.30	41.58	1.1	0.999270	19.7812	1.24676	772.72	0.96339	3.28	0
1143	18:17:29.33	0.0370	20.53352	21.30	41.58	1.1	0.999294	19.7816	1.24676	772.72	0.96338	3.28	0
1144	18:17:29.63	0.0385	20.53289	21.30	41.58	1.1	0.999264	19.7816	1.24676	772.72	0.96341	3.28	0
1145	18:17:29.93	0.0390	20.53268	21.30	41.58	1.1	0.999258	19.7811	1.24676	772.72	0.96340	3.28	0
1146	18:17:30.23	0.0395	20.53247	21.30	41.58	1.1	0.999246	19.7820	1.24680	772.74	0.96345	3.28	0
1147	18:17:30.53	0.0395	20.53254	21.31	41.58	1.1	0.999252	19.7820	1.24680	772.74	0.96345	3.28	0
1148	18:17:30.83	0.0390	20.53275	21.31	41.54	1.1	0.999258	19.7824	1.24680	772.74	0.96346	3.28	0
1149	18:17:31.13	0.0385	20.53303	21.30	41.54	1.1	0.999270	19.7820	1.24680	772.72	0.96343	3.28	0
1150	18:17:31.43	0.0385	20.53289	21.30	41.54	1.1	0.999264	19.7820	1.24676	772.74	0.96343	3.28	0
1151	18:17:31.73	0.0390	20.53275	21.30	41.54	1.1	0.999258	19.7821	1.24680	772.74	0.96344	3.28	0
1152	18:17:32.03	0.0375	20.53345	21.30	41.54	1.1	0.999288	19.7826	1.24680	772.74	0.96343	3.28	0
1153	18:17:32.33	0.0400	20.53233	21.30	41.54	1.1	0.999234	19.7821	1.24680	772.74	0.96346	3.28	0
1154	18:17:32.63	0.0385	20.53296	21.30	41.54	1.1	0.999264	19.7823	1.24680	772.74	0.96344	3.28	0
1155	18:17:32.93	0.0395	20.53261	21.30	41.54	1.1	0.999246	19.7816	1.24680	772.72	0.96343	3.28	0
1156	18:17:33.23	0.0415	20.53177	21.30	41.54	1.1	0.999210	19.7818	1.24680	772.76	0.96347	3.28	0
1157	18:17:33.53	0.0390	20.53282	21.30	41.54	1.1	0.999258	19.7819	1.24676	772.74	0.96343	3.28	0
1158	18:17:33.83	0.0385	20.53303	21.30	41.54	1.1	0.999270	19.7822	1.24680	772.74	0.96343	3.28	0
1159	18:17:34.13	0.0400	20.53233	21.30	41.54	1.1	0.999234	19.7816	1.24680	772.74	0.96344	3.28	0
1160	18:17:34.43	0.0395	20.53261	21.30	41.54	1.1	0.999252	19.7818	1.24676	772.74	0.96343	3.28	0
1161	18:17:34.73	0.0395	20.53261	21.30	41.54	1.1	0.999246	19.7819	1.24680	772.74	0.96344	3.28	0
1162	18:17:35.03	0.0390	20.53282	21.30	41.54	1.1	0.999258	19.7822	1.24680	772.72	0.96344	3.28	0
1163	18:17:35.33	0.0390	20.53275	21.30	41.54	1.1	0.999252	19.7818	1.24676	772.74	0.96343	3.28	0
1164	18:17:35.63	0.0415	20.53184	21.30	41.54	1.1	0.999210	19.7816	1.24680	772.74	0.96346	3.28	0
1165	18:17:35.93	0.0400	20.53233	21.30	41.54	1.1	0.999234	19.7823	1.24680	772.76	0.96347	3.28	0
1166	18:17:36.23	0.0390	20.53289	21.30	41.54	1.1	0.999264	19.7826	1.24680	772.74	0.96346	3.28	0
1167	18:17:36.53	0.0400	20.53226	21.31	41.54	1.1	0.999234	19.7818	1.24680	772.74	0.96345	3.28	0
1168	18:17:36.83	0.0400	20.53226	21.31	41.54	1.1	0.999240	19.7814	1.24676	772.74	0.96343	3.28	0
1169	18:17:37.13	0.0375	20.53331	21.31	41.54	1.1	0.999288	19.7823	1.24676	772.74	0.96342	3.28	0
1170	18:17:37.43	0.0380	20.53310	21.31	41.54	1.1	0.999276	19.7816	1.24676	772.72	0.96340	3.28	0
1171	18:17:37.73	0.0395	20.53268	21.30	41.54	1.1	0.999252	19.7820	1.24680	772.74	0.96344	3.28	0
1172	18:17:38.03	0.0390	20.53282	21.30	41.54	1.1	0.999258	19.7820	1.24680	772.74	0.96344	3.28	0
1173	18:17:38.33	0.0410	20.53212	21.30	41.54	1.1	0.999222	19.7814	1.24680	772.74	0.96344	3.28	0
1174	18:17:38.63	0.0405	20.53226	21.30	41.54	1.1	0.999234	19.7819	1.24680	772.74	0.96346	3.28	0
1175	18:17:38.93	0.0390	20.53289	21.30	41.54	1.1	0.999264	19.7810	1.24676	772.72	0.96338	3.28	0
1176	18:17:39.23	0.0405	20.53219	21.30	41.54	1.1	0.999228	19.7815	1.24680	772.74	0.96344	3.28	0
1177	18:17:39.53	0.0395	20.53261	21.31	41.54	1.1	0.999252	19.7815	1.24680	772.72	0.96342	3.28	0
1178	18:17:39.83	0.0380	20.53310	21.31	41.54	1.1	0.999276	19.7819	1.24676	772.72	0.96341	3.28	0
1179	18:17:40.13	0.0385	20.53303	21.30	41.54	1.1	0.999270	19.7826	1.24680	772.74	0.96345	3.28	0
1180	18:17:40.43	0.0385	20.53303	21.30	41.54	1.1	0.999270	19.7823	1.24680	772.74	0.96344	3.28	0
1181	18:17:40.73	0.0385	20.53282	21.31	41.54	1.1	0.999264	19.7817	1.24676	772.74	0.96342	3.28	0
1182	18:17:41.03	0.0365	20.53380	21.31	41.54	1.1	0.999312	19.7827	1.24680	772.72	0.96342	3.28	0
1183	18:17:41.33	0.0395	20.53247	21.31	41.54	1.1	0.999246	19.7823	1.24680	772.74	0.96346	3.28	0
1184	18:17:41.63	0.0385	20.53296	21.31	41.54	1.1	0.999270	19.7818	1.24676	772.72	0.96341	3.28	0
1185	18:17:41.93	0.0385	20.53282	21.31	41.54	1.1	0.999264	19.7819	1.24676	772.74	0.96343	3.28	0
1186	18:17:42.23	0.0395	20.53254	21.31	41.54	1.1	0.999252	19.7818	1.24680	772.74	0.96344	3.28	0
1187	18:17:42.53	0.0375	20.53345	21.30	41.54	1.1	0.999288	19.7820	1.24676	772.72	0.96340	3.28	0
1188	18:17:42.83	0.0395	20.53275	21.30	41.51	1.0	0.999252	19.7814	1.24676	772.72	0.96341	3.28	0
1189	18:17:43.13	0.0375	20.53324	21.31	41.51	1.1	0.999282	19.7820	1.24676	772.74	0.96341	3.28	0
1190	18:17:43.43	0.0390	20.53282	21.31	41.51	1.1	0.999264	19.7819	1.24676	772.74	0.96343	3.28	0
1191	18:17:43.73	0.0380	20.53324	21.31	41.51	1.1	0.999282	19.7823	1.24680	772.74	0.96343	3.28	0
1192	18:17:44.03	0.0385	20.53296	21.31	41.51	1.1	0.999270	19.7820	1.24680	772.74	0.96343	3.28	0
1193	18:17:44.33	0.0395	20.53261	21.31	41.51	1.1	0.999252	19.7826	1.24680	772.74	0.96347	3.28	0
1194	18:17:44.63	0.0385	20.53296	21.31	41.51	1.1	0.999270	19.7820	1.24676	772.74	0.96343	3.28	0
1195	18:17:44.93	0.0375	20.53331	21.31	41.51	1.1	0.999282	19.7824	1.24680	772.74	0.96343	3.28	0
1196	18:17:45.23	0.0390	20.53282	21.31	41.51	1.1	0.999258	19.7826	1.24680	772.74	0.96347	3.28	0
1197	18:17:45.53	0.0400	20.53226	21.31	41.51	1.1	0.999234	19.7819	1.24680	772.74	0.96345	3.28	0
1198	18:17:45.83	0.0370	20.53352	21.31	41.51	1.1	0.999294	19.7821	1.24676	772.72	0.96341	3.28	0
1199	18:17:46.13	0.0390	20.53268	21.31	41.51	1.1	0.999252	19.7826	1.24680	772.74	0.96347	3.28	0
1200	18:17:46.43	0.0380	20.53310	21.31	41.51	1.1	0.999276	19.7824	1.24676	772.74	0.96344	3.28	0
1201	18:17:46.73	0.0380	20.53317	21.31	41.51	1.1	0.999282	19.7826	1.24680	772.74	0.96344	3.28	0
1202	18:17:47.03	0.0405	20.53219	21.31	41.51	1.1	0.999234	19.7826	1.24684	772.76	0.96349	3.28	0
1203	18:17:47.33	0.0400	20.53233	21.31	41.51	1.1	0.999240	19.7829	1.24684	772.76	0.96350	3.28	0
1204	18:17:47.63	0.0390	20.53282	21.31	41.51	1.1	0.999258	19.7826	1.24680	772.74	0.96346	3.28	0
1205	18:17:47.93	0.0395	20.53247	21.31	41.51	1.1	0.999246	19.7822	1.24680	772.74	0.96346	3.28	0
1206	18:17:48.23	0.0380	20.53310	21.31	41.51	1.1	0.999276	19.7822	1.24676	772.74	0.96343	3.28	0
1207	18:17:48.53	0.0385	20.53289	21.31	41.51	1.1	0.999264	19.7823	1.24680	772.74	0.96345	3.28	0
1208	18:17:48.83	0.0385	20.53296	21.31	41.48	1.0	0.999270	19.7821	1.24680	772.74	0.96343	3.28	0
1209	18:17:49.13	0.0400	20.53247	21.31	41.48	1.0	0.999240	19.7826	1.24680	772.76	0.96347	3.28	0
1210	18:17:49.43	0.0385	20.53296	21.31	41.48	1.0	0.999270	19.7828	1.24680	772.76	0.96346	3.28	0
1211	18:17:49.73	0.0390	20.53275	21.31	41.48	1.0	0.999258	19.7828	1.24680	772.76	0.96348	3.28	0
1212	18:17:50.03	0.0395	20.53254	21.31	41.48	1.0	0.999246	19.7821	1.24680	772.74	0.96345	3.28	0
1213	18:17:50.33	0.0395	20.53261	21.31	41.48	1.0	0.999246	19.7821	1.24680	772.74	0.96345	3.28	0
1214	18:17:50.63	0.0405	20.53212	21.31	41.48	1.0	0.999228	19.7830	1.24684	772.76	0.96352	3.28	0
1215	18:17:50.93	0.0385	20.53289	21.31	41.48	1.0	0.999264	19.7829	1.24680	772.74	0.96347	3.28	0
1216	18:17:51.23	0.0385	20.53289	21.31	41.48	1.0	0.999264	19.7821	1.24676	772.74	0.96344	3.28	0
1217	18:17:51.53	0.0395	20.53268	21.31	41.48	1.0	0.999252	19.7821	1.24680	772.74	0.96344	3.28	0
1218	18:17:51.83	0.0380	20.53310	21.31	41.48	1.0	0.999276	19.7825	1.24680	772.74	0.96344	3.28	0
1219	18:17:52.13	0.0400	20.53240	21.31	41.48	1.0	0.999240	19.7815	1.24680	772.72	0.96343	3.28	0
1220	18:17:52.43	0.0410	20.53198	21.31	41.48	1.0	0.999216	19.7820	1.24680	772.76	0.96347	3.28	0
1221	18:17:52.73	0.0385	20.53289	21.31	41.48	1.0	0.999264	19.7825	1.24680	772.74	0.96346	3.28	0
1222	18:17:53.03	0.0380	20.53317	21.31	41.48	1.0	0.999276	19.7815	1.24676	772.72	0.96339	3.28	0
1223	18:17:53.33	0.0375	20.53331	21.31	41.48	1.0	0.999288	19.7819	1.24676	772.72	0.96340	3.28	0
1224	18:17:53.63	0.0385	20.53303	21.31	41.48	1.0	0.999270	19.7821	1.24676	772.74	0.96343	3.28	0
1225	18:17:53.93	0.0410	20.53205	21.31	41.48	1.0	0.999222	19.7821	1.24680	772.74	0.96347	3.28	0
1226	18:17:54.23	0.0390	20.53282	21.31	41.48	1.0	0.999258	19.7821	1.24680	772.74	0.96344	3.28	0
1227	18:17:54.53	0.0405	20.53226	21.31	41.48	1.0	0.999234	19.7824	1.24684	772.74	0.96348	3.28	0
1228	18:17:54.83	0.0385	20.53303	21.31	41.48	1.0	0.999270	19.7825	1.24680	772.74	0.96345	3.28	0
1229	18:17:55.13	0.0400	20.53247	21.31	41.48	1.0	0.999240	19.7822	1.24680	772.74	0.96346	3.28	0
1230	18:17:55.43	0.0385	20.53296	21.31	41.48	1.0	0.999270	19.7823	1.24680	772.74	0.96344	3.28	0
1231	18:17:55.73	0.0390	20.53282	21.31	41.48	1.0	0.999258	19.7821	1.24680	772.74	0.96344	3.28	0
1232	18:17:56.03	0.0370	20.53352	21.31	41.48	1.0	0.999294	19.7822	1.24676	772.72	0.96341	3.28	0
1233	18:17:56.33	0.0395	20.53247	21.31	41.48	1.0	0.999246	19.7826	1.24680	772.76	0.96348	3.28	0
1234	18:17:56.63	0.0400	20.53240	21.31	41.48	1.0	0.999240	19.7823	1.24680	772.74	0.96347	3.28	0
1235	18:17:56.93	0.0385	20.53289	21.31	41.48	1.0	0.999264	19.7822	1.24680	772.74	0.96344	3.28	0
1236	18:17:57.23	0.0380	20.53324	21.31	41.48	1.0	0.999282	19.7823	1.24676	772.74	0.96343	3.28	0
1237	18:17:57.53	0.0385	20.53289	21.31	41.48	1.0	0.999264	19.7829	1.24680	772.76	0.96347	3.28	0
1238	18:17:57.83	0.0405	20.53219	21.31	41.48	1.0	0.999228	19.7821	1.24680	772.74	0.96347	3.28	0
1239	18:17:58.13	0.0400	20.53247	21.31	41.48	1.0	0.999240	19.7816	1.24680	772.74	0.96343	3.28	0
1240	18:17:58.43	0.0380	20.53310	21.31	41.48	1.0	0.999270	19.7824	1.24680	772.74	0.96344	3.28	0
1241	18:17:58.73	0.0400	20.53240	21.31	41.48	1.0	0.999240	19.7812	1.24676	772.74	0.96341	3.28	0
1242	18:17:59.03	0.0405	20.53219	21.31	41.48	1.0	0.999228	19.7821	1.24680	772.76	0.96347	3.28	0
1243	18:17:59.33	0.0385	20.53303	21.31	41.48	1.0	0.999270	19.7825	1.24680	772.74	0.96344	3.28	0
1244	18:17:59.63	0.0395	20.53254	21.31	41.48	1.0	0.999246	19.7823	1.24680	772.76	0.96346	3.28	0
1245	18:17:59.93	0.0380	20.53317	21.31	41.48	1.0	0.999276	19.7823	1.24680	772.74	0.96343	3.28	0
1246	18:18:00.23	0.0385	20.53296	21.31	41.44	1.0	0.999264	19.7830	1.24680	772.76	0.96347	3.28	0
1247	18:18:00.53	0.0385	20.53296	21.31	41.44	1.0	0.999264	19.7821	1.24676	772.74	0.96343	3.28	0
1248	18:18:00.83	0.0385	20.53303	21.31	41.44	1.0	0.999270	19.7827	1.24680	772.74	0.96346	3.28	0
1249	18:18:01.13	0.0400	20.53247	21.31	41.44	1.0	0.999240	19.7823	1.24680	772.74	0.96347	3.28	0
1250	18:18:01.43	0.0385	20.53296	21.31	41.44	1.0	0.999264	19.7822	1.24680	772.74	0.96344	3.28	0
1251	18:18:01.73	0.0380	20.53331	21.31	41.44	1.0	0.999282	19.7830	1.24680	772.76	0.96346	3.28	0
1252	18:18:02.03	0.0380	20.53331	21.31	41.44	1.0	0.999282	19.7826	1.24680	772.74	0.96344	3.28	0
1253	18:18:02.33	0.0400	20.53240	21.31	41.44	1.0	0.999240	19.7819	1.24676	772.74	0.96344	3.28	0
1254	18:18:02.63	0.0395	20.53268	21.31	41.44	1.0	0.999252	19.7823	1.24680	772.74	0.96346	3.28	0
1255	18:18:02.93	0.0385	20.53296	21.31	41.44	1.0	0.999264	19.7826	1.24680	772.74	0.96346	3.28	0
1256	18:18:03.23	0.0400	20.53240	21.31	41.44	1.0	0.999240	19.7820	1.24680	772.76	0.96346	3.28	0
1257	18:18:03.53	0.0375	20.53352	21.31	41.44	1.0	0.999288	19.7825	1.24676	772.74	0.96343	3.28	0
1258	18:18:03.83	0.0385	20.53296	21.31	41.44	1.0	0.999264	19.7823	1.24680	772.74	0.96344	3.28	0
1259	18:18:04.13	0.0405	20.53219	21.31	41.44	1.0	0.999228	19.7824	1.24680	772.76	0.96348	3.28	0
1260	18:18:04.43	0.0395	20.53261	21.31	41.44	1.0	0.999246	19.7823	1.24680	772.74	0.96346	3.28	0
1261	18:18:04.73	0.0385	20.53296	21.32	41.44	1.0	0.999270	19.7824	1.24676	772.74	0.96344	3.28	0
1262	18:18:05.03	0.0390	20.53282	21.32	41.44	1.0	0.999258	19.7823	1.24680	772.74	0.96345	3.28	0
1263	18:18:05.33	0.0420	20.53163	21.31	41.44	1.0	0.999198	19.7820	1.24684	772.76	0.96349	3.28	0
1264	18:18:05.63	0.0420	20.53163	21.31	41.44	1.0	0.999204	19.7814	1.24680	772.74	0.96346	3.28	0
1265	18:18:05.93	0.0380	20.53310	21.31	41.44	1.0	0.999270	19.7821	1.24676	772.74	0.96342	3.28	0
1266	18:18:06.23	0.0395	20.53268	21.31	41.44	1.0	0.999252	19.7816	1.24676	772.74	0.96342	3.28	0
1267	18:18:06.53	0.0390	20.53289	21.31	41.44	1.0	0.999264	19.7821	1.24676	772.74	0.96343	3.28	0
1268	18:18:06.83	0.0390	20.53289	21.31	41.44	1.0	0.999264	19.7821	1.24676	772.74	0.96344	3.28	0
1269	18:18:07.13	0.0390	20.53289	21.31	41.44	1.0	0.999258	19.7822	1.24676	772.74	0.96344	3.28	0
1270	18:18:07.43	0.0380	20.53324	21.31	41.44	1.0	0.999276	19.7828	1.24680	772.74	0.96345	3.28	0
1271	18:18:07.73	0.0385	20.53303	21.31	41.44	1.0	0.999270	19.7827	1.24680	772.74	0.96346	3.28	0
1272	18:18:08.03	0.0420	20.53163	21.31	41.44	1.0	0.999198	19.7820	1.24680	772.76	0.96349	3.28	0
1273	18:18:08.33	0.0395	20.53268	21.31	41.44	1.0	0.999252	19.7818	1.24676	772.74	0.96343	3.28	0
1274	18:18:08.63	0.0395	20.53268	21.31	41.44	1.0	0.999252	19.7825	1.24680	772.74	0.96346	3.28	0
1275	18:18:08.93	0.0395	20.53261	21.31	41.44	1.0	0.999246	19.7828	1.24680	772.76	0.96349	3.28	0
1276	18:18:09.23	0.0390	20.53289	21.31	41.44	1.0	0.999258	19.7817	1.24676	772.72	0.96341	3.28	0
1277	18:18:09.53	0.0405	20.53233	21.31	41.44	1.0	0.999234	19.7818	1.24680	772.74	0.96345	3.28	0
1278	18:18:09.83	0.0405	20.53226	21.31	41.44	1.0	0.999234	19.7817	1.24680	772.74	0.96344	3.28	0
1279	18:18:10.13	0.0380	20.53310	21.32	41.44	1.0	0.999276	19.7822	1.24676	772.74	0.96343	3.28	0
1280	18:18:10.43	0.0390	20.53268	21.32	41.44	1.0	0.999258	19.7826	1.24680	772.76	0.96347	3.28	0
1281	18:18:10.73	0.0385	20.53296	21.31	41.44	1.0	0.999264	19.7814	1.24676	772.72	0.96340	3.28	0
1282	18:18:11.03	0.0420	20.53177	21.31	41.44	1.0	0.999204	19.7819	1.24680	772.76	0.96348	3.28	0
1283	18:18:11.33	0.0370	20.53366	21.31	41.44	1.0	0.999300	19.7817	1.24676	772.72	0.96338	3.28	0
1284	18:18:11.63	0.0400	20.53240	21.31	41.44	1.0	0.999234	19.7818	1.24680	772.74	0.96344	3.28	0
1285	18:18:11.93	0.0405	20.53219	21.32	41.44	1.0	0.999234	19.7816	1.24680	772.74	0.96344	3.28	0
1286	18:18:12.23	0.0385	20.53289	21.32	41.44	1.0	0.999264	19.7824	1.24680	772.74	0.96345	3.28	0
1287	18:18:12.53	0.0420	20.53163	21.31	41.44	1.0	0.999198	19.7824	1.24684	772.76	0.96351	3.28	0
1288	18:18:12.83	0.0405	20.53233	21.31	41.44	1.0	0.999234	19.7817	1.24680	772.74	0.96344	3.28	0
1289	18:18:13.13	0.0415	20.53184	21.31	41.44	1.0	0.999210	19.7821	1.24680	772.76	0.96349	3.28	0
1290	18:18:13.43	0.0365	20.53380	21.31	41.44	1.0	0.999306	19.7823	1.24676	772.72	0.96341	3.28	0
1291	18:18:13.73	0.0390	20.53268	21.32	41.44	1.0	0.999252	19.7822	1.24680	772.74	0.96345	3.28	0
1292	18:18:14.03	0.0380	20.53310	21.32	41.44	1.0	0.999276	19.7830	1.24680	772.76	0.96347	3.28	0
1293	18:18:14.33	0.0400	20.53226	21.32	41.44	1.0	0.999234	19.7827	1.24680	772.78	0.96349	3.28	0
1294	18:18:14.63	0.0400	20.53240	21.32	41.44	1.0	0.999240	19.7822	1.24680	772.74	0.96346	3.28	0
1295	18:18:14.93	0.0380	20.53310	21.32	41.44	1.0	0.999276	19.7823	1.24676	772.74	0.96344	3.28	0
1296	18:18:15.23	0.0365	20.53359	21.32	41.44	1.0	0.999300	19.7832	1.24680	772.76	0.96346	3.28	0
1297	18:18:15.53	0.0395	20.53247	21.32	41.44	1.0	0.999246	19.7824	1.24680	772.76	0.96347	3.28	0
1298	18:18:15.83	0.0400	20.53240	21.32	41.44	1.0	0.999240	19.7824	1.24680	772.76	0.96347	3.28	0
1299	18:18:16.13	0.0390	20.53275	21.32	41.44	1.0	0.999258	19.7830	1.24680	772.76	0.96349	3.28	0
1300	18:18:16.43	0.0390	20.53275	21.32	41.44	1.0	0.999258	19.7827	1.24680	772.74	0.96347	3.28	0
1301	18:18:16.73	0.0390	20.53268	21.32	41.44	1.0	0.999258	19.7828	1.24680	772.76	0.96347	3.28	0
1302	18:18:17.03	0.0395	20.53261	21.32	41.44	1.0	0.999252	19.7827	1.24680	772.76	0.96348	3.28	0
1303	18:18:17.33	0.0380	20.53303	21.32	41.44	1.0	0.999270	19.7827	1.24680	772.74	0.96346	3.28	0
1304	18:18:17.63	0.0385	20.53289	21.32	41.44	1.0	0.999264	19.7826	1.24680	772.74	0.96346	3.28	0
1305	18:18:17.93	0.0380	20.53324	21.32	41.44	1.0	0.999282	19.7828	1.24680	772.74	0.96346	3.28	0
1306	18:18:18.23	0.0380	20.53310	21.32	41.41	1.0	0.999276	19.7828	1.24680	772.76	0.96346	3.28	0
1307	18:18:18.53	0.0325	20.53527	21.33	41.41	1.0	0.999384	19.7844	1.24680	772.74	0.96343	3.28	0
1308	18:18:18.83	0.0375	20.53331	21.33	41.41	1.0	0.999288	19.7834	1.24680	772.76	0.96348	3.28	0
1309	18:18:19.13	0.0415	20.53184	21.32	41.41	1.0	0.999210	19.7818	1.24680	772.76	0.96347	3.28	0
1310	18:18:19.43	0.0405	20.53212	21.32	41.41	1.0	0.999228	19.7831	1.24680	772.78	0.96352	3.28	0
1311	18:18:19.73	0.0385	20.53289	21.32	41.41	1.0	0.999264	19.7821	1.24676	772.74	0.96344	3.28	0
1312	18:18:20.03	0.0385	20.53289	21.32	41.41	1.0	0.999264	19.7823	1.24676	772.76	0.96344	3.28	0
1313	18:18:20.33	0.0405	20.53226	21.32	41.41	1.0	0.999234	19.7823	1.24680	772.76	0.96347	3.28	0
1314	18:18:20.63	0.0405	20.53226	21.32	41.41	1.0	0.999234	19.7833	1.24684	772.78	0.96352	3.28	0
1315	18:18:20.93	0.0395	20.53254	21.32	41.41	1.0	0.999246	19.7829	1.24680	772.76	0.96349	3.28	0
1316	18:18:21.23	0.0385	20.53303	21.32	41.41	1.0	0.999270	19.7827	1.24680	772.74	0.96346	3.28	0
1317	18:18:21.53	0.0395	20.53247	21.32	41.41	1.0	0.999246	19.7829	1.24680	772.76	0.96349	3.28	0
1318	18:18:21.83	0.0405	20.53226	21.32	41.41	1.0	0.999234	19.7834	1.24684	772.78	0.96353	3.28	0
1319	18:18:22.13	0.0365	20.53380	21.32	41.41	1.0	0.999306	19.7831	1.24676	772.74	0.96344	3.28	0
1320	18:18:22.43	0.0395	20.53254	21.32	41.41	1.0	0.999246	19.7832	1.24684	772.76	0.96350	3.28	0
1321	18:18:22.73	0.0410	20.53212	21.32	41.41	1.0	0.999222	19.7828	1.24684	772.76	0.96351	3.28	0
1322	18:18:23.03	0.0380	20.53310	21.32	41.41	1.0	0.999276	19.7832	1.24680	772.76	0.96348	3.28	0
1323	18:18:23.33	0.0380	20.53310	21.32	41.41	1.0	0.999276	19.7833	1.24680	772.76	0.96348	3.28	0
1324	18:18:23.63	0.0390	20.53268	21.32	41.41	1.0	0.999252	19.7840	1.24684	772.78	0.96354	3.28	0
1325	18:18:23.93	0.0360	20.53380	21.33	41.41	1.0	0.999312	19.7830	1.24676	772.74	0.96343	3.28	0
1326	18:18:24.23	0.0395	20.53247	21.33	41.41	1.0	0.999246	19.7833	1.24684	772.76	0.96351	3.28	0
1327	18:18:24.53	0.0390	20.53261	21.33	41.41	1.0	0.999258	19.7830	1.24680	772.76	0.96349	3.28	0
1328	18:18:24.83	0.0380	20.53310	21.33	41.41	1.0	0.999282	19.7833	1.24680	772.76	0.96349	3.28	0
1329	18:18:25.13	0.0390	20.53289	21.32	41.41	1.0	0.999264	19.7827	1.24680	772.76	0.96346	3.28	0
1330	18:18:25.43	0.0375	20.53338	21.32	41.41	1.0	0.999288	19.7831	1.24680	772.74	0.96346	3.28	0
1331	18:18:25.73	0.0405	20.53219	21.32	41.41	1.0	0.999228	19.7823	1.24680	772.76	0.96348	3.28	0
1332	18:18:26.03	0.0390	20.53282	21.32	41.41	1.0	0.999258	19.7824	1.24680	772.74	0.96346	3.28	0
1333	18:18:26.33	0.0375	20.53317	21.33	41.41	1.0	0.999282	19.7823	1.24676	772.74	0.96343	3.28	0
1334	18:18:26.63	0.0380	20.53303	21.33	41.41	1.0	0.999276	19.7823	1.24676	772.74	0.96344	3.28	0
1335	18:18:26.93	0.0375	20.53324	21.33	41.41	1.0	0.999288	19.7828	1.24680	772.76	0.96346	3.28	0
1336	18:18:27.23	0.0395	20.53247	21.33	41.41	1.0	0.999246	19.7833	1.24684	772.76	0.96351	3.28	0
1337	18:18:27.53	0.0380	20.53296	21.33	41.41	1.0	0.999270	19.7835	1.24680	772.78	0.96350	3.28	0
1338	18:18:27.83	0.0360	20.53380	21.33	41.41	1.0	0.999312	19.7828	1.24676	772.74	0.96343	3.28	0
1339	18:18:28.13	0.0395	20.53261	21.32	41.41	1.0	0.999246	19.7828	1.24680	772.76	0.96349	3.28	0
1340	18:18:28.43	0.0380	20.53317	21.32	41.41	1.0	0.999276	19.7826	1.24676	772.76	0.96344	3.28	0
1341	18:18:28.73	0.0390	20.53282	21.32	41.41	1.0	0.999258	19.7826	1.24680	772.76	0.96346	3.28	0
1342	18:18:29.03	0.0380	20.53310	21.32	41.41	1.0	0.999276	19.7834	1.24680	772.76	0.96349	3.28	0
1343	18:18:29.33	0.0390	20.53282	21.32	41.41	1.0	0.999258	19.7831	1.24680	772.76	0.96349	3.28	0
1344	18:18:29.63	0.0390	20.53275	21.32	41.41	1.0	0.999258	19.7830	1.24680	772.76	0.96348	3.28	0
1345	18:18:29.93	0.0370	20.53352	21.32	41.41	1.0	0.999294	19.7830	1.24680	772.74	0.96345	3.28	0
1346	18:18:30.23	0.0360	20.53387	21.32	41.41	1.0	0.999312	19.7833	1.24676	772.74	0.96344	3.28	0
1347	18:18:30.53	0.0395	20.53261	21.32	41.41	1.0	0.999252	19.7827	1.24680	772.76	0.96347	3.28	0
1348	18:18:30.83	0.0380	20.53317	21.32	41.41	1.0	0.999276	19.7824	1.24676	772.74	0.96344	3.28	0
1349	18:18:31.13	0.0405	20.53226	21.32	41.41	1.0	0.999234	19.7821	1.24680	772.76	0.96346	3.28	0
1350	18:18:31.43	0.0385	20.53303	21.32	41.41	1.0	0.999270	19.7826	1.24680	772.76	0.96346	3.28	0
1351	18:18:31.73	0.0405	20.53212	21.32	41.41	1.0	0.999228	19.7828	1.24684	772.76	0.96350	3.28	0
1352	18:18:32.03	0.0385	20.53289	21.32	41.41	1.0	0.999264	19.7842	1.24684	772.78	0.96353	3.28	0
1353	18:18:32.33	0.0380	20.53310	21.32	41.41	1.0	0.999276	19.7833	1.24680	772.76	0.96349	3.28	0
1354	18:18:32.63	0.0400	20.53240	21.32	41.41	1.0	0.999240	19.7832	1.24680	772.78	0.96351	3.28	0
1355	18:18:32.93	0.0380	20.53310	21.32	41.41	1.0	0.999276	19.7835	1.24680	772.76	0.96349	3.28	0
1356	18:18:33.23	0.0390	20.53275	21.32	41.41	1.0	0.999258	19.7828	1.24680	772.76	0.96348	3.28	0
1357	18:18:33.53	0.0385	20.53296	21.32	41.41	1.0	0.999264	19.7837	1.24680	772.78	0.96351	3.28	0
1358	18:18:33.83	0.0395	20.53247	21.32	41.41	1.0	0.999246	19.7831	1.24680	772.76	0.96350	3.28	0
1359	18:18:34.13	0.0395	20.53254	21.33	41.41	1.0	0.999252	19.7830	1.24680	772.76	0.96349	3.28	0
1360	18:18:34.43	0.0400	20.53240	21.33	41.41	1.0	0.999240	19.7827	1.24680	772.76	0.96349	3.28	0
1361	18:18:34.73	0.0405	20.53212	21.32	41.41	1.0	0.999228	19.7831	1.24684	772.78	0.96352	3.28	0
1362	18:18:35.03	0.0375	20.53331	21.32	41.41	1.0	0.999282	19.7836	1.24680	772.76	0.96349	3.28	0
1363	18:18:35.33	0.0385	20.53282	21.33	41.41	1.0	0.999264	19.7831	1.24680	772.76	0.96349	3.28	0
1364	18:18:35.63	0.0395	20.53247	21.33	41.41	1.0	0.999246	19.7830	1.24680	772.76	0.96350	3.28	0
1365	18:18:35.93	0.0390	20.53282	21.32	41.41	1.0	0.999258	19.7833	1.24680	772.76	0.96350	3.28	0
1366	18:18:36.23	0.0375	20.53338	21.32	41.41	1.0	0.999288	19.7827	1.24676	772.74	0.96344	3.28	0
1367	18:18:36.53	0.0380	20.53317	21.33	41.41	1.0	0.999282	19.7829	1.24680	772.76	0.96346	3.28	0
1368	18:18:36.83	0.0390	20.53268	21.33	41.41	1.0	0.999258	19.7831	1.24680	772.78	0.96349	3.28	0
1369	18:18:37.13	0.0405	20.53219	21.32	41.41	1.0	0.999228	19.7831	1.24680	772.78	0.96352	3.28	0
1370	18:18:37.43	0.0400	20.53233	21.32	41.41	1.0	0.999234	19.7830	1.24680	772.78	0.96350	3.28	0
1371	18:18:37.73	0.0375	20.53317	21.33	41.41	1.0	0.999282	19.7837	1.24680	772.78	0.96350	3.28	0
1372	18:18:38.03	0.0385	20.53289	21.33	41.41	1.0	0.999270	19.7828	1.24680	772.76	0.96347	3.28	0
1373	18:18:38.33	0.0405	20.53219	21.33	41.41	1.0	0.999234	19.7836	1.24684	772.80	0.96354	3.28	0
1374	18:18:38.63	0.0395	20.53240	21.33	41.41	1.0	0.999246	19.7835	1.24684	772.78	0.96353	3.28	0
1375	18:18:38.93	0.0390	20.53268	21.33	41.41	1.0	0.999258	19.7835	1.24680	772.78	0.96352	3.28	0
1376	18:18:39.23	0.0395	20.53261	21.33	41.41	1.0	0.999252	19.7838	1.24684	772.78	0.96353	3.28	0
1377	18:18:39.53	0.0395	20.53254	21.33	41.41	1.0	0.999252	19.7826	1.24680	772.76	0.96347	3.28	0
1378	18:18:39.83	0.0390	20.53275	21.33	41.41	1.0	0.999258	19.7836	1.24684	772.78	0.96352	3.28	0
1379	18:18:40.13	0.0385	20.53289	21.33	41.41	1.0	0.999270	19.7833	1.24680	772.78	0.96350	3.28	0
1380	18:18:40.43	0.0380	20.53317	21.33	41.41	1.0	0.999282	19.7828	1.24680	772.76	0.96346	3.28	0
1381	18:18:40.73	0.0405	20.53205	21.33	41.41	1.0	0.999228	19.7831	1.24684	772.78	0.96352	3.28	0
1382	18:18:41.03	0.0395	20.53247	21.33	41.41	1.0	0.999246	19.7834	1.24684	772.78	0.96352	3.28	0
1383	18:18:41.33	0.0390	20.53275	21.33	41.41	1.0	0.999258	19.7833	1.24680	772.76	0.96350	3.28	0
1384	18:18:41.63	0.0380	20.53303	21.33	41.41	1.0	0.999276	19.7826	1.24680	772.76	0.96346	3.28	0
1385	18:18:41.93	0.0380	20.53303	21.33	41.41	1.0	0.999276	19.7828	1.24680	772.76	0.96347	3.28	0
1386	18:18:42.23	0.0375	20.53317	21.33	41.41	1.0	0.999282	19.7833	1.24680	772.76	0.96348	3.28	0
1387	18:18:42.53	0.0380	20.53303	21.33	41.41	1.0	0.999276	19.7822	1.24676	772.74	0.96343	3.28	0
1388	18:18:42.83	0.0395	20.53254	21.33	41.41	1.0	0.999252	19.7831	1.24680	772.78	0.96350	3.28	0
1389	18:18:43.13	0.0390	20.53261	21.33	41.41	1.0	0.999258	19.7830	1.24680	772.76	0.96349	3.28	0
1390	18:18:43.43	0.0385	20.53296	21.33	41.41	1.0	0.999270	19.7837	1.24680	772.78	0.96351	3.28	0
1391	18:18:43.73	0.0370	20.53352	21.33	41.41	1.0	0.999300	19.7839	1.24680	772.78	0.96349	3.28	0
1392	18:18:44.03	0.0375	20.53324	21.33	41.41	1.0	0.999288	19.7835	1.24680	772.76	0.96349	3.28	0
1393	18:18:44.33	0.0380	20.53296	21.33	41.41	1.0	0.999270	19.7838	1.24680	772.78	0.96352	3.28	0
1394	18:18:44.63	0.0385	20.53289	21.33	41.41	1.0	0.999270	19.7832	1.24680	772.76	0.96349	3.28	0
1395	18:18:44.93	0.0360	20.53380	21.33	41.41	1.0	0.999312	19.7830	1.24676	772.74	0.96344	3.28	0
1396	18:18:45.23	0.0405	20.53212	21.33	41.41	1.0	0.999228	19.7827	1.24684	772.76	0.96350	3.28	0
1397	18:18:45.53	0.0390	20.53275	21.33	41.41	1.0	0.999264	19.7832	1.24680	772.76	0.96349	3.28	0
1398	18:18:45.83	0.0390	20.53275	21.33	41.41	1.0	0.999258	19.7837	1.24684	772.78	0.96352	3.28	0
1399	18:18:46.13	0.0395	20.53254	21.33	41.41	1.0	0.999252	19.7838	1.24684	772.78	0.96353	3.28	0
1400	18:18:46.43	0.0390	20.53275	21.33	41.41	1.0	0.999264	19.7833	1.24680	772.78	0.96350	3.28	0
1401	18:18:46.73	0.0385	20.53289	21.33	41.41	1.0	0.999270	19.7834	1.24680	772.76	0.96350	3.28	0
1402	18:18:47.03	0.0410	20.53198	21.33	41.41	1.0	0.999222	19.7833	1.24684	772.78	0.96353	3.28	0
1403	18:18:47.33	0.0390	20.53268	21.33	41.41	1.0	0.999258	19.7828	1.24680	772.76	0.96348	3.28	0
1404	18:18:47.63	0.0395	20.53240	21.33	41.41	1.0	0.999246	19.7831	1.24684	772.76	0.96350	3.28	0
1405	18:18:47.93	0.0375	20.53317	21.33	41.41	1.0	0.999282	19.7831	1.24680	772.76	0.96347	3.28	0
1406	18:18:48.23	0.0415	20.53177	21.33	41.41	1.0	0.999216	19.7831	1.24684	772.78	0.96354	3.28	0
1407	18:18:48.53	0.0395	20.53247	21.33	41.41	1.0	0.999246	19.7826	1.24680	772.76	0.96348	3.28	0
1408	18:18:48.83	0.0405	20.53205	21.33	41.41	1.0	0.999228	19.7828	1.24680	772.78	0.96351	3.28	0
1409	18:18:49.13	0.0385	20.53296	21.33	41.41	1.0	0.999270	19.7823	1.24676	772.76	0.96344	3.28	0
1410	18:18:49.43	0.0380	20.53303	21.33	41.41	1.0	0.999276	19.7832	1.24680	772.76	0.96348	3.28	0
1411	18:18:49.73	0.0405	20.53219	21.33	41.41	1.0	0.999234	19.7832	1.24684	772.78	0.96352	3.28	0
1412	18:18:50.03	0.0385	20.53282	21.33	41.41	1.0	0.999264	19.7836	1.24680	772.78	0.96351	3.28	0
1413	18:18:50.33	0.0390	20.53268	21.33	41.41	1.0	0.999258	19.7826	1.24680	772.76	0.96347	3.28	0
1414	18:18:50.63	0.0385	20.53289	21.33	41.41	1.0	0.999270	19.7831	1.24680	772.76	0.96349	3.28	0
1415	18:18:50.93	0.0405	20.53212	21.33	41.41	1.0	0.999228	19.7826	1.24680	772.78	0.96350	3.28	0
1416	18:18:51.23	0.0400	20.53226	21.33	41.41	1.0	0.999240	19.7828	1.24680	772.78	0.96350	3.28	0
1417	18:18:51.53	0.0380	20.53310	21.33	41.41	1.0	0.999276	19.7835	1.24680	772.78	0.96349	3.28	0
1418	18:18:51.83	0.0385	20.53289	21.33	41.44	1.0	0.999270	19.7834	1.24680	772.78	0.96350	3.28	0
1419	18:18:52.13	0.0410	20.53191	21.33	41.44	1.0	0.999222	19.7832	1.24684	772.78	0.96353	3.28	0
1420	18:18:52.43	0.0395	20.53240	21.33	41.41	1.0	0.999246	19.7836	1.24684	772.78	0.96353	3.28	0
1421	18:18:52.73	0.0385	20.53296	21.33	41.41	1.0	0.999270	19.7837	1.24684	772.78	0.96351	3.28	0
1422	18:18:53.03	0.0385	20.53282	21.33	41.41	1.0	0.999264	19.7832	1.24680	772.76	0.96349	3.28	0
1423	18:18:53.33	0.0365	20.53373	21.33	41.41	1.0	0.999306	19.7837	1.24680	772.76	0.96347	3.28	0
1424	18:18:53.63	0.0420	20.53149	21.33	41.41	1.0	0.999198	19.7829	1.24684	772.78	0.96354	3.28	0
1425	18:18:53.93	0.0375	20.53331	21.33	41.41	1.0	0.999288	19.7829	1.24676	772.76	0.96346	3.28	0
1426	18:18:54.23	0.0400	20.53226	21.33	41.41	1.0	0.999240	19.7827	1.24680	772.78	0.96349	3.28	0
1427	18:18:54.53	0.0395	20.53261	21.33	41.41	1.0	0.999252	19.7828	1.24680	772.76	0.96348	3.28	0
1428	18:18:54.83	0.0395	20.53261	21.33	41.41	1.0	0.999252	19.7829	1.24680	772.76	0.96349	3.28	0
1429	18:18:55.13	0.0395	20.53240	21.33	41.41	1.0	0.999246	19.7829	1.24680	772.78	0.96350	3.28	0
1430	18:18:55.43	0.0395	20.53254	21.33	41.41	1.0	0.999252	19.7833	1.24680	772.78	0.96351	3.28	0
1431	18:18:55.73	0.0415	20.53177	21.33	41.41	1.0	0.999216	19.7827	1.24680	772.78	0.96352	3.28	0
1432	18:18:56.03	0.0375	20.53331	21.33	41.41	1.0	0.999288	19.7834	1.24680	772.76	0.96348	3.28	0
1433	18:18:56.33	0.0390	20.53275	21.33	41.41	1.0	0.999264	19.7839	1.24684	772.78	0.96353	3.28	0
1434	18:18:56.63	0.0370	20.53345	21.33	41.41	1.0	0.999294	19.7833	1.24680	772.76	0.96346	3.28	0
1435	18:18:56.93	0.0400	20.53233	21.33	41.41	1.0	0.999240	19.7833	1.24684	772.78	0.96352	3.28	0
1436	18:18:57.23	0.0375	20.53317	21.33	41.44	1.0	0.999282	19.7840	1.24680	772.78	0.96351	3.28	0
1437	18:18:57.53	0.0370	20.53338	21.33	41.44	1.0	0.999294	19.7833	1.24680	772.76	0.96347	3.28	0
1438	18:18:57.83	0.0375	20.53324	21.33	41.41	1.0	0.999282	19.7829	1.24676	772.76	0.96346	3.28	0
1439	18:18:58.13	0.0405	20.53205	21.33	41.41	1.0	0.999228	19.7828	1.24684	772.76	0.96351	3.28	0
1440	18:18:58.43	0.0385	20.53289	21.33	41.41	1.0	0.999270	19.7835	1.24680	772.76	0.96350	3.28	0
1441	18:18:58.73	0.0400	20.53226	21.33	41.41	1.0	0.999234	19.7828	1.24680	772.78	0.96350	3.28	0
1442	18:18:59.03	0.0400	20.53226	21.33	41.41	1.0	0.999240	19.7825	1.24680	772.76	0.96349	3.28	0
1443	18:18:59.33	0.0390	20.53275	21.33	41.41	1.0	0.999258	19.7833	1.24680	772.76	0.96350	3.28	0
1444	18:18:59.63	0.0385	20.53296	21.33	41.41	1.0	0.999270	19.7827	1.24676	772.76	0.96346	3.28	0
1445	18:18:59.93	0.0395	20.53240	21.33	41.41	1.0	0.999246	19.7828	1.24680	772.76	0.96349	3.28	0
1446	18:19:00.23	0.0390	20.53275	21.33	41.41	1.0	0.999258	19.7834	1.24680	772.78	0.96350	3.28	0
1447	18:19:00.53	0.0385	20.53282	21.33	41.41	1.0	0.999264	19.7834	1.24680	772.78	0.96350	3.28	0
1448	18:19:00.83	0.0400	20.53233	21.33	41.41	1.0	0.999240	19.7833	1.24680	772.78	0.96352	3.28	0
1449	18:19:01.13	0.0390	20.53275	21.33	41.41	1.0	0.999258	19.7826	1.24680	772.76	0.96346	3.28	0
1450	18:19:01.43	0.0390	20.53261	21.33	41.41	1.0	0.999252	19.7829	1.24680	772.76	0.96349	3.28	0
1451	18:19:01.73	0.0390	20.53261	21.33	41.41	1.0	0.999252	19.7832	1.24684	772.76	0.96350	3.28	0
1452	18:19:02.03	0.0370	20.53352	21.33	41.41	1.0	0.999300	19.7829	1.24676	772.76	0.96344	3.28	0
1453	18:19:02.33	0.0385	20.53296	21.33	41.41	1.0	0.999270	19.7828	1.24680	772.76	0.96347	3.28	0
1454	18:19:02.63	0.0395	20.53254	21.33	41.41	1.0	0.999252	19.7830	1.24680	772.78	0.96349	3.28	0
1455	18:19:02.93	0.0365	20.53373	21.33	41.41	1.0	0.999306	19.7836	1.24680	772.76	0.96347	3.28	0
1456	18:19:03.23	0.0405	20.53219	21.33	41.41	1.0	0.999234	19.7824	1.24680	772.76	0.96348	3.28	0
1457	18:19:03.53	0.0400	20.53219	21.33	41.41	1.0	0.999234	19.7830	1.24680	772.78	0.96351	3.28	0
1458	18:19:03.83	0.0370	20.53352	21.33	41.41	1.0	0.999300	19.7829	1.24676	772.76	0.96344	3.28	0
1459	18:19:04.13	0.0375	20.53324	21.33	41.41	1.0	0.999288	19.7833	1.24680	772.76	0.96347	3.28	0
1460	18:19:04.43	0.0380	20.53310	21.33	41.41	1.0	0.999276	19.7832	1.24680	772.76	0.96347	3.28	0
1461	18:19:04.73	0.0400	20.53233	21.33	41.41	1.0	0.999240	19.7828	1.24684	772.76	0.96350	3.28	0
1462	18:19:05.03	0.0385	20.53282	21.33	41.41	1.0	0.999264	19.7830	1.24680	772.76	0.96348	3.28	0
1463	18:19:05.33	0.0420	20.53142	21.33	41.41	1.0	0.999198	19.7829	1.24684	772.78	0.96354	3.28	0
1464	18:19:05.63	0.0375	20.53324	21.33	41.41	1.0	0.999288	19.7826	1.24676	772.74	0.96344	3.28	0
1465	18:19:05.93	0.0535	20.52701	21.33	41.41	1.0	0.998982	19.7778	1.24680	772.78	0.96350	3.28	0
1466	18:19:06.23	0.1165	20.50230	21.33	41.41	1.0	0.997782	19.7538	1.24680	772.76	0.96349	3.28	0
1467	18:19:06.53	0.2545	20.44840	21.33	41.41	1.0	0.995160	19.7001	1.24680	772.72	0.96340	3.28	0
1468	18:19:06.83	0.4550	20.36734	21.33	41.41	1.0	0.991212	19.6227	1.24684	772.70	0.96344	3.28	0
1469	18:19:07.14	0.6775	20.27543	21.33	41.41	1.0	0.986736	19.5322	1.24680	772.64	0.96334	3.28	0
1470	18:19:07.43	0.8890	20.18429	21.33	41.41	1.0	0.982302	19.4438	1.24684	772.62	0.96331	3.28	0
1471	18:19:07.74	1.0720	20.10526	21.33	41.41	1.0	0.978456	19.3654	1.24676	772.56	0.96320	3.28	0
1472	18:19:08.03	1.2285	20.03967	21.33	41.41	1.0	0.975264	19.3025	1.24680	772.54	0.96322	3.28	0
1473	18:19:08.33	1.3525	19.98920	21.34	41.41	1.0	0.972810	19.2528	1.24680	772.52	0.96316	3.28	0
1474	18:19:08.63	1.4515	19.94923	21.34	41.41	1.0	0.970866	19.2142	1.24680	772.50	0.96316	3.28	0
1475	18:19:08.93	1.5285	19.91836	21.33	41.41	1.0	0.969360	19.1832	1.24680	772.46	0.96309	3.28	0
1476	18:19:09.23	1.5990	19.89015	21.33	41.38	1.0	0.967986	19.1565	1.24680	772.46	0.96311	3.28	0
1477	18:19:09.53	1.6670	19.86299	21.33	41.38	1.0	0.966666	19.1300	1.24680	772.46	0.96310	3.28	0
1478	18:19:09.83	1.7295	19.83779	21.33	41.38	1.0	0.965436	19.1060	1.24684	772.46	0.96311	3.28	0
1479	18:19:10.13	1.7860	19.81539	21.33	41.38	1.0	0.964350	19.0840	1.24680	772.44	0.96309	3.28	0
1480	18:19:10.43	1.8310	19.79747	21.33	41.41	1.0	0.963480	19.0662	1.24680	772.42	0.96307	3.28	0
1481	18:19:10.73	1.8555	19.78781	21.33	41.41	1.0	0.963006	19.0568	1.24680	772.42	0.96306	3.28	0
1482	18:19:11.03	1.8610	19.78557	21.33	41.41	1.0	0.962898	19.0549	1.24680	772.42	0.96307	3.28	0
1483	18:19:11.33	1.8625	19.78494	21.33	41.41	1.0	0.962868	19.0549	1.24684	772.44	0.96310	3.28	0
1484	18:19:11.63	1.8580	19.78683	21.33	41.48	1.1	0.962964	19.0564	1.24684	772.44	0.96309	3.28	0
1485	18:19:11.93	1.8535	19.78837	21.34	41.48	1.1	0.963042	19.0583	1.24684	772.44	0.96310	3.28	0
1486	18:19:12.23	1.8430	19.79250	21.34	41.54	1.1	0.963246	19.0626	1.24684	772.44	0.96312	3.28	0
1487	18:19:12.53	1.8150	19.80377	21.33	41.54	1.1	0.963792	19.0727	1.24680	772.44	0.96308	3.28	0
1488	18:19:12.83	1.7445	19.83163	21.33	41.61	1.1	0.965148	19.0990	1.24680	772.42	0.96306	3.28	0
1489	18:19:13.13	1.6165	19.88287	21.33	41.61	1.1	0.967644	19.1510	1.24684	772.50	0.96319	3.28	0
1490	18:19:13.43	1.4740	19.93985	21.33	41.78	1.1	0.970428	19.2062	1.24684	772.52	0.96320	3.28	0
1491	18:19:13.73	1.3385	19.99452	21.34	41.78	1.1	0.973092	19.2590	1.24680	772.54	0.96321	3.28	0
1492	18:19:14.03	1.2230	20.04135	21.34	41.87	1.1	0.975378	19.3052	1.24684	772.56	0.96327	3.28	0
1493	18:19:14.33	1.1180	20.08552	21.33	41.87	1.1	0.977520	19.3477	1.24684	772.58	0.96327	3.28	0
1494	18:19:14.63	1.0220	20.12556	21.33	42.00	1.1	0.979476	19.3873	1.24684	772.60	0.96332	3.28	0
1495	18:19:14.93	0.9375	20.16224	21.33	42.00	1.1	0.981264	19.4214	1.24676	772.60	0.96326	3.28	0
1496	18:19:15.23	0.8635	20.19451	21.33	42.20	1.1	0.982842	19.4526	1.24680	772.60	0.96326	3.28	0
1497	18:19:15.53	0.8015	20.22181	21.33	42.20	1.1	0.984174	19.4795	1.24680	772.62	0.96329	3.28	0
1498	18:19:15.83	0.7395	20.24855	21.33	42.33	1.1	0.985482	19.5061	1.24680	772.64	0.96333	3.28	0
1499	18:19:16.13	0.6830	20.27214	21.34	42.33	1.1	0.986634	19.5292	1.24680	772.66	0.96335	3.28	0
1500	18:19:16.43	0.6290	20.29419	21.34	42.60	1.1	0.987726	19.5510	1.24680	772.66	0.96338	3.28	0
1501	18:19:16.73	0.5640	20.32107	21.34	42.60	1.1	0.989034	19.5768	1.24680	772.66	0.96337	3.28	0
1502	18:19:17.03	0.4810	20.35502	21.34	42.86	1.1	0.990696	19.6101	1.24680	772.70	0.96341	3.28	0
1503	18:19:17.33	0.3820	20.39513	21.33	42.86	1.1	0.992646	19.6499	1.24684	772.72	0.96346	3.28	0
1504	18:19:17.63	0.2875	20.43300	21.33	43.13	1.1	0.994506	19.6862	1.24680	772.74	0.96345	3.28	0
1505	18:19:17.93	0.2135	20.46226	21.34	43.13	1.1	0.995934	19.7143	1.24680	772.74	0.96345	3.28	0
1506	18:19:18.23	0.1640	20.48123	21.34	43.48	1.1	0.996876	19.7344	1.24684	772.78	0.96353	3.28	0
1507	18:19:18.53	0.1315	20.49383	21.34	43.48	1.1	0.997494	19.7462	1.24684	772.78	0.96352	3.28	0
1508	18:19:18.83	0.1105	20.50104	21.34	44.35	1.1	0.997896	19.7534	1.24684	772.78	0.96353	3.28	0
1509	18:19:19.13	0.0980	20.50608	21.34	44.35	1.1	0.998136	19.7572	1.24680	772.76	0.96348	3.28	0
1510	18:19:19.43	0.0875	20.50825	21.34	45.86	1.2	0.998328	19.7595	1.24680	772.76	0.96349	3.28	0
1511	18:19:19.73	0.0845	20.50944	21.34	45.86	1.2	0.998388	19.7602	1.24680	772.76	0.96347	3.28	0
1512	18:19:20.03	0.0785	20.50930	21.34	48.00	1.2	0.998508	19.7605	1.24680	772.76	0.96349	3.28	0
1513	18:19:20.33	0.0795	20.50895	21.34	48.00	1.2	0.998484	19.7604	1.24680	772.78	0.96350	3.28	0
1514	18:19:20.63	0.0725	20.50867	21.34	50.51	1.3	0.998616	19.7592	1.24680	772.74	0.96346	3.28	0
1515	18:19:20.93	0.0760	20.50734	21.34	50.51	1.3	0.998556	19.7590	1.24680	772.78	0.96351	3.28	0
1516	18:19:21.23	0.0695	20.50699	21.34	52.88	1.3	0.998676	19.7583	1.24680	772.76	0.96349	3.28	0
1517	18:19:21.53	0.0725	20.50601	21.34	52.88	1.3	0.998622	19.7575	1.24680	772.78	0.96350	3.28	0
1518	18:19:21.83	0.0690	20.50447	21.34	55.32	1.4	0.998688	19.7567	1.24684	772.78	0.96353	3.28	0
1519	18:19:22.13	0.0720	20.50314	21.34	55.32	1.4	0.998628	19.7553	1.24684	772.78	0.96352	3.28	0
1520	18:19:22.43	0.0675	20.50230	21.34	57.67	1.5	0.998718	19.7546	1.24684	772.78	0.96353	3.28	0
1521	18:19:22.73	0.0665	20.50251	21.35	57.67	1.5	0.998736	19.7539	1.24680	772.76	0.96348	3.28	0
1522	18:19:23.03	0.0635	20.50111	21.35	59.96	1.5	0.998790	19.7522	1.24680	772.76	0.96347	3.28	0
1523	18:19:23.33	0.0675	20.49957	21.34	59.96	1.5	0.998712	19.7517	1.24684	772.78	0.96352	3.28	0
1524	18:19:23.63	0.0605	20.49971	21.34	62.22	1.6	0.998850	19.7520	1.24684	772.78	0.96353	3.28	0
1525	18:19:23.93	0.0650	20.49782	21.35	62.22	1.6	0.998760	19.7508	1.24684	772.80	0.96356	3.28	0
1526	18:19:24.23	0.0590	20.49782	21.35	64.27	1.6	0.998874	19.7505	1.24684	772.78	0.96354	3.28	0
1527	18:19:24.53	0.0580	20.49845	21.34	64.27	1.6	0.998904	19.7493	1.24676	772.76	0.96346	3.28	0
1528	18:19:24.89	0.0570	20.49649	21.34	66.15	1.7	0.998916	19.7495	1.24684	772.80	0.96356	3.28	0
1529	18:19:25.14	0.0560	20.49691	21.34	66.15	1.7	0.998934	19.7496	1.24684	772.78	0.96354	3.28	0
1530	18:19:25.43	0.0525	20.49649	21.34	67.76	1.7	0.999000	19.7483	1.24680	772.78	0.96349	3.28	0
1531	18:19:25.73	0.0525	20.49635	21.34	67.76	1.7	0.998994	19.7478	1.24680	772.76	0.96348	3.28	0
1532	18:19:26.03	0.0485	20.49628	21.34	69.29	1.8	0.999078	19.7473	1.24680	772.76	0.96346	3.28	0
1533	18:19:26.33	0.0510	20.49544	21.33	69.29	1.8	0.999030	19.7476	1.24680	772.78	0.96351	3.28	0
1534	18:19:26.63	0.0480	20.49509	21.33	70.57	1.8	0.999084	19.7476	1.24684	772.78	0.96353	3.28	0
1535	18:19:26.93	0.0470	20.49551	21.34	70.57	1.8	0.999108	19.7477	1.24680	772.78	0.96352	3.28	0
1536	18:19:27.23	0.0455	20.49474	21.34	71.69	1.8	0.999138	19.7469	1.24684	772.76	0.96351	3.28	0
1537	18:19:27.53	0.0455	20.49460	21.34	71.69	1.8	0.999132	19.7470	1.24684	772.78	0.96352	3.28	0
1538	18:19:27.83	0.0400	20.49572	21.34	72.64	1.8	0.999234	19.7478	1.24680	772.78	0.96351	3.28	0
1539	18:19:28.13	0.0410	20.49544	21.34	72.64	1.8	0.999222	19.7471	1.24680	772.76	0.96349	3.28	0
1540	18:19:28.43	0.0395	20.49495	21.34	73.46	1.9	0.999246	19.7471	1.24684	772.78	0.96351	3.28	0
1541	18:19:28.73	0.0410	20.49453	21.33	73.46	1.9	0.999216	19.7466	1.24684	772.76	0.96350	3.28	0
1542	18:19:29.03	0.0360	20.49558	21.33	74.22	1.9	0.999312	19.7468	1.24680	772.76	0.96347	3.28	0
1543	18:19:29.33	0.0390	20.49446	21.34	74.22	1.9	0.999258	19.7463	1.24680	772.76	0.96350	3.28	0
1544	18:19:29.63	0.0375	20.49432	21.34	74.85	1.9	0.999288	19.7464	1.24684	772.76	0.96351	3.28	0
1545	18:19:29.93	0.0360	20.49488	21.34	74.85	1.9	0.999318	19.7460	1.24680	772.76	0.96346	3.28	0
1546	18:19:30.23	0.0360	20.49418	21.34	75.40	1.9	0.999312	19.7460	1.24680	772.76	0.96350	3.28	0
1547	18:19:30.53	0.0355	20.49446	21.34	75.40	1.9	0.999330	19.7456	1.24680	772.76	0.96346	3.28	0
1548	18:19:30.83	0.0345	20.49432	21.34	75.83	1.9	0.999342	19.7451	1.24680	772.74	0.96344	3.28	0
1549	18:19:31.13	0.0350	20.49404	21.34	75.83	1.9	0.999330	19.7456	1.24680	772.76	0.96348	3.28	0
1550	18:19:31.43	0.0335	20.49439	21.34	76.16	1.9	0.999366	19.7460	1.24680	772.76	0.96349	3.28	0
1551	18:19:31.73	0.0335	20.49439	21.33	76.16	1.9	0.999360	19.7460	1.24680	772.76	0.96349	3.28	0
1552	18:19:32.03	0.0340	20.49397	21.33	76.41	1.9	0.999354	19.7455	1.24680	772.76	0.96348	3.28	0
1553	18:19:32.33	0.0325	20.49453	21.34	76.41	1.9	0.999384	19.7470	1.24684	772.78	0.96352	3.28	0
1554	18:19:32.63	0.0305	20.49509	21.34	76.60	1.9	0.999426	19.7467	1.24680	772.76	0.96349	3.28	0
1555	18:19:32.93	0.0330	20.49418	21.33	76.60	1.9	0.999378	19.7461	1.24680	772.76	0.96349	3.28	0
1556	18:19:33.22	0.0330	20.49397	21.33	76.76	1.9	0.999372	19.7458	1.24680	772.76	0.96349	3.28	0
1557	18:19:33.53	0.0325	20.49411	21.33	76.76	1.9	0.999378	19.7452	1.24680	772.74	0.96346	3.28	0
1558	18:19:33.83	0.0310	20.49446	21.33	76.95	1.9	0.999408	19.7452	1.24680	772.74	0.96344	3.28	0
1559	18:19:34.13	0.0325	20.49390	21.33	76.95	1.9	0.999378	19.7451	1.24680	772.74	0.96346	3.28	0
1560	18:19:34.43	0.0320	20.49404	21.33	77.08	2.0	0.999396	19.7453	1.24680	772.76	0.96347	3.28	0
1561	18:19:34.72	0.0330	20.49369	21.33	77.08	2.0	0.999378	19.7457	1.24684	772.76	0.96350	3.28	0
1562	18:19:35.03	0.0315	20.49397	21.33	77.22	2.0	0.999396	19.7457	1.24680	772.76	0.96349	3.28	0
1563	18:19:35.33	0.0320	20.49383	21.33	77.22	2.0	0.999390	19.7458	1.24684	772.76	0.96350	3.28	0
1564	18:19:35.63	0.0310	20.49418	21.33	77.27	2.0	0.999414	19.7456	1.24680	772.76	0.96347	3.28	0
1565	18:19:35.93	0.0295	20.49467	21.33	77.27	2.0	0.999438	19.7466	1.24684	772.76	0.96350	3.28	0
1566	18:19:36.23	0.0300	20.49460	21.33	77.27	2.0	0.999432	19.7462	1.24680	772.76	0.96348	3.28	0
1567	18:19:36.53	0.0305	20.49446	21.33	77.27	2.0	0.999426	19.7462	1.24684	772.76	0.96349	3.28	0
1568	18:19:36.83	0.0305	20.49432	21.33	77.27	2.0	0.999420	19.7459	1.24680	772.76	0.96348	3.28	0
1569	18:19:37.13	0.0310	20.49411	21.33	77.27	2.0	0.999408	19.7459	1.24680	772.76	0.96349	3.28	0
1570	18:19:37.42	0.0290	20.49481	21.33	77.34	2.0	0.999444	19.7460	1.24680	772.76	0.96346	3.28	0
1571	18:19:37.73	0.0300	20.49446	21.33	77.34	2.0	0.999426	19.7459	1.24680	772.76	0.96348	3.28	0
1572	18:19:38.03	0.0290	20.49495	21.33	77.34	2.0	0.999450	19.7461	1.24680	772.74	0.96346	3.28	0
1573	18:19:38.33	0.0295	20.49474	21.33	77.34	2.0	0.999438	19.7464	1.24680	772.76	0.96349	3.28	0
1574	18:19:38.63	0.0290	20.49488	21.33	77.27	2.0	0.999444	19.7466	1.24680	772.76	0.96349	3.28	0
1575	18:19:38.93	0.0275	20.49551	21.33	77.27	2.0	0.999474	19.7466	1.24680	772.76	0.96346	3.28	0
1576	18:19:39.23	0.0265	20.49607	21.33	77.14	2.0	0.999498	19.7469	1.24680	772.74	0.96345	3.28	0
1577	18:19:39.52	0.0270	20.49593	21.33	77.14	2.0	0.999492	19.7466	1.24680	772.74	0.96344	3.28	0
1578	18:19:39.83	0.0265	20.49614	21.33	76.98	1.9	0.999492	19.7469	1.24676	772.74	0.96344	3.28	0
1579	18:19:40.16	0.0275	20.49579	21.33	76.98	1.9	0.999474	19.7474	1.24680	772.76	0.96349	3.28	0
1580	18:19:40.62	0.0265	20.49656	21.33	76.76	1.9	0.999498	19.7479	1.24680	772.76	0.96347	3.28	0
1581	18:19:40.91	0.0260	20.49677	21.32	76.76	1.9	0.999504	19.7483	1.24680	772.76	0.96348	3.28	0
1582	18:19:41.10	0.0270	20.49663	21.32	76.51	1.9	0.999486	19.7478	1.24680	772.74	0.96347	3.28	0
1583	18:19:41.33	0.0265	20.49691	21.32	76.51	1.9	0.999498	19.7485	1.24680	772.76	0.96349	3.28	0
1584	18:19:41.63	0.0280	20.49663	21.32	76.29	1.9	0.999474	19.7482	1.24680	772.76	0.96349	3.28	0
1585	18:19:41.93	0.0280	20.49649	21.33	76.29	1.9	0.999474	19.7482	1.24680	772.76	0.96349	3.28	0
1586	18:19:42.23	0.0265	20.49740	21.33	76.02	1.9	0.999498	19.7487	1.24680	772.76	0.96347	3.28	0
1587	18:19:42.53	0.0245	20.49817	21.32	76.02	1.9	0.999534	19.7491	1.24680	772.74	0.96346	3.28	0
1588	18:19:42.83	0.0280	20.49712	21.32	75.73	1.9	0.999462	19.7493	1.24684	772.78	0.96352	3.28	0
1589	18:19:43.13	0.0260	20.49782	21.33	75.73	1.9	0.999504	19.7490	1.24680	772.76	0.96347	3.28	0
1590	18:19:43.43	0.0250	20.49866	21.33	75.42	1.9	0.999528	19.7485	1.24676	772.72	0.96341	3.28	0
1591	18:19:43.73	0.0260	20.49831	21.33	75.42	1.9	0.999510	19.7496	1.24680	772.76	0.96347	3.28	0
1592	18:19:44.03	0.0265	20.49831	21.33	75.21	1.9	0.999498	19.7498	1.24680	772.76	0.96348	3.28	0
1593	18:19:44.33	0.0265	20.49817	21.33	75.21	1.9	0.999492	19.7504	1.24684	772.76	0.96352	3.28	0
1594	18:19:44.63	0.0270	20.49845	21.33	74.93	1.9	0.999492	19.7497	1.24680	772.76	0.96347	3.28	0
1595	18:19:44.93	0.0260	20.49866	21.33	74.93	1.9	0.999504	19.7501	1.24680	772.76	0.96348	3.28	0
1596	18:19:45.23	0.0255	20.49929	21.33	74.66	1.9	0.999516	19.7503	1.24680	772.74	0.96346	3.28	0
1597	18:19:45.53	0.0270	20.49859	21.33	74.66	1.9	0.999480	19.7499	1.24680	772.74	0.96347	3.28	0
1598	18:19:45.83	0.0255	20.49950	21.33	74.38	1.9	0.999510	19.7508	1.24680	772.76	0.96347	3.28	0
1599	18:19:46.13	0.0255	20.49950	21.33	74.38	1.9	0.999510	19.7505	1.24680	772.76	0.96346	3.28	0
1600	18:19:46.43	0.0290	20.49859	21.33	74.12	1.9	0.999450	19.7492	1.24680	772.74	0.96344	3.28	0
1601	18:19:46.73	0.0275	20.49922	21.32	74.12	1.9	0.999474	19.7497	1.24680	772.74	0.96344	3.28	0
1602	18:19:47.03	0.0275	20.49950	21.32	73.87	1.9	0.999474	19.7496	1.24676	772.72	0.96342	3.28	0
1603	18:19:47.33	0.0300	20.49845	21.32	73.87	1.9	0.999426	19.7494	1.24680	772.74	0.96346	3.28	0
1604	18:19:47.62	0.0305	20.49845	21.32	73.73	1.9	0.999420	19.7497	1.24680	772.76	0.96347	3.28	0
1605	18:19:47.93	0.0295	20.49894	21.32	73.73	1.9	0.999444	19.7499	1.24680	772.74	0.96346	3.28	0
1606	18:19:48.22	0.0310	20.49852	21.32	73.60	1.9	0.999414	19.7492	1.24680	772.74	0.96344	3.28	0
1607	18:19:48.53	0.0295	20.49908	21.32	73.60	1.9	0.999444	19.7494	1.24676	772.74	0.96343	3.28	0
1608	18:19:48.82	0.0315	20.49817	21.32	73.57	1.9	0.999396	19.7485	1.24680	772.74	0.96343	3.28	0
1609	18:19:49.12	0.0310	20.49824	21.33	73.57	1.9	0.999408	19.7486	1.24680	772.72	0.96343	3.28	0
1610	18:19:49.42	0.0295	20.49887	21.33	73.57	1.9	0.999438	19.7492	1.24680	772.74	0.96343	3.28	0
1611	18:19:49.72	0.0320	20.49817	21.32	73.57	1.9	0.999396	19.7489	1.24680	772.74	0.96345	3.28	0
1612	18:19:50.02	0.0325	20.49782	21.32	73.57	1.9	0.999378	19.7494	1.24680	772.76	0.96349	3.28	0
1613	18:19:50.32	0.0330	20.49761	21.32	73.57	1.9	0.999366	19.7488	1.24680	772.74	0.96347	3.28	0
1614	18:19:50.63	0.0325	20.49775	21.32	73.60	1.9	0.999378	19.7493	1.24684	772.76	0.96349	3.28	0
1615	18:19:50.93	0.0310	20.49838	21.32	73.60	1.9	0.999408	19.7492	1.24680	772.74	0.96346	3.28	0
1616	18:19:51.22	0.0310	20.49838	21.32	73.60	1.9	0.999408	19.7490	1.24680	772.74	0.96344	3.28	0
1617	18:19:51.52	0.0335	20.49754	21.32	73.60	1.9	0.999366	19.7492	1.24684	772.76	0.96349	3.28	0
1618	18:19:51.83	0.0330	20.49768	21.32	73.60	1.9	0.999372	19.7491	1.24680	772.76	0.96348	3.28	0
1619	18:19:52.13	0.0330	20.49761	21.32	73.60	1.9	0.999372	19.7491	1.24680	772.76	0.96348	3.28	0
1620	18:19:52.42	0.0335	20.49733	21.32	73.65	1.9	0.999360	19.7490	1.24680	772.76	0.96349	3.28	0
1621	18:19:52.72	0.0315	20.49817	21.32	73.65	1.9	0.999402	19.7488	1.24680	772.74	0.96344	3.28	0
1622	18:19:53.03	0.0320	20.49803	21.32	73.67	1.9	0.999396	19.7489	1.24680	772.74	0.96345	3.28	0
1623	18:19:53.33	0.0310	20.49838	21.32	73.67	1.9	0.999414	19.7489	1.24680	772.74	0.96344	3.28	0
1624	18:19:53.63	0.0310	20.49838	21.32	73.67	1.9	0.999408	19.7494	1.24680	772.74	0.96347	3.28	0
1625	18:19:53.93	0.0340	20.49726	21.32	73.67	1.9	0.999360	19.7494	1.24684	772.76	0.96352	3.28	0
1626	18:19:54.23	0.0325	20.49775	21.32	73.70	1.9	0.999384	19.7487	1.24680	772.74	0.96346	3.28	0
1627	18:19:54.53	0.0310	20.49838	21.32	73.70	1.9	0.999414	19.7487	1.24680	772.72	0.96343	3.28	0
1628	18:19:54.83	0.0325	20.49768	21.32	73.73	1.9	0.999384	19.7493	1.24680	772.76	0.96349	3.28	0
1629	18:19:55.12	0.0320	20.49796	21.32	73.73	1.9	0.999396	19.7486	1.24680	772.74	0.96344	3.28	0
1630	18:19:55.42	0.0330	20.49740	21.32	73.73	1.9	0.999372	19.7476	1.24676	772.74	0.96341	3.28	0
1631	18:19:55.72	0.0320	20.49789	21.32	73.73	1.9	0.999390	19.7491	1.24680	772.76	0.96347	3.28	0
1632	18:19:56.02	0.0290	20.49915	21.32	73.70	1.9	0.999450	19.7486	1.24676	772.72	0.96338	3.28	0
1633	18:19:56.32	0.0315	20.49803	21.32	73.70	1.9	0.999396	19.7487	1.24680	772.74	0.96344	3.28	0
1634	18:19:56.62	0.0300	20.49880	21.32	73.54	1.9	0.999426	19.7497	1.24680	772.76	0.96346	3.28	0
1635	18:19:56.92	0.0275	20.49978	21.32	73.54	1.9	0.999474	19.7506	1.24680	772.74	0.96346	3.28	0
1636	18:19:57.23	0.0245	20.50146	21.32	73.24	1.9	0.999540	19.7509	1.24676	772.72	0.96339	3.28	0
1637	18:19:57.52	0.0265	20.50069	21.32	73.24	1.9	0.999498	19.7514	1.24680	772.74	0.96345	3.28	0
1638	18:19:57.83	0.0245	20.50181	21.32	72.86	1.8	0.999534	19.7521	1.24680	772.74	0.96343	3.28	0
1639	18:19:58.12	0.0265	20.50111	21.32	72.86	1.8	0.999498	19.7529	1.24684	772.76	0.96350	3.28	0
1640	18:19:58.42	0.0245	20.50230	21.32	72.34	1.8	0.999528	19.7522	1.24676	772.74	0.96341	3.28	0
1641	18:19:58.72	0.0250	20.50216	21.32	72.34	1.8	0.999522	19.7522	1.24676	772.72	0.96342	3.28	0
1642	18:19:59.03	0.0280	20.50160	21.32	71.90	1.8	0.999468	19.7524	1.24680	772.74	0.96346	3.28	0
1643	18:19:59.33	0.0260	20.50223	21.32	71.90	1.8	0.999504	19.7520	1.24676	772.72	0.96341	3.28	0
1644	18:19:59.62	0.0295	20.50125	21.32	71.55	1.8	0.999432	19.7518	1.24680	772.74	0.96345	3.28	0
1645	18:19:59.92	0.0300	20.50118	21.32	71.55	1.8	0.999432	19.7519	1.24680	772.74	0.96346	3.28	0
1646	18:20:00.22	0.0300	20.50132	21.32	71.38	1.8	0.999432	19.7522	1.24680	772.74	0.96346	3.28	0
1647	18:20:00.52	0.0315	20.50076	21.32	71.38	1.8	0.999402	19.7518	1.24680	772.74	0.96347	3.28	0
1648	18:20:00.82	0.0320	20.50069	21.32	71.19	1.8	0.999384	19.7521	1.24684	772.76	0.96349	3.28	0
1649	18:20:01.12	0.0300	20.50160	21.32	71.19	1.8	0.999432	19.7521	1.24680	772.74	0.96344	3.28	0
1650	18:20:01.42	0.0320	20.50090	21.32	71.09	1.8	0.999390	19.7521	1.24680	772.76	0.96347	3.28	0
1651	18:20:01.72	0.0315	20.50111	21.32	71.09	1.8	0.999402	19.7522	1.24680	772.76	0.96347	3.28	0
1652	18:20:02.02	0.0310	20.50139	21.32	70.92	1.8	0.999408	19.7524	1.24680	772.76	0.96347	3.28	0
1653	18:20:02.33	0.0300	20.50174	21.32	70.92	1.8	0.999426	19.7524	1.24680	772.74	0.96345	3.28	0
1654	18:20:02.72	0.0315	20.50146	21.32	70.76	1.8	0.999402	19.7523	1.24680	772.74	0.96346	3.28	0
1655	18:20:03.10	0.0300	20.50209	21.31	70.76	1.8	0.999426	19.7531	1.24680	772.76	0.96347	3.28	0
1656	18:20:03.34	0.0295	20.50251	21.31	70.55	1.8	0.999438	19.7530	1.24680	772.74	0.96344	3.28	0
1657	18:20:03.53	0.0310	20.50181	21.32	70.55	1.8	0.999408	19.7523	1.24680	772.74	0.96344	3.28	0
1658	18:20:03.82	0.0300	20.50258	21.32	70.29	1.8	0.999426	19.7539	1.24680	772.76	0.96349	3.28	0
1659	18:20:04.13	0.0310	20.50230	21.32	70.29	1.8	0.999414	19.7539	1.24684	772.76	0.96350	3.28	0
1660	18:20:04.43	0.0310	20.50244	21.32	70.13	1.8	0.999414	19.7534	1.24680	772.76	0.96347	3.28	0
1661	18:20:04.72	0.0320	20.50202	21.32	70.13	1.8	0.999396	19.7539	1.24684	772.76	0.96351	3.28	0
1662	18:20:05.03	0.0320	20.50209	21.32	69.94	1.8	0.999390	19.7534	1.24680	772.76	0.96348	3.28	0
1663	18:20:05.32	0.0300	20.50307	21.31	69.94	1.8	0.999432	19.7534	1.24680	772.74	0.96344	3.28	0
1664	18:20:05.63	0.0340	20.50167	21.31	69.84	1.8	0.999354	19.7525	1.24680	772.76	0.96346	3.28	0
1665	18:20:05.92	0.0325	20.50230	21.31	69.84	1.8	0.999384	19.7533	1.24680	772.74	0.96347	3.28	0
1666	18:20:06.22	0.0315	20.50279	21.31	69.72	1.8	0.999402	19.7529	1.24676	772.74	0.96343	3.28	0
1667	18:20:06.52	0.0300	20.50328	21.32	69.72	1.8	0.999432	19.7532	1.24680	772.72	0.96342	3.28	0
1668	18:20:06.83	0.0320	20.50265	21.32	69.58	1.8	0.999396	19.7533	1.24680	772.74	0.96345	3.28	0
1669	18:20:07.12	0.0320	20.50251	21.32	69.58	1.8	0.999384	19.7542	1.24684	772.76	0.96350	3.28	0
1670	18:20:07.42	0.0290	20.50384	21.32	69.51	1.8	0.999450	19.7536	1.24676	772.72	0.96341	3.28	0
1671	18:20:07.72	0.0320	20.50272	21.31	69.51	1.8	0.999390	19.7532	1.24680	772.74	0.96344	3.28	0
1672	18:20:08.02	0.0315	20.50328	21.31	69.31	1.8	0.999402	19.7539	1.24680	772.74	0.96345	3.28	0
1673	18:20:08.32	0.0310	20.50349	21.31	69.31	1.8	0.999414	19.7543	1.24680	772.74	0.96346	3.28	0
1674	18:20:08.62	0.0310	20.50370	21.31	69.10	1.7	0.999408	19.7545	1.24680	772.74	0.96346	3.28	0
1675	18:20:08.92	0.0275	20.50489	21.32	69.10	1.7	0.999480	19.7551	1.24680	772.72	0.96343	3.28	0
1676	18:20:09.22	0.0285	20.50475	21.32	68.91	1.7	0.999456	19.7546	1.24676	772.74	0.96341	3.28	0
1677	18:20:09.52	0.0280	20.50510	21.31	68.91	1.7	0.999468	19.7554	1.24680	772.74	0.96344	3.28	0
1678	18:20:09.82	0.0245	20.50664	21.31	68.63	1.7	0.999528	19.7559	1.24676	772.72	0.96339	3.28	0
1679	18:20:10.12	0.0270	20.50573	21.31	68.63	1.7	0.999486	19.7557	1.24676	772.74	0.96342	3.28	0
1680	18:20:10.42	0.0275	20.50601	21.31	68.25	1.7	0.999480	19.7560	1.24676	772.72	0.96343	3.28	0
1681	18:20:10.72	0.0270	20.50622	21.31	68.25	1.7	0.999486	19.7567	1.24680	772.74	0.96346	3.28	0
1682	18:20:11.03	0.0270	20.50657	21.31	67.87	1.7	0.999480	19.7564	1.24676	772.72	0.96342	3.28	0
1683	18:20:11.32	0.0295	20.50559	21.32	67.87	1.7	0.999438	19.7567	1.24680	772.76	0.96348	3.28	0
1684	18:20:11.62	0.0300	20.50580	21.32	67.49	1.7	0.999432	19.7563	1.24680	772.74	0.96345	3.28	0
1685	18:20:11.92	0.0330	20.50468	21.31	67.49	1.7	0.999372	19.7546	1.24676	772.72	0.96342	3.28	0
1686	18:20:12.22	0.0350	20.50419	21.31	67.19	1.7	0.999330	19.7550	1.24680	772.74	0.96346	3.28	0
1687	18:20:12.52	0.0350	20.50433	21.31	67.19	1.7	0.999336	19.7551	1.24680	772.74	0.96346	3.28	0
1688	18:20:12.82	0.0355	20.50419	21.31	67.05	1.7	0.999318	19.7548	1.24680	772.74	0.96346	3.28	0
1689	18:20:13.12	0.0360	20.50398	21.31	67.05	1.7	0.999312	19.7539	1.24676	772.72	0.96342	3.28	0
1690	18:20:13.42	0.0350	20.50426	21.31	67.14	1.7	0.999330	19.7543	1.24676	772.74	0.96343	3.28	0
1691	18:20:13.72	0.0355	20.50419	21.31	67.14	1.7	0.999324	19.7543	1.24676	772.74	0.96343	3.28	0
1692	18:20:14.02	0.0355	20.50412	21.31	67.19	1.7	0.999330	19.7541	1.24676	772.72	0.96342	3.28	0
1693	18:20:14.32	0.0340	20.50461	21.31	67.19	1.7	0.999348	19.7550	1.24680	772.74	0.96344	3.28	0
1694	18:20:14.62	0.0340	20.50454	21.31	67.24	1.7	0.999348	19.7550	1.24680	772.74	0.96345	3.28	0
1695	18:20:14.92	0.0350	20.50426	21.31	67.24	1.7	0.999336	19.7554	1.24680	772.76	0.96347	3.28	0
1696	18:20:15.23	0.0330	20.50489	21.31	67.24	1.7	0.999366	19.7560	1.24680	772.74	0.96348	3.28	0
1697	18:20:15.52	0.0335	20.50482	21.31	67.24	1.7	0.999360	19.7557	1.24680	772.74	0.96347	3.28	0
1698	18:20:15.82	0.0350	20.50426	21.31	67.14	1.7	0.999330	19.7557	1.24684	772.76	0.96349	3.28	0
1699	18:20:16.12	0.0330	20.50503	21.31	67.14	1.7	0.999366	19.7553	1.24680	772.74	0.96344	3.28	0
1700	18:20:16.42	0.0360	20.50405	21.31	67.02	1.7	0.999312	19.7555	1.24684	772.76	0.96349	3.28	0
1701	18:20:16.72	0.0355	20.50426	21.31	67.02	1.7	0.999324	19.7547	1.24680	772.74	0.96344	3.28	0
1702	18:20:17.02	0.0370	20.50363	21.31	67.00	1.7	0.999294	19.7545	1.24680	772.74	0.96346	3.28	0
1703	18:20:17.32	0.0410	20.50216	21.31	67.00	1.7	0.999222	19.7535	1.24684	772.74	0.96348	3.28	0
1704	18:20:17.63	0.0375	20.50356	21.31	67.05	1.7	0.999288	19.7544	1.24680	772.74	0.96346	3.28	0
1705	18:20:17.92	0.0410	20.50202	21.31	67.05	1.7	0.999216	19.7537	1.24684	772.76	0.96350	3.28	0
1706	18:20:18.22	0.0400	20.50223	21.31	67.21	1.7	0.999240	19.7524	1.24680	772.74	0.96343	3.28	0
1707	18:20:18.52	0.0405	20.50209	21.31	67.21	1.7	0.999228	19.7532	1.24680	772.74	0.96347	3.28	0
1708	18:20:18.82	0.0405	20.50188	21.31	67.43	1.7	0.999234	19.7531	1.24684	772.74	0.96347	3.28	0
1709	18:20:19.12	0.0385	20.50272	21.31	67.43	1.7	0.999270	19.7534	1.24680	772.74	0.96346	3.28	0
1710	18:20:19.43	0.0380	20.50251	21.31	67.65	1.7	0.999276	19.7536	1.24680	772.74	0.96347	3.28	0
1711	18:20:19.72	0.0375	20.50272	21.31	67.65	1.7	0.999282	19.7542	1.24684	772.76	0.96349	3.28	0
1712	18:20:20.02	0.0380	20.50251	21.31	67.73	1.7	0.999282	19.7538	1.24684	772.74	0.96348	3.28	0
1713	18:20:20.32	0.0375	20.50272	21.31	67.73	1.7	0.999288	19.7539	1.24680	772.76	0.96347	3.28	0
1714	18:20:20.62	0.0365	20.50286	21.31	67.84	1.7	0.999300	19.7538	1.24680	772.76	0.96347	3.28	0
1715	18:20:20.92	0.0365	20.50293	21.31	67.84	1.7	0.999306	19.7535	1.24680	772.74	0.96345	3.28	0
1716	18:20:21.22	0.0365	20.50286	21.31	67.87	1.7	0.999300	19.7537	1.24680	772.74	0.96346	3.28	0
1717	18:20:21.52	0.0355	20.50321	21.31	67.87	1.7	0.999318	19.7539	1.24680	772.74	0.96346	3.28	0
1718	18:20:21.82	0.0375	20.50258	21.31	67.84	1.7	0.999288	19.7532	1.24680	772.74	0.96345	3.28	0
1719	18:20:22.12	0.0385	20.50223	21.31	67.84	1.7	0.999270	19.7534	1.24680	772.76	0.96347	3.28	0
1720	18:20:22.42	0.0375	20.50244	21.31	67.87	1.7	0.999282	19.7530	1.24680	772.74	0.96344	3.28	0
1721	18:20:22.72	0.0385	20.50216	21.31	67.87	1.7	0.999270	19.7524	1.24680	772.72	0.96343	3.28	0
1722	18:20:23.02	0.0405	20.50111	21.31	68.01	1.7	0.999228	19.7520	1.24680	772.74	0.96346	3.28	0
1723	18:20:23.32	0.0395	20.50160	21.31	68.01	1.7	0.999246	19.7523	1.24680	772.74	0.96345	3.28	0
1724	18:20:23.62	0.0420	20.50041	21.31	68.17	1.7	0.999198	19.7528	1.24684	772.76	0.96353	3.28	0
1725	18:20:23.92	0.0415	20.50062	21.31	68.17	1.7	0.999210	19.7518	1.24680	772.74	0.96347	3.28	0
1726	18:20:24.22	0.0400	20.50097	21.31	68.44	1.7	0.999240	19.7517	1.24680	772.74	0.96345	3.28	0
1727	18:20:24.52	0.0390	20.50132	21.31	68.44	1.7	0.999258	19.7520	1.24680	772.74	0.96345	3.28	0
1728	18:20:24.82	0.0370	20.50181	21.31	68.69	1.7	0.999300	19.7525	1.24680	772.74	0.96346	3.28	0
1729	18:20:25.12	0.0365	20.50202	21.31	68.69	1.7	0.999306	19.7529	1.24680	772.74	0.96346	3.28	0
1730	18:20:25.42	0.0355	20.50223	21.31	68.82	1.7	0.999324	19.7533	1.24680	772.74	0.96347	3.28	0
1731	18:20:25.72	0.0350	20.50251	21.31	68.82	1.7	0.999336	19.7534	1.24680	772.74	0.96346	3.28	0
1732	18:20:26.02	0.0345	20.50251	21.31	68.80	1.7	0.999342	19.7533	1.24680	772.74	0.96346	3.28	0
1733	18:20:26.32	0.0350	20.50251	21.31	68.80	1.7	0.999336	19.7535	1.24680	772.74	0.96347	3.28	0
1734	18:20:26.62	0.0360	20.50202	21.31	68.77	1.7	0.999312	19.7531	1.24680	772.74	0.96347	3.28	0
1735	18:20:26.92	0.0380	20.50132	21.31	68.77	1.7	0.999282	19.7525	1.24680	772.74	0.96347	3.28	0
1736	18:20:27.22	0.0365	20.50202	21.31	68.75	1.7	0.999312	19.7527	1.24680	772.74	0.96346	3.28	0
1737	18:20:27.52	0.0380	20.50132	21.31	68.75	1.7	0.999276	19.7525	1.24684	772.74	0.96347	3.28	0
1738	18:20:27.82	0.0360	20.50202	21.31	68.77	1.7	0.999312	19.7525	1.24680	772.74	0.96344	3.28	0
1739	18:20:28.12	0.0385	20.50111	21.31	68.77	1.7	0.999270	19.7526	1.24680	772.76	0.96349	3.28	0
1740	18:20:28.42	0.0360	20.50209	21.31	68.82	1.7	0.999318	19.7529	1.24680	772.74	0.96346	3.28	0
1741	18:20:28.73	0.0360	20.50202	21.31	68.82	1.7	0.999318	19.7529	1.24680	772.74	0.96346	3.28	0
1742	18:20:29.02	0.0355	20.50209	21.31	68.85	1.7	0.999318	19.7528	1.24680	772.74	0.96345	3.28	0
1743	18:20:29.32	0.0345	20.50258	21.31	68.85	1.7	0.999342	19.7539	1.24680	772.76	0.96349	3.28	0
1744	18:20:29.62	0.0335	20.50300	21.31	68.82	1.7	0.999360	19.7536	1.24680	772.74	0.96345	3.28	0
1745	18:20:29.92	0.0340	20.50300	21.30	68.82	1.7	0.999360	19.7532	1.24680	772.72	0.96343	3.28	0
1746	18:20:30.22	0.0305	20.50433	21.30	68.75	1.7	0.999414	19.7544	1.24676	772.74	0.96343	3.28	0
1747	18:20:30.52	0.0295	20.50468	21.31	68.75	1.7	0.999438	19.7554	1.24680	772.74	0.96346	3.28	0
1748	18:20:30.82	0.0305	20.50447	21.31	68.52	1.7	0.999414	19.7551	1.24680	772.74	0.96346	3.28	0
1749	18:20:31.12	0.0315	20.50419	21.31	68.52	1.7	0.999402	19.7556	1.24680	772.76	0.96349	3.28	0
1750	18:20:31.42	0.0320	20.50426	21.31	68.25	1.7	0.999390	19.7553	1.24680	772.74	0.96347	3.28	0
1751	18:20:31.72	0.0335	20.50377	21.30	68.25	1.7	0.999360	19.7548	1.24684	772.74	0.96347	3.28	0
1752	18:20:32.02	0.0315	20.50482	21.30	68.04	1.7	0.999402	19.7556	1.24680	772.74	0.96346	3.28	0
1753	18:20:32.32	0.0325	20.50426	21.31	68.04	1.7	0.999384	19.7546	1.24680	772.72	0.96344	3.28	0
1754	18:20:32.62	0.0345	20.50377	21.31	67.81	1.7	0.999348	19.7550	1.24680	772.76	0.96348	3.28	0
1755	18:20:32.92	0.0340	20.50398	21.30	67.81	1.7	0.999354	19.7541	1.24680	772.72	0.96343	3.28	0
1756	18:20:33.22	0.0350	20.50377	21.30	67.71	1.7	0.999336	19.7544	1.24680	772.74	0.96346	3.28	0
1757	18:20:33.52	0.0350	20.50377	21.30	67.71	1.7	0.999336	19.7546	1.24680	772.74	0.96346	3.28	0
1758	18:20:33.82	0.0365	20.50342	21.30	67.57	1.7	0.999306	19.7539	1.24680	772.74	0.96344	3.28	0
1759	18:20:34.12	0.0375	20.50300	21.30	67.57	1.7	0.999288	19.7548	1.24684	772.76	0.96350	3.28	0
1760	18:20:34.43	0.0355	20.50377	21.30	67.54	1.7	0.999324	19.7551	1.24684	772.76	0.96349	3.28	0
1761	18:20:34.72	0.0350	20.50405	21.30	67.54	1.7	0.999336	19.7546	1.24680	772.74	0.96345	3.28	0
1762	18:20:35.02	0.0345	20.50419	21.30	67.52	1.7	0.999342	19.7549	1.24680	772.74	0.96346	3.28	0
1763	18:20:35.33	0.0325	20.50489	21.31	67.52	1.7	0.999384	19.7551	1.24680	772.74	0.96344	3.28	0
1764	18:20:35.62	0.0300	20.50594	21.31	67.43	1.7	0.999426	19.7561	1.24680	772.74	0.96343	3.28	0
1765	18:20:35.93	0.0305	20.50580	21.31	67.43	1.7	0.999420	19.7566	1.24680	772.74	0.96346	3.28	0
1766	18:20:36.22	0.0285	20.50678	21.31	67.24	1.7	0.999456	19.7566	1.24676	772.74	0.96342	3.28	0
1767	18:20:36.52	0.0260	20.50769	21.31	67.24	1.7	0.999504	19.7578	1.24680	772.72	0.96343	3.28	0
1768	18:20:36.82	0.0275	20.50755	21.31	66.91	1.7	0.999480	19.7578	1.24680	772.74	0.96344	3.28	0
1769	18:20:37.13	0.0275	20.50769	21.30	66.91	1.7	0.999480	19.7588	1.24680	772.76	0.96348	3.28	0
1770	18:20:37.42	0.0280	20.50804	21.30	66.45	1.7	0.999468	19.7582	1.24680	772.74	0.96344	3.28	0
1771	18:20:37.72	0.0270	20.50832	21.30	66.45	1.7	0.999486	19.7584	1.24680	772.74	0.96344	3.28	0
1772	18:20:38.02	0.0265	20.50909	21.30	66.01	1.7	0.999498	19.7602	1.24684	772.76	0.96349	3.28	0
1773	18:20:38.32	0.0255	20.50944	21.30	66.01	1.7	0.999516	19.7596	1.24680	772.74	0.96344	3.28	0
1774	18:20:38.62	0.0295	20.50839	21.30	65.53	1.7	0.999438	19.7582	1.24676	772.72	0.96342	3.28	0
1775	18:20:38.93	0.0300	20.50825	21.30	65.53	1.7	0.999432	19.7585	1.24680	772.74	0.96344	3.28	0
1776	18:20:39.22	0.0325	20.50776	21.30	65.12	1.6	0.999384	19.7577	1.24680	772.74	0.96343	3.28	0
1777	18:20:39.52	0.0350	20.50657	21.31	65.12	1.6	0.999330	19.7574	1.24680	772.74	0.96346	3.28	0
1778	18:20:39.82	0.0345	20.50720	21.31	64.83	1.6	0.999342	19.7577	1.24680	772.74	0.96345	3.28	0
1779	18:20:40.12	0.0390	20.50559	21.30	64.83	1.6	0.999258	19.7577	1.24684	772.78	0.96353	3.28	0
1780	18:20:40.42	0.0380	20.50601	21.30	64.77	1.6	0.999282	19.7567	1.24680	772.74	0.96346	3.28	0
1781	18:20:40.72	0.0385	20.50559	21.31	64.77	1.6	0.999264	19.7560	1.24680	772.74	0.96344	3.28	0
1782	18:20:41.02	0.0375	20.50608	21.31	64.80	1.6	0.999288	19.7559	1.24676	772.72	0.96341	3.28	0
1783	18:20:41.32	0.0375	20.50622	21.30	64.80	1.6	0.999288	19.7562	1.24680	772.72	0.96343	3.28	0
1784	18:20:41.62	0.0380	20.50587	21.30	64.83	1.6	0.999276	19.7560	1.24680	772.74	0.96343	3.28	0
1785	18:20:41.92	0.0355	20.50671	21.31	64.83	1.6	0.999324	19.7566	1.24680	772.72	0.96342	3.28	0
1786	18:20:42.22	0.0375	20.50601	21.31	64.86	1.6	0.999288	19.7566	1.24680	772.74	0.96346	3.28	0
1787	18:20:42.52	0.0360	20.50664	21.30	64.86	1.6	0.999312	19.7567	1.24680	772.74	0.96343	3.28	0
1788	18:20:42.82	0.0335	20.50755	21.30	64.86	1.6	0.999360	19.7575	1.24680	772.74	0.96343	3.28	0
1789	18:20:43.12	0.0320	20.50825	21.30	64.86	1.6	0.999390	19.7579	1.24676	772.72	0.96341	3.28	0
1790	18:20:43.42	0.0310	20.50874	21.30	64.77	1.6	0.999408	19.7590	1.24680	772.74	0.96344	3.28	0
1791	18:20:43.72	0.0310	20.50867	21.30	64.77	1.6	0.999408	19.7594	1.24680	772.74	0.96347	3.28	0
1792	18:20:44.02	0.0340	20.50783	21.30	64.51	1.6	0.999354	19.7590	1.24680	772.76	0.96349	3.28	0
1793	18:20:44.32	0.0320	20.50853	21.30	64.51	1.6	0.999390	19.7596	1.24684	772.74	0.96348	3.28	0
1794	18:20:44.63	0.0295	20.50993	21.30	64.19	1.6	0.999438	19.7602	1.24680	772.74	0.96344	3.28	0
1795	18:20:44.92	0.0290	20.51000	21.31	64.19	1.6	0.999444	19.7595	1.24676	772.72	0.96341	3.28	0
1796	18:20:45.22	0.0300	20.51007	21.31	63.84	1.6	0.999426	19.7606	1.24680	772.74	0.96346	3.28	0
1797	18:20:45.52	0.0310	20.50986	21.30	63.84	1.6	0.999414	19.7599	1.24680	772.72	0.96344	3.28	0
1798	18:20:45.82	0.0330	20.50923	21.30	63.58	1.6	0.999372	19.7593	1.24680	772.74	0.96343	3.28	0
1799	18:20:46.12	0.0355	20.50832	21.30	63.58	1.6	0.999324	19.7587	1.24680	772.74	0.96345	3.28	0
1800	18:20:46.42	0.0370	20.50804	21.30	63.29	1.6	0.999294	19.7589	1.24680	772.74	0.96347	3.28	0
1801	18:20:46.72	0.0375	20.50783	21.30	63.29	1.6	0.999282	19.7578	1.24680	772.72	0.96343	3.28	0
1802	18:20:47.02	0.0385	20.50748	21.30	63.24	1.6	0.999264	19.7571	1.24680	772.72	0.96341	3.28	0
1803	18:20:47.32	0.0405	20.50678	21.30	63.24	1.6	0.999228	19.7570	1.24680	772.72	0.96344	3.28	0
1804	18:20:47.62	0.0375	20.50783	21.30	63.27	1.6	0.999282	19.7576	1.24676	772.72	0.96342	3.28	0
1805	18:20:47.92	0.0385	20.50748	21.30	63.27	1.6	0.999264	19.7576	1.24680	772.74	0.96344	3.28	0
1806	18:20:48.22	0.0375	20.50783	21.30	63.35	1.6	0.999288	19.7574	1.24680	772.72	0.96341	3.28	0
1807	18:20:48.52	0.0390	20.50720	21.30	63.35	1.6	0.999258	19.7576	1.24680	772.74	0.96345	3.28	0
1808	18:20:48.82	0.0385	20.50727	21.30	63.40	1.6	0.999264	19.7575	1.24680	772.72	0.96344	3.28	0
1809	18:20:49.13	0.0380	20.50755	21.30	63.40	1.6	0.999276	19.7573	1.24676	772.72	0.96341	3.28	0
1810	18:20:49.42	0.0375	20.50783	21.30	63.40	1.6	0.999288	19.7578	1.24680	772.72	0.96343	3.28	0
1811	18:20:49.72	0.0370	20.50790	21.30	63.40	1.6	0.999294	19.7575	1.24676	772.72	0.96341	3.28	0
1812	18:20:50.02	0.0360	20.50825	21.30	63.44	1.6	0.999312	19.7576	1.24676	772.72	0.96340	3.28	0
1813	18:20:50.33	0.0345	20.50881	21.30	63.44	1.6	0.999336	19.7584	1.24680	772.72	0.96341	3.28	0
1814	18:20:50.62	0.0345	20.50902	21.30	63.40	1.6	0.999348	19.7592	1.24680	772.74	0.96344	3.28	0
1815	18:20:50.92	0.0355	20.50860	21.30	63.40	1.6	0.999330	19.7600	1.24684	772.76	0.96350	3.28	0
1816	18:20:51.22	0.0340	20.50909	21.30	63.35	1.6	0.999348	19.7599	1.24680	772.74	0.96347	3.28	0
1817	18:20:51.52	0.0325	20.50958	21.31	63.35	1.6	0.999378	19.7598	1.24680	772.74	0.96344	3.28	0
1818	18:20:51.82	0.0320	20.51014	21.31	63.18	1.6	0.999396	19.7606	1.24680	772.74	0.96346	3.28	0
1819	18:20:52.12	0.0305	20.51070	21.31	63.18	1.6	0.999420	19.7604	1.24680	772.72	0.96342	3.28	0
1820	18:20:52.42	0.0330	20.51000	21.31	62.95	1.6	0.999372	19.7605	1.24680	772.74	0.96346	3.28	0
1821	18:20:52.72	0.0330	20.51007	21.30	62.95	1.6	0.999372	19.7610	1.24684	772.74	0.96347	3.28	0
1822	18:20:53.02	0.0325	20.51042	21.30	62.71	1.6	0.999378	19.7605	1.24680	772.74	0.96344	3.28	0
1823	18:20:53.32	0.0315	20.51084	21.30	62.71	1.6	0.999396	19.7609	1.24680	772.74	0.96344	3.28	0
1824	18:20:53.62	0.0310	20.51133	21.30	62.45	1.6	0.999408	19.7616	1.24680	772.72	0.96345	3.28	0
1825	18:20:53.92	0.0305	20.51147	21.30	62.45	1.6	0.999414	19.7624	1.24684	772.74	0.96348	3.28	0
1826	18:20:54.22	0.0300	20.51210	21.30	62.22	1.6	0.999432	19.7632	1.24684	772.76	0.96349	3.28	0
1827	18:20:54.52	0.0250	20.51399	21.30	62.22	1.6	0.999522	19.7641	1.24680	772.74	0.96344	3.28	0
1828	18:20:54.82	0.0265	20.51392	21.30	61.81	1.6	0.999498	19.7651	1.24684	772.76	0.96350	3.28	0
1829	18:20:55.12	0.0245	20.51469	21.30	61.81	1.6	0.999534	19.7648	1.24680	772.74	0.96344	3.28	0
1830	18:20:55.42	0.0275	20.51406	21.30	61.35	1.6	0.999480	19.7651	1.24684	772.76	0.96349	3.28	0
1831	18:20:55.72	0.0275	20.51392	21.30	61.35	1.6	0.999474	19.7646	1.24680	772.74	0.96347	3.28	0
1832	18:20:56.02	0.0300	20.51364	21.30	60.83	1.5	0.999426	19.7640	1.24680	772.74	0.96346	3.28	0
1833	18:20:56.32	0.0290	20.51399	21.30	60.83	1.5	0.999450	19.7632	1.24676	772.72	0.96340	3.28	0
1834	18:20:56.62	0.0355	20.51210	21.30	60.39	1.5	0.999330	19.7624	1.24680	772.74	0.96345	3.28	0
1835	18:20:56.92	0.0395	20.51035	21.30	60.39	1.5	0.999246	19.7620	1.24684	772.76	0.96352	3.28	0
1836	18:20:57.37	0.0395	20.51063	21.30	60.16	1.5	0.999246	19.7606	1.24680	772.74	0.96344	3.28	0
1837	18:20:57.80	0.0395	20.51063	21.30	60.16	1.5	0.999246	19.7599	1.24676	772.72	0.96340	3.28	0
1838	18:20:58.12	0.0420	20.50972	21.30	60.16	1.5	0.999198	19.7599	1.24680	772.74	0.96344	3.28	0
1839	18:20:58.26	0.0420	20.50972	21.30	60.16	1.5	0.999204	19.7598	1.24680	772.72	0.96343	3.28	0
1840	18:20:58.42	0.0420	20.50965	21.30	60.28	1.5	0.999204	19.7602	1.24680	772.74	0.96346	3.28	0
1841	18:20:58.72	0.0450	20.50846	21.30	60.28	1.5	0.999144	19.7595	1.24684	772.74	0.96348	3.28	0
1842	18:20:59.02	0.0430	20.50902	21.30	60.48	1.5	0.999186	19.7598	1.24680	772.76	0.96347	3.28	0
1843	18:20:59.32	0.0430	20.50895	21.31	60.48	1.5	0.999186	19.7593	1.24680	772.74	0.96345	3.28	0
1844	18:20:59.62	0.0430	20.50860	21.31	60.74	1.5	0.999180	19.7599	1.24684	772.76	0.96349	3.28	0
1845	18:20:59.92	0.0425	20.50881	21.30	60.74	1.5	0.999192	19.7588	1.24680	772.74	0.96343	3.28	0
1846	18:21:00.22	0.0415	20.50902	21.30	61.00	1.5	0.999216	19.7593	1.24680	772.74	0.96344	3.28	0
1847	18:21:00.52	0.0405	20.50923	21.31	61.00	1.5	0.999228	19.7592	1.24680	772.72	0.96343	3.28	0
1848	18:21:00.82	0.0410	20.50881	21.31	61.18	1.5	0.999216	19.7595	1.24680	772.74	0.96346	3.28	0
1849	18:21:01.12	0.0395	20.50944	21.31	61.18	1.5	0.999246	19.7594	1.24676	772.74	0.96343	3.28	0
1850	18:21:01.42	0.0405	20.50895	21.31	61.35	1.6	0.999234	19.7593	1.24680	772.74	0.96345	3.28	0
1851	18:21:01.72	0.0405	20.50895	21.30	61.35	1.6	0.999228	19.7595	1.24680	772.74	0.96346	3.28	0
1852	18:21:02.02	0.0370	20.51007	21.30	61.47	1.6	0.999294	19.7603	1.24680	772.74	0.96344	3.28	0
1853	18:21:02.32	0.0365	20.51035	21.31	61.47	1.6	0.999306	19.7606	1.24680	772.74	0.96344	3.28	0
1854	18:21:02.62	0.0325	20.51175	21.31	61.50	1.6	0.999378	19.7613	1.24680	772.72	0.96341	3.28	0
1855	18:21:02.92	0.0285	20.51329	21.31	61.50	1.6	0.999456	19.7628	1.24676	772.72	0.96341	3.28	0
1856	18:21:03.22	0.0270	20.51420	21.31	61.38	1.6	0.999492	19.7639	1.24680	772.74	0.96343	3.28	0
1857	18:21:03.52	0.0250	20.51483	21.31	61.38	1.6	0.999522	19.7650	1.24680	772.74	0.96345	3.28	0
1858	18:21:03.82	0.0285	20.51392	21.31	61.00	1.5	0.999456	19.7651	1.24684	772.76	0.96350	3.28	0
1859	18:21:04.12	0.0275	20.51434	21.31	61.00	1.5	0.999480	19.7650	1.24680	772.74	0.96347	3.28	0
1860	18:21:04.42	0.0285	20.51462	21.31	60.42	1.5	0.999456	19.7646	1.24680	772.74	0.96344	3.28	0
1861	18:21:04.72	0.0280	20.51476	21.31	60.42	1.5	0.999462	19.7648	1.24680	772.74	0.96344	3.28	0
1862	18:21:05.02	0.0295	20.51462	21.31	59.96	1.5	0.999432	19.7653	1.24684	772.74	0.96347	3.28	0
1863	18:21:05.32	0.0295	20.51476	21.30	59.96	1.5	0.999438	19.7649	1.24680	772.74	0.96344	3.28	0
1864	18:21:05.62	0.0310	20.51462	21.30	59.61	1.5	0.999408	19.7650	1.24680	772.74	0.96346	3.28	0
1865	18:21:05.92	0.0320	20.51420	21.31	59.61	1.5	0.999390	19.7644	1.24680	772.74	0.96345	3.28	0
1866	18:21:06.22	0.0370	20.51259	21.31	59.23	1.5	0.999294	19.7625	1.24680	772.74	0.96343	3.28	0
1867	18:21:06.52	0.0400	20.51147	21.31	59.23	1.5	0.999234	19.7618	1.24680	772.74	0.96346	3.28	0
1868	18:21:06.82	0.0405	20.51154	21.31	59.00	1.5	0.999228	19.7623	1.24680	772.76	0.96347	3.28	0
1869	18:21:07.12	0.0440	20.51021	21.31	59.00	1.5	0.999162	19.7609	1.24680	772.74	0.96347	3.28	0
1870	18:21:07.42	0.0455	20.50951	21.31	59.09	1.5	0.999132	19.7604	1.24680	772.74	0.96347	3.28	0
1871	18:21:07.72	0.0465	20.50916	21.31	59.09	1.5	0.999114	19.7592	1.24680	772.74	0.96343	3.28	0
1872	18:21:08.02	0.0515	20.50678	21.31	59.35	1.5	0.999018	19.7575	1.24680	772.74	0.96346	3.28	0
1873	18:21:08.32	0.0485	20.50804	21.31	59.35	1.5	0.999078	19.7579	1.24680	772.72	0.96343	3.28	0
1874	18:21:08.62	0.0475	20.50797	21.31	59.73	1.5	0.999096	19.7571	1.24676	772.72	0.96339	3.28	0
1875	18:21:08.92	0.0515	20.50650	21.31	59.73	1.5	0.999024	19.7578	1.24684	772.74	0.96349	3.28	0
1876	18:21:09.22	0.0475	20.50727	21.31	60.28	1.5	0.999090	19.7573	1.24680	772.74	0.96343	3.28	0
1877	18:21:09.52	0.0465	20.50783	21.31	60.28	1.5	0.999120	19.7576	1.24680	772.72	0.96342	3.28	0
1878	18:21:09.82	0.0465	20.50720	21.31	60.80	1.5	0.999120	19.7576	1.24680	772.74	0.96344	3.28	0
1879	18:21:10.12	0.0455	20.50762	21.31	60.80	1.5	0.999138	19.7588	1.24684	772.76	0.96349	3.28	0
1880	18:21:10.42	0.0395	20.50930	21.31	61.21	1.5	0.999246	19.7592	1.24680	772.72	0.96343	3.28	0
1881	18:21:10.72	0.0400	20.50923	21.31	61.21	1.5	0.999240	19.7601	1.24680	772.74	0.96347	3.28	0
1882	18:21:11.02	0.0360	20.51056	21.31	61.47	1.6	0.999318	19.7610	1.24680	772.74	0.96346	3.28	0
1883	18:21:11.32	0.0350	20.51077	21.31	61.47	1.6	0.999330	19.7613	1.24680	772.74	0.96346	3.28	0
1884	18:21:11.62	0.0345	20.51098	21.31	61.50	1.6	0.999342	19.7614	1.24680	772.74	0.96346	3.28	0
1885	18:21:11.92	0.0340	20.51119	21.31	61.50	1.6	0.999354	19.7613	1.24680	772.74	0.96344	3.28	0
1886	18:21:12.22	0.0350	20.51091	21.31	61.35	1.6	0.999330	19.7605	1.24676	772.72	0.96341	3.28	0
1887	18:21:12.52	0.0365	20.51042	21.31	61.35	1.6	0.999306	19.7610	1.24680	772.74	0.96346	3.28	0
1888	18:21:12.82	0.0380	20.51000	21.31	61.21	1.5	0.999276	19.7606	1.24680	772.74	0.96346	3.28	0
1889	18:21:13.12	0.0370	20.51042	21.31	61.21	1.5	0.999300	19.7608	1.24680	772.74	0.96346	3.28	0
1890	18:21:13.42	0.0365	20.51063	21.31	61.18	1.5	0.999306	19.7607	1.24680	772.74	0.96344	3.28	0
1891	18:21:13.72	0.0350	20.51126	21.31	61.18	1.5	0.999336	19.7606	1.24676	772.72	0.96340	3.28	0
1892	18:21:14.02	0.0365	20.51063	21.31	61.12	1.5	0.999300	19.7604	1.24680	772.72	0.96343	3.28	0
1893	18:21:14.32	0.0385	20.50979	21.31	61.12	1.5	0.999264	19.7600	1.24680	772.74	0.96344	3.28	0
1894	18:21:14.62	0.0400	20.50944	21.31	61.06	1.5	0.999240	19.7602	1.24680	772.74	0.96347	3.28	0
1895	18:21:14.92	0.0390	20.50972	21.31	61.06	1.5	0.999252	19.7598	1.24680	772.72	0.96344	3.28	0
1896	18:21:15.22	0.0410	20.50909	21.31	61.03	1.5	0.999222	19.7596	1.24680	772.74	0.96346	3.28	0
1897	18:21:15.52	0.0410	20.50909	21.31	61.03	1.5	0.999222	19.7598	1.24680	772.74	0.96347	3.28	0
1898	18:21:15.82	0.0405	20.50909	21.31	61.12	1.5	0.999228	19.7598	1.24680	772.76	0.96347	3.28	0
1899	18:21:16.12	0.0415	20.50860	21.31	61.12	1.5	0.999204	19.7598	1.24680	772.76	0.96349	3.28	0
1900	18:21:16.42	0.0430	20.50804	21.31	61.23	1.5	0.999186	19.7598	1.24684	772.76	0.96352	3.28	0
1901	18:21:16.72	0.0400	20.50923	21.31	61.23	1.5	0.999240	19.7592	1.24680	772.72	0.96343	3.28	0
1902	18:21:17.02	0.0430	20.50776	21.31	61.41	1.6	0.999180	19.7585	1.24680	772.74	0.96347	3.28	0
1903	18:21:17.32	0.0445	20.50720	21.31	61.41	1.6	0.999156	19.7583	1.24680	772.76	0.96348	3.28	0
1904	18:21:17.62	0.0445	20.50692	21.31	61.61	1.6	0.999150	19.7580	1.24684	772.74	0.96348	3.28	0
1905	18:21:17.92	0.0455	20.50664	21.31	61.61	1.6	0.999138	19.7576	1.24684	772.74	0.96347	3.28	0
1906	18:21:18.22	0.0455	20.50636	21.31	61.87	1.6	0.999138	19.7582	1.24684	772.76	0.96352	3.28	0
1907	18:21:18.52	0.0430	20.50720	21.31	61.87	1.6	0.999180	19.7579	1.24680	772.74	0.96346	3.28	0
1908	18:21:18.82	0.0440	20.50643	21.31	62.22	1.6	0.999162	19.7577	1.24684	772.76	0.96349	3.28	0
1909	18:21:19.14	0.0440	20.50650	21.31	62.22	1.6	0.999162	19.7573	1.24680	772.74	0.96347	3.28	0
1910	18:21:19.42	0.0405	20.50748	21.31	62.45	1.6	0.999222	19.7577	1.24680	772.74	0.96344	3.28	0
1911	18:21:19.72	0.0435	20.50643	21.31	62.45	1.6	0.999174	19.7572	1.24680	772.76	0.96347	3.28	0
1912	18:21:20.02	0.0425	20.50657	21.31	62.68	1.6	0.999192	19.7576	1.24680	772.76	0.96348	3.28	0
1913	18:21:20.32	0.0405	20.50734	21.31	62.68	1.6	0.999228	19.7573	1.24676	772.74	0.96343	3.28	0
1914	18:21:20.62	0.0400	20.50720	21.31	62.89	1.6	0.999234	19.7571	1.24680	772.72	0.96343	3.28	0
1915	18:21:20.92	0.0390	20.50769	21.31	62.89	1.6	0.999258	19.7581	1.24680	772.74	0.96344	3.28	0
1916	18:21:21.22	0.0390	20.50755	21.31	63.00	1.6	0.999258	19.7583	1.24680	772.74	0.96346	3.28	0
1917	18:21:21.52	0.0395	20.50734	21.31	63.00	1.6	0.999246	19.7583	1.24680	772.76	0.96347	3.28	0
1918	18:21:21.82	0.0345	20.50930	21.31	63.03	1.6	0.999348	19.7583	1.24676	772.72	0.96338	3.28	0
1919	18:21:22.13	0.0365	20.50846	21.31	63.03	1.6	0.999306	19.7585	1.24676	772.74	0.96343	3.28	0
1920	18:21:22.42	0.0360	20.50874	21.31	63.00	1.6	0.999318	19.7590	1.24680	772.74	0.96344	3.28	0
1921	18:21:22.72	0.0330	20.50986	21.31	63.00	1.6	0.999372	19.7592	1.24676	772.72	0.96340	3.28	0
1922	18:21:23.02	0.0325	20.51014	21.31	62.92	1.6	0.999384	19.7593	1.24676	772.72	0.96339	3.28	0
1923	18:21:23.32	0.0315	20.51056	21.31	62.92	1.6	0.999402	19.7603	1.24676	772.72	0.96342	3.28	0
1924	18:21:23.62	0.0310	20.51091	21.31	62.71	1.6	0.999408	19.7611	1.24680	772.74	0.96344	3.28	0
1925	18:21:23.92	0.0320	20.51056	21.31	62.71	1.6	0.999390	19.7605	1.24676	772.74	0.96343	3.28	0
1926	18:21:24.22	0.0320	20.51098	21.31	62.45	1.6	0.999396	19.7615	1.24680	772.74	0.96346	3.28	0
1927	18:21:24.52	0.0290	20.51196	21.31	62.45	1.6	0.999444	19.7619	1.24676	772.74	0.96343	3.28	0
1928	18:21:24.82	0.0320	20.51133	21.31	62.10	1.6	0.999390	19.7614	1.24680	772.74	0.96344	3.28	0
1929	18:21:25.12	0.0330	20.51098	21.31	62.10	1.6	0.999372	19.7608	1.24680	772.74	0.96343	3.28	0
1930	18:21:25.42	0.0325	20.51147	21.31	61.81	1.6	0.999384	19.7606	1.24676	772.72	0.96340	3.28	0
1931	18:21:25.72	0.0360	20.51007	21.31	61.81	1.6	0.999318	19.7606	1.24680	772.74	0.96346	3.28	0
1932	18:21:26.02	0.0365	20.51028	21.31	61.55	1.6	0.999312	19.7608	1.24680	772.74	0.96346	3.28	0
1933	18:21:26.32	0.0365	20.51021	21.31	61.55	1.6	0.999306	19.7606	1.24680	772.74	0.96346	3.28	0
1934	18:21:26.62	0.0345	20.51105	21.31	61.44	1.6	0.999342	19.7608	1.24680	772.72	0.96342	3.28	0
1935	18:21:26.92	0.0340	20.51126	21.32	61.44	1.6	0.999354	19.7616	1.24680	772.74	0.96345	3.28	0
1936	18:21:27.22	0.0325	20.51196	21.32	61.35	1.6	0.999384	19.7621	1.24680	772.74	0.96344	3.28	0
1937	18:21:27.52	0.0320	20.51217	21.31	61.35	1.6	0.999390	19.7627	1.24680	772.76	0.96346	3.28	0
1938	18:21:27.82	0.0320	20.51231	21.31	61.15	1.5	0.999384	19.7624	1.24676	772.74	0.96344	3.28	0
1939	18:21:28.12	0.0340	20.51168	21.31	61.15	1.5	0.999354	19.7623	1.24680	772.76	0.96347	3.28	0
1940	18:21:28.42	0.0325	20.51245	21.31	60.89	1.5	0.999378	19.7625	1.24676	772.74	0.96344	3.28	0
1941	18:21:28.72	0.0310	20.51315	21.31	60.89	1.5	0.999414	19.7630	1.24680	772.74	0.96343	3.28	0
1942	18:21:29.02	0.0305	20.51357	21.31	60.65	1.5	0.999420	19.7627	1.24676	772.72	0.96340	3.28	0
1943	18:21:29.32	0.0335	20.51231	21.31	60.65	1.5	0.999360	19.7622	1.24680	772.74	0.96343	3.28	0
1944	18:21:29.62	0.0325	20.51315	21.31	60.39	1.5	0.999384	19.7632	1.24680	772.72	0.96344	3.28	0
1945	18:21:29.92	0.0325	20.51315	21.31	60.39	1.5	0.999384	19.7634	1.24680	772.74	0.96345	3.28	0
1946	18:21:30.22	0.0320	20.51350	21.31	60.16	1.5	0.999390	19.7639	1.24680	772.76	0.96346	3.28	0
1947	18:21:30.52	0.0345	20.51259	21.31	60.16	1.5	0.999342	19.7641	1.24684	772.78	0.96352	3.28	0
1948	18:21:30.82	0.0325	20.51364	21.31	59.93	1.5	0.999384	19.7641	1.24680	772.74	0.96346	3.28	0
1949	18:21:31.12	0.0305	20.51441	21.31	59.93	1.5	0.999420	19.7642	1.24680	772.74	0.96343	3.28	0
1950	18:21:31.42	0.0320	20.51406	21.31	59.70	1.5	0.999390	19.7646	1.24680	772.74	0.96346	3.28	0
1951	18:21:31.72	0.0300	20.51490	21.31	59.70	1.5	0.999432	19.7651	1.24680	772.74	0.96345	3.28	0
1952	18:21:32.02	0.0290	20.51560	21.31	59.47	1.5	0.999450	19.7655	1.24680	772.74	0.96344	3.28	0
1953	18:21:32.32	0.0305	20.51490	21.31	59.47	1.5	0.999420	19.7653	1.24680	772.74	0.96346	3.28	0
1954	18:21:32.62	0.0315	20.51490	21.31	59.15	1.5	0.999402	19.7657	1.24680	772.76	0.96348	3.28	0
1955	18:21:32.92	0.0310	20.51504	21.31	59.15	1.5	0.999408	19.7662	1.24684	772.76	0.96350	3.28	0
1956	18:21:33.22	0.0305	20.51567	21.31	58.86	1.5	0.999420	19.7668	1.24684	772.76	0.96350	3.28	0
1957	18:21:33.52	0.0265	20.51714	21.31	58.86	1.5	0.999492	19.7672	1.24680	772.74	0.96345	3.28	0
1958	18:21:33.82	0.0310	20.51588	21.31	58.54	1.5	0.999414	19.7665	1.24680	772.74	0.96348	3.28	0
1959	18:21:34.12	0.0330	20.51504	21.31	58.54	1.5	0.999372	19.7659	1.24684	772.76	0.96349	3.28	0
1960	18:21:34.58	0.0340	20.51511	21.31	58.13	1.5	0.999354	19.7662	1.24684	772.76	0.96350	3.28	0
1961	18:21:34.72	0.0340	20.51504	21.31	58.13	1.5	0.999348	19.7653	1.24680	772.74	0.96346	3.28	0
1962	18:21:35.02	0.0385	20.51364	21.31	57.87	1.5	0.999264	19.7653	1.24684	772.76	0.96352	3.28	0
1963	18:21:35.32	0.0355	20.51476	21.31	57.87	1.5	0.999318	19.7660	1.24684	772.76	0.96350	3.28	0
1964	18:21:35.62	0.0370	20.51441	21.31	57.70	1.5	0.999294	19.7657	1.24684	772.76	0.96350	3.28	0
1965	18:21:35.92	0.0380	20.51392	21.32	57.70	1.5	0.999276	19.7649	1.24680	772.76	0.96349	3.28	0
1966	18:21:36.23	0.0425	20.51217	21.32	57.64	1.5	0.999186	19.7632	1.24680	772.76	0.96349	3.28	0
1967	18:21:36.52	0.0455	20.51105	21.32	57.64	1.5	0.999132	19.7618	1.24680	772.74	0.96347	3.28	0
1968	18:21:36.82	0.0455	20.51112	21.32	57.64	1.5	0.999132	19.7613	1.24680	772.74	0.96345	3.28	0
Device address	Device ID	Factory Device ID	Firmware	Measurement mode	Gain	Speed	Y_AH_Cal (-)	TF_Cal (V/W)	Temp_Cal (°C)																																				
FF47	D3	12J691	 C3.8	H2   	1.000	Norm 	 0.995544	20.464394	29.717340																																				
Iteration	Time	Output (%)	Transfer (V/W)	Tsens (°C)	RH (%)	AH (kPa)	Corr transfer (-)	Utp (mV)	Ih (mA)	Uh (mV)	Ph (mW)	Usyst (V)	Alarm																																
0	18:46:48.67	0.0430	20.53282	21.13	41.36	1.0	0.999180	19.7776	1.24672	772.60	0.96322	3.28	0
1	18:46:49.09	0.0415	20.53338	21.13	41.36	1.0	0.999204	19.7780	1.24672	772.60	0.96322	3.28	0
2	18:46:49.39	0.0420	20.53331	21.13	41.36	1.0	0.999204	19.7780	1.24672	772.60	0.96322	3.28	0
3	18:46:49.69	0.0425	20.53303	21.13	41.36	1.0	0.999192	19.7782	1.24676	772.60	0.96324	3.28	0
4	18:46:49.99	0.0410	20.53366	21.13	41.36	1.0	0.999222	19.7779	1.24672	772.60	0.96320	3.28	0
5	18:46:50.31	0.0420	20.53310	21.14	41.36	1.0	0.999198	19.7784	1.24676	772.60	0.96324	3.28	0
6	18:46:50.64	0.0405	20.53380	21.14	41.36	1.0	0.999234	19.7779	1.24672	772.58	0.96319	3.28	0
7	18:46:50.90	0.0430	20.53282	21.13	41.36	1.0	0.999180	19.7769	1.24672	772.58	0.96319	3.28	0
8	18:46:51.24	0.4165	20.38456	21.13	41.36	1.0	0.991968	19.6317	1.24672	772.48	0.96307	3.28	0
9	18:46:51.49	2.1670	19.66636	21.11	41.36	1.0	0.957012	18.9307	1.24668	772.12	0.96259	3.28	0
10	18:46:51.79	5.2270	18.51934	21.11	41.36	1.0	0.901194	17.8142	1.24672	771.56	0.96193	3.28	0
11	18:46:52.09	8.7215	17.33928	21.11	41.36	1.0	0.843774	16.6677	1.24676	771.02	0.96127	3.28	0
12	18:46:52.41	12.0560	16.28032	21.11	41.33	1.0	0.792240	15.6393	1.24676	770.50	0.96063	3.28	0
13	18:46:52.69	15.2545	15.36710	21.13	41.33	1.0	0.747798	14.7526	1.24672	770.04	0.96001	3.28	0
14	18:46:52.99	18.2370	14.57610	21.13	41.23	1.0	0.709308	13.9863	1.24676	769.64	0.95954	3.28	0
15	18:46:53.29	20.9740	13.89955	21.11	41.23	1.0	0.676380	13.3307	1.24672	769.26	0.95907	3.28	0
16	18:46:53.59	23.4515	13.32016	21.11	41.00	1.0	0.648180	12.7704	1.24676	768.98	0.95873	3.28	0
17	18:46:53.89	25.7105	12.81952	21.14	41.00	1.0	0.623820	12.2862	1.24676	768.72	0.95840	3.28	0
18	18:46:54.19	27.7595	12.38573	21.14	40.66	1.0	0.602700	11.8667	1.24676	768.48	0.95810	3.28	0
19	18:46:54.49	29.5940	12.01333	21.11	40.66	1.0	0.584574	11.5069	1.24676	768.26	0.95784	3.28	0
20	18:46:54.79	31.2555	11.68790	21.11	40.26	1.0	0.568722	11.1925	1.24676	768.08	0.95762	3.28	0
21	18:46:55.09	32.7395	11.40566	21.11	40.26	1.0	0.554994	10.9202	1.24676	767.94	0.95744	3.28	0
22	18:46:55.39	34.0235	11.16724	21.11	39.84	1.0	0.543378	10.6901	1.24676	767.80	0.95728	3.28	0
23	18:46:55.69	35.1975	10.95640	21.11	39.84	1.0	0.533118	10.4867	1.24676	767.70	0.95713	3.28	0
24	18:46:55.99	36.2910	10.76250	21.11	39.41	1.0	0.523668	10.2999	1.24676	767.58	0.95702	3.28	0
25	18:46:56.29	37.3040	10.58827	21.11	39.41	1.0	0.515196	10.1312	1.24676	767.46	0.95684	3.28	0
26	18:46:56.59	38.2210	10.43203	21.11	39.01	1.0	0.507582	9.9811	1.24680	767.38	0.95677	3.28	0
27	18:46:56.89	39.0465	10.29462	21.11	39.01	1.0	0.500892	9.8483	1.24676	767.30	0.95665	3.28	0
28	18:46:57.19	39.7825	10.17233	21.11	38.65	1.0	0.494934	9.7309	1.24680	767.24	0.95661	3.28	0
29	18:46:57.49	40.4500	10.06404	21.10	38.65	1.0	0.489666	9.6262	1.24676	767.18	0.95649	3.28	0
30	18:46:57.79	41.0490	9.96821	21.10	38.32	1.0	0.484992	9.5335	1.24676	767.10	0.95639	3.28	0
31	18:46:58.09	41.5800	9.88316	21.09	38.32	1.0	0.480846	9.4513	1.24676	767.04	0.95631	3.28	0
32	18:46:58.39	42.0500	9.80833	21.09	38.03	0.9	0.477198	9.3796	1.24680	767.00	0.95629	3.28	0
33	18:46:58.69	42.4715	9.74309	21.11	38.03	1.0	0.474030	9.3166	1.24676	766.96	0.95623	3.28	0
34	18:46:58.99	42.8325	9.68744	21.11	37.76	0.9	0.471318	9.2637	1.24680	766.96	0.95626	3.28	0
35	18:46:59.29	43.1320	9.64124	21.09	37.76	0.9	0.469062	9.2187	1.24680	766.92	0.95618	3.28	0
36	18:46:59.59	43.3845	9.60225	21.09	37.60	0.9	0.467166	9.1815	1.24680	766.90	0.95618	3.28	0
37	18:46:59.89	43.5880	9.57082	21.09	37.60	0.9	0.465636	9.1510	1.24680	766.88	0.95614	3.28	0
38	18:47:00.19	43.7620	9.54401	21.09	37.40	0.9	0.464322	9.1248	1.24676	766.84	0.95608	3.28	0
39	18:47:00.49	43.9145	9.52035	21.10	37.40	0.9	0.463176	9.1021	1.24676	766.82	0.95606	3.28	0
40	18:47:00.79	44.0525	9.49949	21.10	37.17	0.9	0.462156	9.0824	1.24680	766.84	0.95609	3.28	0
41	18:47:01.09	44.1670	9.48234	21.10	37.17	0.9	0.461322	9.0653	1.24676	766.80	0.95602	3.28	0
42	18:47:01.39	44.2760	9.46610	21.10	37.04	0.9	0.460524	9.0502	1.24680	766.82	0.95606	3.28	0
43	18:47:01.69	44.3605	9.45350	21.09	37.04	0.9	0.459912	9.0381	1.24680	766.82	0.95606	3.28	0
44	18:47:01.99	44.4375	9.44209	21.09	36.91	0.9	0.459354	9.0273	1.24684	766.82	0.95608	3.28	0
45	18:47:02.29	44.4970	9.43306	21.10	36.91	0.9	0.458916	9.0180	1.24676	766.78	0.95600	3.28	0
46	18:47:02.59	44.5470	9.42571	21.10	36.81	0.9	0.458556	9.0110	1.24676	766.78	0.95600	3.28	0
47	18:47:02.89	44.5910	9.41913	21.09	36.81	0.9	0.458232	9.0049	1.24680	766.78	0.95602	3.28	0
48	18:47:03.19	44.6290	9.41346	21.09	36.71	0.9	0.457956	8.9992	1.24680	766.76	0.95599	3.28	0
49	18:47:03.49	44.6640	9.40821	21.10	36.71	0.9	0.457704	8.9944	1.24680	766.78	0.95602	3.28	0
50	18:47:03.79	44.6975	9.40324	21.10	36.61	0.9	0.457458	8.9897	1.24680	766.78	0.95602	3.28	0
51	18:47:04.09	44.7230	9.39953	21.09	36.61	0.9	0.457272	8.9862	1.24680	766.78	0.95602	3.28	0
52	18:47:04.39	44.8795	9.37608	21.09	36.54	0.9	0.456132	8.9634	1.24680	766.76	0.95599	3.28	0
53	18:47:04.69	45.4060	9.29733	21.09	36.54	0.9	0.452298	8.8871	1.24676	766.68	0.95588	3.28	0
54	18:47:04.99	46.1570	9.18582	21.09	36.51	0.9	0.446874	8.7800	1.24680	766.62	0.95581	3.28	0
55	18:47:05.29	46.8785	9.08173	21.09	36.51	0.9	0.441810	8.6794	1.24676	766.56	0.95570	3.28	0
56	18:47:05.59	47.4725	8.99605	21.09	36.44	0.9	0.437646	8.5971	1.24676	766.50	0.95565	3.28	0
57	18:47:05.89	47.9520	8.92689	21.09	36.44	0.9	0.434280	8.5305	1.24676	766.46	0.95560	3.28	0
58	18:47:06.19	48.1535	8.89854	21.09	36.31	0.9	0.432894	8.5033	1.24676	766.44	0.95559	3.28	0
59	18:47:06.49	48.3190	8.87537	21.09	36.31	0.9	0.431766	8.4813	1.24680	766.44	0.95560	3.28	0
60	18:47:06.79	48.2860	8.88013	21.09	35.98	0.9	0.431994	8.4860	1.24680	766.44	0.95561	3.28	0
61	18:47:07.09	48.0690	8.91051	21.09	35.98	0.9	0.433470	8.5149	1.24676	766.46	0.95561	3.28	0
62	18:47:07.39	47.8010	8.94915	21.09	35.46	0.9	0.435336	8.5522	1.24680	766.48	0.95565	3.28	0
63	18:47:07.69	47.6410	8.97225	21.09	35.46	0.9	0.436458	8.5744	1.24680	766.50	0.95566	3.28	0
64	18:47:07.99	47.5375	8.98751	21.09	34.93	0.9	0.437184	8.5889	1.24676	766.50	0.95566	3.28	0
65	18:47:08.29	47.6350	8.97337	21.09	34.93	0.9	0.436500	8.5755	1.24680	766.50	0.95566	3.28	0
66	18:47:08.59	47.8390	8.94432	21.09	34.27	0.9	0.435066	8.5472	1.24676	766.46	0.95561	3.28	0
67	18:47:08.89	47.9920	8.92220	21.09	34.27	0.9	0.433998	8.5263	1.24680	766.46	0.95563	3.28	0
68	18:47:09.19	47.8670	8.94054	21.09	33.71	0.8	0.434874	8.5441	1.24680	766.48	0.95565	3.28	0
69	18:47:09.49	47.5940	8.97995	21.09	33.71	0.8	0.436788	8.5818	1.24680	766.50	0.95566	3.28	0
70	18:47:09.79	47.2110	9.03553	21.09	33.07	0.8	0.439476	8.6357	1.24684	766.54	0.95575	3.28	0
71	18:47:10.09	46.6800	9.11211	21.10	33.07	0.8	0.443202	8.7096	1.24680	766.62	0.95582	3.28	0
72	18:47:10.39	46.1175	9.19366	21.10	32.52	0.8	0.447156	8.7880	1.24680	766.66	0.95587	3.28	0
73	18:47:10.69	46.0150	9.20843	21.09	32.52	0.8	0.447870	8.8018	1.24676	766.64	0.95584	3.28	0
74	18:47:10.99	45.8160	9.23846	21.09	32.01	0.8	0.449322	8.8308	1.24680	766.68	0.95587	3.28	0
75	18:47:11.29	45.6370	9.26534	21.07	32.01	0.8	0.450624	8.8568	1.24680	766.68	0.95591	3.28	0
76	18:47:11.59	45.2890	9.31763	21.07	31.54	0.8	0.453156	8.9076	1.24684	766.74	0.95599	3.28	0
77	18:47:11.89	44.9770	9.36418	21.11	31.54	0.8	0.455424	8.9519	1.24680	766.76	0.95597	3.28	0
78	18:47:12.19	44.6820	9.40856	21.11	31.14	0.8	0.457572	8.9945	1.24676	766.78	0.95599	3.28	0
79	18:47:12.49	44.2235	9.47723	21.10	31.14	0.8	0.460908	9.0610	1.24680	766.82	0.95608	3.28	0
80	18:47:12.79	43.7020	9.55689	21.10	30.83	0.8	0.464778	9.1374	1.24676	766.86	0.95611	3.28	0
81	18:47:13.09	43.2080	9.63333	21.09	30.83	0.8	0.468492	9.2113	1.24680	766.92	0.95620	3.28	0
82	18:47:13.39	42.4750	9.74680	21.09	30.54	0.8	0.474006	9.3205	1.24680	766.98	0.95626	3.28	0
83	18:47:13.69	41.8140	9.85012	21.09	30.54	0.8	0.479028	9.4204	1.24680	767.06	0.95637	3.28	0
84	18:47:13.99	40.7830	10.01560	21.09	30.31	0.8	0.487068	9.5797	1.24680	767.14	0.95648	3.28	0
85	18:47:14.29	39.3865	10.24324	21.09	30.31	0.8	0.498138	9.7994	1.24680	767.30	0.95666	3.28	0
86	18:47:14.59	37.4880	10.56244	21.09	30.19	0.8	0.513654	10.1073	1.24680	767.50	0.95691	3.28	0
87	18:47:14.89	35.2420	10.95465	21.09	30.19	0.8	0.532728	10.4854	1.24676	767.72	0.95717	3.28	0
88	18:47:15.19	33.6745	11.23843	21.09	30.12	0.8	0.546528	10.7589	1.24676	767.86	0.95733	3.28	0
89	18:47:15.49	32.9800	11.36765	21.10	30.12	0.8	0.552816	10.8833	1.24672	767.92	0.95739	3.28	0
90	18:47:15.79	32.5180	11.45375	21.10	30.16	0.8	0.557004	10.9668	1.24676	767.98	0.95749	3.28	0
91	18:47:16.09	31.8700	11.57534	21.11	30.16	0.8	0.562920	11.0848	1.24680	768.06	0.95762	3.28	0
92	18:47:16.39	31.7605	11.59655	21.11	30.23	0.8	0.563952	11.1045	1.24676	768.06	0.95757	3.28	0
93	18:47:16.69	32.5470	11.44822	21.11	30.23	0.8	0.556740	10.9613	1.24676	767.98	0.95747	3.28	0
94	18:47:16.99	32.6730	11.42463	21.11	30.43	0.8	0.555594	10.9392	1.24680	767.98	0.95752	3.28	0
95	18:47:17.29	31.6485	11.61825	21.10	30.43	0.8	0.565014	11.1263	1.24680	768.10	0.95765	3.28	0
96	18:47:17.59	30.2740	11.88509	21.10	30.71	0.8	0.577998	11.3837	1.24676	768.24	0.95782	3.28	0
97	18:47:17.89	29.4755	12.04427	21.11	30.71	0.8	0.585738	11.5373	1.24676	768.32	0.95791	3.28	0
98	18:47:18.19	29.5770	12.02362	21.11	30.90	0.8	0.584742	11.5177	1.24676	768.32	0.95792	3.28	0
99	18:47:18.49	29.0750	12.12505	21.09	30.90	0.8	0.589674	11.6156	1.24676	768.38	0.95798	3.28	0
100	18:47:18.79	27.8380	12.37614	21.09	31.10	0.8	0.601890	11.8586	1.24680	768.52	0.95818	3.28	0
101	18:47:19.09	27.2230	12.50578	21.10	31.10	0.8	0.608196	11.9842	1.24680	768.60	0.95830	3.28	0
102	18:47:19.39	26.6330	12.63003	21.10	31.34	0.8	0.614250	12.1040	1.24680	768.66	0.95836	3.28	0
103	18:47:19.69	26.0865	12.74525	21.10	31.34	0.8	0.619848	12.2151	1.24676	768.72	0.95841	3.28	0
104	18:47:19.99	26.0195	12.75911	21.10	31.61	0.8	0.620538	12.2283	1.24676	768.70	0.95840	3.28	0
105	18:47:20.29	26.2035	12.72026	21.11	31.61	0.8	0.618648	12.1911	1.24680	768.70	0.95840	3.28	0
106	18:47:20.59	26.4000	12.67875	21.11	31.85	0.8	0.616638	12.1512	1.24680	768.68	0.95839	3.28	0
107	18:47:20.89	26.0065	12.76170	21.11	31.85	0.8	0.620670	12.2308	1.24676	768.72	0.95840	3.28	0
108	18:47:21.19	25.1435	12.95049	21.11	32.09	0.8	0.629862	12.4133	1.24676	768.82	0.95852	3.28	0
109	18:47:21.49	24.7275	13.04170	21.11	32.09	0.8	0.634302	12.5020	1.24676	768.88	0.95861	3.28	0
110	18:47:21.79	25.3955	12.89505	21.11	32.36	0.8	0.627180	12.3602	1.24680	768.80	0.95852	3.28	0
111	18:47:22.09	26.5110	12.65495	21.11	32.36	0.8	0.615498	12.1278	1.24676	768.66	0.95834	3.28	0
112	18:47:22.39	26.5180	12.65320	21.11	32.64	0.8	0.615426	12.1268	1.24680	768.68	0.95839	3.28	0
113	18:47:22.69	25.6690	12.83506	21.10	32.64	0.8	0.624264	12.3022	1.24676	768.78	0.95849	3.28	0
114	18:47:22.99	24.6795	13.05171	21.10	32.83	0.8	0.634812	12.5115	1.24676	768.88	0.95861	3.28	0
115	18:47:23.29	23.9795	13.20515	21.11	32.83	0.8	0.642276	12.6603	1.24676	768.98	0.95873	3.28	0
116	18:47:23.59	23.4995	13.31540	21.11	32.95	0.8	0.647640	12.7665	1.24676	769.02	0.95878	3.28	0
117	18:47:23.89	23.3785	13.34312	21.11	32.95	0.8	0.648990	12.7935	1.24676	769.04	0.95881	3.28	0
118	18:47:24.19	23.3545	13.34851	21.11	33.15	0.8	0.649260	12.7989	1.24676	769.04	0.95883	3.28	0
119	18:47:24.49	23.3215	13.35607	21.11	33.15	0.8	0.649626	12.8055	1.24676	769.02	0.95878	3.28	0
120	18:47:24.79	23.3990	13.33815	21.11	33.34	0.8	0.648762	12.7881	1.24672	769.02	0.95876	3.28	0
121	18:47:25.09	23.4745	13.32086	21.11	33.34	0.8	0.647922	12.7723	1.24676	769.04	0.95882	3.28	0
122	18:47:25.39	23.5100	13.31246	21.11	33.54	0.8	0.647526	12.7634	1.24676	769.00	0.95875	3.28	0
123	18:47:25.69	23.6510	13.28012	21.11	33.54	0.8	0.645948	12.7326	1.24676	769.00	0.95877	3.28	0
124	18:47:25.99	23.9225	13.21768	21.11	33.67	0.8	0.642918	12.6722	1.24680	768.96	0.95873	3.28	0
125	18:47:26.29	24.3965	13.11303	21.11	33.67	0.8	0.637830	12.5712	1.24680	768.92	0.95868	3.28	0
126	18:47:26.59	24.9670	12.98794	21.11	33.84	0.8	0.631746	12.4500	1.24680	768.84	0.95858	3.28	0
127	18:47:26.89	24.9610	12.98920	21.11	33.84	0.8	0.631812	12.4509	1.24676	768.84	0.95856	3.28	0
128	18:47:27.19	24.4750	13.09567	21.11	33.91	0.8	0.636990	12.5539	1.24676	768.90	0.95864	3.28	0
129	18:47:27.49	24.1105	13.17547	21.11	33.91	0.8	0.640872	12.6311	1.24676	768.94	0.95868	3.28	0
130	18:47:27.79	23.8220	13.24050	21.11	33.97	0.8	0.644040	12.6942	1.24676	769.00	0.95875	3.28	0
131	18:47:28.09	23.4610	13.32338	21.11	33.97	0.8	0.648066	12.7743	1.24676	769.04	0.95879	3.28	0
132	18:47:28.39	23.0925	13.40794	21.11	34.04	0.9	0.652188	12.8554	1.24672	769.06	0.95879	3.28	0
133	18:47:28.69	22.8670	13.45967	21.13	34.04	0.9	0.654702	12.9062	1.24676	769.10	0.95888	3.28	0
134	18:47:28.99	22.5430	13.53401	21.13	34.10	0.9	0.658320	12.9771	1.24672	769.10	0.95885	3.28	0
135	18:47:29.29	22.3345	13.58189	21.11	34.10	0.9	0.660648	13.0242	1.24676	769.16	0.95894	3.28	0
136	18:47:29.59	22.3955	13.56789	21.11	34.20	0.9	0.659976	13.0103	1.24676	769.12	0.95890	3.28	0
137	18:47:29.89	22.6730	13.50405	21.11	34.20	0.9	0.656868	12.9487	1.24672	769.10	0.95888	3.28	0
138	18:47:30.19	23.2405	13.37378	21.11	34.27	0.9	0.650532	12.8228	1.24676	769.04	0.95880	3.28	0
139	18:47:30.49	23.7095	13.26612	21.11	34.27	0.9	0.645294	12.7189	1.24676	768.98	0.95876	3.28	0
140	18:47:30.79	23.9540	13.20991	21.11	34.34	0.9	0.642564	12.6643	1.24676	768.96	0.95870	3.28	0
141	18:47:31.09	23.7380	13.25940	21.13	34.34	0.9	0.644976	12.7122	1.24676	768.98	0.95873	3.28	0
142	18:47:31.39	23.2890	13.36251	21.13	34.41	0.9	0.649992	12.8127	1.24680	769.06	0.95885	3.28	0
143	18:47:31.69	23.0300	13.42194	21.13	34.41	0.9	0.652884	12.8691	1.24672	769.06	0.95881	3.28	0
144	18:47:31.99	22.7900	13.47703	21.13	34.44	0.9	0.655566	12.9224	1.24672	769.10	0.95885	3.28	0
145	18:47:32.29	22.5060	13.54227	21.11	34.44	0.9	0.658734	12.9856	1.24672	769.12	0.95890	3.28	0
146	18:47:32.59	22.3755	13.57216	21.11	34.47	0.9	0.660192	13.0146	1.24672	769.14	0.95892	3.28	0
147	18:47:32.89	22.4480	13.55557	21.11	34.47	0.9	0.659382	12.9981	1.24672	769.12	0.95888	3.28	0
148	18:47:33.19	22.5195	13.53919	21.11	34.53	0.9	0.658590	12.9827	1.24676	769.12	0.95890	3.28	0
149	18:47:33.49	22.5990	13.52078	21.13	34.53	0.9	0.657696	12.9649	1.24672	769.12	0.95888	3.28	0
150	18:47:33.79	22.5240	13.53800	21.13	34.60	0.9	0.658536	12.9818	1.24676	769.14	0.95891	3.28	0
151	18:47:34.09	22.3345	13.58147	21.13	34.60	0.9	0.660654	13.0241	1.24676	769.16	0.95896	3.28	0
152	18:47:34.39	22.3470	13.57853	21.13	34.63	0.9	0.660510	13.0209	1.24672	769.16	0.95893	3.28	0
153	18:47:34.69	22.4115	13.56376	21.11	34.63	0.9	0.659790	13.0067	1.24676	769.14	0.95893	3.28	0
154	18:47:34.99	22.4310	13.55935	21.11	34.66	0.9	0.659574	13.0026	1.24676	769.16	0.95894	3.28	0
155	18:47:35.29	22.3390	13.58035	21.13	34.66	0.9	0.660600	13.0234	1.24676	769.18	0.95898	3.28	0
156	18:47:35.59	22.2030	13.61164	21.13	34.70	0.9	0.662124	13.0530	1.24676	769.18	0.95896	3.28	0
157	18:47:35.89	22.0050	13.65700	21.14	34.70	0.9	0.664332	13.0971	1.24676	769.20	0.95900	3.28	0
158	18:47:36.19	21.8575	13.69235	21.14	34.73	0.9	0.666054	13.1314	1.24676	769.22	0.95904	3.28	0
159	18:47:36.49	21.8295	13.69907	21.14	34.73	0.9	0.666378	13.1383	1.24676	769.24	0.95906	3.28	0
160	18:47:36.79	21.9115	13.67940	21.14	34.76	0.9	0.665424	13.1191	1.24676	769.22	0.95905	3.28	0
161	18:47:37.09	21.9800	13.66295	21.13	34.76	0.9	0.664620	13.1034	1.24676	769.22	0.95904	3.28	0
162	18:47:37.39	22.0125	13.65525	21.13	34.79	0.9	0.664248	13.0954	1.24672	769.20	0.95900	3.28	0
163	18:47:37.69	22.0575	13.64496	21.13	34.79	0.9	0.663744	13.0862	1.24680	769.22	0.95906	3.28	0
164	18:47:37.99	22.1185	13.63089	21.13	34.83	0.9	0.663066	13.0721	1.24676	769.20	0.95900	3.28	0
165	18:47:38.29	22.0305	13.65105	21.14	34.83	0.9	0.664050	13.0920	1.24676	769.22	0.95904	3.28	0
166	18:47:38.59	22.0545	13.64545	21.14	34.93	0.9	0.663780	13.0855	1.24672	769.18	0.95897	3.28	0
167	18:47:38.89	22.1635	13.62046	21.14	34.93	0.9	0.662562	13.0618	1.24676	769.18	0.95899	3.28	0
168	18:47:39.19	22.1725	13.61843	21.14	34.93	0.9	0.662460	13.0597	1.24676	769.18	0.95897	3.28	0
169	18:47:39.49	21.9720	13.66470	21.14	34.93	0.9	0.664716	13.1044	1.24672	769.20	0.95900	3.28	0
170	18:47:39.79	21.7535	13.71713	21.14	34.93	0.9	0.667266	13.1553	1.24676	769.24	0.95904	3.28	0
171	18:47:40.09	21.5920	13.75605	21.11	34.93	0.9	0.669156	13.1935	1.24676	769.28	0.95910	3.28	0
172	18:47:40.39	21.4410	13.79231	21.11	34.96	0.9	0.670920	13.2286	1.24680	769.28	0.95913	3.28	0
173	18:47:40.69	21.4800	13.78286	21.14	34.96	0.9	0.670464	13.2196	1.24680	769.28	0.95913	3.28	0
174	18:47:40.99	21.6105	13.75143	21.14	34.99	0.9	0.668940	13.1888	1.24676	769.26	0.95908	3.28	0
175	18:47:41.29	21.7400	13.72049	21.11	34.99	0.9	0.667428	13.1586	1.24676	769.24	0.95905	3.28	0
176	18:47:41.59	21.8130	13.70299	21.11	34.99	0.9	0.666576	13.1415	1.24676	769.22	0.95902	3.28	0
177	18:47:41.89	21.6355	13.74541	21.14	34.99	0.9	0.668646	13.1827	1.24676	769.24	0.95906	3.28	0
178	18:47:42.19	21.5110	13.77537	21.14	35.02	0.9	0.670104	13.2114	1.24676	769.26	0.95906	3.28	0
179	18:47:42.49	21.6055	13.75269	21.14	35.02	0.9	0.669000	13.1904	1.24680	769.26	0.95911	3.28	0
180	18:47:42.79	21.8585	13.69193	21.14	35.06	0.9	0.666042	13.1310	1.24676	769.22	0.95903	3.28	0
181	18:47:43.09	21.9250	13.67583	21.14	35.06	0.9	0.665262	13.1159	1.24676	769.22	0.95905	3.28	0
182	18:47:43.39	21.8275	13.69928	21.14	35.06	0.9	0.666402	13.1384	1.24676	769.24	0.95905	3.28	0
183	18:47:43.69	21.6050	13.75276	21.13	35.06	0.9	0.669000	13.1902	1.24676	769.26	0.95910	3.28	0
184	18:47:43.99	21.4520	13.78958	21.13	35.06	0.9	0.670794	13.2254	1.24676	769.28	0.95909	3.28	0
185	18:47:44.29	21.3900	13.80442	21.14	35.06	0.9	0.671520	13.2400	1.24676	769.28	0.95911	3.28	0
186	18:47:44.59	21.2940	13.82745	21.14	35.09	0.9	0.672636	13.2626	1.24680	769.30	0.95915	3.28	0
187	18:47:44.89	21.2175	13.84586	21.14	35.09	0.9	0.673536	13.2798	1.24672	769.30	0.95912	3.28	0
188	18:47:45.19	21.1700	13.85727	21.14	35.09	0.9	0.674088	13.2905	1.24672	769.30	0.95910	3.28	0
189	18:47:45.49	21.1115	13.87127	21.14	35.09	0.9	0.674772	13.3052	1.24676	769.34	0.95919	3.28	0
190	18:47:45.79	20.9820	13.90235	21.14	35.12	0.9	0.676284	13.3349	1.24676	769.34	0.95918	3.28	0
191	18:47:46.09	20.8150	13.94253	21.14	35.12	0.9	0.678234	13.3733	1.24672	769.36	0.95918	3.28	0
192	18:47:46.39	20.8575	13.93224	21.14	35.12	0.9	0.677736	13.3633	1.24672	769.34	0.95917	3.28	0
193	18:47:46.69	21.0830	13.87799	21.15	35.12	0.9	0.675102	13.3106	1.24672	769.30	0.95912	3.28	0
194	18:47:46.99	21.2710	13.83291	21.15	35.16	0.9	0.672906	13.2678	1.24676	769.30	0.95915	3.28	0
195	18:47:47.29	21.2190	13.84537	21.14	35.16	0.9	0.673512	13.2794	1.24676	769.30	0.95912	3.28	0
196	18:47:47.59	21.1875	13.85293	21.14	35.19	0.9	0.673884	13.2878	1.24680	769.34	0.95920	3.28	0
197	18:47:47.89	21.1365	13.86518	21.14	35.19	0.9	0.674478	13.2978	1.24672	769.28	0.95908	3.28	0
198	18:47:48.19	20.9970	13.89871	21.14	35.26	0.9	0.676110	13.3315	1.24676	769.34	0.95919	3.28	0
199	18:47:48.49	20.8710	13.92895	21.14	35.26	0.9	0.677580	13.3602	1.24676	769.34	0.95917	3.28	0
200	18:47:48.79	20.8165	13.94204	21.14	35.26	0.9	0.678222	13.3728	1.24672	769.34	0.95917	3.28	0
201	18:47:49.09	20.8085	13.94393	21.14	35.26	0.9	0.678312	13.3750	1.24676	769.36	0.95920	3.28	0
202	18:47:49.39	20.7400	13.96038	21.14	35.29	0.9	0.679116	13.3905	1.24672	769.36	0.95918	3.28	0
203	18:47:49.69	20.6915	13.97207	21.14	35.29	0.9	0.679680	13.4023	1.24676	769.38	0.95922	3.28	0
204	18:47:49.99	20.7110	13.96738	21.14	35.29	0.9	0.679452	13.3976	1.24676	769.36	0.95921	3.28	0
205	18:47:50.29	20.8065	13.94442	21.14	35.29	0.9	0.678336	13.3752	1.24672	769.36	0.95918	3.28	0
206	18:47:50.59	20.8215	13.94078	21.14	35.32	0.9	0.678162	13.3720	1.24676	769.36	0.95920	3.28	0
207	18:47:50.89	20.7975	13.94659	21.14	35.32	0.9	0.678444	13.3778	1.24676	769.36	0.95921	3.28	0
208	18:47:51.19	20.7860	13.94932	21.14	35.36	0.9	0.678576	13.3801	1.24676	769.36	0.95919	3.28	0
209	18:47:51.49	20.8375	13.93693	21.15	35.36	0.9	0.677976	13.3686	1.24676	769.36	0.95922	3.28	0
210	18:47:51.79	20.8360	13.93728	21.15	35.36	0.9	0.677994	13.3687	1.24676	769.36	0.95920	3.28	0
211	18:47:52.09	20.8480	13.93434	21.14	35.36	0.9	0.677850	13.3661	1.24676	769.38	0.95923	3.28	0
212	18:47:52.39	20.7960	13.94680	21.14	35.36	0.9	0.678456	13.3781	1.24676	769.36	0.95922	3.28	0
213	18:47:52.69	20.4990	14.01820	21.14	35.36	0.9	0.681930	13.4475	1.24676	769.42	0.95929	3.28	0
214	18:47:52.99	20.1830	14.09415	21.14	35.39	0.9	0.685620	13.5206	1.24676	769.44	0.95931	3.28	0
215	18:47:53.29	20.0330	14.13020	21.14	35.39	0.9	0.687378	13.5558	1.24676	769.46	0.95935	3.28	0
216	18:47:53.59	19.8685	14.17122	21.14	35.39	0.9	0.689370	13.5960	1.24680	769.50	0.95941	3.28	0
217	18:47:53.89	19.7755	14.19453	21.14	35.39	0.9	0.690504	13.6184	1.24680	769.50	0.95941	3.28	0
218	18:47:54.19	19.7545	14.19971	21.14	35.39	0.9	0.690762	13.6223	1.24672	769.48	0.95933	3.28	0
219	18:47:54.49	19.8640	14.17227	21.14	35.39	0.9	0.689424	13.5964	1.24676	769.48	0.95937	3.28	0
220	18:47:54.79	20.0375	14.12908	21.14	35.42	0.9	0.687324	13.5547	1.24676	769.46	0.95935	3.28	0
221	18:47:55.09	20.3210	14.06097	21.14	35.42	0.9	0.684012	13.4885	1.24676	769.42	0.95929	3.28	0
222	18:47:55.39	20.5385	14.00861	21.14	35.49	0.9	0.681468	13.4380	1.24680	769.40	0.95927	3.28	0
223	18:47:55.69	20.6275	13.98733	21.14	35.49	0.9	0.680430	13.4178	1.24680	769.40	0.95928	3.28	0
224	18:47:55.99	20.5570	14.00427	21.14	35.49	0.9	0.681258	13.4331	1.24672	769.38	0.95922	3.28	0
225	18:47:56.29	20.4200	14.03710	21.14	35.49	0.9	0.682854	13.4655	1.24676	769.42	0.95929	3.28	0
226	18:47:56.59	20.4265	14.03549	21.14	35.52	0.9	0.682776	13.4635	1.24676	769.40	0.95925	3.28	0
227	18:47:56.89	20.4655	14.02625	21.14	35.52	0.9	0.682326	13.4543	1.24676	769.38	0.95923	3.28	0
228	18:47:57.19	20.3975	14.04256	21.14	35.52	0.9	0.683118	13.4706	1.24676	769.42	0.95927	3.28	0
229	18:47:57.49	20.3765	14.04753	21.14	35.52	0.9	0.683364	13.4757	1.24676	769.42	0.95929	3.28	0
230	18:47:57.79	20.4065	14.04039	21.14	35.52	0.9	0.683016	13.4684	1.24676	769.40	0.95926	3.28	0
231	18:47:58.09	20.2355	14.08141	21.14	35.52	0.9	0.685008	13.5082	1.24676	769.44	0.95929	3.28	0
232	18:47:58.39	20.1675	14.09786	21.14	35.52	0.9	0.685806	13.5241	1.24676	769.44	0.95930	3.28	0
233	18:47:58.69	20.1940	14.09135	21.14	35.52	0.9	0.685494	13.5177	1.24676	769.44	0.95929	3.28	0
234	18:47:58.99	20.2610	14.07525	21.14	35.52	0.9	0.684708	13.5017	1.24676	769.42	0.95926	3.28	0
235	18:47:59.29	20.3755	14.04781	21.15	35.52	0.9	0.683376	13.4758	1.24676	769.42	0.95928	3.28	0
236	18:47:59.59	20.3445	14.05523	21.15	35.52	0.9	0.683736	13.4829	1.24676	769.42	0.95929	3.28	0
237	18:47:59.89	20.3260	14.05971	21.14	35.52	0.9	0.683958	13.4876	1.24676	769.44	0.95930	3.28	0
238	18:48:00.19	20.3470	14.05467	21.14	35.56	0.9	0.683712	13.4825	1.24676	769.42	0.95929	3.28	0
239	18:48:00.49	20.4250	14.03591	21.14	35.56	0.9	0.682794	13.4646	1.24676	769.42	0.95930	3.28	0
240	18:48:00.79	20.4390	14.03248	21.14	35.56	0.9	0.682632	13.4611	1.24676	769.42	0.95929	3.28	0
241	18:48:01.09	20.4395	14.03241	21.14	35.56	0.9	0.682626	13.4610	1.24676	769.42	0.95927	3.28	0
242	18:48:01.39	20.5105	14.01540	21.14	35.56	0.9	0.681798	13.4442	1.24676	769.40	0.95925	3.28	0
243	18:48:01.69	20.5090	14.01561	21.14	35.56	0.9	0.681810	13.4451	1.24680	769.42	0.95929	3.28	0
244	18:48:01.99	20.4855	14.02135	21.14	35.56	0.9	0.682092	13.4501	1.24676	769.40	0.95926	3.28	0
245	18:48:02.29	20.4720	14.02464	21.14	35.56	0.9	0.682248	13.4529	1.24676	769.40	0.95923	3.28	0
246	18:48:02.59	20.3445	14.05523	21.14	35.56	0.9	0.683736	13.4832	1.24676	769.42	0.95930	3.28	0
247	18:48:02.89	20.2790	14.07098	21.14	35.56	0.9	0.684504	13.4984	1.24676	769.44	0.95931	3.28	0
248	18:48:03.19	20.3315	14.05831	21.14	35.56	0.9	0.683886	13.4865	1.24680	769.44	0.95933	3.28	0
249	18:48:03.49	20.3855	14.04536	21.14	35.56	0.9	0.683256	13.4737	1.24676	769.42	0.95930	3.28	0
250	18:48:03.79	20.4080	14.03997	21.14	35.56	0.9	0.682992	13.4686	1.24680	769.42	0.95931	3.28	0
251	18:48:04.09	20.3705	14.04893	21.14	35.56	0.9	0.683430	13.4768	1.24676	769.42	0.95927	3.28	0
252	18:48:04.39	20.3490	14.05418	21.14	35.56	0.9	0.683688	13.4821	1.24676	769.42	0.95929	3.28	0
253	18:48:04.69	20.3120	14.06300	21.14	35.56	0.9	0.684114	13.4905	1.24676	769.42	0.95929	3.28	0
254	18:48:04.99	20.2540	14.07693	21.14	35.56	0.9	0.684792	13.5043	1.24676	769.44	0.95932	3.28	0
255	18:48:05.29	20.2125	14.08694	21.14	35.56	0.9	0.685284	13.5136	1.24676	769.44	0.95929	3.28	0
256	18:48:05.59	20.1855	14.09338	21.14	35.56	0.9	0.685596	13.5197	1.24672	769.44	0.95930	3.28	0
257	18:48:05.89	20.1510	14.10164	21.14	35.56	0.9	0.685998	13.5281	1.24676	769.46	0.95933	3.28	0
258	18:48:06.19	20.1070	14.11228	21.14	35.56	0.9	0.686514	13.5380	1.24672	769.46	0.95930	3.28	0
259	18:48:06.49	20.0580	14.12397	21.14	35.56	0.9	0.687084	13.5499	1.24676	769.48	0.95935	3.28	0
260	18:48:06.79	20.0290	14.13104	21.14	35.56	0.9	0.687426	13.5566	1.24676	769.48	0.95935	3.28	0
261	18:48:07.09	20.0195	14.13335	21.14	35.56	0.9	0.687534	13.5593	1.24680	769.48	0.95939	3.28	0
262	18:48:07.39	20.0300	14.13076	21.14	35.56	0.9	0.687408	13.5563	1.24676	769.48	0.95935	3.28	0
263	18:48:07.69	20.0545	14.12488	21.14	35.56	0.9	0.687126	13.5505	1.24676	769.46	0.95933	3.28	0
264	18:48:07.99	20.0535	14.12516	21.14	35.56	0.9	0.687138	13.5507	1.24676	769.46	0.95933	3.28	0
265	18:48:08.29	20.0525	14.12537	21.14	35.56	0.9	0.687150	13.5513	1.24676	769.48	0.95936	3.28	0
266	18:48:08.59	20.0395	14.12845	21.14	35.62	0.9	0.687300	13.5541	1.24676	769.46	0.95935	3.28	0
267	18:48:08.89	20.0245	14.13209	21.14	35.62	0.9	0.687480	13.5576	1.24676	769.46	0.95935	3.28	0
268	18:48:09.19	20.0240	14.13209	21.14	35.62	0.9	0.687480	13.5581	1.24680	769.48	0.95938	3.28	0
269	18:48:09.49	20.0280	14.13125	21.14	35.62	0.9	0.687438	13.5569	1.24676	769.48	0.95936	3.28	0
270	18:48:09.79	20.0320	14.13020	21.14	35.66	0.9	0.687390	13.5556	1.24676	769.46	0.95933	3.28	0
271	18:48:10.09	20.0375	14.12887	21.14	35.66	0.9	0.687324	13.5547	1.24676	769.48	0.95935	3.28	0
272	18:48:10.39	20.0485	14.12621	21.14	35.66	0.9	0.687192	13.5524	1.24680	769.48	0.95938	3.28	0
273	18:48:10.69	20.0540	14.12488	21.14	35.66	0.9	0.687132	13.5502	1.24676	769.46	0.95932	3.28	0
274	18:48:10.99	20.0580	14.12397	21.14	35.66	0.9	0.687084	13.5495	1.24676	769.46	0.95933	3.28	0
275	18:48:11.29	20.0550	14.12460	21.14	35.66	0.9	0.687120	13.5508	1.24680	769.48	0.95938	3.28	0
276	18:48:11.59	20.0505	14.12579	21.14	35.66	0.9	0.687174	13.5508	1.24672	769.46	0.95929	3.28	0
277	18:48:11.89	20.0475	14.12642	21.14	35.66	0.9	0.687204	13.5524	1.24680	769.48	0.95936	3.28	0
278	18:48:12.19	20.0470	14.12656	21.14	35.66	0.9	0.687210	13.5526	1.24680	769.48	0.95936	3.28	0
279	18:48:12.49	20.0475	14.12642	21.14	35.66	0.9	0.687204	13.5524	1.24676	769.48	0.95936	3.28	0
280	18:48:12.79	20.0450	14.12705	21.14	35.66	0.9	0.687234	13.5523	1.24676	769.44	0.95932	3.28	0
281	18:48:13.09	20.0455	14.12698	21.13	35.66	0.9	0.687228	13.5530	1.24680	769.48	0.95937	3.28	0
282	18:48:13.39	20.0465	14.12677	21.13	35.66	0.9	0.687222	13.5530	1.24680	769.48	0.95938	3.28	0
283	18:48:13.69	20.0470	14.12663	21.14	35.66	0.9	0.687216	13.5521	1.24676	769.46	0.95933	3.28	0
284	18:48:13.99	20.0500	14.12579	21.14	35.69	0.9	0.687174	13.5516	1.24680	769.46	0.95935	3.28	0
285	18:48:14.29	20.0505	14.12572	21.14	35.69	0.9	0.687174	13.5516	1.24676	769.48	0.95936	3.28	0
286	18:48:14.59	20.0530	14.12516	21.14	35.69	0.9	0.687144	13.5510	1.24676	769.46	0.95935	3.28	0
287	18:48:14.89	20.0485	14.12621	21.14	35.69	0.9	0.687198	13.5521	1.24676	769.48	0.95936	3.28	0
288	18:48:15.19	20.0460	14.12677	21.14	35.69	0.9	0.687222	13.5523	1.24676	769.46	0.95933	3.28	0
289	18:48:15.49	20.0415	14.12789	21.14	35.69	0.9	0.687276	13.5540	1.24680	769.48	0.95938	3.28	0
290	18:48:15.79	20.0350	14.12950	21.14	35.69	0.9	0.687354	13.5549	1.24676	769.46	0.95933	3.28	0
291	18:48:16.09	20.0360	14.12922	21.14	35.69	0.9	0.687342	13.5551	1.24680	769.48	0.95937	3.28	0
292	18:48:16.39	20.0325	14.13013	21.14	35.69	0.9	0.687384	13.5556	1.24676	769.46	0.95933	3.28	0
293	18:48:16.69	20.0310	14.13041	21.14	35.69	0.9	0.687402	13.5561	1.24676	769.48	0.95935	3.28	0
294	18:48:16.99	20.0320	14.13020	21.14	35.69	0.9	0.687390	13.5558	1.24676	769.46	0.95935	3.28	0
295	18:48:17.29	20.0300	14.13069	21.14	35.69	0.9	0.687414	13.5565	1.24680	769.48	0.95936	3.28	0
296	18:48:17.59	20.0325	14.13006	21.14	35.69	0.9	0.687384	13.5563	1.24680	769.48	0.95940	3.28	0
297	18:48:17.89	20.0315	14.13027	21.14	35.69	0.9	0.687396	13.5563	1.24680	769.48	0.95938	3.28	0
298	18:48:18.19	20.0325	14.13006	21.14	35.69	0.9	0.687384	13.5558	1.24676	769.46	0.95936	3.28	0
299	18:48:18.49	20.0295	14.13083	21.14	35.69	0.9	0.687420	13.5565	1.24680	769.46	0.95936	3.28	0
300	18:48:18.79	20.0280	14.13104	21.14	35.72	0.9	0.687432	13.5566	1.24676	769.46	0.95935	3.28	0
301	18:48:19.09	20.0275	14.13132	21.14	35.72	0.9	0.687444	13.5568	1.24676	769.46	0.95935	3.28	0
302	18:48:19.39	20.0295	14.13076	21.14	35.72	0.9	0.687414	13.5565	1.24676	769.48	0.95936	3.28	0
303	18:48:19.69	20.0300	14.13069	21.14	35.72	0.9	0.687414	13.5563	1.24676	769.48	0.95936	3.28	0
304	18:48:19.99	20.0280	14.13111	21.14	35.72	0.9	0.687438	13.5565	1.24676	769.46	0.95933	3.28	0
305	18:48:20.29	20.0280	14.13111	21.14	35.72	0.9	0.687438	13.5561	1.24676	769.46	0.95930	3.28	0
306	18:48:20.59	20.0315	14.13034	21.14	35.72	0.9	0.687396	13.5556	1.24676	769.46	0.95933	3.28	0
307	18:48:20.89	20.0295	14.13069	21.14	35.72	0.9	0.687414	13.5561	1.24676	769.46	0.95933	3.28	0
308	18:48:21.19	20.0260	14.13153	21.14	35.72	0.9	0.687456	13.5565	1.24676	769.46	0.95930	3.28	0
309	18:48:21.49	20.0295	14.13076	21.14	35.72	0.9	0.687420	13.5567	1.24680	769.48	0.95937	3.28	0
310	18:48:21.79	20.0275	14.13132	21.14	35.72	0.9	0.687444	13.5575	1.24680	769.48	0.95939	3.28	0
311	18:48:22.09	20.0240	14.13209	21.14	35.72	0.9	0.687480	13.5574	1.24676	769.46	0.95933	3.28	0
312	18:48:22.39	20.0215	14.13265	21.14	35.72	0.9	0.687510	13.5574	1.24672	769.44	0.95929	3.28	0
313	18:48:22.69	20.0230	14.13237	21.14	35.72	0.9	0.687498	13.5584	1.24680	769.48	0.95938	3.28	0
314	18:48:22.99	20.0235	14.13223	21.14	35.72	0.9	0.687492	13.5582	1.24680	769.48	0.95939	3.28	0
315	18:48:23.29	20.0210	14.13286	21.14	35.72	0.9	0.687522	13.5579	1.24676	769.46	0.95932	3.28	0
316	18:48:23.59	20.0220	14.13258	21.14	35.72	0.9	0.687510	13.5588	1.24680	769.48	0.95939	3.28	0
317	18:48:23.89	20.0190	14.13335	21.14	35.72	0.9	0.687540	13.5589	1.24680	769.46	0.95935	3.28	0
318	18:48:24.19	20.0190	14.13328	21.14	35.72	0.9	0.687540	13.5586	1.24676	769.46	0.95934	3.28	0
319	18:48:24.49	20.0165	14.13384	21.14	35.72	0.9	0.687570	13.5596	1.24680	769.48	0.95936	3.28	0
320	18:48:24.79	20.0150	14.13419	21.14	35.72	0.9	0.687588	13.5598	1.24676	769.48	0.95936	3.28	0
321	18:48:25.09	20.0125	14.13482	21.14	35.72	0.9	0.687612	13.5604	1.24676	769.48	0.95936	3.28	0
322	18:48:25.39	20.0110	14.13517	21.14	35.72	0.9	0.687636	13.5604	1.24676	769.46	0.95934	3.28	0
323	18:48:25.69	20.0135	14.13468	21.13	35.72	0.9	0.687606	13.5603	1.24680	769.48	0.95936	3.28	0
324	18:48:25.99	20.0115	14.13517	21.13	35.72	0.9	0.687630	13.5607	1.24680	769.46	0.95936	3.28	0
325	18:48:26.29	20.0115	14.13517	21.13	35.72	0.9	0.687630	13.5605	1.24676	769.46	0.95935	3.28	0
326	18:48:26.61	20.0120	14.13510	21.13	35.72	0.9	0.687624	13.5605	1.24676	769.48	0.95936	3.28	0
327	18:48:26.89	20.0115	14.13510	21.13	35.72	0.9	0.687630	13.5606	1.24676	769.48	0.95936	3.28	0
328	18:48:27.19	20.0110	14.13531	21.13	35.72	0.9	0.687636	13.5612	1.24680	769.48	0.95939	3.28	0
329	18:48:27.49	20.0100	14.13545	21.14	35.72	0.9	0.687648	13.5609	1.24676	769.48	0.95936	3.28	0
330	18:48:27.79	20.0100	14.13545	21.14	35.72	0.9	0.687648	13.5611	1.24676	769.48	0.95936	3.28	0
331	18:48:28.09	20.0075	14.13601	21.14	35.72	0.9	0.687672	13.5614	1.24676	769.46	0.95935	3.28	0
332	18:48:28.39	20.0125	14.13482	21.14	35.72	0.9	0.687612	13.5607	1.24680	769.48	0.95938	3.28	0
333	18:48:28.69	20.0120	14.13496	21.14	35.72	0.9	0.687624	13.5609	1.24680	769.48	0.95939	3.28	0
334	18:48:28.99	20.0125	14.13482	21.14	35.72	0.9	0.687618	13.5601	1.24676	769.46	0.95935	3.28	0
335	18:48:29.29	20.0125	14.13489	21.14	35.72	0.9	0.687618	13.5603	1.24676	769.46	0.95935	3.28	0
336	18:48:29.59	20.0125	14.13482	21.14	35.76	0.9	0.687618	13.5602	1.24676	769.46	0.95935	3.28	0
337	18:48:29.89	20.0105	14.13531	21.14	35.76	0.9	0.687642	13.5605	1.24676	769.46	0.95933	3.28	0
338	18:48:30.19	20.0100	14.13538	21.14	35.76	0.9	0.687642	13.5610	1.24676	769.48	0.95937	3.28	0
339	18:48:30.49	20.0100	14.13545	21.14	35.76	0.9	0.687648	13.5607	1.24676	769.46	0.95934	3.28	0
340	18:48:30.79	20.0100	14.13538	21.14	35.72	0.9	0.687642	13.5611	1.24680	769.48	0.95937	3.28	0
341	18:48:31.09	20.0075	14.13608	21.14	35.72	0.9	0.687678	13.5612	1.24676	769.46	0.95933	3.28	0
342	18:48:31.39	20.0070	14.13615	21.14	35.76	0.9	0.687684	13.5615	1.24676	769.48	0.95935	3.28	0
343	18:48:31.69	20.0080	14.13594	21.14	35.76	0.9	0.687672	13.5617	1.24680	769.48	0.95938	3.28	0
344	18:48:31.99	20.0060	14.13636	21.14	35.76	0.9	0.687690	13.5619	1.24680	769.48	0.95936	3.28	0
345	18:48:32.29	20.0060	14.13636	21.14	35.76	0.9	0.687690	13.5613	1.24676	769.46	0.95932	3.28	0
346	18:48:32.59	20.0080	14.13587	21.14	35.76	0.9	0.687666	13.5615	1.24676	769.48	0.95937	3.28	0
347	18:48:32.89	20.0055	14.13643	21.14	35.76	0.9	0.687696	13.5612	1.24676	769.44	0.95930	3.28	0
348	18:48:33.19	20.0075	14.13601	21.14	35.76	0.9	0.687678	13.5619	1.24680	769.48	0.95938	3.28	0
349	18:48:33.49	20.0055	14.13643	21.14	35.76	0.9	0.687696	13.5621	1.24680	769.48	0.95937	3.28	0
350	18:48:33.79	20.0055	14.13643	21.14	35.76	0.9	0.687696	13.5623	1.24680	769.48	0.95939	3.28	0
351	18:48:34.09	20.0080	14.13594	21.14	35.76	0.9	0.687672	13.5619	1.24680	769.48	0.95939	3.28	0
352	18:48:34.39	20.0050	14.13657	21.14	35.76	0.9	0.687702	13.5619	1.24676	769.46	0.95935	3.28	0
353	18:48:34.69	20.0065	14.13622	21.14	35.76	0.9	0.687684	13.5623	1.24680	769.48	0.95940	3.28	0
354	18:48:34.99	20.0075	14.13608	21.14	35.76	0.9	0.687678	13.5617	1.24680	769.48	0.95937	3.28	0
355	18:48:35.29	20.0080	14.13594	21.14	35.76	0.9	0.687672	13.5617	1.24680	769.48	0.95938	3.28	0
356	18:48:35.59	20.0040	14.13685	21.14	35.76	0.9	0.687714	13.5620	1.24676	769.46	0.95933	3.28	0
357	18:48:35.89	20.0010	14.13755	21.14	35.76	0.9	0.687750	13.5624	1.24676	769.46	0.95932	3.28	0
358	18:48:36.19	20.0015	14.13748	21.14	35.76	0.9	0.687744	13.5632	1.24680	769.48	0.95938	3.28	0
359	18:48:36.49	20.0020	14.13741	21.14	35.76	0.9	0.687744	13.5626	1.24676	769.46	0.95935	3.28	0
360	18:48:36.79	20.0030	14.13713	21.14	35.76	0.9	0.687732	13.5628	1.24680	769.48	0.95938	3.28	0
361	18:48:37.09	19.9985	14.13818	21.14	35.76	0.9	0.687780	13.5634	1.24676	769.48	0.95935	3.28	0
362	18:48:37.39	20.0000	14.13776	21.14	35.76	0.9	0.687762	13.5635	1.24680	769.48	0.95938	3.28	0
363	18:48:37.69	19.9975	14.13846	21.14	35.76	0.9	0.687798	13.5636	1.24676	769.46	0.95934	3.28	0
364	18:48:37.99	20.0020	14.13734	21.14	35.76	0.9	0.687738	13.5635	1.24680	769.50	0.95941	3.28	0
365	18:48:38.29	19.9975	14.13846	21.14	35.76	0.9	0.687792	13.5635	1.24676	769.48	0.95933	3.28	0
366	18:48:38.59	20.0020	14.13727	21.14	35.76	0.9	0.687738	13.5635	1.24680	769.50	0.95942	3.28	0
367	18:48:38.89	19.9985	14.13818	21.14	35.76	0.9	0.687780	13.5639	1.24680	769.48	0.95938	3.28	0
368	18:48:39.19	19.9980	14.13839	21.14	35.76	0.9	0.687792	13.5636	1.24676	769.46	0.95935	3.28	0
369	18:48:39.49	19.9975	14.13846	21.14	35.76	0.9	0.687792	13.5637	1.24676	769.48	0.95935	3.28	0
370	18:48:39.79	19.9985	14.13818	21.14	35.76	0.9	0.687780	13.5638	1.24680	769.48	0.95937	3.28	0
371	18:48:40.09	19.9970	14.13846	21.15	35.76	0.9	0.687798	13.5642	1.24680	769.48	0.95938	3.28	0
372	18:48:40.39	19.9980	14.13825	21.15	35.76	0.9	0.687786	13.5645	1.24680	769.50	0.95941	3.28	0
373	18:48:40.69	19.9990	14.13811	21.14	35.76	0.9	0.687780	13.5645	1.24684	769.50	0.95943	3.28	0
374	18:48:40.99	19.9975	14.13846	21.14	35.76	0.9	0.687798	13.5644	1.24680	769.50	0.95939	3.28	0
375	18:48:41.29	19.9965	14.13867	21.14	35.76	0.9	0.687804	13.5642	1.24676	769.48	0.95938	3.28	0
376	18:48:41.59	19.9960	14.13881	21.14	35.76	0.9	0.687810	13.5642	1.24676	769.48	0.95936	3.28	0
377	18:48:41.89	19.9965	14.13867	21.15	35.76	0.9	0.687804	13.5640	1.24680	769.46	0.95936	3.28	0
378	18:48:42.19	20.0010	14.13755	21.15	35.76	0.9	0.687756	13.5642	1.24680	769.52	0.95944	3.28	0
379	18:48:42.49	19.9970	14.13860	21.15	35.76	0.9	0.687804	13.5642	1.24680	769.48	0.95938	3.28	0
380	18:48:42.79	19.9950	14.13902	21.15	35.76	0.9	0.687822	13.5642	1.24676	769.46	0.95935	3.28	0
381	18:48:43.09	19.9955	14.13888	21.16	35.76	0.9	0.687822	13.5640	1.24676	769.46	0.95934	3.28	0
382	18:48:43.39	19.9950	14.13902	21.16	35.76	0.9	0.687828	13.5640	1.24676	769.46	0.95933	3.28	0
383	18:48:43.69	19.9940	14.13923	21.15	35.76	0.9	0.687834	13.5642	1.24676	769.48	0.95933	3.28	0
384	18:48:43.99	19.9980	14.13825	21.15	35.76	0.9	0.687786	13.5640	1.24680	769.48	0.95938	3.28	0
385	18:48:44.29	19.9945	14.13916	21.15	35.76	0.9	0.687828	13.5642	1.24676	769.46	0.95933	3.28	0
386	18:48:44.59	19.9955	14.13888	21.15	35.76	0.9	0.687816	13.5643	1.24676	769.48	0.95936	3.28	0
387	18:48:44.89	19.9935	14.13930	21.16	35.76	0.9	0.687840	13.5646	1.24676	769.48	0.95936	3.28	0
388	18:48:45.19	19.9950	14.13895	21.16	35.76	0.9	0.687822	13.5649	1.24680	769.48	0.95940	3.28	0
389	18:48:45.49	19.9945	14.13916	21.15	35.76	0.9	0.687828	13.5647	1.24676	769.48	0.95937	3.28	0
390	18:48:45.79	19.9940	14.13923	21.15	35.76	0.9	0.687834	13.5647	1.24676	769.48	0.95936	3.28	0
391	18:48:46.09	19.9955	14.13888	21.15	35.76	0.9	0.687816	13.5645	1.24680	769.48	0.95937	3.28	0
392	18:48:46.39	19.9920	14.13972	21.15	35.76	0.9	0.687858	13.5652	1.24676	769.48	0.95936	3.28	0
393	18:48:46.69	19.9920	14.13972	21.16	35.76	0.9	0.687858	13.5647	1.24676	769.46	0.95933	3.28	0
394	18:48:46.99	19.9920	14.13965	21.16	35.76	0.9	0.687858	13.5653	1.24680	769.48	0.95938	3.28	0
395	18:48:47.29	19.9910	14.14000	21.15	35.76	0.9	0.687876	13.5656	1.24680	769.48	0.95937	3.28	0
396	18:48:47.59	19.9930	14.13951	21.15	35.76	0.9	0.687852	13.5656	1.24680	769.50	0.95941	3.28	0
397	18:48:47.89	19.9885	14.14077	21.14	35.76	0.9	0.687906	13.5658	1.24676	769.46	0.95934	3.28	0
398	18:48:48.19	19.9920	14.13986	21.14	35.76	0.9	0.687864	13.5654	1.24676	769.48	0.95937	3.28	0
399	18:48:48.49	19.9890	14.14056	21.15	35.76	0.9	0.687900	13.5656	1.24676	769.46	0.95933	3.28	0
400	18:48:48.79	19.9930	14.13951	21.15	35.76	0.9	0.687846	13.5656	1.24680	769.50	0.95941	3.28	0
401	18:48:49.09	19.9900	14.14021	21.16	35.76	0.9	0.687888	13.5652	1.24676	769.46	0.95933	3.28	0
402	18:48:49.38	19.9890	14.14042	21.16	35.79	0.9	0.687894	13.5655	1.24676	769.48	0.95935	3.28	0
403	18:48:49.68	19.9885	14.14063	21.16	35.79	0.9	0.687906	13.5656	1.24676	769.48	0.95934	3.28	0
404	18:48:49.98	19.9920	14.13965	21.16	35.79	0.9	0.687858	13.5652	1.24676	769.48	0.95937	3.28	0
405	18:48:50.29	19.9890	14.14042	21.16	35.79	0.9	0.687894	13.5656	1.24676	769.48	0.95935	3.28	0
406	18:48:50.58	19.9905	14.14000	21.16	35.79	0.9	0.687876	13.5649	1.24676	769.46	0.95933	3.28	0
407	18:48:50.89	19.9875	14.14077	21.16	35.79	0.9	0.687912	13.5659	1.24676	769.48	0.95935	3.28	0
408	18:48:51.19	19.9870	14.14091	21.16	35.79	0.9	0.687918	13.5659	1.24676	769.48	0.95934	3.28	0
409	18:48:51.49	19.9885	14.14063	21.15	35.79	0.9	0.687906	13.5655	1.24676	769.46	0.95933	3.28	0
410	18:48:51.79	19.9895	14.14035	21.15	35.79	0.9	0.687888	13.5654	1.24676	769.46	0.95934	3.28	0
411	18:48:52.09	19.9860	14.14119	21.16	35.79	0.9	0.687936	13.5659	1.24676	769.46	0.95932	3.28	0
412	18:48:52.38	19.9855	14.14133	21.16	35.79	0.9	0.687942	13.5663	1.24676	769.48	0.95933	3.28	0
413	18:48:52.69	19.9880	14.14070	21.16	35.79	0.9	0.687912	13.5659	1.24676	769.48	0.95935	3.28	0
414	18:48:52.99	19.9860	14.14119	21.16	35.79	0.9	0.687930	13.5668	1.24680	769.48	0.95938	3.28	0
415	18:48:53.29	19.9855	14.14133	21.16	35.79	0.9	0.687942	13.5667	1.24676	769.48	0.95937	3.28	0
416	18:48:53.58	19.9870	14.14098	21.16	35.79	0.9	0.687924	13.5668	1.24680	769.50	0.95940	3.28	0
417	18:48:53.88	19.9855	14.14133	21.16	35.79	0.9	0.687942	13.5665	1.24676	769.48	0.95935	3.28	0
418	18:48:54.19	19.9870	14.14098	21.16	35.79	0.9	0.687924	13.5673	1.24680	769.50	0.95943	3.28	0
419	18:48:54.49	19.9855	14.14133	21.16	35.79	0.9	0.687942	13.5670	1.24680	769.48	0.95939	3.28	0
420	18:48:54.78	19.9860	14.14119	21.16	35.79	0.9	0.687936	13.5674	1.24680	769.50	0.95942	3.28	0
421	18:48:55.09	19.9850	14.14147	21.16	35.79	0.9	0.687948	13.5676	1.24680	769.50	0.95942	3.28	0
422	18:48:55.39	19.9830	14.14189	21.16	35.79	0.9	0.687966	13.5678	1.24680	769.50	0.95941	3.28	0
423	18:48:55.68	19.9825	14.14210	21.16	35.79	0.9	0.687978	13.5678	1.24680	769.50	0.95939	3.28	0
424	18:48:55.98	19.9825	14.14210	21.16	35.79	0.9	0.687978	13.5675	1.24676	769.48	0.95936	3.28	0
425	18:48:56.28	19.9800	14.14266	21.16	35.79	0.9	0.688008	13.5680	1.24676	769.48	0.95936	3.28	0
426	18:48:56.58	19.9815	14.14231	21.16	35.79	0.9	0.687984	13.5677	1.24680	769.48	0.95938	3.28	0
427	18:48:56.88	19.9805	14.14252	21.16	35.79	0.9	0.687996	13.5675	1.24676	769.46	0.95934	3.28	0
428	18:48:57.18	19.9835	14.14189	21.16	35.79	0.9	0.687966	13.5675	1.24680	769.48	0.95938	3.28	0
429	18:48:57.48	19.9830	14.14189	21.16	35.79	0.9	0.687966	13.5675	1.24676	769.48	0.95938	3.28	0
430	18:48:57.78	19.9805	14.14259	21.16	35.79	0.9	0.688002	13.5681	1.24680	769.48	0.95938	3.28	0
431	18:48:58.08	19.9810	14.14238	21.16	35.79	0.9	0.687990	13.5680	1.24680	769.48	0.95939	3.28	0
432	18:48:58.38	19.9805	14.14259	21.16	35.79	0.9	0.688002	13.5680	1.24676	769.48	0.95937	3.28	0
433	18:48:58.69	19.9810	14.14245	21.16	35.79	0.9	0.687996	13.5678	1.24676	769.50	0.95937	3.28	0
434	18:48:58.98	19.9800	14.14266	21.16	35.79	0.9	0.688002	13.5683	1.24680	769.50	0.95939	3.28	0
435	18:48:59.28	19.9810	14.14238	21.16	35.79	0.9	0.687990	13.5677	1.24676	769.48	0.95936	3.28	0
436	18:48:59.58	19.9815	14.14238	21.16	35.79	0.9	0.687990	13.5680	1.24676	769.50	0.95939	3.28	0
437	18:48:59.88	19.9795	14.14287	21.16	35.79	0.9	0.688014	13.5684	1.24676	769.50	0.95938	3.28	0
438	18:49:00.18	19.9815	14.14231	21.16	35.79	0.9	0.687984	13.5682	1.24680	769.50	0.95941	3.28	0
439	18:49:00.48	19.9795	14.14287	21.16	35.79	0.9	0.688014	13.5680	1.24676	769.48	0.95935	3.28	0
440	18:49:00.78	19.9785	14.14301	21.16	35.79	0.9	0.688026	13.5680	1.24676	769.48	0.95934	3.28	0
441	18:49:01.09	19.9805	14.14252	21.16	35.79	0.9	0.688002	13.5672	1.24672	769.46	0.95932	3.28	0
442	18:49:01.38	19.9775	14.14336	21.16	35.79	0.9	0.688038	13.5681	1.24676	769.46	0.95933	3.28	0
443	18:49:01.69	19.9795	14.14280	21.16	35.79	0.9	0.688014	13.5684	1.24680	769.48	0.95938	3.28	0
444	18:49:01.98	19.9795	14.14287	21.16	35.79	0.9	0.688014	13.5684	1.24676	769.50	0.95938	3.28	0
445	18:49:02.30	19.9785	14.14301	21.16	35.79	0.9	0.688020	13.5688	1.24680	769.50	0.95940	3.28	0
446	18:49:02.59	19.9785	14.14315	21.16	35.79	0.9	0.688026	13.5687	1.24676	769.50	0.95938	3.28	0
447	18:49:02.89	19.9740	14.14420	21.16	35.79	0.9	0.688080	13.5689	1.24672	769.48	0.95933	3.28	0
448	18:49:03.19	19.9745	14.14413	21.16	35.79	0.9	0.688074	13.5695	1.24676	769.48	0.95937	3.28	0
449	18:49:03.49	19.9770	14.14343	21.17	35.79	0.9	0.688044	13.5687	1.24676	769.48	0.95937	3.28	0
450	18:49:03.79	19.9765	14.14357	21.17	35.79	0.9	0.688050	13.5687	1.24676	769.48	0.95936	3.28	0
451	18:49:04.09	19.9785	14.14308	21.16	35.79	0.9	0.688026	13.5686	1.24676	769.50	0.95938	3.28	0
452	18:49:04.39	19.9765	14.14364	21.16	35.79	0.9	0.688050	13.5690	1.24676	769.48	0.95938	3.28	0
453	18:49:04.68	19.9725	14.14462	21.16	35.79	0.9	0.688098	13.5694	1.24676	769.46	0.95933	3.28	0
454	18:49:04.99	19.9750	14.14399	21.16	35.79	0.9	0.688074	13.5691	1.24676	769.48	0.95935	3.28	0
455	18:49:05.29	19.9740	14.14420	21.17	35.79	0.9	0.688086	13.5694	1.24676	769.48	0.95936	3.28	0
456	18:49:05.58	19.9735	14.14434	21.17	35.79	0.9	0.688092	13.5699	1.24676	769.50	0.95939	3.28	0
457	18:49:05.88	19.9745	14.14406	21.16	35.79	0.9	0.688074	13.5698	1.24680	769.50	0.95940	3.28	0
458	18:49:06.18	19.9725	14.14462	21.16	35.79	0.9	0.688104	13.5699	1.24676	769.50	0.95937	3.28	0
459	18:49:06.48	19.9760	14.14371	21.16	35.79	0.9	0.688056	13.5704	1.24684	769.52	0.95947	3.28	0
460	18:49:06.78	19.9730	14.14448	21.16	35.79	0.9	0.688092	13.5695	1.24676	769.48	0.95935	3.28	0
461	18:49:07.09	19.9730	14.14441	21.16	35.79	0.9	0.688092	13.5699	1.24676	769.50	0.95939	3.28	0
462	18:49:07.38	19.9735	14.14434	21.16	35.79	0.9	0.688086	13.5696	1.24676	769.48	0.95937	3.28	0
463	18:49:07.68	19.9730	14.14434	21.18	35.79	0.9	0.688092	13.5696	1.24676	769.48	0.95936	3.28	0
464	18:49:07.98	19.9695	14.14518	21.18	35.79	0.9	0.688134	13.5702	1.24676	769.48	0.95935	3.28	0
465	18:49:08.28	19.9725	14.14455	21.17	35.79	0.9	0.688098	13.5704	1.24680	769.50	0.95941	3.28	0
466	18:49:08.58	19.9730	14.14434	21.17	35.79	0.9	0.688092	13.5702	1.24680	769.50	0.95941	3.28	0
467	18:49:08.88	19.9720	14.14469	21.17	35.79	0.9	0.688104	13.5707	1.24680	769.50	0.95942	3.28	0
468	18:49:09.18	19.9720	14.14469	21.17	35.79	0.9	0.688110	13.5703	1.24680	769.50	0.95939	3.28	0
469	18:49:09.48	19.9710	14.14490	21.17	35.79	0.9	0.688116	13.5705	1.24676	769.50	0.95939	3.28	0
470	18:49:09.78	19.9685	14.14560	21.17	35.79	0.9	0.688152	13.5702	1.24672	769.48	0.95932	3.28	0
471	18:49:10.08	19.9650	14.14644	21.17	35.79	0.9	0.688194	13.5711	1.24672	769.48	0.95933	3.28	0
472	18:49:10.38	19.9700	14.14511	21.17	35.79	0.9	0.688128	13.5710	1.24680	769.50	0.95941	3.28	0
473	18:49:10.68	19.9705	14.14511	21.16	35.79	0.9	0.688122	13.5708	1.24680	769.50	0.95940	3.28	0
474	18:49:10.98	19.9680	14.14567	21.16	35.79	0.9	0.688152	13.5709	1.24676	769.48	0.95937	3.28	0
475	18:49:11.28	19.9700	14.14518	21.17	35.79	0.9	0.688128	13.5709	1.24680	769.50	0.95940	3.28	0
476	18:49:11.58	19.9710	14.14490	21.17	35.79	0.9	0.688116	13.5705	1.24680	769.50	0.95939	3.28	0
477	18:49:11.88	19.9680	14.14574	21.16	35.79	0.9	0.688152	13.5711	1.24680	769.48	0.95938	3.28	0
478	18:49:12.18	19.9695	14.14539	21.16	35.79	0.9	0.688134	13.5713	1.24680	769.50	0.95942	3.28	0
479	18:49:12.48	19.9680	14.14560	21.17	35.79	0.9	0.688152	13.5713	1.24680	769.50	0.95941	3.28	0
480	18:49:12.78	19.9680	14.14567	21.17	35.79	0.9	0.688152	13.5713	1.24680	769.50	0.95940	3.28	0
481	18:49:13.09	19.9675	14.14581	21.17	35.79	0.9	0.688158	13.5712	1.24676	769.50	0.95938	3.28	0
482	18:49:13.38	19.9660	14.14616	21.17	35.79	0.9	0.688176	13.5713	1.24676	769.48	0.95936	3.28	0
483	18:49:13.68	19.9695	14.14532	21.17	35.79	0.9	0.688140	13.5710	1.24676	769.50	0.95940	3.28	0
484	18:49:13.99	19.9670	14.14588	21.17	35.79	0.9	0.688164	13.5717	1.24680	769.50	0.95941	3.28	0
485	18:49:14.29	19.9665	14.14595	21.18	35.79	0.9	0.688170	13.5717	1.24680	769.50	0.95941	3.28	0
486	18:49:14.58	19.9680	14.14560	21.18	35.79	0.9	0.688152	13.5718	1.24680	769.52	0.95944	3.28	0
487	18:49:14.88	19.9660	14.14616	21.18	35.79	0.9	0.688182	13.5718	1.24680	769.50	0.95940	3.28	0
488	18:49:15.18	19.9650	14.14630	21.18	35.79	0.9	0.688188	13.5721	1.24680	769.50	0.95941	3.28	0
489	18:49:15.48	19.9655	14.14630	21.17	35.79	0.9	0.688182	13.5722	1.24680	769.52	0.95942	3.28	0
490	18:49:15.78	19.9665	14.14602	21.17	35.79	0.9	0.688170	13.5718	1.24680	769.50	0.95941	3.28	0
491	18:49:16.08	19.9635	14.14679	21.18	35.79	0.9	0.688212	13.5718	1.24676	769.48	0.95936	3.28	0
492	18:49:16.38	19.9640	14.14658	21.18	35.79	0.9	0.688200	13.5724	1.24680	769.50	0.95941	3.28	0
493	18:49:16.68	19.9645	14.14651	21.18	35.79	0.9	0.688200	13.5722	1.24680	769.50	0.95940	3.28	0
494	18:49:16.98	19.9610	14.14742	21.18	35.79	0.9	0.688242	13.5731	1.24680	769.50	0.95940	3.28	0
495	18:49:17.28	19.9375	14.15323	21.18	35.79	0.9	0.688524	13.5789	1.24680	769.52	0.95942	3.28	0
496	18:49:17.58	15.5325	15.29479	21.18	35.79	0.9	0.744060	14.6872	1.24676	770.20	0.96027	3.28	0
497	18:49:17.88	8.8170	17.31394	21.18	35.79	0.9	0.842286	16.6475	1.24676	771.20	0.96151	3.28	0
498	18:49:18.18	4.7730	18.68790	21.18	35.79	0.9	0.909126	17.9824	1.24676	771.80	0.96225	3.28	0
499	18:49:18.49	2.9005	19.38678	21.18	35.79	0.9	0.943128	18.6620	1.24672	772.10	0.96262	3.28	0
500	18:49:18.78	1.8080	19.81413	21.18	35.89	0.9	0.963924	19.0782	1.24672	772.30	0.96286	3.28	0
501	18:49:19.08	0.9735	20.15468	21.18	35.89	0.9	0.980490	19.4101	1.24676	772.46	0.96306	3.28	0
502	18:49:19.38	0.6190	20.30707	21.18	36.21	0.9	0.987918	19.5577	1.24672	772.50	0.96310	3.28	0
503	18:49:19.68	0.3325	20.42418	21.18	36.21	0.9	0.993618	19.6719	1.24672	772.56	0.96317	3.28	0
504	18:49:19.99	0.1860	20.48200	21.18	36.68	0.9	0.996456	19.7289	1.24672	772.60	0.96323	3.28	0
505	18:49:20.28	0.1125	20.51091	21.18	36.68	0.9	0.997866	19.7565	1.24672	772.60	0.96322	3.28	0
506	18:49:20.58	0.0790	20.52351	21.18	37.07	0.9	0.998502	19.7688	1.24672	772.62	0.96323	3.28	0
507	18:49:20.88	0.0675	20.52799	21.18	37.07	0.9	0.998718	19.7735	1.24672	772.62	0.96325	3.28	0
508	18:49:21.18	0.0610	20.52995	21.18	37.53	0.9	0.998838	19.7765	1.24676	772.64	0.96330	3.28	0
509	18:49:21.48	0.0570	20.53156	21.18	37.53	0.9	0.998922	19.7768	1.24672	772.60	0.96324	3.28	0
510	18:49:21.78	0.0535	20.53240	21.18	37.89	1.0	0.998982	19.7782	1.24672	772.64	0.96327	3.28	0
511	18:49:22.08	0.0520	20.53303	21.18	37.89	1.0	0.999012	19.7784	1.24672	772.62	0.96325	3.28	0
512	18:49:22.38	0.0510	20.53289	21.18	38.26	1.0	0.999024	19.7784	1.24672	772.62	0.96326	3.28	0
513	18:49:22.68	0.0505	20.53310	21.18	38.26	1.0	0.999036	19.7786	1.24672	772.62	0.96325	3.28	0
514	18:49:22.99	0.0515	20.53233	21.18	38.56	1.0	0.999018	19.7782	1.24672	772.64	0.96327	3.28	0
515	18:49:23.29	0.0520	20.53212	21.18	38.56	1.0	0.999006	19.7786	1.24676	772.62	0.96330	3.28	0
516	18:49:23.58	0.0485	20.53317	21.18	38.85	1.0	0.999072	19.7777	1.24668	772.60	0.96320	3.28	0
517	18:49:23.88	0.0520	20.53191	21.18	38.85	1.0	0.999012	19.7778	1.24676	772.62	0.96328	3.28	0
518	18:49:24.18	0.0510	20.53191	21.18	39.05	1.0	0.999024	19.7779	1.24676	772.62	0.96328	3.28	0
519	18:49:24.48	0.0495	20.53247	21.19	39.05	1.0	0.999054	19.7781	1.24676	772.62	0.96326	3.28	0
520	18:49:24.78	0.0475	20.53303	21.19	39.28	1.0	0.999096	19.7777	1.24672	772.60	0.96322	3.28	0
521	18:49:25.08	0.0475	20.53310	21.18	39.28	1.0	0.999096	19.7785	1.24672	772.62	0.96325	3.28	0
522	18:49:25.38	0.0455	20.53366	21.18	39.44	1.0	0.999132	19.7786	1.24672	772.60	0.96323	3.28	0
523	18:49:25.68	0.0490	20.53233	21.19	39.44	1.0	0.999072	19.7784	1.24676	772.64	0.96328	3.28	0
524	18:49:25.98	0.0460	20.53310	21.19	39.64	1.0	0.999120	19.7785	1.24672	772.62	0.96325	3.28	0
525	18:49:26.29	0.0450	20.53359	21.19	39.64	1.0	0.999144	19.7787	1.24672	772.60	0.96323	3.28	0
526	18:49:26.58	0.0450	20.53345	21.19	39.78	1.0	0.999144	19.7795	1.24676	772.62	0.96328	3.28	0
527	18:49:26.88	0.0465	20.53289	21.18	39.78	1.0	0.999114	19.7788	1.24672	772.64	0.96328	3.28	0
528	18:49:27.18	0.0440	20.53380	21.18	39.94	1.0	0.999168	19.7789	1.24672	772.62	0.96323	3.28	0
529	18:49:27.48	0.0445	20.53352	21.18	39.94	1.0	0.999150	19.7781	1.24672	772.62	0.96322	3.28	0
530	18:49:27.78	0.0425	20.53422	21.18	40.04	1.0	0.999192	19.7793	1.24672	772.62	0.96324	3.28	0
531	18:49:28.08	0.0455	20.53289	21.19	40.04	1.0	0.999132	19.7789	1.24676	772.62	0.96328	3.28	0
532	18:49:28.38	0.0440	20.53345	21.19	40.10	1.0	0.999162	19.7792	1.24676	772.62	0.96327	3.28	0
533	18:49:28.68	0.0450	20.53310	21.19	40.10	1.0	0.999144	19.7793	1.24676	772.64	0.96329	3.28	0
534	18:49:28.98	0.0445	20.53303	21.19	40.20	1.0	0.999150	19.7795	1.24676	772.64	0.96330	3.28	0
535	18:49:29.29	0.0440	20.53338	21.19	40.20	1.0	0.999168	19.7792	1.24672	772.64	0.96327	3.28	0
536	18:49:29.59	0.0425	20.53387	21.19	40.30	1.0	0.999198	19.7793	1.24672	772.62	0.96325	3.28	0
537	18:49:29.88	0.0420	20.53387	21.19	40.30	1.0	0.999198	19.7794	1.24672	772.62	0.96326	3.28	0
538	18:49:30.18	0.0435	20.53338	21.19	40.36	1.0	0.999174	19.7798	1.24676	772.64	0.96330	3.28	0
539	18:49:30.49	0.0415	20.53408	21.19	40.36	1.0	0.999210	19.7788	1.24672	772.60	0.96322	3.28	0
540	18:49:30.78	0.0420	20.53394	21.19	40.40	1.0	0.999204	19.7792	1.24672	772.62	0.96325	3.28	0
541	18:49:31.09	0.0440	20.53303	21.19	40.40	1.0	0.999162	19.7788	1.24672	772.64	0.96326	3.28	0
542	18:49:31.39	0.0425	20.53352	21.19	40.43	1.0	0.999186	19.7791	1.24672	772.62	0.96326	3.28	0
543	18:49:31.69	0.0405	20.53436	21.19	40.43	1.0	0.999228	19.7793	1.24672	772.62	0.96323	3.28	0
544	18:49:31.99	0.0425	20.53359	21.19	40.46	1.0	0.999192	19.7789	1.24672	772.62	0.96325	3.28	0
545	18:49:32.28	0.0400	20.53457	21.19	40.46	1.0	0.999240	19.7791	1.24672	772.60	0.96321	3.28	0
